numer,kod_pocztowy,odl_m,zrodlo
1,31-505,0.0,promien_500m
1,31-504,14.4,promien_500m
1,31-503,58.6,promien_500m
1,31-154,102.3,promien_500m
1,31-511,136.7,promien_500m
1,31-512,137.3,promien_500m
1,31-034,142.5,promien_500m
1,31-026,185.2,promien_500m
1,31-025,192.6,promien_500m
1,31-508,205.0,promien_500m
1,31-501,215.4,promien_500m
1,31-509,256.8,promien_500m
1,31-510,258.9,promien_500m
1,31-506,263.8,promien_500m
1,31-033,295.7,promien_500m
1,31-156,321.0,promien_500m
1,31-024,368.0,promien_500m
1,31-023,387.1,promien_500m
1,31-001,389.2,promien_500m
1,31-529,419.9,promien_500m
1,31-155,423.8,promien_500m
1,31-530,430.0,promien_500m
1,31-157,452.5,promien_500m
1,31-404,456.0,promien_500m
1,31-531,469.7,promien_500m
1,31-502,473.4,promien_500m
1,31-020,478.9,promien_500m
1,31-015,480.2,promien_500m
10,31-511,0.0,promien_500m
10,31-510,5.8,promien_500m
10,31-506,6.1,promien_500m
10,31-512,14.7,promien_500m
10,31-509,72.8,promien_500m
10,31-504,89.8,promien_500m
10,31-505,116.1,promien_500m
10,31-508,129.2,promien_500m
10,31-503,217.4,promien_500m
10,31-154,268.3,promien_500m
10,31-001,275.9,promien_500m
10,31-501,307.0,promien_500m
10,31-404,316.8,promien_500m
10,31-516,366.8,promien_500m
10,31-514,383.7,promien_500m
10,31-034,404.2,promien_500m
10,31-026,441.2,promien_500m
10,31-025,449.9,promien_500m
10,31-155,457.6,promien_500m
10,31-531,499.4,promien_500m
100,31-144,0.0,promien_500m
100,31-143,18.5,promien_500m
100,31-134,80.6,promien_500m
100,31-139,82.4,promien_500m
100,31-140,100.8,promien_500m
100,31-142,109.2,promien_500m
100,31-135,120.1,promien_500m
100,31-141,125.9,promien_500m
100,31-131,140.6,promien_500m
100,31-133,165.1,promien_500m
100,31-015,190.0,promien_500m
100,31-146,190.1,promien_500m
100,31-034,193.4,promien_500m
100,31-012,207.0,promien_500m
100,31-045,222.6,promien_500m
100,31-147,222.9,promien_500m
100,31-145,227.8,promien_500m
100,31-014,230.2,promien_500m
100,31-136,241.1,promien_500m
100,31-149,243.8,promien_500m
100,31-150,253.4,promien_500m
100,30-139,257.4,promien_500m
100,31-137,258.0,promien_500m
100,31-148,276.0,promien_500m
100,31-011,276.4,promien_500m
100,31-016,278.5,promien_500m
100,31-020,304.4,promien_500m
100,31-130,308.0,promien_500m
100,31-161,308.3,promien_500m
100,31-152,324.3,promien_500m
100,31-157,363.1,promien_500m
100,31-128,363.3,promien_500m
100,31-162,372.6,promien_500m
100,31-124,377.1,promien_500m
100,31-018,389.0,promien_500m
100,30-014,391.0,promien_500m
100,31-158,392.1,promien_500m
100,31-153,402.9,promien_500m
100,31-017,417.0,promien_500m
100,31-160,428.8,promien_500m
100,31-009,440.4,promien_500m
100,31-021,451.3,promien_500m
100,31-126,461.4,promien_500m
100,31-123,465.5,promien_500m
100,31-118,466.5,promien_500m
100,31-156,468.7,promien_500m
100,31-010,468.8,promien_500m
100,31-155,480.9,promien_500m
100,31-022,481.7,promien_500m
100,31-127,484.4,promien_500m
100,31-159,489.4,promien_500m
1000,30-035,0.0,promien_500m
1000,30-034,1.0,promien_500m
1000,30-074,42.2,promien_500m
1000,30-078,42.6,promien_500m
1000,30-043,48.4,promien_500m
1000,30-033,73.3,promien_500m
1000,30-039,81.6,promien_500m
1000,30-038,117.6,promien_500m
1000,31-045,133.7,promien_500m
1000,30-042,141.3,promien_500m
1000,30-040,159.4,promien_500m
1000,30-045,160.0,promien_500m
1000,30-529,176.6,promien_500m
1000,31-140,197.6,promien_500m
1000,30-037,202.5,promien_500m
1000,30-019,205.6,promien_500m
1000,31-138,207.7,promien_500m
1000,30-036,208.2,promien_500m
1000,30-007,208.4,promien_500m
1000,30-015,240.3,promien_500m
1000,31-159,248.0,promien_500m
1000,30-046,254.8,promien_500m
1000,30-021,279.5,promien_500m
1000,30-020,318.7,promien_500m
1000,31-139,340.7,promien_500m
1000,30-048,341.5,promien_500m
1000,30-003,346.0,promien_500m
1000,31-120,346.7,promien_500m
1000,31-261,355.7,promien_500m
1000,30-047,361.1,promien_500m
1000,31-137,368.0,promien_500m
1000,31-128,372.1,promien_500m
1000,30-049,385.5,promien_500m
1000,30-014,405.8,promien_500m
1000,30-023,412.7,promien_500m
1000,30-075,424.9,promien_500m
1000,31-158,431.7,promien_500m
1000,30-018,433.2,promien_500m
1000,30-011,439.9,promien_500m
1000,31-127,451.3,promien_500m
1000,31-162,459.1,promien_500m
1000,31-136,462.8,promien_500m
1000,30-051,468.6,promien_500m
1000,30-052,470.0,promien_500m
1000,31-130,472.6,promien_500m
1000,30-006,486.3,promien_500m
1000,30-010,490.5,promien_500m
1000,30-012,497.9,promien_500m
1001,30-035,0.0,promien_500m
1001,30-043,46.4,promien_500m
1001,30-034,53.6,promien_500m
1001,30-033,57.6,promien_500m
1001,30-074,110.8,promien_500m
1001,30-042,115.7,promien_500m
1001,30-078,120.2,promien_500m
1001,30-019,129.4,promien_500m
1001,30-039,151.2,promien_500m
1001,30-038,163.0,promien_500m
1001,31-045,165.2,promien_500m
1001,30-036,181.0,promien_500m
1001,30-040,211.8,promien_500m
1001,30-015,222.4,promien_500m
1001,30-021,223.8,promien_500m
1001,31-140,223.9,promien_500m
1001,30-007,232.0,promien_500m
1001,30-045,236.8,promien_500m
1001,30-020,241.0,promien_500m
1001,30-529,249.2,promien_500m
1001,30-037,250.4,promien_500m
1001,31-138,269.7,promien_500m
1001,31-159,293.7,promien_500m
1001,30-003,298.6,promien_500m
1001,30-046,322.6,promien_500m
1001,30-014,329.0,promien_500m
1001,31-261,339.3,promien_500m
1001,31-139,361.8,promien_500m
1001,30-011,365.7,promien_500m
1001,30-023,368.9,promien_500m
1001,30-075,404.6,promien_500m
1001,30-018,412.8,promien_500m
1001,30-048,416.6,promien_500m
1001,31-158,419.4,promien_500m
1001,30-010,420.8,promien_500m
1001,31-120,420.8,promien_500m
1001,30-006,424.6,promien_500m
1001,31-137,431.9,promien_500m
1001,30-047,437.2,promien_500m
1001,31-128,443.5,promien_500m
1001,30-049,445.6,promien_500m
1001,30-012,457.1,promien_500m
1001,31-162,467.5,promien_500m
1001,30-022,472.7,promien_500m
1001,30-052,474.9,promien_500m
1001,30-009,497.4,promien_500m
1001,30-017,497.5,promien_500m
1002,30-035,0.0,promien_500m
1002,30-019,33.1,promien_500m
1002,30-043,51.0,promien_500m
1002,30-033,90.5,promien_500m
1002,30-034,130.7,promien_500m
1002,30-042,141.0,promien_500m
1002,30-020,145.2,promien_500m
1002,30-036,170.9,promien_500m
1002,30-021,186.1,promien_500m
1002,30-074,203.6,promien_500m
1002,30-078,216.1,promien_500m
1002,31-045,219.7,promien_500m
1002,30-015,222.6,promien_500m
1002,30-014,238.1,promien_500m
1002,30-038,238.1,promien_500m
1002,30-003,245.4,promien_500m
1002,30-039,246.3,promien_500m
1002,30-011,272.5,promien_500m
1002,30-007,273.9,promien_500m
1002,31-140,275.9,promien_500m
1002,30-040,297.5,promien_500m
1002,30-037,302.2,promien_500m
1002,31-261,332.3,promien_500m
1002,31-159,333.0,promien_500m
1002,30-045,333.2,promien_500m
1002,30-010,333.3,promien_500m
1002,30-023,336.7,promien_500m
1002,30-529,344.4,promien_500m
1002,30-006,348.2,promien_500m
1002,31-138,350.5,promien_500m
1002,30-075,391.7,promien_500m
1002,30-018,394.7,promien_500m
1002,31-139,395.8,promien_500m
1002,30-022,402.7,promien_500m
1002,30-046,406.6,promien_500m
1002,31-158,413.0,promien_500m
1002,30-009,421.8,promien_500m
1002,30-012,431.8,promien_500m
1002,30-017,466.0,promien_500m
1002,31-162,484.6,promien_500m
1002,31-137,495.6,promien_500m
1002,30-048,499.0,promien_500m
1003,30-033,0.0,promien_500m
1003,30-035,16.8,promien_500m
1003,30-019,58.9,promien_500m
1003,30-036,59.1,promien_500m
1003,30-034,74.9,promien_500m
1003,30-015,103.5,promien_500m
1003,31-045,125.4,promien_500m
1003,30-043,161.3,promien_500m
1003,30-007,164.0,promien_500m
1003,30-003,167.6,promien_500m
1003,30-038,170.6,promien_500m
1003,31-140,175.3,promien_500m
1003,30-037,197.3,promien_500m
1003,30-074,206.2,promien_500m
1003,30-078,210.0,promien_500m
1003,31-261,214.2,promien_500m
1003,31-159,215.2,promien_500m
1003,30-020,223.5,promien_500m
1003,30-042,241.1,promien_500m
1003,30-039,242.8,promien_500m
1003,31-139,276.3,promien_500m
1003,31-138,280.6,promien_500m
1003,30-018,282.5,promien_500m
1003,30-011,294.1,promien_500m
1003,31-158,295.3,promien_500m
1003,30-021,303.9,promien_500m
1003,30-014,307.5,promien_500m
1003,30-006,311.0,promien_500m
1003,30-045,325.0,promien_500m
1003,30-010,327.6,promien_500m
1003,30-040,336.2,promien_500m
1003,30-529,350.8,promien_500m
1003,31-162,363.2,promien_500m
1003,30-009,381.6,promien_500m
1003,31-137,386.4,promien_500m
1003,31-145,412.7,promien_500m
1003,30-046,431.9,promien_500m
1003,31-160,448.4,promien_500m
1003,31-128,450.0,promien_500m
1003,31-120,456.4,promien_500m
1003,30-023,457.9,promien_500m
1003,31-161,478.3,promien_500m
1003,30-004,484.6,promien_500m
1003,31-136,493.1,promien_500m
1004,30-033,0.0,promien_500m
1004,30-034,9.7,promien_500m
1004,31-045,43.1,promien_500m
1004,30-038,59.2,promien_500m
1004,30-035,61.9,promien_500m
1004,31-140,101.9,promien_500m
1004,30-007,110.3,promien_500m
1004,30-074,111.3,promien_500m
1004,30-036,116.9,promien_500m
1004,30-078,117.6,promien_500m
1004,30-037,131.3,promien_500m
1004,30-039,133.0,promien_500m
1004,30-015,139.3,promien_500m
1004,30-043,151.8,promien_500m
1004,30-019,167.5,promien_500m
1004,31-138,171.2,promien_500m
1004,31-159,171.8,promien_500m
1004,30-045,219.4,promien_500m
1004,30-042,231.1,promien_500m
1004,31-139,241.8,promien_500m
1004,30-529,251.5,promien_500m
1004,31-261,251.5,promien_500m
1004,30-040,260.1,promien_500m
1004,30-003,265.1,promien_500m
1004,30-020,318.9,promien_500m
1004,31-137,319.3,promien_500m
1004,31-158,326.0,promien_500m
1004,30-018,327.9,promien_500m
1004,30-046,332.1,promien_500m
1004,31-120,343.1,promien_500m
1004,30-021,344.9,promien_500m
1004,31-128,345.3,promien_500m
1004,31-162,354.8,promien_500m
1004,30-048,398.0,promien_500m
1004,30-047,399.3,promien_500m
1004,31-136,404.9,promien_500m
1004,30-011,407.7,promien_500m
1004,30-014,413.2,promien_500m
1004,30-006,421.0,promien_500m
1004,31-130,423.7,promien_500m
1004,31-127,436.0,promien_500m
1004,30-010,442.3,promien_500m
1004,31-145,451.4,promien_500m
1004,31-161,458.8,promien_500m
1004,30-049,473.3,promien_500m
1004,31-160,476.5,promien_500m
1004,30-009,489.5,promien_500m
1004,30-023,490.9,promien_500m
1005,30-033,0.0,promien_500m
1005,30-038,5.0,promien_500m
1005,30-034,34.1,promien_500m
1005,30-039,36.9,promien_500m
1005,31-138,57.4,promien_500m
1005,30-037,63.3,promien_500m
1005,30-074,79.2,promien_500m
1005,31-045,89.4,promien_500m
1005,31-159,102.8,promien_500m
1005,30-078,105.6,promien_500m
1005,30-045,108.0,promien_500m
1005,31-140,114.3,promien_500m
1005,30-035,119.5,promien_500m
1005,30-007,149.2,promien_500m
1005,30-529,166.8,promien_500m
1005,30-043,176.9,promien_500m
1005,30-040,188.3,promien_500m
1005,31-120,205.0,promien_500m
1005,31-137,214.1,promien_500m
1005,30-046,216.3,promien_500m
1005,31-128,222.5,promien_500m
1005,30-036,244.5,promien_500m
1005,30-015,248.3,promien_500m
1005,31-139,253.2,promien_500m
1005,30-047,264.8,promien_500m
1005,30-042,273.0,promien_500m
1005,30-048,277.4,promien_500m
1005,31-127,303.4,promien_500m
1005,30-019,306.9,promien_500m
1005,31-136,312.8,promien_500m
1005,31-130,318.7,promien_500m
1005,31-261,340.4,promien_500m
1005,31-162,366.2,promien_500m
1005,30-049,388.1,promien_500m
1005,30-003,388.5,promien_500m
1005,31-158,395.3,promien_500m
1005,31-126,399.2,promien_500m
1005,30-018,403.9,promien_500m
1005,30-021,433.3,promien_500m
1005,30-020,450.5,promien_500m
1005,31-135,455.9,promien_500m
1005,31-161,456.3,promien_500m
1005,30-079,485.7,promien_500m
1005,31-131,494.9,promien_500m
1006,30-033,0.0,promien_500m
1006,30-034,10.5,promien_500m
1006,30-038,25.4,promien_500m
1006,31-045,32.7,promien_500m
1006,30-035,83.9,promien_500m
1006,30-074,93.2,promien_500m
1006,31-140,94.9,promien_500m
1006,30-039,100.0,promien_500m
1006,30-078,100.6,promien_500m
1006,30-007,105.9,promien_500m
1006,30-037,110.4,promien_500m
1006,31-138,138.5,promien_500m
1006,30-036,148.1,promien_500m
1006,30-043,151.1,promien_500m
1006,31-159,158.1,promien_500m
1006,30-015,163.0,promien_500m
1006,30-045,190.0,promien_500m
1006,30-019,202.6,promien_500m
1006,30-529,225.0,promien_500m
1006,31-139,237.9,promien_500m
1006,30-042,239.2,promien_500m
1006,30-040,240.8,promien_500m
1006,31-261,270.7,promien_500m
1006,30-003,295.3,promien_500m
1006,31-137,298.5,promien_500m
1006,30-046,304.5,promien_500m
1006,31-120,308.2,promien_500m
1006,31-128,313.7,promien_500m
1006,31-158,341.4,promien_500m
1006,30-018,344.1,promien_500m
1006,30-020,351.2,promien_500m
1006,31-162,357.2,promien_500m
1006,30-021,363.5,promien_500m
1006,30-047,364.7,promien_500m
1006,30-048,365.9,promien_500m
1006,31-136,379.5,promien_500m
1006,31-130,397.0,promien_500m
1006,31-127,402.3,promien_500m
1006,30-011,442.9,promien_500m
1006,30-014,447.1,promien_500m
1006,30-049,448.5,promien_500m
1006,30-006,454.9,promien_500m
1006,31-161,455.7,promien_500m
1006,31-145,467.1,promien_500m
1006,30-010,477.5,promien_500m
1006,31-160,488.8,promien_500m
1006,31-126,492.1,promien_500m
1008,30-035,0.0,promien_500m
1008,30-015,11.4,promien_500m
1008,30-034,34.7,promien_500m
1008,30-007,43.5,promien_500m
1008,30-036,47.9,promien_500m
1008,31-159,80.0,promien_500m
1008,31-261,85.2,promien_500m
1008,30-033,103.3,promien_500m
1008,31-140,112.9,promien_500m
1008,31-045,117.0,promien_500m
1008,30-037,117.7,promien_500m
1008,30-038,122.9,promien_500m
1008,30-019,123.1,promien_500m
1008,31-139,126.9,promien_500m
1008,30-003,149.9,promien_500m
1008,31-158,158.8,promien_500m
1008,30-018,160.4,promien_500m
1008,31-162,210.9,promien_500m
1008,31-138,235.3,promien_500m
1008,31-137,260.7,promien_500m
1008,30-039,274.6,promien_500m
1008,30-074,276.9,promien_500m
1008,30-078,283.8,promien_500m
1008,31-145,284.0,promien_500m
1008,30-043,308.7,promien_500m
1008,31-160,310.9,promien_500m
1008,31-161,326.3,promien_500m
1008,30-006,331.9,promien_500m
1008,30-020,336.4,promien_500m
1008,30-045,364.4,promien_500m
1008,31-136,369.5,promien_500m
1008,30-004,377.6,promien_500m
1008,30-010,378.7,promien_500m
1008,31-146,378.8,promien_500m
1008,30-011,379.1,promien_500m
1008,30-042,379.3,promien_500m
1008,31-128,383.9,promien_500m
1008,30-009,384.2,promien_500m
1008,30-529,408.4,promien_500m
1008,31-130,416.5,promien_500m
1008,31-142,420.3,promien_500m
1008,31-120,420.9,promien_500m
1008,30-014,423.0,promien_500m
1008,30-040,425.7,promien_500m
1008,31-141,433.1,promien_500m
1008,30-139,436.2,promien_500m
1008,30-021,454.9,promien_500m
1008,31-147,460.4,promien_500m
1008,30-002,474.2,promien_500m
1008,30-046,474.6,promien_500m
1008,31-127,489.9,promien_500m
1008,31-153,497.4,promien_500m
1009,30-035,0.0,promien_500m
1009,30-034,10.3,promien_500m
1009,30-015,30.2,promien_500m
1009,30-007,40.1,promien_500m
1009,30-036,47.1,promien_500m
1009,31-159,75.8,promien_500m
1009,30-033,80.5,promien_500m
1009,31-140,82.3,promien_500m
1009,31-045,83.8,promien_500m
1009,30-037,90.5,promien_500m
1009,30-038,91.4,promien_500m
1009,31-261,118.2,promien_500m
1009,31-139,136.3,promien_500m
1009,30-019,153.3,promien_500m
1009,30-003,174.9,promien_500m
1009,31-158,189.3,promien_500m
1009,30-018,191.6,promien_500m
1009,31-138,214.3,promien_500m
1009,31-162,228.5,promien_500m
1009,30-039,241.3,promien_500m
1009,30-074,245.0,promien_500m
1009,30-078,252.0,promien_500m
1009,31-137,254.3,promien_500m
1009,30-043,285.6,promien_500m
1009,31-145,315.0,promien_500m
1009,30-045,331.2,promien_500m
1009,31-160,339.7,promien_500m
1009,31-161,340.8,promien_500m
1009,30-020,343.4,promien_500m
1009,30-006,354.8,promien_500m
1009,30-042,355.8,promien_500m
1009,31-128,360.3,promien_500m
1009,31-136,364.3,promien_500m
1009,30-529,375.2,promien_500m
1009,30-011,392.4,promien_500m
1009,30-040,392.7,promien_500m
1009,31-120,394.0,promien_500m
1009,30-010,398.5,promien_500m
1009,31-130,400.9,promien_500m
1009,31-146,410.3,promien_500m
1009,30-004,410.5,promien_500m
1009,30-009,410.5,promien_500m
1009,30-014,427.8,promien_500m
1009,31-142,434.9,promien_500m
1009,30-046,441.7,promien_500m
1009,30-139,443.4,promien_500m
1009,30-021,443.9,promien_500m
1009,31-141,453.8,promien_500m
1009,31-127,465.2,promien_500m
1009,30-047,481.0,promien_500m
1009,31-147,491.2,promien_500m
1010,30-043,0.0,promien_500m
1010,30-035,32.1,promien_500m
1010,30-019,33.3,promien_500m
1010,30-042,46.0,promien_500m
1010,30-021,66.4,promien_500m
1010,30-074,156.7,promien_500m
1010,30-020,177.0,promien_500m
1010,30-033,195.6,promien_500m
1010,30-034,212.4,promien_500m
1010,30-023,217.0,promien_500m
1010,30-014,221.2,promien_500m
1010,30-078,241.4,promien_500m
1010,30-039,262.2,promien_500m
1010,30-075,266.1,promien_500m
1010,30-040,269.9,promien_500m
1010,30-036,286.5,promien_500m
1010,30-012,307.6,promien_500m
1010,30-022,319.7,promien_500m
1010,30-015,320.6,promien_500m
1010,30-038,322.2,promien_500m
1010,31-045,322.3,promien_500m
1010,30-011,331.9,promien_500m
1010,30-017,344.2,promien_500m
1010,30-529,345.3,promien_500m
1010,30-045,350.6,promien_500m
1010,30-046,360.5,promien_500m
1010,30-003,361.1,promien_500m
1010,31-140,380.2,promien_500m
1010,30-007,385.4,promien_500m
1010,30-052,396.0,promien_500m
1010,30-010,407.9,promien_500m
1010,30-037,408.6,promien_500m
1010,30-048,418.6,promien_500m
1010,31-138,425.9,promien_500m
1010,30-006,430.4,promien_500m
1010,31-159,448.8,promien_500m
1010,31-261,458.4,promien_500m
1010,30-081,480.1,promien_500m
1010,30-079,486.2,promien_500m
1010,30-049,493.7,promien_500m
1011,30-043,0.0,promien_500m
1011,30-021,14.5,promien_500m
1011,30-035,16.6,promien_500m
1011,30-042,17.6,promien_500m
1011,30-019,62.5,promien_500m
1011,30-074,98.7,promien_500m
1011,30-023,155.0,promien_500m
1011,30-075,202.7,promien_500m
1011,30-014,213.4,promien_500m
1011,30-078,214.2,promien_500m
1011,30-020,215.4,promien_500m
1011,30-012,244.7,promien_500m
1011,30-040,251.7,promien_500m
1011,30-033,257.3,promien_500m
1011,30-034,267.8,promien_500m
1011,30-017,282.4,promien_500m
1011,30-022,283.7,promien_500m
1011,30-039,297.0,promien_500m
1011,30-011,328.4,promien_500m
1011,30-052,343.1,promien_500m
1011,30-036,345.2,promien_500m
1011,30-045,347.3,promien_500m
1011,30-046,358.7,promien_500m
1011,30-015,366.6,promien_500m
1011,30-529,368.0,promien_500m
1011,30-038,377.0,promien_500m
1011,31-045,381.1,promien_500m
1011,30-048,390.8,promien_500m
1011,30-003,419.2,promien_500m
1011,30-079,424.4,promien_500m
1011,30-081,428.2,promien_500m
1011,31-140,439.5,promien_500m
1011,30-007,446.5,promien_500m
1011,30-010,449.2,promien_500m
1011,30-037,465.6,promien_500m
1011,30-006,474.0,promien_500m
1011,31-138,476.3,promien_500m
1011,30-051,491.7,promien_500m
1011,30-049,493.1,promien_500m
1011,30-076,493.7,promien_500m
1012,30-042,0.0,promien_500m
1012,30-043,51.3,promien_500m
1012,30-074,69.4,promien_500m
1012,30-021,114.8,promien_500m
1012,30-035,115.9,promien_500m
1012,30-019,146.7,promien_500m
1012,30-040,161.4,promien_500m
1012,30-078,177.9,promien_500m
1012,30-023,208.8,promien_500m
1012,30-039,210.4,promien_500m
1012,30-034,212.4,promien_500m
1012,30-075,215.3,promien_500m
1012,30-045,242.7,promien_500m
1012,30-033,247.6,promien_500m
1012,30-046,251.7,promien_500m
1012,30-529,269.9,promien_500m
1012,30-012,288.6,promien_500m
1012,30-052,292.8,promien_500m
1012,30-020,296.0,promien_500m
1012,30-048,299.9,promien_500m
1012,30-014,320.2,promien_500m
1012,30-038,330.8,promien_500m
1012,30-017,334.4,promien_500m
1012,31-045,346.2,promien_500m
1012,30-036,369.2,promien_500m
1012,30-081,382.7,promien_500m
1012,30-022,384.1,promien_500m
1012,30-049,386.1,promien_500m
1012,30-079,391.8,promien_500m
1012,30-051,394.7,promien_500m
1012,31-140,406.4,promien_500m
1012,30-015,412.3,promien_500m
1012,30-037,413.7,promien_500m
1012,31-138,414.8,promien_500m
1012,30-007,416.0,promien_500m
1012,30-011,435.4,promien_500m
1012,30-057,451.2,promien_500m
1012,31-159,459.4,promien_500m
1012,30-003,460.9,promien_500m
1012,30-047,461.0,promien_500m
1012,30-054,477.2,promien_500m
1012,30-076,495.7,promien_500m
1013,30-043,0.0,promien_500m
1013,30-035,28.1,promien_500m
1013,30-042,36.3,promien_500m
1013,30-074,65.8,promien_500m
1013,30-034,104.9,promien_500m
1013,30-078,110.7,promien_500m
1013,30-039,130.7,promien_500m
1013,30-033,140.4,promien_500m
1013,30-040,153.4,promien_500m
1013,30-019,159.9,promien_500m
1013,30-021,181.6,promien_500m
1013,30-529,216.5,promien_500m
1013,30-038,221.2,promien_500m
1013,30-045,224.2,promien_500m
1013,31-045,236.1,promien_500m
1013,30-046,257.6,promien_500m
1013,30-036,269.3,promien_500m
1013,30-020,274.7,promien_500m
1013,31-140,296.1,promien_500m
1013,30-007,305.8,promien_500m
1013,30-037,307.4,promien_500m
1013,30-023,308.1,promien_500m
1013,30-015,310.1,promien_500m
1013,31-138,311.1,promien_500m
1013,30-075,325.1,promien_500m
1013,30-014,343.5,promien_500m
1013,31-159,353.0,promien_500m
1013,30-048,353.1,promien_500m
1013,30-003,382.7,promien_500m
1013,30-049,384.9,promien_500m
1013,30-052,386.7,promien_500m
1013,30-012,392.9,promien_500m
1013,30-047,412.1,promien_500m
1013,30-011,418.0,promien_500m
1013,31-261,427.2,promien_500m
1013,31-120,435.9,promien_500m
1013,30-017,436.6,promien_500m
1013,30-051,437.7,promien_500m
1013,31-139,438.1,promien_500m
1013,30-022,448.6,promien_500m
1013,31-128,465.6,promien_500m
1013,31-137,469.2,promien_500m
1013,30-079,477.2,promien_500m
1013,30-081,481.3,promien_500m
1013,30-010,482.5,promien_500m
1013,30-006,497.3,promien_500m
1014,30-074,0.0,promien_500m
1014,30-042,10.9,promien_500m
1014,30-040,40.9,promien_500m
1014,30-043,73.2,promien_500m
1014,30-078,109.6,promien_500m
1014,30-045,124.1,promien_500m
1014,30-046,131.4,promien_500m
1014,30-039,138.2,promien_500m
1014,30-035,155.6,promien_500m
1014,30-529,173.5,promien_500m
1014,30-034,204.3,promien_500m
1014,30-048,206.8,promien_500m
1014,30-021,234.2,promien_500m
1014,30-075,252.3,promien_500m
1014,30-019,262.5,promien_500m
1014,30-052,264.5,promien_500m
1014,30-049,265.8,promien_500m
1014,30-033,270.8,promien_500m
1014,30-051,293.4,promien_500m
1014,30-023,304.3,promien_500m
1014,30-038,317.3,promien_500m
1014,31-045,335.0,promien_500m
1014,30-079,342.2,promien_500m
1014,30-047,345.5,promien_500m
1014,30-081,362.7,promien_500m
1014,30-037,365.0,promien_500m
1014,30-012,369.6,promien_500m
1014,31-138,370.6,promien_500m
1014,30-054,374.0,promien_500m
1014,30-057,394.6,promien_500m
1014,30-020,402.2,promien_500m
1014,31-140,402.4,promien_500m
1014,30-036,407.1,promien_500m
1014,30-007,413.9,promien_500m
1014,31-159,417.5,promien_500m
1014,30-017,418.1,promien_500m
1014,31-987,422.3,promien_500m
1014,31-120,424.6,promien_500m
1014,30-014,440.7,promien_500m
1014,30-015,444.3,promien_500m
1014,31-128,481.0,promien_500m
1015,30-074,0.0,promien_500m
1015,30-052,4.3,promien_500m
1015,30-075,14.0,promien_500m
1015,30-078,15.6,promien_500m
1015,30-040,78.7,promien_500m
1015,30-081,87.1,promien_500m
1015,30-079,119.0,promien_500m
1015,30-042,134.3,promien_500m
1015,30-045,155.9,promien_500m
1015,30-012,193.4,promien_500m
1015,30-057,210.1,promien_500m
1015,30-019,213.4,promien_500m
1015,30-017,216.1,promien_500m
1015,30-076,219.4,promien_500m
1015,30-048,222.3,promien_500m
1015,30-053,224.0,promien_500m
1015,30-043,243.5,promien_500m
1015,30-023,244.7,promien_500m
1015,30-035,254.7,promien_500m
1015,30-051,302.2,promien_500m
1015,30-021,317.1,promien_500m
1015,30-046,350.7,promien_500m
1015,30-082,357.0,promien_500m
1015,30-054,369.3,promien_500m
1015,30-069,372.4,promien_500m
1015,31-987,413.2,promien_500m
1015,30-022,419.7,promien_500m
1015,30-049,421.7,promien_500m
1015,31-045,423.8,promien_500m
1015,30-014,440.6,promien_500m
1015,30-039,444.7,promien_500m
1015,30-529,468.0,promien_500m
1015,30-058,475.4,promien_500m
1015,30-077,475.4,promien_500m
1016,30-075,0.0,promien_500m
1016,30-074,57.8,promien_500m
1016,30-078,65.7,promien_500m
1016,30-012,96.7,promien_500m
1016,30-052,98.6,promien_500m
1016,30-079,111.9,promien_500m
1016,30-017,121.4,promien_500m
1016,30-019,137.8,promien_500m
1016,30-042,140.1,promien_500m
1016,30-043,153.3,promien_500m
1016,30-081,168.0,promien_500m
1016,30-040,168.7,promien_500m
1016,30-023,179.1,promien_500m
1016,30-076,184.6,promien_500m
1016,30-035,199.0,promien_500m
1016,30-045,251.3,promien_500m
1016,30-053,262.2,promien_500m
1016,30-021,273.7,promien_500m
1016,30-057,302.3,promien_500m
1016,30-048,309.0,promien_500m
1016,30-022,329.2,promien_500m
1016,30-014,347.7,promien_500m
1016,30-082,365.9,promien_500m
1016,30-051,396.9,promien_500m
1016,30-046,415.4,promien_500m
1016,30-069,439.3,promien_500m
1016,31-045,447.1,promien_500m
1016,30-011,456.1,promien_500m
1016,30-077,461.2,promien_500m
1016,30-054,465.3,promien_500m
1016,30-039,484.6,promien_500m
1016,30-020,498.3,promien_500m
1017,30-012,0.0,promien_500m
1017,30-017,4.5,promien_500m
1017,30-075,10.6,promien_500m
1017,30-043,44.3,promien_500m
1017,30-019,60.2,promien_500m
1017,30-074,118.6,promien_500m
1017,30-079,119.1,promien_500m
1017,30-023,124.1,promien_500m
1017,30-078,178.4,promien_500m
1017,30-035,183.7,promien_500m
1017,30-076,188.1,promien_500m
1017,30-022,219.1,promien_500m
1017,30-042,223.0,promien_500m
1017,30-052,225.1,promien_500m
1017,30-014,230.4,promien_500m
1017,30-021,249.8,promien_500m
1017,30-081,279.4,promien_500m
1017,30-040,290.2,promien_500m
1017,30-053,325.2,promien_500m
1017,30-011,346.1,promien_500m
1017,30-045,377.0,promien_500m
1017,30-082,409.9,promien_500m
1017,30-057,425.7,promien_500m
1017,30-048,429.2,promien_500m
1017,30-020,444.9,promien_500m
1017,30-077,471.6,promien_500m
1018,30-019,0.0,promien_500m
1018,30-036,5.9,promien_500m
1018,31-261,10.2,promien_500m
1018,30-018,19.1,promien_500m
1018,30-007,20.1,promien_500m
1018,31-158,45.6,promien_500m
1018,31-159,49.0,promien_500m
1018,30-015,70.2,promien_500m
1018,30-003,73.4,promien_500m
1018,30-035,97.0,promien_500m
1018,31-139,114.0,promien_500m
1018,31-145,147.7,promien_500m
1018,31-162,160.1,promien_500m
1018,30-034,170.4,promien_500m
1018,30-033,185.6,promien_500m
1018,31-160,186.6,promien_500m
1018,31-140,199.8,promien_500m
1018,30-004,231.7,promien_500m
1018,31-146,238.0,promien_500m
1018,30-037,241.2,promien_500m
1018,31-045,259.8,promien_500m
1018,30-038,262.8,promien_500m
1018,30-006,263.5,promien_500m
1018,31-161,279.8,promien_500m
1018,30-009,305.0,promien_500m
1018,31-137,305.3,promien_500m
1018,30-010,312.5,promien_500m
1018,31-147,321.0,promien_500m
1018,30-002,328.5,promien_500m
1018,31-138,339.2,promien_500m
1018,31-141,345.9,promien_500m
1018,30-011,356.4,promien_500m
1018,30-020,359.5,promien_500m
1018,31-142,361.6,promien_500m
1018,31-136,367.9,promien_500m
1018,31-148,371.8,promien_500m
1018,31-153,389.3,promien_500m
1018,30-139,404.9,promien_500m
1018,30-039,419.3,promien_500m
1018,30-074,422.1,promien_500m
1018,30-043,424.3,promien_500m
1018,30-078,428.8,promien_500m
1018,30-014,452.4,promien_500m
1018,31-128,488.6,promien_500m
1018,31-130,490.0,promien_500m
1019,30-019,0.0,promien_500m
1019,30-036,1.2,promien_500m
1019,31-261,24.7,promien_500m
1019,30-015,34.8,promien_500m
1019,30-003,49.1,promien_500m
1019,30-007,52.0,promien_500m
1019,30-018,60.7,promien_500m
1019,30-035,85.3,promien_500m
1019,31-159,91.8,promien_500m
1019,31-158,92.2,promien_500m
1019,30-033,138.9,promien_500m
1019,31-139,151.9,promien_500m
1019,30-034,157.1,promien_500m
1019,31-145,191.5,promien_500m
1019,31-162,201.7,promien_500m
1019,31-140,230.7,promien_500m
1019,31-160,233.0,promien_500m
1019,30-037,239.6,promien_500m
1019,31-045,242.7,promien_500m
1019,30-006,242.8,promien_500m
1019,30-038,249.1,promien_500m
1019,30-004,262.4,promien_500m
1019,31-146,277.5,promien_500m
1019,30-009,280.2,promien_500m
1019,30-010,286.3,promien_500m
1019,30-020,312.7,promien_500m
1019,30-011,316.9,promien_500m
1019,31-161,323.0,promien_500m
1019,31-137,329.6,promien_500m
1019,31-138,344.4,promien_500m
1019,30-002,354.0,promien_500m
1019,31-147,359.8,promien_500m
1019,30-043,381.2,promien_500m
1019,31-141,393.7,promien_500m
1019,30-074,394.5,promien_500m
1019,30-039,400.0,promien_500m
1019,30-078,400.8,promien_500m
1019,30-014,405.5,promien_500m
1019,31-142,408.0,promien_500m
1019,31-136,414.6,promien_500m
1019,31-148,414.9,promien_500m
1019,31-153,436.9,promien_500m
1019,30-139,447.0,promien_500m
1019,30-042,465.4,promien_500m
1019,30-045,490.4,promien_500m
1019,30-021,494.3,promien_500m
1019,31-128,495.0,promien_500m
1020,30-015,0.0,promien_500m
1020,30-019,0.4,promien_500m
1020,30-036,4.6,promien_500m
1020,30-003,28.4,promien_500m
1020,31-261,71.0,promien_500m
1020,30-007,79.0,promien_500m
1020,30-033,94.6,promien_500m
1020,30-035,98.6,promien_500m
1020,30-018,106.5,promien_500m
1020,31-159,134.9,promien_500m
1020,31-158,138.7,promien_500m
1020,30-034,158.2,promien_500m
1020,31-139,193.3,promien_500m
1020,30-006,216.0,promien_500m
1020,31-045,228.8,promien_500m
1020,31-140,235.4,promien_500m
1020,31-145,235.6,promien_500m
1020,30-037,241.5,promien_500m
1020,30-038,244.5,promien_500m
1020,31-162,244.8,promien_500m
1020,30-009,261.8,promien_500m
1020,30-010,266.2,promien_500m
1020,30-020,267.3,promien_500m
1020,31-160,278.8,promien_500m
1020,30-011,280.6,promien_500m
1020,30-004,296.6,promien_500m
1020,31-146,318.2,promien_500m
1020,30-043,340.6,promien_500m
1020,31-138,356.1,promien_500m
1020,31-137,357.5,promien_500m
1020,30-014,360.0,promien_500m
1020,31-161,366.4,promien_500m
1020,30-074,371.9,promien_500m
1020,30-078,377.7,promien_500m
1020,30-002,382.8,promien_500m
1020,30-039,386.3,promien_500m
1020,31-147,399.3,promien_500m
1020,30-042,427.2,promien_500m
1020,31-141,440.5,promien_500m
1020,30-021,448.5,promien_500m
1020,31-142,453.4,promien_500m
1020,31-148,457.8,promien_500m
1020,31-136,460.5,promien_500m
1020,30-045,478.0,promien_500m
1020,31-153,483.4,promien_500m
1020,30-139,489.3,promien_500m
1022,30-036,0.0,promien_500m
1022,30-033,9.9,promien_500m
1022,30-019,26.8,promien_500m
1022,30-015,30.4,promien_500m
1022,30-003,46.5,promien_500m
1022,30-035,80.3,promien_500m
1022,30-020,149.5,promien_500m
1022,30-006,173.2,promien_500m
1022,30-007,187.2,promien_500m
1022,30-034,187.6,promien_500m
1022,30-011,189.0,promien_500m
1022,31-261,193.6,promien_500m
1022,30-010,200.7,promien_500m
1022,30-018,227.3,promien_500m
1022,30-014,240.5,promien_500m
1022,31-045,242.7,promien_500m
1022,30-009,243.6,promien_500m
1022,30-043,250.0,promien_500m
1022,31-159,255.8,promien_500m
1022,31-158,261.9,promien_500m
1022,31-140,275.2,promien_500m
1022,30-038,279.5,promien_500m
1022,30-037,289.6,promien_500m
1022,31-139,304.9,promien_500m
1022,30-021,331.5,promien_500m
1022,30-042,339.9,promien_500m
1022,30-074,344.1,promien_500m
1022,30-078,347.8,promien_500m
1022,31-145,351.6,promien_500m
1022,31-162,364.1,promien_500m
1022,30-039,380.4,promien_500m
1022,30-004,395.7,promien_500m
1022,31-160,399.2,promien_500m
1022,31-138,400.8,promien_500m
1022,31-146,427.8,promien_500m
1022,30-016,447.8,promien_500m
1022,31-137,450.4,promien_500m
1022,30-002,456.8,promien_500m
1022,30-045,462.9,promien_500m
1022,30-040,468.9,promien_500m
1022,31-161,485.4,promien_500m
1022,30-529,488.7,promien_500m
1022,30-023,492.6,promien_500m
1023,30-019,0.0,promien_500m
1023,30-036,26.4,promien_500m
1023,30-015,43.8,promien_500m
1023,30-033,45.1,promien_500m
1023,30-003,87.6,promien_500m
1023,30-020,91.9,promien_500m
1023,30-035,116.4,promien_500m
1023,30-011,139.8,promien_500m
1023,30-006,166.9,promien_500m
1023,30-010,167.2,promien_500m
1023,30-014,181.9,promien_500m
1023,30-034,224.4,promien_500m
1023,30-043,231.7,promien_500m
1023,30-009,240.0,promien_500m
1023,30-007,245.9,promien_500m
1023,31-261,251.8,promien_500m
1023,31-045,279.7,promien_500m
1023,30-018,282.7,promien_500m
1023,30-021,284.5,promien_500m
1023,31-159,314.3,promien_500m
1023,31-158,319.5,promien_500m
1023,31-140,319.8,promien_500m
1023,30-042,320.4,promien_500m
1023,30-038,322.6,promien_500m
1023,30-037,336.1,promien_500m
1023,30-074,359.8,promien_500m
1023,30-078,362.3,promien_500m
1023,31-139,362.5,promien_500m
1023,30-039,400.4,promien_500m
1023,30-016,401.4,promien_500m
1023,31-145,403.6,promien_500m
1023,31-162,422.8,promien_500m
1023,31-138,438.0,promien_500m
1023,30-004,439.3,promien_500m
1023,30-023,445.4,promien_500m
1023,30-012,449.5,promien_500m
1023,30-022,450.0,promien_500m
1023,31-160,453.4,promien_500m
1023,30-040,471.2,promien_500m
1023,31-146,474.5,promien_500m
1023,30-002,480.0,promien_500m
1023,30-045,480.7,promien_500m
1024,30-019,0.0,promien_500m
1024,30-020,33.7,promien_500m
1024,30-015,90.0,promien_500m
1024,30-033,101.5,promien_500m
1024,30-036,109.0,promien_500m
1024,30-014,113.8,promien_500m
1024,30-011,114.0,promien_500m
1024,30-035,114.2,promien_500m
1024,30-003,169.9,promien_500m
1024,30-010,179.6,promien_500m
1024,30-043,183.4,promien_500m
1024,30-006,200.1,promien_500m
1024,30-021,207.9,promien_500m
1024,30-034,268.0,promien_500m
1024,30-042,273.9,promien_500m
1024,30-009,285.0,promien_500m
1024,31-045,320.1,promien_500m
1024,30-007,323.0,promien_500m
1024,31-261,332.1,promien_500m
1024,30-074,361.5,promien_500m
1024,30-038,362.7,promien_500m
1024,30-018,365.1,promien_500m
1024,30-023,367.3,promien_500m
1024,30-022,367.5,promien_500m
1024,30-078,367.7,promien_500m
1024,31-140,368.4,promien_500m
1024,30-016,369.8,promien_500m
1024,30-037,388.2,promien_500m
1024,31-159,388.9,promien_500m
1024,30-012,391.6,promien_500m
1024,31-158,400.8,promien_500m
1024,30-039,403.2,promien_500m
1024,31-139,434.6,promien_500m
1024,30-075,453.3,promien_500m
1024,30-040,455.7,promien_500m
1024,31-138,473.5,promien_500m
1024,31-145,486.0,promien_500m
1024,30-045,486.8,promien_500m
1026,30-019,0.0,promien_500m
1026,30-021,48.3,promien_500m
1026,30-035,60.3,promien_500m
1026,30-014,74.6,promien_500m
1026,30-020,77.3,promien_500m
1026,30-043,115.0,promien_500m
1026,30-042,174.5,promien_500m
1026,30-011,192.4,promien_500m
1026,30-023,199.7,promien_500m
1026,30-022,215.2,promien_500m
1026,30-074,225.5,promien_500m
1026,30-015,244.8,promien_500m
1026,30-033,245.9,promien_500m
1026,30-036,274.1,promien_500m
1026,30-012,283.4,promien_500m
1026,30-075,292.6,promien_500m
1026,30-010,312.6,promien_500m
1026,30-034,321.0,promien_500m
1026,30-017,335.2,promien_500m
1026,30-003,337.1,promien_500m
1026,30-006,340.4,promien_500m
1026,30-078,356.8,promien_500m
1026,30-016,403.4,promien_500m
1026,30-039,403.9,promien_500m
1026,30-040,407.3,promien_500m
1026,31-045,410.8,promien_500m
1026,30-038,429.4,promien_500m
1026,30-009,435.2,promien_500m
1026,30-007,461.1,promien_500m
1026,31-140,466.4,promien_500m
1026,30-079,472.4,promien_500m
1026,30-052,481.4,promien_500m
1026,31-261,484.1,promien_500m
1026,30-037,491.7,promien_500m
1026,30-529,492.7,promien_500m
1026,30-045,497.2,promien_500m
1027,30-049,0.0,promien_500m
1027,30-048,22.5,promien_500m
1027,30-046,44.6,promien_500m
1027,30-047,54.2,promien_500m
1027,30-045,100.6,promien_500m
1027,30-051,126.5,promien_500m
1027,30-052,181.5,promien_500m
1027,30-054,196.4,promien_500m
1027,30-040,197.2,promien_500m
1027,31-987,199.9,promien_500m
1027,31-045,208.2,promien_500m
1027,30-079,209.6,promien_500m
1027,30-033,224.6,promien_500m
1027,30-529,243.5,promien_500m
1027,30-039,257.5,promien_500m
1027,30-074,262.1,promien_500m
1027,30-057,289.2,promien_500m
1027,30-050,294.9,promien_500m
1027,31-120,309.7,promien_500m
1027,30-078,319.2,promien_500m
1027,30-042,329.3,promien_500m
1027,30-043,366.1,promien_500m
1027,31-159,383.5,promien_500m
1027,30-034,386.5,promien_500m
1027,30-035,390.9,promien_500m
1027,30-059,391.2,promien_500m
1027,30-037,395.2,promien_500m
1027,31-127,404.0,promien_500m
1027,30-038,423.6,promien_500m
1027,31-128,424.6,promien_500m
1027,30-081,430.4,promien_500m
1027,31-138,435.2,promien_500m
1027,31-137,482.6,promien_500m
1027,30-075,492.3,promien_500m
1027,30-055,494.8,promien_500m
1027,31-126,496.8,promien_500m
1028,30-019,0.0,promien_500m
1028,30-021,49.0,promien_500m
1028,30-014,54.9,promien_500m
1028,30-035,87.1,promien_500m
1028,30-023,128.7,promien_500m
1028,30-020,128.8,promien_500m
1028,30-022,135.2,promien_500m
1028,30-043,151.2,promien_500m
1028,30-011,161.1,promien_500m
1028,30-074,180.3,promien_500m
1028,30-042,184.8,promien_500m
1028,30-012,200.7,promien_500m
1028,30-075,233.2,promien_500m
1028,30-017,258.2,promien_500m
1028,30-015,321.1,promien_500m
1028,30-078,325.2,promien_500m
1028,30-033,329.6,promien_500m
1028,30-036,359.6,promien_500m
1028,30-010,378.8,promien_500m
1028,30-079,390.1,promien_500m
1028,30-034,391.0,promien_500m
1028,30-040,391.5,promien_500m
1028,30-006,408.0,promien_500m
1028,30-003,421.6,promien_500m
1028,30-016,421.6,promien_500m
1028,30-052,440.9,promien_500m
1028,30-039,452.5,promien_500m
1028,31-045,487.3,promien_500m
1028,30-076,498.5,promien_500m
1028,30-038,499.4,promien_500m
1029,30-023,0.0,promien_500m
1029,30-012,7.9,promien_500m
1029,30-019,38.7,promien_500m
1029,30-017,52.2,promien_500m
1029,30-022,61.7,promien_500m
1029,30-014,77.2,promien_500m
1029,30-075,79.8,promien_500m
1029,30-043,129.4,promien_500m
1029,30-074,171.3,promien_500m
1029,30-079,181.9,promien_500m
1029,30-011,188.7,promien_500m
1029,30-035,189.8,promien_500m
1029,30-021,205.1,promien_500m
1029,30-042,287.0,promien_500m
1029,30-078,288.1,promien_500m
1029,30-076,303.7,promien_500m
1029,30-020,332.3,promien_500m
1029,30-052,366.3,promien_500m
1029,30-040,401.1,promien_500m
1029,30-081,434.4,promien_500m
1029,30-053,479.0,promien_500m
1029,30-016,490.0,promien_500m
1030,30-012,0.0,promien_500m
1030,30-017,3.7,promien_500m
1030,30-023,26.8,promien_500m
1030,30-075,32.1,promien_500m
1030,30-043,73.9,promien_500m
1030,30-019,77.0,promien_500m
1030,30-014,110.7,promien_500m
1030,30-079,115.9,promien_500m
1030,30-022,117.1,promien_500m
1030,30-074,186.7,promien_500m
1030,30-035,225.0,promien_500m
1030,30-011,234.1,promien_500m
1030,30-076,241.3,promien_500m
1030,30-021,263.2,promien_500m
1030,30-078,291.2,promien_500m
1030,30-042,318.1,promien_500m
1030,30-052,349.9,promien_500m
1030,30-020,399.0,promien_500m
1030,30-081,403.7,promien_500m
1030,30-040,408.2,promien_500m
1030,30-053,430.2,promien_500m
1030,30-085,495.5,promien_500m
1031,30-014,0.0,promien_500m
1031,30-017,2.1,promien_500m
1031,30-075,5.7,promien_500m
1031,30-012,44.6,promien_500m
1031,30-011,67.0,promien_500m
1031,30-023,69.9,promien_500m
1031,30-079,116.6,promien_500m
1031,30-022,123.6,promien_500m
1031,30-019,163.3,promien_500m
1031,30-043,239.4,promien_500m
1031,30-074,355.0,promien_500m
1031,30-021,356.2,promien_500m
1031,30-076,366.5,promien_500m
1031,30-035,373.1,promien_500m
1031,30-016,409.2,promien_500m
1031,31-302,412.3,promien_500m
1031,30-020,420.8,promien_500m
1031,30-085,427.1,promien_500m
1031,31-158,427.8,promien_500m
1031,31-334,438.1,promien_500m
1031,30-078,468.5,promien_500m
1031,30-042,470.2,promien_500m
1032,30-014,0.0,promien_500m
1032,30-075,35.4,promien_500m
1032,30-022,37.3,promien_500m
1032,30-011,61.4,promien_500m
1032,30-023,75.1,promien_500m
1032,30-017,82.4,promien_500m
1032,30-012,84.4,promien_500m
1032,30-019,107.2,promien_500m
1032,30-079,202.9,promien_500m
1032,30-043,257.4,promien_500m
1032,30-021,285.5,promien_500m
1032,30-074,314.8,promien_500m
1032,30-035,320.3,promien_500m
1032,30-020,335.0,promien_500m
1032,30-016,357.4,promien_500m
1032,30-076,410.2,promien_500m
1032,30-042,415.3,promien_500m
1032,30-078,441.3,promien_500m
1032,30-010,451.9,promien_500m
1032,31-302,453.3,promien_500m
1032,31-334,485.9,promien_500m
1033,30-022,0.0,promien_500m
1033,30-014,21.0,promien_500m
1033,30-011,22.3,promien_500m
1033,30-019,75.7,promien_500m
1033,30-023,99.3,promien_500m
1033,30-075,102.9,promien_500m
1033,30-012,143.9,promien_500m
1033,30-017,153.0,promien_500m
1033,30-021,236.8,promien_500m
1033,30-020,263.4,promien_500m
1033,30-079,276.4,promien_500m
1033,30-035,281.8,promien_500m
1033,30-043,290.7,promien_500m
1033,30-074,295.6,promien_500m
1033,30-016,322.0,promien_500m
1033,30-042,374.3,promien_500m
1033,30-010,395.5,promien_500m
1033,30-015,428.8,promien_500m
1033,30-078,434.1,promien_500m
1033,30-076,456.4,promien_500m
1033,31-302,482.4,promien_500m
1034,30-014,0.0,promien_500m
1034,30-011,36.9,promien_500m
1034,30-022,47.9,promien_500m
1034,30-019,53.3,promien_500m
1034,30-023,136.2,promien_500m
1034,30-075,166.4,promien_500m
1034,30-020,191.9,promien_500m
1034,30-021,192.7,promien_500m
1034,30-012,200.3,promien_500m
1034,30-017,220.4,promien_500m
1034,30-035,234.4,promien_500m
1034,30-074,281.4,promien_500m
1034,30-043,297.7,promien_500m
1034,30-016,312.6,promien_500m
1034,30-042,330.4,promien_500m
1034,30-079,347.2,promien_500m
1034,30-010,352.1,promien_500m
1034,30-015,359.1,promien_500m
1034,30-078,426.6,promien_500m
1034,30-006,439.1,promien_500m
1034,30-033,440.8,promien_500m
1034,30-036,448.3,promien_500m
1034,30-009,492.0,promien_500m
1034,30-076,498.7,promien_500m
1035,30-014,0.0,promien_500m
1035,30-011,46.9,promien_500m
1035,30-020,54.1,promien_500m
1035,30-019,66.5,promien_500m
1035,30-015,181.7,promien_500m
1035,30-021,183.3,promien_500m
1035,30-035,204.5,promien_500m
1035,30-010,211.5,promien_500m
1035,30-022,218.1,promien_500m
1035,30-012,219.6,promien_500m
1035,30-043,254.6,promien_500m
1035,30-016,258.1,promien_500m
1035,30-006,263.3,promien_500m
1035,30-036,283.0,promien_500m
1035,30-033,287.9,promien_500m
1035,30-023,291.1,promien_500m
1035,30-042,320.5,promien_500m
1035,30-003,338.1,promien_500m
1035,30-075,340.1,promien_500m
1035,30-009,349.3,promien_500m
1035,30-074,350.3,promien_500m
1035,30-017,394.7,promien_500m
1035,30-034,428.5,promien_500m
1035,31-045,459.7,promien_500m
1035,30-078,491.4,promien_500m
1036,30-011,0.0,promien_500m
1036,30-012,3.1,promien_500m
1036,30-014,37.1,promien_500m
1036,30-017,66.9,promien_500m
1036,30-075,97.7,promien_500m
1036,30-022,137.5,promien_500m
1036,30-023,163.5,promien_500m
1036,30-079,174.3,promien_500m
1036,30-019,224.4,promien_500m
1036,30-016,326.8,promien_500m
1036,31-302,338.1,promien_500m
1036,30-043,338.4,promien_500m
1036,31-334,368.2,promien_500m
1036,30-021,400.3,promien_500m
1036,30-020,424.5,promien_500m
1036,30-010,428.6,promien_500m
1036,31-279,429.3,promien_500m
1036,30-074,431.0,promien_500m
1036,31-158,435.0,promien_500m
1036,30-035,438.0,promien_500m
1036,30-076,453.0,promien_500m
1036,30-085,459.6,promien_500m
1036,31-303,471.0,promien_500m
1036,31-045,494.3,promien_500m
1037,30-011,0.0,promien_500m
1037,30-014,30.8,promien_500m
1037,30-022,71.1,promien_500m
1037,30-012,105.1,promien_500m
1037,30-075,154.4,promien_500m
1037,30-019,165.6,promien_500m
1037,30-017,182.4,promien_500m
1037,30-023,183.0,promien_500m
1037,30-016,238.1,promien_500m
1037,30-079,293.1,promien_500m
1037,30-020,299.1,promien_500m
1037,30-021,318.6,promien_500m
1037,30-010,336.7,promien_500m
1037,30-035,362.3,promien_500m
1037,30-043,373.1,promien_500m
1037,30-074,389.3,promien_500m
1037,31-302,400.1,promien_500m
1037,30-015,434.7,promien_500m
1037,31-279,443.4,promien_500m
1037,31-334,455.1,promien_500m
1037,30-042,456.9,promien_500m
1037,31-261,492.3,promien_500m
1037,30-009,494.3,promien_500m
1037,31-045,495.5,promien_500m
1038,30-011,0.0,promien_500m
1038,30-014,65.3,promien_500m
1038,30-012,95.3,promien_500m
1038,30-022,108.2,promien_500m
1038,30-019,139.3,promien_500m
1038,30-016,204.7,promien_500m
1038,30-020,216.9,promien_500m
1038,30-075,230.2,promien_500m
1038,30-023,233.4,promien_500m
1038,30-010,260.5,promien_500m
1038,30-017,271.0,promien_500m
1038,30-021,284.3,promien_500m
1038,30-035,312.9,promien_500m
1038,30-015,337.1,promien_500m
1038,30-043,381.4,promien_500m
1038,30-079,387.1,promien_500m
1038,30-074,388.3,promien_500m
1038,30-006,405.1,promien_500m
1038,30-009,408.1,promien_500m
1038,30-042,420.5,promien_500m
1038,31-045,434.6,promien_500m
1038,30-036,456.1,promien_500m
1038,31-302,458.1,promien_500m
1038,30-033,462.2,promien_500m
1038,31-279,474.4,promien_500m
1039,30-011,0.0,promien_500m
1039,30-014,37.4,promien_500m
1039,30-020,111.9,promien_500m
1039,30-012,129.6,promien_500m
1039,30-019,147.0,promien_500m
1039,30-010,180.3,promien_500m
1039,30-016,192.1,promien_500m
1039,30-022,204.9,promien_500m
1039,30-015,224.3,promien_500m
1039,30-021,260.1,promien_500m
1039,30-035,284.5,promien_500m
1039,30-006,290.5,promien_500m
1039,30-023,306.4,promien_500m
1039,30-009,321.3,promien_500m
1039,30-075,331.7,promien_500m
1039,30-043,342.8,promien_500m
1039,30-036,352.7,promien_500m
1039,30-033,366.6,promien_500m
1039,30-017,378.7,promien_500m
1039,31-045,389.0,promien_500m
1039,30-042,400.5,promien_500m
1039,30-003,402.3,promien_500m
1039,30-074,409.3,promien_500m
1039,30-079,497.3,promien_500m
1040,30-015,0.0,promien_500m
1040,30-006,30.9,promien_500m
1040,30-010,40.3,promien_500m
1040,30-011,49.1,promien_500m
1040,30-019,53.8,promien_500m
1040,30-020,107.9,promien_500m
1040,30-009,111.0,promien_500m
1040,30-003,113.6,promien_500m
1040,30-036,131.3,promien_500m
1040,30-033,171.1,promien_500m
1040,30-014,187.2,promien_500m
1040,30-035,241.8,promien_500m
1040,30-018,283.5,promien_500m
1040,31-261,290.2,promien_500m
1040,30-016,303.9,promien_500m
1040,30-007,311.4,promien_500m
1040,31-159,341.5,promien_500m
1040,30-034,349.7,promien_500m
1040,31-158,350.2,promien_500m
1040,30-043,357.7,promien_500m
1040,30-021,372.4,promien_500m
1040,30-002,373.5,promien_500m
1040,30-004,383.6,promien_500m
1040,31-145,390.9,promien_500m
1040,30-012,394.8,promien_500m
1040,31-045,404.7,promien_500m
1040,31-139,419.3,promien_500m
1040,31-146,431.0,promien_500m
1040,31-140,434.6,promien_500m
1040,30-038,439.9,promien_500m
1040,30-042,447.1,promien_500m
1040,30-037,447.5,promien_500m
1040,31-160,451.4,promien_500m
1040,31-162,467.4,promien_500m
1040,30-022,483.2,promien_500m
1040,30-074,498.5,promien_500m
1041,30-015,0.0,promien_500m
1041,30-006,15.9,promien_500m
1041,30-010,24.3,promien_500m
1041,30-011,40.1,promien_500m
1041,30-019,65.2,promien_500m
1041,30-009,101.1,promien_500m
1041,30-020,111.2,promien_500m
1041,30-003,120.7,promien_500m
1041,30-036,147.9,promien_500m
1041,30-033,187.7,promien_500m
1041,30-014,189.6,promien_500m
1041,30-035,258.3,promien_500m
1041,30-018,288.7,promien_500m
1041,30-016,291.1,promien_500m
1041,31-261,302.3,promien_500m
1041,30-007,325.3,promien_500m
1041,31-159,349.6,promien_500m
1041,31-158,360.1,promien_500m
1041,30-002,365.2,promien_500m
1041,30-034,366.3,promien_500m
1041,30-043,370.2,promien_500m
1041,30-021,381.5,promien_500m
1041,30-004,383.2,promien_500m
1041,30-012,386.9,promien_500m
1041,31-145,396.0,promien_500m
1041,31-045,421.2,promien_500m
1041,31-139,431.3,promien_500m
1041,31-146,432.2,promien_500m
1041,31-140,450.8,promien_500m
1041,30-038,456.2,promien_500m
1041,31-160,458.4,promien_500m
1041,30-042,460.3,promien_500m
1041,30-037,463.6,promien_500m
1041,31-162,478.7,promien_500m
1041,30-022,485.2,promien_500m
1042,30-003,0.0,promien_500m
1042,30-018,33.4,promien_500m
1042,30-004,70.0,promien_500m
1042,30-006,75.5,promien_500m
1042,31-159,77.3,promien_500m
1042,30-015,107.3,promien_500m
1042,31-146,113.6,promien_500m
1042,31-145,114.0,promien_500m
1042,30-002,132.3,promien_500m
1042,30-019,136.5,promien_500m
1042,31-158,154.4,promien_500m
1042,30-009,160.3,promien_500m
1042,31-160,192.8,promien_500m
1042,31-147,194.7,promien_500m
1042,30-036,214.2,promien_500m
1042,30-007,218.2,promien_500m
1042,31-261,219.4,promien_500m
1042,30-010,247.9,promien_500m
1042,31-162,269.8,promien_500m
1042,31-139,271.0,promien_500m
1042,31-148,274.9,promien_500m
1042,30-035,306.2,promien_500m
1042,31-161,310.8,promien_500m
1042,31-155,336.2,promien_500m
1042,30-033,337.9,promien_500m
1042,31-153,339.5,promien_500m
1042,30-011,356.9,promien_500m
1042,31-140,371.7,promien_500m
1042,31-141,371.8,promien_500m
1042,30-034,380.3,promien_500m
1042,30-001,388.1,promien_500m
1042,31-142,392.1,promien_500m
1042,31-136,412.1,promien_500m
1042,30-020,424.1,promien_500m
1042,30-037,450.8,promien_500m
1042,31-152,454.4,promien_500m
1042,31-137,465.7,promien_500m
1042,31-045,469.7,promien_500m
1042,30-038,473.0,promien_500m
1043,30-003,0.0,promien_500m
1043,30-018,36.3,promien_500m
1043,30-006,68.6,promien_500m
1043,30-015,77.2,promien_500m
1043,30-004,99.4,promien_500m
1043,31-159,101.8,promien_500m
1043,30-019,127.1,promien_500m
1043,31-145,133.4,promien_500m
1043,30-009,139.7,promien_500m
1043,31-146,143.7,promien_500m
1043,30-002,157.9,promien_500m
1043,31-158,168.9,promien_500m
1043,30-036,206.9,promien_500m
1043,31-261,210.1,promien_500m
1043,31-160,211.3,promien_500m
1043,30-007,212.7,promien_500m
1043,30-010,219.1,promien_500m
1043,31-147,224.7,promien_500m
1043,31-139,274.8,promien_500m
1043,31-162,285.4,promien_500m
1043,30-035,295.0,promien_500m
1043,31-148,304.5,promien_500m
1043,30-033,315.4,promien_500m
1043,30-011,326.9,promien_500m
1043,31-161,337.0,promien_500m
1043,31-155,363.6,promien_500m
1043,31-153,368.9,promien_500m
1043,30-034,369.0,promien_500m
1043,31-140,375.0,promien_500m
1043,30-020,394.1,promien_500m
1043,31-141,394.3,promien_500m
1043,30-001,408.7,promien_500m
1043,31-142,414.1,promien_500m
1043,31-136,433.2,promien_500m
1043,30-037,443.7,promien_500m
1043,31-045,456.6,promien_500m
1043,30-038,461.7,promien_500m
1043,31-137,472.9,promien_500m
1043,30-014,473.4,promien_500m
1043,31-152,483.3,promien_500m
1045,30-003,0.0,promien_500m
1045,30-019,34.0,promien_500m
1045,30-015,67.1,promien_500m
1045,30-036,69.8,promien_500m
1045,30-018,105.6,promien_500m
1045,31-261,107.1,promien_500m
1045,30-007,140.7,promien_500m
1045,30-033,141.4,promien_500m
1045,30-006,154.1,promien_500m
1045,31-159,157.0,promien_500m
1045,31-158,163.3,promien_500m
1045,30-035,167.5,promien_500m
1045,30-009,191.8,promien_500m
1045,30-010,197.6,promien_500m
1045,31-145,220.5,promien_500m
1045,30-034,232.5,promien_500m
1045,31-139,234.9,promien_500m
1045,30-011,236.2,promien_500m
1045,30-004,255.6,promien_500m
1045,30-020,256.6,promien_500m
1045,31-160,274.2,promien_500m
1045,31-162,281.1,promien_500m
1045,31-146,289.0,promien_500m
1045,31-045,302.5,promien_500m
1045,31-140,310.4,promien_500m
1045,30-037,316.2,promien_500m
1045,30-038,319.5,promien_500m
1045,30-002,330.1,promien_500m
1045,30-014,347.0,promien_500m
1045,31-147,367.5,promien_500m
1045,30-043,385.1,promien_500m
1045,31-161,399.7,promien_500m
1045,31-137,418.4,promien_500m
1045,31-138,428.2,promien_500m
1045,31-148,435.1,promien_500m
1045,30-074,440.5,promien_500m
1045,30-078,445.8,promien_500m
1045,31-141,452.4,promien_500m
1045,30-039,459.4,promien_500m
1045,30-021,469.4,promien_500m
1045,31-142,469.5,promien_500m
1045,30-042,474.3,promien_500m
1045,31-136,480.2,promien_500m
1045,31-153,480.8,promien_500m
1045,30-016,488.1,promien_500m
1046,30-015,0.0,promien_500m
1046,30-019,25.8,promien_500m
1046,30-003,45.0,promien_500m
1046,30-006,52.8,promien_500m
1046,30-036,87.2,promien_500m
1046,30-010,106.1,promien_500m
1046,30-009,118.3,promien_500m
1046,30-011,121.7,promien_500m
1046,30-033,135.7,promien_500m
1046,30-020,166.9,promien_500m
1046,30-035,197.3,promien_500m
1046,30-018,213.0,promien_500m
1046,31-261,218.6,promien_500m
1046,30-007,243.8,promien_500m
1046,30-014,245.7,promien_500m
1046,31-159,269.4,promien_500m
1046,31-158,277.5,promien_500m
1046,30-034,303.2,promien_500m
1046,31-145,323.1,promien_500m
1046,30-004,330.3,promien_500m
1046,31-139,347.6,promien_500m
1046,30-002,349.1,promien_500m
1046,31-045,358.3,promien_500m
1046,30-043,363.3,promien_500m
1046,31-146,372.7,promien_500m
1046,30-016,374.8,promien_500m
1046,31-160,380.9,promien_500m
1046,31-140,381.6,promien_500m
1046,30-038,388.2,promien_500m
1046,30-037,392.4,promien_500m
1046,31-162,395.1,promien_500m
1046,30-021,404.2,promien_500m
1046,31-147,450.4,promien_500m
1046,30-042,452.4,promien_500m
1046,30-012,467.1,promien_500m
1046,30-074,469.7,promien_500m
1046,30-078,473.5,promien_500m
1047,30-015,0.0,promien_500m
1047,30-003,24.7,promien_500m
1047,30-006,28.4,promien_500m
1047,30-009,66.2,promien_500m
1047,30-010,76.1,promien_500m
1047,30-019,99.2,promien_500m
1047,30-018,158.6,promien_500m
1047,30-036,174.9,promien_500m
1047,30-011,176.8,promien_500m
1047,30-033,229.1,promien_500m
1047,31-261,234.6,promien_500m
1047,31-159,235.5,promien_500m
1047,30-004,243.7,promien_500m
1047,30-002,246.9,promien_500m
1047,30-020,248.7,promien_500m
1047,30-007,260.4,promien_500m
1047,31-158,266.3,promien_500m
1047,31-145,269.3,promien_500m
1047,30-035,279.1,promien_500m
1047,31-146,293.8,promien_500m
1047,30-014,328.0,promien_500m
1047,31-160,339.4,promien_500m
1047,31-139,351.4,promien_500m
1047,30-034,366.9,promien_500m
1047,31-147,375.4,promien_500m
1047,31-162,392.7,promien_500m
1047,30-016,395.6,promien_500m
1047,31-045,430.5,promien_500m
1047,31-140,441.2,promien_500m
1047,30-037,450.2,promien_500m
1047,30-038,451.9,promien_500m
1047,31-148,455.1,promien_500m
1047,30-043,464.4,promien_500m
1047,31-161,481.0,promien_500m
1047,31-155,497.7,promien_500m
1050,30-003,0.0,promien_500m
1050,30-006,13.8,promien_500m
1050,30-015,31.8,promien_500m
1050,30-009,45.1,promien_500m
1050,30-010,102.6,promien_500m
1050,30-018,143.9,promien_500m
1050,30-019,154.9,promien_500m
1050,30-002,187.8,promien_500m
1050,30-004,201.0,promien_500m
1050,31-159,223.0,promien_500m
1050,30-011,224.1,promien_500m
1050,30-036,231.7,promien_500m
1050,31-145,253.0,promien_500m
1050,31-146,256.6,promien_500m
1050,31-261,263.3,promien_500m
1050,31-158,278.6,promien_500m
1050,30-007,282.0,promien_500m
1050,30-033,286.5,promien_500m
1050,30-020,301.3,promien_500m
1050,31-160,328.9,promien_500m
1050,30-035,332.4,promien_500m
1050,31-147,339.3,promien_500m
1050,31-139,365.2,promien_500m
1050,30-014,379.6,promien_500m
1050,31-162,398.0,promien_500m
1050,30-034,407.4,promien_500m
1050,30-016,416.2,promien_500m
1050,31-148,418.8,promien_500m
1050,31-155,443.2,promien_500m
1050,30-001,446.5,promien_500m
1050,31-161,458.8,promien_500m
1050,31-140,460.5,promien_500m
1050,31-045,478.1,promien_500m
1050,31-153,486.6,promien_500m
1050,30-037,491.3,promien_500m
1050,30-038,495.6,promien_500m
1051,30-003,0.0,promien_500m
1051,30-006,3.4,promien_500m
1051,30-009,22.6,promien_500m
1051,30-015,72.0,promien_500m
1051,30-010,133.9,promien_500m
1051,30-002,146.9,promien_500m
1051,30-018,148.2,promien_500m
1051,30-004,177.6,promien_500m
1051,30-019,195.2,promien_500m
1051,31-159,213.3,promien_500m
1051,31-146,236.8,promien_500m
1051,31-145,250.1,promien_500m
1051,30-011,259.7,promien_500m
1051,30-036,272.0,promien_500m
1051,31-158,285.4,promien_500m
1051,31-261,289.4,promien_500m
1051,30-007,303.6,promien_500m
1051,31-147,312.6,promien_500m
1051,30-033,327.1,promien_500m
1051,31-160,328.4,promien_500m
1051,30-020,339.0,promien_500m
1051,30-035,368.2,promien_500m
1051,31-139,380.6,promien_500m
1051,31-148,386.7,promien_500m
1051,31-162,401.9,promien_500m
1051,30-001,405.6,promien_500m
1051,31-155,405.6,promien_500m
1051,30-014,415.3,promien_500m
1051,30-016,430.6,promien_500m
1051,30-034,438.5,promien_500m
1051,31-161,448.1,promien_500m
1051,31-153,467.5,promien_500m
1051,31-045,476.2,promien_500m
1051,31-140,478.4,promien_500m
1052,30-003,0.0,promien_500m
1052,30-006,18.5,promien_500m
1052,30-002,31.1,promien_500m
1052,30-004,88.0,promien_500m
1052,30-018,144.9,promien_500m
1052,31-159,147.4,promien_500m
1052,31-145,149.4,promien_500m
1052,31-146,149.8,promien_500m
1052,30-009,154.6,promien_500m
1052,31-147,185.3,promien_500m
1052,30-015,191.0,promien_500m
1052,31-148,245.2,promien_500m
1052,31-155,258.2,promien_500m
1052,30-019,269.7,promien_500m
1052,30-001,269.8,promien_500m
1052,31-158,271.5,promien_500m
1052,30-010,278.8,promien_500m
1052,31-160,282.1,promien_500m
1052,30-036,348.1,promien_500m
1052,30-007,351.9,promien_500m
1052,31-261,352.9,promien_500m
1052,31-153,354.0,promien_500m
1052,31-161,369.5,promien_500m
1052,31-162,377.9,promien_500m
1052,31-139,399.8,promien_500m
1052,30-011,407.3,promien_500m
1052,31-152,437.9,promien_500m
1052,30-035,439.0,promien_500m
1052,31-141,450.1,promien_500m
1052,30-033,450.9,promien_500m
1052,31-142,471.8,promien_500m
1052,30-020,486.2,promien_500m
1052,31-403,494.9,promien_500m
1052,31-136,495.7,promien_500m
1054,30-002,0.0,promien_500m
1054,30-003,36.7,promien_500m
1054,30-006,100.5,promien_500m
1054,30-004,113.7,promien_500m
1054,31-147,157.0,promien_500m
1054,31-155,161.7,promien_500m
1054,31-145,163.7,promien_500m
1054,30-001,167.7,promien_500m
1054,31-148,185.9,promien_500m
1054,31-146,186.5,promien_500m
1054,31-159,192.9,promien_500m
1054,30-018,215.1,promien_500m
1054,30-009,238.9,promien_500m
1054,30-015,293.7,promien_500m
1054,31-160,323.5,promien_500m
1054,31-153,332.1,promien_500m
1054,31-158,337.4,promien_500m
1054,30-019,361.7,promien_500m
1054,30-010,367.2,promien_500m
1054,31-161,384.2,promien_500m
1054,31-152,385.2,promien_500m
1054,31-403,394.3,promien_500m
1054,31-162,431.4,promien_500m
1054,30-007,436.4,promien_500m
1054,30-036,437.3,promien_500m
1054,31-261,443.8,promien_500m
1054,31-202,463.6,promien_500m
1054,31-141,473.3,promien_500m
1054,31-139,474.2,promien_500m
1054,31-142,495.4,promien_500m
1054,30-011,498.1,promien_500m
1056,30-003,0.0,promien_500m
1056,30-002,23.2,promien_500m
1056,30-004,45.6,promien_500m
1056,30-006,72.5,promien_500m
1056,31-145,105.2,promien_500m
1056,31-146,116.3,promien_500m
1056,31-159,118.2,promien_500m
1056,31-147,132.8,promien_500m
1056,30-018,133.4,promien_500m
1056,31-148,192.0,promien_500m
1056,30-009,206.0,promien_500m
1056,31-155,212.8,promien_500m
1056,30-015,226.3,promien_500m
1056,30-001,242.8,promien_500m
1056,31-160,252.4,promien_500m
1056,31-158,258.0,promien_500m
1056,30-019,280.9,promien_500m
1056,31-153,302.8,promien_500m
1056,31-161,328.5,promien_500m
1056,30-010,330.3,promien_500m
1056,30-007,354.4,promien_500m
1056,30-036,355.6,promien_500m
1056,31-162,356.1,promien_500m
1056,31-261,362.5,promien_500m
1056,31-152,384.0,promien_500m
1056,31-139,393.0,promien_500m
1056,31-141,413.7,promien_500m
1056,31-142,435.5,promien_500m
1056,30-035,450.0,promien_500m
1056,30-011,455.2,promien_500m
1056,31-136,460.5,promien_500m
1056,31-403,472.9,promien_500m
1056,30-033,481.4,promien_500m
1056,31-140,491.2,promien_500m
1057,30-003,0.0,promien_500m
1057,30-015,42.6,promien_500m
1057,30-018,43.5,promien_500m
1057,30-006,82.0,promien_500m
1057,30-019,108.9,promien_500m
1057,31-159,123.2,promien_500m
1057,30-009,132.1,promien_500m
1057,30-004,140.3,promien_500m
1057,31-145,154.6,promien_500m
1057,30-036,181.5,promien_500m
1057,31-158,181.8,promien_500m
1057,31-146,183.0,promien_500m
1057,31-261,187.2,promien_500m
1057,30-010,189.1,promien_500m
1057,30-007,195.6,promien_500m
1057,30-002,199.2,promien_500m
1057,31-160,228.5,promien_500m
1057,31-147,262.3,promien_500m
1057,30-035,269.6,promien_500m
1057,31-139,269.6,promien_500m
1057,30-033,276.5,promien_500m
1057,30-011,289.9,promien_500m
1057,31-162,296.7,promien_500m
1057,31-148,340.3,promien_500m
1057,30-034,342.7,promien_500m
1057,30-020,354.7,promien_500m
1057,31-161,365.0,promien_500m
1057,31-140,367.8,promien_500m
1057,31-153,404.0,promien_500m
1057,31-155,405.1,promien_500m
1057,31-141,415.3,promien_500m
1057,30-037,422.0,promien_500m
1057,31-045,426.3,promien_500m
1057,30-014,433.7,promien_500m
1057,31-142,434.3,promien_500m
1057,30-038,434.8,promien_500m
1057,30-001,446.4,promien_500m
1057,31-136,451.6,promien_500m
1057,31-137,470.2,promien_500m
1058,30-003,0.0,promien_500m
1058,30-004,23.4,promien_500m
1058,30-018,23.4,promien_500m
1058,31-159,40.9,promien_500m
1058,31-146,67.5,promien_500m
1058,31-145,84.1,promien_500m
1058,30-006,91.8,promien_500m
1058,30-002,93.1,promien_500m
1058,31-158,148.3,promien_500m
1058,31-147,149.7,promien_500m
1058,30-015,153.6,promien_500m
1058,30-019,166.2,promien_500m
1058,31-160,171.0,promien_500m
1058,30-009,193.4,promien_500m
1058,31-148,231.3,promien_500m
1058,30-007,236.5,promien_500m
1058,30-036,238.4,promien_500m
1058,31-261,246.0,promien_500m
1058,31-162,257.1,promien_500m
1058,31-161,275.8,promien_500m
1058,31-139,278.1,promien_500m
1058,30-010,291.3,promien_500m
1058,31-155,291.8,promien_500m
1058,31-153,296.4,promien_500m
1058,30-035,333.6,promien_500m
1058,31-141,344.4,promien_500m
1058,30-001,353.2,promien_500m
1058,31-142,365.4,promien_500m
1058,31-140,377.6,promien_500m
1058,30-033,378.3,promien_500m
1058,31-136,387.2,promien_500m
1058,30-011,402.9,promien_500m
1058,30-034,407.1,promien_500m
1058,31-152,410.2,promien_500m
1058,31-137,464.6,promien_500m
1058,30-020,470.8,promien_500m
1058,30-037,471.5,promien_500m
1058,30-139,486.8,promien_500m
1058,31-045,496.2,promien_500m
1058,30-038,499.3,promien_500m
1060,30-003,0.0,promien_500m
1060,30-004,26.6,promien_500m
1060,30-002,30.5,promien_500m
1060,30-006,70.1,promien_500m
1060,31-145,87.9,promien_500m
1060,31-159,90.2,promien_500m
1060,31-146,90.4,promien_500m
1060,30-018,99.5,promien_500m
1060,31-147,130.6,promien_500m
1060,30-009,196.7,promien_500m
1060,30-015,202.0,promien_500m
1060,31-148,203.8,promien_500m
1060,31-160,224.5,promien_500m
1060,31-158,225.2,promien_500m
1060,31-155,233.5,promien_500m
1060,30-019,247.7,promien_500m
1060,30-001,273.8,promien_500m
1060,31-153,295.7,promien_500m
1060,31-161,308.2,promien_500m
1060,30-010,316.4,promien_500m
1060,30-007,320.2,promien_500m
1060,30-036,321.7,promien_500m
1060,31-162,325.3,promien_500m
1060,31-261,328.9,promien_500m
1060,31-139,359.2,promien_500m
1060,31-152,386.8,promien_500m
1060,31-141,390.0,promien_500m
1060,31-142,411.7,promien_500m
1060,30-035,416.4,promien_500m
1060,31-136,436.0,promien_500m
1060,30-011,438.8,promien_500m
1060,30-033,451.7,promien_500m
1060,31-140,457.6,promien_500m
1060,30-034,490.1,promien_500m
1062,30-052,0.0,promien_500m
1062,30-045,6.9,promien_500m
1062,30-079,8.9,promien_500m
1062,30-040,33.0,promien_500m
1062,30-057,46.0,promien_500m
1062,30-081,62.5,promien_500m
1062,30-048,115.8,promien_500m
1062,30-074,130.1,promien_500m
1062,30-051,148.1,promien_500m
1062,30-078,148.1,promien_500m
1062,30-054,192.0,promien_500m
1062,30-075,204.0,promien_500m
1062,30-053,215.3,promien_500m
1062,31-987,231.3,promien_500m
1062,30-042,257.5,promien_500m
1062,30-069,264.6,promien_500m
1062,30-046,291.4,promien_500m
1062,30-049,319.0,promien_500m
1062,30-058,323.8,promien_500m
1062,30-076,338.8,promien_500m
1062,30-082,370.3,promien_500m
1062,30-043,381.9,promien_500m
1062,30-012,382.7,promien_500m
1062,30-056,391.6,promien_500m
1062,30-019,396.0,promien_500m
1062,30-017,397.6,promien_500m
1062,30-035,410.8,promien_500m
1062,31-045,411.4,promien_500m
1062,30-080,415.8,promien_500m
1062,30-023,420.9,promien_500m
1062,30-047,424.1,promien_500m
1062,30-039,436.7,promien_500m
1062,30-072,440.8,promien_500m
1062,30-071,450.3,promien_500m
1062,30-529,453.4,promien_500m
1062,30-021,460.2,promien_500m
1064,31-159,0.0,promien_500m
1064,30-038,14.3,promien_500m
1064,31-138,17.8,promien_500m
1064,30-037,18.2,promien_500m
1064,30-033,81.0,promien_500m
1064,31-140,91.4,promien_500m
1064,31-137,119.0,promien_500m
1064,30-007,127.8,promien_500m
1064,31-045,132.6,promien_500m
1064,31-128,138.5,promien_500m
1064,30-034,143.4,promien_500m
1064,30-039,152.5,promien_500m
1064,31-120,170.9,promien_500m
1064,31-139,176.8,promien_500m
1064,30-035,189.0,promien_500m
1064,31-136,195.9,promien_500m
1064,30-045,199.7,promien_500m
1064,30-074,201.5,promien_500m
1064,31-130,212.1,promien_500m
1064,30-078,226.4,promien_500m
1064,31-127,241.2,promien_500m
1064,30-015,254.1,promien_500m
1064,30-036,266.3,promien_500m
1064,31-162,270.9,promien_500m
1064,30-047,271.8,promien_500m
1064,30-529,272.7,promien_500m
1064,30-046,279.4,promien_500m
1064,30-040,288.6,promien_500m
1064,30-043,297.7,promien_500m
1064,31-261,315.6,promien_500m
1064,31-126,316.1,promien_500m
1064,31-158,321.5,promien_500m
1064,30-048,334.2,promien_500m
1064,31-161,350.7,promien_500m
1064,31-135,351.4,promien_500m
1064,30-019,358.6,promien_500m
1064,30-018,359.3,promien_500m
1064,30-139,388.1,promien_500m
1064,31-131,394.9,promien_500m
1064,30-042,395.3,promien_500m
1064,30-003,398.9,promien_500m
1064,31-142,429.2,promien_500m
1064,31-160,462.6,promien_500m
1064,30-049,463.3,promien_500m
1064,31-145,464.2,promien_500m
1065,30-019,0.0,promien_500m
1065,30-020,11.8,promien_500m
1065,30-014,93.4,promien_500m
1065,30-035,112.1,promien_500m
1065,30-015,131.7,promien_500m
1065,30-011,134.3,promien_500m
1065,30-033,144.7,promien_500m
1065,30-043,150.2,promien_500m
1065,30-021,158.8,promien_500m
1065,30-036,160.0,promien_500m
1065,30-010,211.9,promien_500m
1065,30-003,221.1,promien_500m
1065,30-006,236.6,promien_500m
1065,30-042,243.6,promien_500m
1065,30-034,279.2,promien_500m
1065,30-023,316.7,promien_500m
1065,30-022,317.9,promien_500m
1065,30-074,326.0,promien_500m
1065,30-009,326.7,promien_500m
1065,31-045,345.2,promien_500m
1065,30-016,368.1,promien_500m
1065,30-012,368.8,promien_500m
1065,30-007,368.9,promien_500m
1065,30-078,370.8,promien_500m
1065,31-261,379.1,promien_500m
1065,30-038,380.3,promien_500m
1065,31-140,396.8,promien_500m
1065,30-039,400.1,promien_500m
1065,30-075,404.9,promien_500m
1065,30-018,415.3,promien_500m
1065,30-037,418.6,promien_500m
1065,31-159,426.7,promien_500m
1065,30-040,443.8,promien_500m
1065,31-158,449.6,promien_500m
1065,30-017,452.5,promien_500m
1065,31-139,476.7,promien_500m
1065,30-045,488.0,promien_500m
1065,31-138,493.0,promien_500m
1065,30-529,498.0,promien_500m
1066,30-052,0.0,promien_500m
1066,30-045,42.0,promien_500m
1066,30-057,50.7,promien_500m
1066,30-054,94.4,promien_500m
1066,31-987,105.1,promien_500m
1066,30-079,115.0,promien_500m
1066,30-051,117.2,promien_500m
1066,30-048,124.1,promien_500m
1066,30-040,166.4,promien_500m
1066,30-081,184.8,promien_500m
1066,30-053,208.4,promien_500m
1066,30-058,246.0,promien_500m
1066,30-069,259.8,promien_500m
1066,30-074,260.7,promien_500m
1066,30-049,274.4,promien_500m
1066,30-078,281.1,promien_500m
1066,30-046,290.7,promien_500m
1066,30-056,292.2,promien_500m
1066,30-072,328.2,promien_500m
1066,30-075,339.1,promien_500m
1066,30-042,374.5,promien_500m
1066,30-047,380.9,promien_500m
1066,30-071,381.0,promien_500m
1066,30-055,383.5,promien_500m
1066,30-080,387.6,promien_500m
1066,30-076,426.9,promien_500m
1066,30-082,433.1,promien_500m
1066,30-050,441.4,promien_500m
1066,31-045,450.7,promien_500m
1066,30-039,474.9,promien_500m
1066,30-529,485.4,promien_500m
1066,30-043,495.2,promien_500m
1067,30-045,0.0,promien_500m
1067,30-046,21.1,promien_500m
1067,30-033,39.0,promien_500m
1067,30-048,47.5,promien_500m
1067,30-047,73.4,promien_500m
1067,30-529,91.6,promien_500m
1067,30-040,91.9,promien_500m
1067,30-039,108.2,promien_500m
1067,30-074,146.2,promien_500m
1067,30-049,151.9,promien_500m
1067,31-120,167.5,promien_500m
1067,30-078,176.3,promien_500m
1067,30-037,208.8,promien_500m
1067,31-159,212.9,promien_500m
1067,30-034,219.1,promien_500m
1067,30-038,237.9,promien_500m
1067,30-035,246.3,promien_500m
1067,31-138,247.3,promien_500m
1067,30-043,255.4,promien_500m
1067,31-128,255.7,promien_500m
1067,30-042,262.2,promien_500m
1067,30-079,268.3,promien_500m
1067,31-127,299.4,promien_500m
1067,30-051,304.5,promien_500m
1067,31-137,309.7,promien_500m
1067,31-045,317.2,promien_500m
1067,30-052,338.1,promien_500m
1067,31-140,352.4,promien_500m
1067,30-054,372.7,promien_500m
1067,31-987,384.1,promien_500m
1067,31-126,384.8,promien_500m
1067,31-130,390.2,promien_500m
1067,30-007,391.6,promien_500m
1067,31-136,427.3,promien_500m
1067,30-050,436.9,promien_500m
1067,30-036,472.9,promien_500m
1067,30-057,477.0,promien_500m
1067,30-059,477.2,promien_500m
1067,31-139,483.9,promien_500m
1067,30-015,485.3,promien_500m
1067,30-019,498.6,promien_500m
1068,30-033,0.0,promien_500m
1068,30-046,30.8,promien_500m
1068,30-045,33.6,promien_500m
1068,30-039,51.3,promien_500m
1068,30-047,77.4,promien_500m
1068,30-048,87.0,promien_500m
1068,31-120,103.8,promien_500m
1068,30-529,114.7,promien_500m
1068,30-040,116.4,promien_500m
1068,30-037,138.8,promien_500m
1068,31-159,140.7,promien_500m
1068,30-078,167.6,promien_500m
1068,30-074,175.7,promien_500m
1068,30-038,177.5,promien_500m
1068,31-128,183.6,promien_500m
1068,31-138,186.3,promien_500m
1068,30-034,190.5,promien_500m
1068,30-049,214.1,promien_500m
1068,31-127,235.7,promien_500m
1068,31-137,236.2,promien_500m
1068,30-035,241.0,promien_500m
1068,30-043,266.0,promien_500m
1068,31-045,284.4,promien_500m
1068,30-079,290.2,promien_500m
1068,30-042,294.9,promien_500m
1068,31-140,297.8,promien_500m
1068,31-130,318.3,promien_500m
1068,31-126,330.1,promien_500m
1068,30-007,342.3,promien_500m
1068,31-136,353.8,promien_500m
1068,30-051,376.4,promien_500m
1068,30-054,395.6,promien_500m
1068,30-052,411.6,promien_500m
1068,31-139,422.7,promien_500m
1068,30-036,439.0,promien_500m
1068,31-135,442.1,promien_500m
1068,30-015,444.5,promien_500m
1068,31-987,455.6,promien_500m
1068,31-131,464.9,promien_500m
1068,30-059,466.2,promien_500m
1068,30-050,480.5,promien_500m
1068,30-019,483.5,promien_500m
1069,30-045,0.0,promien_500m
1069,30-048,1.3,promien_500m
1069,30-040,14.4,promien_500m
1069,30-074,77.8,promien_500m
1069,30-051,109.3,promien_500m
1069,30-052,117.4,promien_500m
1069,30-078,120.4,promien_500m
1069,30-046,148.4,promien_500m
1069,30-079,152.2,promien_500m
1069,30-042,185.5,promien_500m
1069,30-081,187.7,promien_500m
1069,30-054,187.9,promien_500m
1069,30-057,193.0,promien_500m
1069,30-049,201.0,promien_500m
1069,30-075,227.9,promien_500m
1069,31-987,242.8,promien_500m
1069,30-043,285.6,promien_500m
1069,30-039,288.8,promien_500m
1069,30-529,305.5,promien_500m
1069,30-047,311.2,promien_500m
1069,30-035,347.0,promien_500m
1069,30-053,363.2,promien_500m
1069,30-019,371.0,promien_500m
1069,30-033,378.6,promien_500m
1069,30-021,378.8,promien_500m
1069,30-023,381.7,promien_500m
1069,30-012,397.5,promien_500m
1069,30-034,410.7,promien_500m
1069,30-069,411.1,promien_500m
1069,30-017,427.0,promien_500m
1069,30-076,429.0,promien_500m
1069,30-058,452.3,promien_500m
1069,31-045,461.6,promien_500m
1069,30-038,496.6,promien_500m
1070,30-040,0.0,promien_500m
1070,30-045,11.6,promien_500m
1070,30-052,30.6,promien_500m
1070,30-079,36.3,promien_500m
1070,30-081,66.8,promien_500m
1070,30-074,87.0,promien_500m
1070,30-057,91.4,promien_500m
1070,30-048,101.5,promien_500m
1070,30-078,102.8,promien_500m
1070,30-051,159.4,promien_500m
1070,30-075,164.3,promien_500m
1070,30-042,207.6,promien_500m
1070,30-054,220.2,promien_500m
1070,30-053,244.5,promien_500m
1070,31-987,263.0,promien_500m
1070,30-046,269.3,promien_500m
1070,30-069,305.1,promien_500m
1070,30-049,311.4,promien_500m
1070,30-076,324.7,promien_500m
1070,30-043,332.0,promien_500m
1070,30-012,343.6,promien_500m
1070,30-019,349.8,promien_500m
1070,30-035,361.3,promien_500m
1070,30-017,364.1,promien_500m
1070,30-058,372.4,promien_500m
1070,30-023,373.1,promien_500m
1070,30-082,385.0,promien_500m
1070,30-039,404.7,promien_500m
1070,30-021,410.3,promien_500m
1070,30-047,420.1,promien_500m
1070,30-529,423.1,promien_500m
1070,31-045,433.3,promien_500m
1070,30-056,441.5,promien_500m
1070,30-080,457.9,promien_500m
1070,30-072,490.5,promien_500m
1070,30-071,498.2,promien_500m
1070,30-033,499.6,promien_500m
1071,30-017,0.0,promien_500m
1071,30-011,17.4,promien_500m
1071,30-012,87.3,promien_500m
1071,30-079,157.0,promien_500m
1071,30-014,159.1,promien_500m
1071,30-023,200.0,promien_500m
1071,31-302,209.9,promien_500m
1071,30-075,211.4,promien_500m
1071,31-334,232.7,promien_500m
1071,30-022,277.9,promien_500m
1071,31-158,319.4,promien_500m
1071,31-303,330.9,promien_500m
1071,30-016,337.6,promien_500m
1071,31-045,354.8,promien_500m
1071,30-019,358.9,promien_500m
1071,31-279,360.8,promien_500m
1071,30-085,383.4,promien_500m
1071,30-043,421.6,promien_500m
1071,30-212,451.9,promien_500m
1071,31-261,453.3,promien_500m
1071,30-010,461.7,promien_500m
1071,30-076,478.8,promien_500m
1072,30-021,0.0,promien_500m
1072,30-019,8.2,promien_500m
1072,30-035,42.2,promien_500m
1072,30-043,93.9,promien_500m
1072,30-014,106.7,promien_500m
1072,30-023,120.1,promien_500m
1072,30-042,127.6,promien_500m
1072,30-074,146.3,promien_500m
1072,30-020,154.9,promien_500m
1072,30-022,182.8,promien_500m
1072,30-075,209.8,promien_500m
1072,30-012,212.6,promien_500m
1072,30-011,218.2,promien_500m
1072,30-017,256.4,promien_500m
1072,30-078,281.9,promien_500m
1072,30-033,301.5,promien_500m
1072,30-015,326.9,promien_500m
1072,30-040,341.6,promien_500m
1072,30-034,344.7,promien_500m
1072,30-036,344.7,promien_500m
1072,30-010,395.2,promien_500m
1072,30-039,397.8,promien_500m
1072,30-079,398.7,promien_500m
1072,30-052,403.3,promien_500m
1072,30-003,412.0,promien_500m
1072,30-006,423.1,promien_500m
1072,31-045,446.9,promien_500m
1072,30-038,453.5,promien_500m
1072,30-045,454.5,promien_500m
1072,30-016,466.5,promien_500m
1072,30-046,468.3,promien_500m
1072,30-529,475.4,promien_500m
1072,30-048,487.5,promien_500m
1072,30-081,488.1,promien_500m
1072,30-076,496.7,promien_500m
1073,31-155,0.0,promien_500m
1073,31-154,28.6,promien_500m
1073,31-156,102.7,promien_500m
1073,31-057,129.2,promien_500m
1073,31-153,141.0,promien_500m
1073,31-001,174.8,promien_500m
1073,31-508,191.5,promien_500m
1073,31-157,193.2,promien_500m
1073,31-150,196.7,promien_500m
1073,31-045,209.8,promien_500m
1073,31-505,244.7,promien_500m
1073,31-148,280.9,promien_500m
1073,31-404,288.6,promien_500m
1073,31-504,315.7,promien_500m
1073,31-510,335.8,promien_500m
1073,31-509,340.3,promien_500m
1073,31-149,344.1,promien_500m
1073,31-512,358.0,promien_500m
1073,31-143,377.8,promien_500m
1073,31-152,378.6,promien_500m
1073,31-034,418.6,promien_500m
1073,31-147,421.5,promien_500m
1073,31-026,430.0,promien_500m
1073,31-024,434.7,promien_500m
1073,31-015,435.7,promien_500m
1073,31-014,450.2,promien_500m
1073,31-021,454.5,promien_500m
1073,31-145,455.6,promien_500m
1073,31-033,460.0,promien_500m
1073,31-146,470.1,promien_500m
1073,31-016,472.4,promien_500m
1073,31-503,476.7,promien_500m
1073,31-511,489.8,promien_500m
1074,31-534,0.0,promien_500m
1074,31-036,15.1,promien_500m
1074,31-536,30.6,promien_500m
1074,31-535,74.2,promien_500m
1074,30-701,227.3,promien_500m
1074,31-035,236.4,promien_500m
1074,31-052,247.5,promien_500m
1074,31-540,253.0,promien_500m
1074,31-537,305.8,promien_500m
1074,31-060,307.1,promien_500m
1074,31-539,316.8,promien_500m
1074,31-538,320.2,promien_500m
1074,30-052,322.1,promien_500m
1074,31-532,327.0,promien_500m
1074,31-045,360.9,promien_500m
1074,31-031,361.2,promien_500m
1074,31-053,380.9,promien_500m
1074,30-527,409.6,promien_500m
1074,31-057,416.2,promien_500m
1074,31-038,439.0,promien_500m
1074,31-061,439.9,promien_500m
1074,31-056,446.9,promien_500m
1074,31-559,457.4,promien_500m
1075,30-526,0.0,promien_500m
1075,30-570,27.4,promien_500m
1075,30-525,178.4,promien_500m
1075,30-523,182.9,promien_500m
1075,30-416,209.1,promien_500m
1075,30-417,241.9,promien_500m
1075,30-524,306.9,promien_500m
1075,30-415,317.0,promien_500m
1075,30-519,338.3,promien_500m
1075,30-644,359.9,promien_500m
1075,31-045,371.9,promien_500m
1075,30-522,385.0,promien_500m
1075,30-538,424.5,promien_500m
1075,30-504,436.1,promien_500m
1075,30-363,438.0,promien_500m
1075,30-347,470.4,promien_500m
1075,30-560,474.3,promien_500m
1075,30-636,476.9,promien_500m
1075,30-505,497.1,promien_500m
11,31-506,0.0,promien_500m
11,31-510,3.6,promien_500m
11,31-511,9.7,promien_500m
11,31-512,27.0,promien_500m
11,31-509,58.3,promien_500m
11,31-504,103.1,promien_500m
11,31-505,120.1,promien_500m
11,31-508,139.5,promien_500m
11,31-503,221.6,promien_500m
11,31-001,280.5,promien_500m
11,31-154,282.3,promien_500m
11,31-501,313.7,promien_500m
11,31-404,318.1,promien_500m
11,31-516,354.6,promien_500m
11,31-514,368.6,promien_500m
11,31-034,419.0,promien_500m
11,31-026,456.8,promien_500m
11,31-025,463.9,promien_500m
11,31-155,468.6,promien_500m
1101,30-315,0.0,promien_500m
1101,30-346,18.3,promien_500m
1101,30-324,24.2,promien_500m
1101,31-926,37.4,promien_500m
1101,30-312,66.3,promien_500m
1101,30-347,77.8,promien_500m
1101,30-337,102.7,promien_500m
1101,30-318,118.0,promien_500m
1101,30-314,127.5,promien_500m
1101,30-316,145.6,promien_500m
1101,30-308,154.9,promien_500m
1101,30-313,165.7,promien_500m
1101,30-320,187.8,promien_500m
1101,30-326,196.9,promien_500m
1101,30-336,209.2,promien_500m
1101,30-317,264.3,promien_500m
1101,30-327,313.3,promien_500m
1101,31-045,315.3,promien_500m
1101,30-334,341.0,promien_500m
1101,30-305,357.2,promien_500m
1101,30-306,364.9,promien_500m
1101,30-328,418.1,promien_500m
1101,30-362,437.6,promien_500m
1101,30-311,446.3,promien_500m
1102,30-324,0.0,promien_500m
1102,30-315,22.7,promien_500m
1102,30-346,27.2,promien_500m
1102,31-926,40.6,promien_500m
1102,30-312,54.7,promien_500m
1102,30-337,61.1,promien_500m
1102,30-318,117.2,promien_500m
1102,30-313,121.4,promien_500m
1102,30-347,122.0,promien_500m
1102,30-314,134.5,promien_500m
1102,30-316,138.1,promien_500m
1102,30-308,160.1,promien_500m
1102,30-326,225.7,promien_500m
1102,30-320,234.3,promien_500m
1102,30-317,235.1,promien_500m
1102,30-336,256.0,promien_500m
1102,30-334,300.6,promien_500m
1102,30-306,336.1,promien_500m
1102,30-305,341.5,promien_500m
1102,30-327,350.6,promien_500m
1102,31-045,361.7,promien_500m
1102,30-311,399.5,promien_500m
1102,30-362,456.8,promien_500m
1102,30-328,464.2,promien_500m
1102,30-307,482.6,promien_500m
1102,30-302,488.7,promien_500m
1103,30-337,0.0,promien_500m
1103,30-313,16.8,promien_500m
1103,30-312,36.6,promien_500m
1103,30-324,38.2,promien_500m
1103,31-926,60.1,promien_500m
1103,30-314,115.0,promien_500m
1103,30-318,124.0,promien_500m
1103,30-315,124.5,promien_500m
1103,30-346,127.0,promien_500m
1103,30-308,129.4,promien_500m
1103,30-317,157.1,promien_500m
1103,30-316,180.1,promien_500m
1103,30-347,226.9,promien_500m
1103,30-334,235.3,promien_500m
1103,30-306,256.3,promien_500m
1103,30-326,270.1,promien_500m
1103,30-305,281.1,promien_500m
1103,30-311,305.3,promien_500m
1103,30-320,336.9,promien_500m
1103,30-336,356.8,promien_500m
1103,30-307,380.2,promien_500m
1103,30-302,385.9,promien_500m
1103,30-327,418.9,promien_500m
1103,31-045,464.5,promien_500m
1104,30-312,0.0,promien_500m
1104,30-313,24.3,promien_500m
1104,30-314,28.1,promien_500m
1104,30-334,95.6,promien_500m
1104,30-337,113.9,promien_500m
1104,30-311,153.9,promien_500m
1104,30-308,169.7,promien_500m
1104,30-317,173.8,promien_500m
1104,30-324,183.3,promien_500m
1104,30-315,186.8,promien_500m
1104,30-306,204.9,promien_500m
1104,31-926,210.5,promien_500m
1104,30-305,219.3,promien_500m
1104,30-307,233.6,promien_500m
1104,30-318,241.9,promien_500m
1104,30-316,247.3,promien_500m
1104,30-346,264.3,promien_500m
1104,30-302,277.2,promien_500m
1104,30-347,369.6,promien_500m
1104,30-326,408.0,promien_500m
1104,30-320,484.6,promien_500m
1105,30-312,0.0,promien_500m
1105,30-337,41.5,promien_500m
1105,30-314,41.6,promien_500m
1105,30-313,50.2,promien_500m
1105,30-311,60.4,promien_500m
1105,30-334,119.5,promien_500m
1105,30-306,131.0,promien_500m
1105,30-308,134.8,promien_500m
1105,30-305,136.4,promien_500m
1105,30-307,139.0,promien_500m
1105,30-302,152.4,promien_500m
1105,30-317,174.4,promien_500m
1105,30-324,290.5,promien_500m
1105,30-315,291.7,promien_500m
1105,30-318,296.6,promien_500m
1105,31-926,303.5,promien_500m
1105,30-316,371.9,promien_500m
1105,30-346,376.5,promien_500m
1105,30-304,411.4,promien_500m
1105,31-071,427.0,promien_500m
1105,31-065,433.0,promien_500m
1105,30-331,456.2,promien_500m
1105,30-301,458.4,promien_500m
1105,31-066,464.4,promien_500m
1105,30-326,467.5,promien_500m
1105,30-347,479.2,promien_500m
1105,30-332,492.6,promien_500m
1106,30-312,0.0,promien_500m
1106,30-311,4.1,promien_500m
1106,30-314,37.6,promien_500m
1106,30-307,68.0,promien_500m
1106,30-337,90.8,promien_500m
1106,30-334,104.4,promien_500m
1106,30-302,111.2,promien_500m
1106,30-313,120.8,promien_500m
1106,30-305,171.8,promien_500m
1106,30-306,182.7,promien_500m
1106,30-308,182.8,promien_500m
1106,30-317,244.3,promien_500m
1106,30-315,305.5,promien_500m
1106,30-324,353.2,promien_500m
1106,30-318,366.5,promien_500m
1106,31-926,369.7,promien_500m
1106,31-065,373.0,promien_500m
1106,31-071,373.7,promien_500m
1106,30-331,386.3,promien_500m
1106,31-066,395.6,promien_500m
1106,30-316,411.6,promien_500m
1106,30-332,428.8,promien_500m
1106,30-304,431.3,promien_500m
1106,30-346,436.4,promien_500m
1106,30-301,469.6,promien_500m
1106,31-069,483.4,promien_500m
1107,30-312,0.0,promien_500m
1107,30-346,35.8,promien_500m
1107,30-324,37.4,promien_500m
1107,30-316,42.4,promien_500m
1107,30-314,44.8,promien_500m
1107,30-315,51.9,promien_500m
1107,30-337,108.0,promien_500m
1107,30-347,111.5,promien_500m
1107,31-926,131.7,promien_500m
1107,30-313,177.4,promien_500m
1107,30-318,212.3,promien_500m
1107,30-320,233.7,promien_500m
1107,30-308,253.7,promien_500m
1107,30-334,264.9,promien_500m
1107,30-336,266.1,promien_500m
1107,30-326,300.3,promien_500m
1107,30-317,321.4,promien_500m
1107,31-045,346.1,promien_500m
1107,30-362,370.6,promien_500m
1107,30-327,409.8,promien_500m
1107,30-311,412.6,promien_500m
1107,30-306,421.1,promien_500m
1107,30-305,436.2,promien_500m
1107,30-364,472.1,promien_500m
1107,30-328,485.0,promien_500m
1107,30-307,488.3,promien_500m
1108,30-314,0.0,promien_500m
1108,30-312,29.6,promien_500m
1108,30-316,30.7,promien_500m
1108,30-346,31.9,promien_500m
1108,30-347,78.7,promien_500m
1108,30-337,87.9,promien_500m
1108,30-315,117.7,promien_500m
1108,30-324,127.3,promien_500m
1108,30-320,197.1,promien_500m
1108,31-926,205.9,promien_500m
1108,30-336,248.5,promien_500m
1108,30-313,272.6,promien_500m
1108,30-362,275.8,promien_500m
1108,31-045,287.2,promien_500m
1108,30-318,288.2,promien_500m
1108,30-334,317.4,promien_500m
1108,30-308,325.1,promien_500m
1108,30-326,332.3,promien_500m
1108,30-364,376.6,promien_500m
1108,30-317,414.8,promien_500m
1108,30-327,430.4,promien_500m
1108,30-374,443.3,promien_500m
1108,30-328,461.9,promien_500m
1108,30-333,478.0,promien_500m
1108,30-311,491.7,promien_500m
1108,30-322,498.3,promien_500m
1109,30-316,0.0,promien_500m
1109,30-314,13.5,promien_500m
1109,30-312,19.5,promien_500m
1109,30-315,60.0,promien_500m
1109,30-346,67.0,promien_500m
1109,30-324,76.8,promien_500m
1109,30-347,109.1,promien_500m
1109,30-337,147.1,promien_500m
1109,31-926,196.0,promien_500m
1109,30-313,227.5,promien_500m
1109,30-320,247.4,promien_500m
1109,30-334,258.6,promien_500m
1109,30-318,277.4,promien_500m
1109,30-336,291.6,promien_500m
1109,30-362,315.5,promien_500m
1109,30-308,318.2,promien_500m
1109,31-045,344.4,promien_500m
1109,30-326,353.0,promien_500m
1109,30-317,381.7,promien_500m
1109,30-364,425.9,promien_500m
1109,30-311,433.6,promien_500m
1109,30-333,451.7,promien_500m
1109,30-327,457.3,promien_500m
1109,30-306,480.9,promien_500m
1110,30-315,0.0,promien_500m
1110,30-316,49.3,promien_500m
1110,30-314,55.5,promien_500m
1110,30-334,103.6,promien_500m
1110,30-312,142.9,promien_500m
1110,30-324,162.7,promien_500m
1110,30-347,217.6,promien_500m
1110,30-337,222.3,promien_500m
1110,30-313,228.4,promien_500m
1110,30-346,249.9,promien_500m
1110,30-311,302.7,promien_500m
1110,31-926,314.6,promien_500m
1110,30-333,324.3,promien_500m
1110,30-307,354.7,promien_500m
1110,30-318,390.0,promien_500m
1110,30-302,391.7,promien_500m
1110,30-308,405.8,promien_500m
1110,30-362,412.8,promien_500m
1110,30-317,416.5,promien_500m
1110,30-320,436.5,promien_500m
1110,30-322,456.9,promien_500m
1110,30-361,466.1,promien_500m
1110,30-306,471.5,promien_500m
1110,30-336,478.9,promien_500m
1110,30-305,487.4,promien_500m
1110,30-332,494.8,promien_500m
1111,30-315,0.0,promien_500m
1111,30-314,3.8,promien_500m
1111,30-312,29.0,promien_500m
1111,30-316,29.0,promien_500m
1111,30-324,33.6,promien_500m
1111,30-337,108.6,promien_500m
1111,30-346,120.1,promien_500m
1111,30-313,152.0,promien_500m
1111,30-334,168.4,promien_500m
1111,31-926,188.9,promien_500m
1111,30-347,202.1,promien_500m
1111,30-318,262.1,promien_500m
1111,30-308,285.5,promien_500m
1111,30-317,319.4,promien_500m
1111,30-320,329.2,promien_500m
1111,30-311,332.6,promien_500m
1111,30-336,362.9,promien_500m
1111,30-326,378.8,promien_500m
1111,30-307,400.2,promien_500m
1111,30-306,401.4,promien_500m
1111,30-362,405.2,promien_500m
1111,30-305,420.9,promien_500m
1111,31-045,437.0,promien_500m
1111,30-333,444.7,promien_500m
1111,30-302,471.9,promien_500m
1111,30-327,497.6,promien_500m
1112,30-314,0.0,promien_500m
1112,30-312,4.0,promien_500m
1112,30-313,38.7,promien_500m
1112,30-334,95.4,promien_500m
1112,30-337,106.0,promien_500m
1112,30-315,115.8,promien_500m
1112,30-324,144.1,promien_500m
1112,30-316,175.3,promien_500m
1112,30-311,184.0,promien_500m
1112,31-926,204.7,promien_500m
1112,30-346,226.7,promien_500m
1112,30-308,232.6,promien_500m
1112,30-317,233.7,promien_500m
1112,30-318,262.5,promien_500m
1112,30-307,265.4,promien_500m
1112,30-306,279.6,promien_500m
1112,30-305,295.2,promien_500m
1112,30-302,322.2,promien_500m
1112,30-347,331.6,promien_500m
1112,30-326,416.5,promien_500m
1112,30-320,451.4,promien_500m
1112,30-336,475.6,promien_500m
1113,30-312,0.0,promien_500m
1113,30-337,31.0,promien_500m
1113,30-314,31.8,promien_500m
1113,30-313,58.1,promien_500m
1113,30-324,59.7,promien_500m
1113,30-315,67.6,promien_500m
1113,30-316,123.0,promien_500m
1113,31-926,130.1,promien_500m
1113,30-346,135.8,promien_500m
1113,30-334,172.4,promien_500m
1113,30-318,207.0,promien_500m
1113,30-308,213.0,promien_500m
1113,30-317,228.2,promien_500m
1113,30-347,240.9,promien_500m
1113,30-311,273.7,promien_500m
1113,30-306,306.5,promien_500m
1113,30-305,326.3,promien_500m
1113,30-326,342.7,promien_500m
1113,30-307,356.7,promien_500m
1113,30-320,360.1,promien_500m
1113,30-336,384.3,promien_500m
1113,30-302,410.3,promien_500m
1113,30-327,479.9,promien_500m
1113,31-045,483.0,promien_500m
1113,30-362,495.0,promien_500m
1114,30-314,0.0,promien_500m
1114,30-311,9.5,promien_500m
1114,30-334,16.3,promien_500m
1114,30-312,34.0,promien_500m
1114,30-307,107.9,promien_500m
1114,30-313,135.6,promien_500m
1114,30-302,140.7,promien_500m
1114,30-337,158.0,promien_500m
1114,30-315,224.3,promien_500m
1114,30-306,247.4,promien_500m
1114,30-305,250.5,promien_500m
1114,30-308,251.2,promien_500m
1114,30-317,275.7,promien_500m
1114,30-324,322.6,promien_500m
1114,30-316,347.0,promien_500m
1114,31-926,354.8,promien_500m
1114,30-331,366.5,promien_500m
1114,30-318,378.7,promien_500m
1114,30-332,389.1,promien_500m
1114,30-346,403.5,promien_500m
1114,31-066,422.1,promien_500m
1114,31-065,423.0,promien_500m
1114,31-071,434.6,promien_500m
1115,30-316,0.0,promien_500m
1115,30-314,61.5,promien_500m
1115,30-312,65.0,promien_500m
1115,30-315,68.7,promien_500m
1115,30-324,97.6,promien_500m
1115,30-347,107.3,promien_500m
1115,30-346,115.6,promien_500m
1115,30-337,179.7,promien_500m
1115,30-334,230.5,promien_500m
1115,31-926,240.6,promien_500m
1115,30-313,245.7,promien_500m
1115,30-320,292.0,promien_500m
1115,30-362,307.3,promien_500m
1115,30-318,320.2,promien_500m
1115,30-336,339.3,promien_500m
1115,30-308,357.5,promien_500m
1115,31-045,381.3,promien_500m
1115,30-333,401.6,promien_500m
1115,30-326,403.4,promien_500m
1115,30-317,408.0,promien_500m
1115,30-311,419.9,promien_500m
1115,30-364,427.3,promien_500m
1115,30-322,459.5,promien_500m
1115,30-307,479.1,promien_500m
1115,30-361,483.4,promien_500m
1115,30-306,497.8,promien_500m
1116,30-316,0.0,promien_500m
1116,30-315,78.7,promien_500m
1116,30-347,90.9,promien_500m
1116,30-314,109.7,promien_500m
1116,30-312,155.1,promien_500m
1116,30-346,167.6,promien_500m
1116,30-324,182.8,promien_500m
1116,30-334,224.2,promien_500m
1116,30-337,237.9,promien_500m
1116,30-362,283.8,promien_500m
1116,30-333,310.8,promien_500m
1116,30-313,311.6,promien_500m
1116,31-926,333.1,promien_500m
1116,30-320,356.6,promien_500m
1116,30-322,373.6,promien_500m
1116,30-361,394.4,promien_500m
1116,30-318,411.8,promien_500m
1116,30-364,413.7,promien_500m
1116,30-336,417.7,promien_500m
1116,30-311,431.0,promien_500m
1116,31-045,436.5,promien_500m
1116,30-308,444.9,promien_500m
1116,30-307,483.8,promien_500m
1116,30-317,485.5,promien_500m
1116,30-326,493.9,promien_500m
1117,30-316,0.0,promien_500m
1117,30-347,82.1,promien_500m
1117,30-315,94.3,promien_500m
1117,30-314,175.6,promien_500m
1117,30-334,187.7,promien_500m
1117,30-346,224.9,promien_500m
1117,30-333,230.0,promien_500m
1117,30-312,237.5,promien_500m
1117,30-324,264.8,promien_500m
1117,30-362,287.1,promien_500m
1117,30-322,298.9,promien_500m
1117,30-337,299.5,promien_500m
1117,30-361,315.3,promien_500m
1117,30-313,378.9,promien_500m
1117,30-320,405.2,promien_500m
1117,30-364,415.4,promien_500m
1117,31-926,417.2,promien_500m
1117,30-311,457.6,promien_500m
1117,30-336,493.0,promien_500m
1117,30-318,495.1,promien_500m
1117,31-045,496.0,promien_500m
1118,30-316,0.0,promien_500m
1118,30-347,112.2,promien_500m
1118,30-333,151.1,promien_500m
1118,30-315,171.8,promien_500m
1118,30-334,196.1,promien_500m
1118,30-322,212.0,promien_500m
1118,30-361,221.8,promien_500m
1118,30-314,269.3,promien_500m
1118,30-312,292.6,promien_500m
1118,30-346,299.7,promien_500m
1118,30-362,306.5,promien_500m
1118,30-324,362.4,promien_500m
1118,30-337,367.5,promien_500m
1118,30-364,394.9,promien_500m
1118,30-320,460.9,promien_500m
1118,30-302,469.4,promien_500m
1118,30-313,469.7,promien_500m
1120,30-324,0.0,promien_500m
1120,30-312,1.3,promien_500m
1120,30-315,44.2,promien_500m
1120,30-346,44.6,promien_500m
1120,30-337,57.1,promien_500m
1120,30-314,66.3,promien_500m
1120,30-316,71.5,promien_500m
1120,31-926,112.3,promien_500m
1120,30-313,125.8,promien_500m
1120,30-347,147.9,promien_500m
1120,30-318,186.3,promien_500m
1120,30-308,219.0,promien_500m
1120,30-334,238.7,promien_500m
1120,30-320,270.4,promien_500m
1120,30-317,274.6,promien_500m
1120,30-336,296.4,promien_500m
1120,30-326,297.0,promien_500m
1120,30-311,367.6,promien_500m
1120,30-306,374.2,promien_500m
1120,31-045,389.3,promien_500m
1120,30-305,396.9,promien_500m
1120,30-327,417.2,promien_500m
1120,30-362,419.9,promien_500m
1120,30-307,447.5,promien_500m
1120,30-302,497.0,promien_500m
1121,30-334,0.0,promien_500m
1121,30-314,47.9,promien_500m
1121,30-311,78.1,promien_500m
1121,30-315,120.2,promien_500m
1121,30-312,124.8,promien_500m
1121,30-307,135.6,promien_500m
1121,30-313,163.5,promien_500m
1121,30-302,217.6,promien_500m
1121,30-337,239.7,promien_500m
1121,30-316,242.0,promien_500m
1121,30-324,269.3,promien_500m
1121,30-308,326.8,promien_500m
1121,30-317,332.7,promien_500m
1121,30-306,338.4,promien_500m
1121,30-305,345.8,promien_500m
1121,31-926,348.2,promien_500m
1121,30-332,362.0,promien_500m
1121,30-346,362.7,promien_500m
1121,30-331,380.7,promien_500m
1121,30-318,398.0,promien_500m
1121,30-347,442.4,promien_500m
1121,30-333,466.4,promien_500m
1121,31-066,488.1,promien_500m
1122,30-334,0.0,promien_500m
1122,30-314,105.5,promien_500m
1122,30-315,106.0,promien_500m
1122,30-311,115.0,promien_500m
1122,30-307,154.3,promien_500m
1122,30-316,182.0,promien_500m
1122,30-302,184.7,promien_500m
1122,30-312,199.5,promien_500m
1122,30-313,232.5,promien_500m
1122,30-324,304.6,promien_500m
1122,30-337,307.0,promien_500m
1122,30-332,309.1,promien_500m
1122,30-331,355.9,promien_500m
1122,30-333,394.4,promien_500m
1122,30-346,402.5,promien_500m
1122,30-308,406.4,promien_500m
1122,31-926,408.2,promien_500m
1122,30-317,411.7,promien_500m
1122,30-306,419.0,promien_500m
1122,30-347,424.2,promien_500m
1122,30-305,426.3,promien_500m
1122,30-501,464.7,promien_500m
1122,30-318,466.8,promien_500m
1122,30-502,469.5,promien_500m
1122,31-066,495.8,promien_500m
1123,30-334,0.0,promien_500m
1123,30-315,92.1,promien_500m
1123,30-316,123.0,promien_500m
1123,30-314,153.7,promien_500m
1123,30-311,188.5,promien_500m
1123,30-302,194.1,promien_500m
1123,30-307,205.9,promien_500m
1123,30-312,263.8,promien_500m
1123,30-332,287.7,promien_500m
1123,30-313,296.2,promien_500m
1123,30-333,315.5,promien_500m
1123,30-324,335.4,promien_500m
1123,30-337,357.2,promien_500m
1123,30-331,363.3,promien_500m
1123,30-347,394.5,promien_500m
1123,30-501,417.9,promien_500m
1123,30-502,424.3,promien_500m
1123,30-346,433.4,promien_500m
1123,31-926,458.5,promien_500m
1123,30-308,479.2,promien_500m
1123,30-317,483.7,promien_500m
1123,30-306,497.4,promien_500m
1124,30-334,0.0,promien_500m
1124,30-316,139.6,promien_500m
1124,30-315,142.3,promien_500m
1124,30-302,168.8,promien_500m
1124,30-307,208.4,promien_500m
1124,30-332,224.4,promien_500m
1124,30-314,239.0,promien_500m
1124,30-311,244.0,promien_500m
1124,30-333,268.9,promien_500m
1124,30-331,328.9,promien_500m
1124,30-501,336.0,promien_500m
1124,30-502,343.4,promien_500m
1124,30-312,350.4,promien_500m
1124,30-313,382.0,promien_500m
1124,30-324,418.0,promien_500m
1124,30-347,435.8,promien_500m
1124,30-337,443.7,promien_500m
1124,30-361,497.6,promien_500m
1125,30-334,0.0,promien_500m
1125,30-302,89.2,promien_500m
1125,30-332,119.0,promien_500m
1125,30-307,135.1,promien_500m
1125,30-331,219.0,promien_500m
1125,30-311,233.9,promien_500m
1125,30-316,235.9,promien_500m
1125,30-315,250.2,promien_500m
1125,30-501,265.1,promien_500m
1125,30-502,269.3,promien_500m
1125,30-314,305.6,promien_500m
1125,30-333,350.7,promien_500m
1125,30-312,351.8,promien_500m
1125,31-066,426.5,promien_500m
1125,30-313,431.0,promien_500m
1125,30-503,490.9,promien_500m
1125,30-337,492.3,promien_500m
1125,30-324,498.9,promien_500m
1126,30-302,0.0,promien_500m
1126,30-307,14.7,promien_500m
1126,30-334,29.3,promien_500m
1126,30-311,126.3,promien_500m
1126,30-332,140.1,promien_500m
1126,30-331,143.6,promien_500m
1126,30-314,232.1,promien_500m
1126,30-312,237.4,promien_500m
1126,31-066,296.9,promien_500m
1126,30-315,320.1,promien_500m
1126,30-502,358.2,promien_500m
1126,30-501,359.0,promien_500m
1126,30-316,362.0,promien_500m
1126,31-065,376.1,promien_500m
1126,30-313,383.2,promien_500m
1126,30-337,391.3,promien_500m
1126,31-067,420.7,promien_500m
1126,31-071,434.2,promien_500m
1126,30-308,453.6,promien_500m
1126,30-305,470.7,promien_500m
1126,30-306,484.1,promien_500m
1126,30-333,497.9,promien_500m
1127,30-307,0.0,promien_500m
1127,30-302,20.8,promien_500m
1127,30-334,20.9,promien_500m
1127,30-311,82.2,promien_500m
1127,30-331,178.0,promien_500m
1127,30-332,184.3,promien_500m
1127,30-314,187.9,promien_500m
1127,30-312,196.8,promien_500m
1127,30-315,294.0,promien_500m
1127,31-066,310.2,promien_500m
1127,30-313,339.2,promien_500m
1127,30-337,349.2,promien_500m
1127,30-316,349.9,promien_500m
1127,31-065,375.0,promien_500m
1127,30-502,399.4,promien_500m
1127,30-501,400.0,promien_500m
1127,30-308,415.2,promien_500m
1127,31-071,422.2,promien_500m
1127,30-305,428.6,promien_500m
1127,30-306,440.6,promien_500m
1127,31-067,447.6,promien_500m
1127,30-324,471.9,promien_500m
1127,30-317,480.8,promien_500m
1128,30-311,0.0,promien_500m
1128,30-312,21.1,promien_500m
1128,30-307,35.3,promien_500m
1128,30-314,60.3,promien_500m
1128,30-302,64.0,promien_500m
1128,30-334,81.2,promien_500m
1128,30-337,172.9,promien_500m
1128,30-313,189.0,promien_500m
1128,30-308,245.8,promien_500m
1128,30-305,252.4,promien_500m
1128,30-306,266.9,promien_500m
1128,30-315,294.2,promien_500m
1128,30-331,309.0,promien_500m
1128,30-317,322.5,promien_500m
1128,30-332,345.1,promien_500m
1128,31-066,345.2,promien_500m
1128,31-065,345.7,promien_500m
1128,31-071,359.5,promien_500m
1128,30-324,399.0,promien_500m
1128,30-316,411.5,promien_500m
1128,31-926,426.0,promien_500m
1128,30-318,439.8,promien_500m
1128,30-346,480.0,promien_500m
1129,30-313,0.0,promien_500m
1129,30-312,32.9,promien_500m
1129,30-337,36.2,promien_500m
1129,30-324,97.7,promien_500m
1129,30-314,99.2,promien_500m
1129,31-926,116.7,promien_500m
1129,30-317,139.1,promien_500m
1129,30-308,139.9,promien_500m
1129,30-318,153.9,promien_500m
1129,30-315,159.3,promien_500m
1129,30-346,183.9,promien_500m
1129,30-334,187.1,promien_500m
1129,30-316,213.6,promien_500m
1129,30-306,214.9,promien_500m
1129,30-305,235.6,promien_500m
1129,30-311,247.8,promien_500m
1129,30-347,286.2,promien_500m
1129,30-326,315.7,promien_500m
1129,30-307,320.1,promien_500m
1129,30-302,332.2,promien_500m
1129,30-320,397.0,promien_500m
1129,30-336,417.0,promien_500m
1129,30-327,463.8,promien_500m
1130,30-337,0.0,promien_500m
1130,30-313,2.1,promien_500m
1130,30-318,60.9,promien_500m
1130,31-926,62.1,promien_500m
1130,30-324,62.8,promien_500m
1130,30-308,64.6,promien_500m
1130,30-312,96.4,promien_500m
1130,30-317,103.1,promien_500m
1130,30-315,133.0,promien_500m
1130,30-346,159.4,promien_500m
1130,30-314,182.9,promien_500m
1130,30-306,203.7,promien_500m
1130,30-326,224.2,promien_500m
1130,30-305,225.4,promien_500m
1130,30-316,241.4,promien_500m
1130,30-347,241.6,promien_500m
1130,30-334,279.2,promien_500m
1130,30-311,312.6,promien_500m
1130,30-320,341.6,promien_500m
1130,30-336,342.4,promien_500m
1130,30-302,366.7,promien_500m
1130,30-327,370.6,promien_500m
1130,30-307,390.3,promien_500m
1130,31-045,467.1,promien_500m
1130,30-328,469.4,promien_500m
1130,30-319,481.1,promien_500m
1130,30-304,496.7,promien_500m
1131,30-312,0.0,promien_500m
1131,30-311,5.2,promien_500m
1131,30-307,7.7,promien_500m
1131,30-314,74.5,promien_500m
1131,30-302,76.2,promien_500m
1131,30-334,114.7,promien_500m
1131,30-337,135.8,promien_500m
1131,30-313,182.0,promien_500m
1131,30-308,201.1,promien_500m
1131,30-305,215.0,promien_500m
1131,30-306,236.6,promien_500m
1131,30-317,305.7,promien_500m
1131,31-065,323.0,promien_500m
1131,30-331,325.4,promien_500m
1131,30-315,328.4,promien_500m
1131,31-071,330.7,promien_500m
1131,31-066,337.0,promien_500m
1131,30-332,374.7,promien_500m
1131,30-324,409.0,promien_500m
1131,30-318,427.7,promien_500m
1131,31-926,428.1,promien_500m
1131,30-316,451.1,promien_500m
1131,30-304,458.3,promien_500m
1131,31-069,467.8,promien_500m
1131,31-070,484.4,promien_500m
1131,30-301,489.0,promien_500m
1131,30-346,490.2,promien_500m
1151,30-701,0.0,promien_500m
1151,30-710,33.1,promien_500m
1151,30-705,62.7,promien_500m
1151,30-702,86.8,promien_500m
1151,31-559,313.4,promien_500m
1151,31-535,313.6,promien_500m
1151,31-536,319.0,promien_500m
1151,30-549,327.9,promien_500m
1151,30-703,328.4,promien_500m
1151,31-539,421.3,promien_500m
1151,30-532,466.7,promien_500m
1151,30-704,468.1,promien_500m
1151,30-527,469.9,promien_500m
1151,31-534,489.2,promien_500m
1151,30-709,492.4,promien_500m
1152,30-702,0.0,promien_500m
1152,30-701,23.8,promien_500m
1152,30-705,40.6,promien_500m
1152,30-710,90.7,promien_500m
1152,30-703,210.1,promien_500m
1152,31-559,350.8,promien_500m
1152,30-704,354.7,promien_500m
1152,30-709,390.1,promien_500m
1152,30-549,418.0,promien_500m
1152,31-535,429.6,promien_500m
1152,31-536,444.2,promien_500m
1152,30-727,479.3,promien_500m
1152,30-532,480.5,promien_500m
1152,30-106,495.9,promien_500m
1153,30-701,0.0,promien_500m
1153,30-705,65.1,promien_500m
1153,30-702,65.3,promien_500m
1153,30-703,120.3,promien_500m
1153,30-710,164.2,promien_500m
1153,30-704,268.1,promien_500m
1153,30-709,335.5,promien_500m
1153,30-727,389.0,promien_500m
1153,31-559,399.3,promien_500m
1153,30-106,472.0,promien_500m
1153,30-707,487.0,promien_500m
1153,30-549,487.5,promien_500m
1154,30-703,0.0,promien_500m
1154,30-702,22.2,promien_500m
1154,30-106,41.0,promien_500m
1154,30-532,56.5,promien_500m
1154,30-528,120.9,promien_500m
1154,30-009,131.5,promien_500m
1154,30-127,154.9,promien_500m
1154,30-707,180.2,promien_500m
1154,30-704,181.5,promien_500m
1154,30-553,183.6,promien_500m
1154,30-701,231.1,promien_500m
1154,30-533,234.3,promien_500m
1154,30-551,279.0,promien_500m
1154,30-549,280.1,promien_500m
1154,30-534,313.0,promien_500m
1154,30-552,323.0,promien_500m
1154,30-570,353.9,promien_500m
1154,30-710,364.4,promien_500m
1154,30-535,396.5,promien_500m
1154,30-540,398.5,promien_500m
1154,30-550,399.3,promien_500m
1154,30-548,402.9,promien_500m
1154,30-545,403.2,promien_500m
1154,30-529,408.5,promien_500m
1154,30-705,431.8,promien_500m
1154,30-501,442.1,promien_500m
1154,30-546,449.7,promien_500m
1156,30-703,0.0,promien_500m
1156,30-702,68.7,promien_500m
1156,30-704,85.9,promien_500m
1156,30-106,88.0,promien_500m
1156,30-701,99.0,promien_500m
1156,30-707,134.4,promien_500m
1156,30-532,195.5,promien_500m
1156,30-528,255.3,promien_500m
1156,30-553,261.1,promien_500m
1156,30-009,269.3,promien_500m
1156,30-127,288.7,promien_500m
1156,30-705,292.9,promien_500m
1156,30-533,351.2,promien_500m
1156,30-710,365.3,promien_500m
1156,30-549,368.6,promien_500m
1156,30-551,412.9,promien_500m
1156,30-552,434.9,promien_500m
1156,30-534,453.2,promien_500m
1156,30-570,490.2,promien_500m
1157,30-703,0.0,promien_500m
1157,30-704,10.4,promien_500m
1157,30-701,35.9,promien_500m
1157,30-702,116.5,promien_500m
1157,30-707,148.0,promien_500m
1157,30-106,165.4,promien_500m
1157,30-705,212.9,promien_500m
1157,30-532,273.0,promien_500m
1157,30-553,306.3,promien_500m
1157,30-528,315.6,promien_500m
1157,30-009,345.3,promien_500m
1157,30-127,363.3,promien_500m
1157,30-710,392.7,promien_500m
1157,30-533,417.5,promien_500m
1157,30-727,434.0,promien_500m
1157,30-549,439.0,promien_500m
1157,30-713,445.7,promien_500m
1157,30-552,470.7,promien_500m
1157,30-551,485.6,promien_500m
1158,30-704,0.0,promien_500m
1158,30-701,22.6,promien_500m
1158,30-703,29.1,promien_500m
1158,30-702,131.8,promien_500m
1158,30-707,137.9,promien_500m
1158,30-705,164.9,promien_500m
1158,30-106,210.7,promien_500m
1158,30-532,319.0,promien_500m
1158,30-553,332.0,promien_500m
1158,30-528,348.8,promien_500m
1158,30-710,383.2,promien_500m
1158,30-727,388.7,promien_500m
1158,30-009,390.1,promien_500m
1158,30-713,406.2,promien_500m
1158,30-127,407.2,promien_500m
1158,30-533,456.2,promien_500m
1158,30-552,485.2,promien_500m
1158,30-549,485.8,promien_500m
1158,30-709,497.8,promien_500m
1159,30-704,0.0,promien_500m
1159,30-707,41.4,promien_500m
1159,30-701,68.6,promien_500m
1159,30-703,76.3,promien_500m
1159,30-705,175.0,promien_500m
1159,30-106,219.6,promien_500m
1159,30-702,236.8,promien_500m
1159,30-553,269.1,promien_500m
1159,30-710,291.2,promien_500m
1159,30-528,303.2,promien_500m
1159,30-532,316.0,promien_500m
1159,30-713,334.7,promien_500m
1159,30-009,383.7,promien_500m
1159,30-127,394.5,promien_500m
1159,30-552,397.2,promien_500m
1159,30-727,409.3,promien_500m
1159,30-533,422.0,promien_500m
1159,30-720,485.5,promien_500m
1160,30-704,0.0,promien_500m
1160,30-703,54.0,promien_500m
1160,30-701,69.2,promien_500m
1160,30-707,96.0,promien_500m
1160,30-705,106.2,promien_500m
1160,30-702,184.2,promien_500m
1160,30-106,272.2,promien_500m
1160,30-710,325.3,promien_500m
1160,30-727,331.5,promien_500m
1160,30-713,341.3,promien_500m
1160,30-553,363.1,promien_500m
1160,30-532,381.0,promien_500m
1160,30-528,390.3,promien_500m
1160,30-009,449.3,promien_500m
1160,30-709,455.1,promien_500m
1160,30-127,464.6,promien_500m
1160,30-552,496.4,promien_500m
1161,30-703,0.0,promien_500m
1161,30-704,53.4,promien_500m
1161,30-701,85.4,promien_500m
1161,30-705,90.7,promien_500m
1161,30-702,102.9,promien_500m
1161,30-727,247.9,promien_500m
1161,30-707,284.2,promien_500m
1161,30-709,323.7,promien_500m
1161,30-710,334.7,promien_500m
1161,30-106,378.0,promien_500m
1161,30-713,473.1,promien_500m
1161,30-532,482.3,promien_500m
1163,30-703,0.0,promien_500m
1163,30-704,53.3,promien_500m
1163,30-702,102.7,promien_500m
1163,30-705,112.8,promien_500m
1163,30-701,136.1,promien_500m
1163,30-707,209.3,promien_500m
1163,30-727,292.7,promien_500m
1163,30-106,310.2,promien_500m
1163,30-710,365.2,promien_500m
1163,30-709,390.4,promien_500m
1163,30-532,417.6,promien_500m
1163,30-713,427.4,promien_500m
1163,30-553,448.2,promien_500m
1163,30-528,463.5,promien_500m
1163,30-009,491.5,promien_500m
1164,30-704,0.0,promien_500m
1164,30-705,1.5,promien_500m
1164,30-707,34.6,promien_500m
1164,30-710,102.9,promien_500m
1164,30-713,109.2,promien_500m
1164,30-727,152.2,promien_500m
1164,30-703,260.4,promien_500m
1164,30-720,269.8,promien_500m
1164,30-701,292.4,promien_500m
1164,30-711,323.7,promien_500m
1164,30-712,346.0,promien_500m
1164,30-709,386.1,promien_500m
1164,30-728,407.6,promien_500m
1164,30-702,418.7,promien_500m
1164,30-726,425.1,promien_500m
1164,30-106,476.6,promien_500m
1164,30-553,476.7,promien_500m
1165,30-701,0.0,promien_500m
1165,30-703,35.5,promien_500m
1165,30-705,115.8,promien_500m
1165,30-709,170.0,promien_500m
1165,30-702,190.2,promien_500m
1165,30-704,267.9,promien_500m
1165,30-727,290.1,promien_500m
1165,30-710,315.5,promien_500m
1165,31-559,354.5,promien_500m
1166,30-701,0.0,promien_500m
1166,30-710,2.0,promien_500m
1166,30-702,79.0,promien_500m
1166,30-705,137.1,promien_500m
1166,30-549,262.0,promien_500m
1166,30-703,313.6,promien_500m
1166,31-536,350.9,promien_500m
1166,31-535,357.1,promien_500m
1166,30-532,387.1,promien_500m
1166,31-559,391.6,promien_500m
1166,30-527,413.5,promien_500m
1166,30-704,433.1,promien_500m
1166,30-550,439.6,promien_500m
1166,31-539,480.8,promien_500m
1166,31-534,482.9,promien_500m
1166,30-106,483.7,promien_500m
12,31-510,0.0,promien_500m
12,31-509,5.2,promien_500m
12,31-506,51.9,promien_500m
12,31-512,61.2,promien_500m
12,31-511,84.1,promien_500m
12,31-508,128.7,promien_500m
12,31-505,135.3,promien_500m
12,31-504,176.6,promien_500m
12,31-001,225.3,promien_500m
12,31-404,249.5,promien_500m
12,31-154,277.9,promien_500m
12,31-503,296.3,promien_500m
12,31-514,320.0,promien_500m
12,31-516,388.0,promien_500m
12,31-501,396.1,promien_500m
12,31-045,440.5,promien_500m
12,31-155,443.3,promien_500m
12,31-034,476.6,promien_500m
1201,30-211,0.0,promien_500m
1201,30-209,42.3,promien_500m
1201,30-202,64.3,promien_500m
1201,30-212,72.2,promien_500m
1201,30-213,74.6,promien_500m
1201,30-210,147.6,promien_500m
1201,31-045,193.7,promien_500m
1201,30-065,251.6,promien_500m
1201,30-214,281.9,promien_500m
1201,31-866,297.9,promien_500m
1201,30-063,406.4,promien_500m
1201,30-120,433.9,promien_500m
1201,30-062,437.8,promien_500m
1202,30-210,0.0,promien_500m
1202,30-212,30.7,promien_500m
1202,31-866,75.2,promien_500m
1202,30-209,176.8,promien_500m
1202,30-213,237.2,promien_500m
1202,30-211,263.9,promien_500m
1202,31-045,290.2,promien_500m
1202,30-204,292.0,promien_500m
1202,30-205,298.9,promien_500m
1202,30-202,301.0,promien_500m
1202,30-214,377.1,promien_500m
1202,30-207,402.1,promien_500m
1203,30-210,0.0,promien_500m
1203,30-209,33.5,promien_500m
1203,30-212,80.8,promien_500m
1203,30-202,116.9,promien_500m
1203,30-211,121.9,promien_500m
1203,30-213,184.0,promien_500m
1203,31-866,233.1,promien_500m
1203,31-045,292.3,promien_500m
1203,30-205,349.5,promien_500m
1203,30-214,385.0,promien_500m
1203,30-065,445.6,promien_500m
1203,30-204,494.8,promien_500m
1204,30-209,0.0,promien_500m
1204,30-202,47.2,promien_500m
1204,30-213,114.5,promien_500m
1204,30-210,119.6,promien_500m
1204,30-211,157.3,promien_500m
1204,30-212,235.3,promien_500m
1204,30-205,379.7,promien_500m
1204,30-119,397.8,promien_500m
1204,30-065,435.3,promien_500m
1204,31-045,469.5,promien_500m
1204,31-866,474.8,promien_500m
1204,30-204,478.3,promien_500m
1205,30-209,0.0,promien_500m
1205,30-213,110.4,promien_500m
1205,30-202,161.9,promien_500m
1205,30-210,236.9,promien_500m
1205,30-211,249.1,promien_500m
1205,30-119,287.9,promien_500m
1205,30-212,348.0,promien_500m
1205,30-204,379.2,promien_500m
1205,30-205,415.4,promien_500m
1205,30-203,442.9,promien_500m
1205,30-065,487.4,promien_500m
1206,30-209,0.0,promien_500m
1206,30-213,67.1,promien_500m
1206,30-202,201.0,promien_500m
1206,30-119,245.5,promien_500m
1206,30-211,268.0,promien_500m
1206,30-210,271.6,promien_500m
1206,30-204,366.4,promien_500m
1206,30-212,378.0,promien_500m
1206,30-203,422.9,promien_500m
1206,30-205,452.8,promien_500m
1206,30-065,486.4,promien_500m
1207,30-213,0.0,promien_500m
1207,30-209,14.3,promien_500m
1207,30-119,196.4,promien_500m
1207,30-211,260.2,promien_500m
1207,30-202,277.7,promien_500m
1207,30-210,324.2,promien_500m
1207,30-062,392.5,promien_500m
1207,30-065,411.4,promien_500m
1207,30-212,412.3,promien_500m
1207,30-204,437.1,promien_500m
1207,30-063,444.9,promien_500m
1207,30-203,473.8,promien_500m
1208,30-213,0.0,promien_500m
1208,30-119,60.3,promien_500m
1208,30-209,65.1,promien_500m
1208,30-204,321.4,promien_500m
1208,30-203,342.4,promien_500m
1208,30-202,384.7,promien_500m
1208,30-116,402.4,promien_500m
1208,30-211,406.9,promien_500m
1208,30-208,430.6,promien_500m
1208,30-407,431.7,promien_500m
1208,30-210,446.4,promien_500m
1208,30-201,447.2,promien_500m
1208,30-062,462.5,promien_500m
1209,30-209,0.0,promien_500m
1209,30-213,69.2,promien_500m
1209,30-202,231.4,promien_500m
1209,30-119,233.4,promien_500m
1209,30-210,307.3,promien_500m
1209,30-204,314.5,promien_500m
1209,30-211,316.9,promien_500m
1209,30-203,373.4,promien_500m
1209,30-212,419.8,promien_500m
1209,30-205,435.0,promien_500m
1209,30-208,476.4,promien_500m
1209,30-407,497.9,promien_500m
1210,30-209,0.0,promien_500m
1210,30-213,51.9,promien_500m
1210,30-119,161.7,promien_500m
1210,30-204,229.3,promien_500m
1210,30-203,273.6,promien_500m
1210,30-202,342.3,promien_500m
1210,30-208,374.1,promien_500m
1210,30-407,391.1,promien_500m
1210,30-210,418.3,promien_500m
1210,30-211,421.5,promien_500m
1210,30-116,450.7,promien_500m
1210,30-206,463.3,promien_500m
1210,30-201,473.1,promien_500m
1210,30-205,490.8,promien_500m
1211,30-209,0.0,promien_500m
1211,30-213,56.7,promien_500m
1211,30-119,127.7,promien_500m
1211,30-204,167.9,promien_500m
1211,30-203,187.9,promien_500m
1211,30-208,279.4,promien_500m
1211,30-407,288.5,promien_500m
1211,30-116,351.4,promien_500m
1211,30-201,365.1,promien_500m
1211,30-206,367.4,promien_500m
1211,30-202,450.3,promien_500m
1211,30-212,458.6,promien_500m
1211,30-118,497.7,promien_500m
1212,30-209,0.0,promien_500m
1212,30-213,31.8,promien_500m
1212,30-203,111.3,promien_500m
1212,30-119,141.8,promien_500m
1212,30-204,161.7,promien_500m
1212,30-407,185.9,promien_500m
1212,30-208,206.2,promien_500m
1212,30-201,228.9,promien_500m
1212,30-116,229.6,promien_500m
1212,30-206,277.9,promien_500m
1212,30-202,316.3,promien_500m
1212,30-212,321.2,promien_500m
1212,30-118,392.2,promien_500m
1212,30-117,409.8,promien_500m
1212,30-323,444.5,promien_500m
1212,30-114,490.8,promien_500m
1213,30-209,0.0,promien_500m
1213,30-213,55.5,promien_500m
1213,30-203,58.7,promien_500m
1213,30-201,130.0,promien_500m
1213,30-407,139.1,promien_500m
1213,30-119,150.6,promien_500m
1213,30-116,164.0,promien_500m
1213,30-208,192.1,promien_500m
1213,30-204,203.6,promien_500m
1213,30-202,212.4,promien_500m
1213,30-212,215.1,promien_500m
1213,30-206,231.7,promien_500m
1213,30-117,327.1,promien_500m
1213,30-118,336.6,promien_500m
1213,30-323,385.7,promien_500m
1213,30-114,388.3,promien_500m
1213,30-106,396.6,promien_500m
1213,30-322,448.8,promien_500m
1213,30-109,464.2,promien_500m
1214,30-209,0.0,promien_500m
1214,30-213,35.9,promien_500m
1214,30-203,54.6,promien_500m
1214,30-201,57.1,promien_500m
1214,30-212,129.9,promien_500m
1214,30-116,133.2,promien_500m
1214,30-202,137.1,promien_500m
1214,30-119,138.8,promien_500m
1214,30-407,163.2,promien_500m
1214,30-208,219.7,promien_500m
1214,30-206,224.1,promien_500m
1214,30-117,262.3,promien_500m
1214,30-204,267.3,promien_500m
1214,30-118,300.6,promien_500m
1214,30-106,311.2,promien_500m
1214,30-114,312.6,promien_500m
1214,30-323,350.0,promien_500m
1214,30-109,386.5,promien_500m
1214,30-322,389.3,promien_500m
1214,31-117,445.5,promien_500m
1215,30-209,0.0,promien_500m
1215,30-201,29.5,promien_500m
1215,30-212,43.4,promien_500m
1215,30-203,57.4,promien_500m
1215,30-202,62.7,promien_500m
1215,30-213,73.4,promien_500m
1215,30-116,105.1,promien_500m
1215,30-119,167.7,promien_500m
1215,30-206,182.6,promien_500m
1215,30-117,193.8,promien_500m
1215,30-407,210.4,promien_500m
1215,30-106,225.5,promien_500m
1215,30-114,238.9,promien_500m
1215,30-208,257.0,promien_500m
1215,30-118,292.0,promien_500m
1215,30-323,311.9,promien_500m
1215,30-109,315.6,promien_500m
1215,30-322,335.3,promien_500m
1215,30-204,339.1,promien_500m
1215,31-117,360.2,promien_500m
1215,31-109,444.6,promien_500m
1215,30-110,459.6,promien_500m
1216,30-202,0.0,promien_500m
1216,30-212,3.3,promien_500m
1216,30-209,28.6,promien_500m
1216,30-201,43.5,promien_500m
1216,30-203,50.1,promien_500m
1216,30-206,99.9,promien_500m
1216,30-116,129.3,promien_500m
1216,30-114,142.0,promien_500m
1216,30-117,155.8,promien_500m
1216,30-106,165.6,promien_500m
1216,30-213,170.2,promien_500m
1216,30-323,229.7,promien_500m
1216,30-407,240.2,promien_500m
1216,30-322,246.6,promien_500m
1216,30-119,261.4,promien_500m
1216,30-208,270.1,promien_500m
1216,31-117,305.3,promien_500m
1216,30-109,307.6,promien_500m
1216,30-118,346.5,promien_500m
1216,30-204,385.0,promien_500m
1216,31-109,432.0,promien_500m
1216,30-110,447.7,promien_500m
1216,30-107,478.4,promien_500m
1216,30-328,482.1,promien_500m
1217,30-201,0.0,promien_500m
1217,30-114,9.4,promien_500m
1217,30-106,39.5,promien_500m
1217,30-202,68.4,promien_500m
1217,30-212,70.1,promien_500m
1217,30-203,74.7,promien_500m
1217,30-206,110.3,promien_500m
1217,30-117,121.6,promien_500m
1217,30-116,131.2,promien_500m
1217,30-323,160.3,promien_500m
1217,30-322,160.6,promien_500m
1217,30-209,168.3,promien_500m
1217,31-117,198.5,promien_500m
1217,30-109,279.8,promien_500m
1217,30-213,308.0,promien_500m
1217,30-328,352.8,promien_500m
1217,30-118,359.3,promien_500m
1217,30-110,370.0,promien_500m
1217,30-107,371.0,promien_500m
1217,31-109,371.1,promien_500m
1217,30-407,376.0,promien_500m
1217,30-119,386.9,promien_500m
1217,30-208,390.6,promien_500m
1217,30-105,394.6,promien_500m
1217,30-319,451.8,promien_500m
1217,30-103,473.6,promien_500m
1217,31-156,478.0,promien_500m
1218,30-201,0.0,promien_500m
1218,30-116,48.6,promien_500m
1218,30-202,50.9,promien_500m
1218,30-117,51.4,promien_500m
1218,30-106,55.4,promien_500m
1218,30-114,98.9,promien_500m
1218,30-212,101.2,promien_500m
1218,30-209,113.9,promien_500m
1218,30-203,144.7,promien_500m
1218,30-206,169.6,promien_500m
1218,31-117,194.5,promien_500m
1218,30-109,212.6,promien_500m
1218,30-213,232.3,promien_500m
1218,30-323,245.1,promien_500m
1218,30-322,252.4,promien_500m
1218,30-118,275.9,promien_500m
1218,30-119,300.8,promien_500m
1218,31-109,328.6,promien_500m
1218,30-110,340.7,promien_500m
1218,30-407,351.2,promien_500m
1218,30-107,366.8,promien_500m
1218,30-208,381.7,promien_500m
1218,30-328,431.9,promien_500m
1218,30-105,436.8,promien_500m
1218,30-103,463.8,promien_500m
1218,30-111,468.4,promien_500m
1218,31-156,469.4,promien_500m
1218,30-204,495.0,promien_500m
1219,30-201,0.0,promien_500m
1219,30-116,40.6,promien_500m
1219,30-209,43.9,promien_500m
1219,30-212,49.0,promien_500m
1219,30-202,52.1,promien_500m
1219,30-213,105.3,promien_500m
1219,30-203,118.7,promien_500m
1219,30-117,124.8,promien_500m
1219,30-119,168.8,promien_500m
1219,30-106,170.5,promien_500m
1219,30-206,214.5,promien_500m
1219,30-114,228.0,promien_500m
1219,30-118,241.7,promien_500m
1219,30-109,242.3,promien_500m
1219,30-407,284.4,promien_500m
1219,31-117,301.9,promien_500m
1219,30-208,330.1,promien_500m
1219,30-323,337.6,promien_500m
1219,30-322,357.7,promien_500m
1219,31-109,371.2,promien_500m
1219,30-110,386.3,promien_500m
1219,30-204,410.6,promien_500m
1219,30-111,439.4,promien_500m
1219,30-107,458.8,promien_500m
1251,30-070,0.0,promien_500m
1251,30-067,57.0,promien_500m
1251,30-133,57.3,promien_500m
1251,30-071,75.0,promien_500m
1251,30-113,76.2,promien_500m
1251,30-150,102.7,promien_500m
1251,30-058,103.3,promien_500m
1251,30-132,123.6,promien_500m
1251,30-732,140.5,promien_500m
1251,30-072,142.1,promien_500m
1251,30-069,166.2,promien_500m
1251,31-202,242.9,promien_500m
1251,30-131,255.2,promien_500m
1251,31-132,291.5,promien_500m
1251,31-127,303.5,promien_500m
1251,30-124,314.7,promien_500m
1251,30-083,314.8,promien_500m
1251,30-073,324.8,promien_500m
1251,30-134,326.9,promien_500m
1251,30-056,335.5,promien_500m
1251,30-084,340.6,promien_500m
1251,30-126,412.8,promien_500m
1251,30-129,429.2,promien_500m
1251,30-123,436.1,promien_500m
1251,30-122,446.2,promien_500m
1251,30-080,459.7,promien_500m
1251,30-055,460.4,promien_500m
1251,30-065,468.4,promien_500m
1251,30-130,468.4,promien_500m
1251,30-128,472.8,promien_500m
1251,31-033,475.1,promien_500m
1251,30-078,476.7,promien_500m
1251,30-127,480.9,promien_500m
1251,30-059,495.1,promien_500m
1252,30-058,0.0,promien_500m
1252,30-069,24.5,promien_500m
1252,30-071,31.1,promien_500m
1252,30-070,39.3,promien_500m
1252,30-133,65.2,promien_500m
1252,30-113,68.7,promien_500m
1252,30-132,91.5,promien_500m
1252,30-067,98.3,promien_500m
1252,31-202,142.7,promien_500m
1252,30-083,190.7,promien_500m
1252,30-084,196.3,promien_500m
1252,30-150,244.6,promien_500m
1252,30-072,250.1,promien_500m
1252,30-124,251.8,promien_500m
1252,30-732,272.6,promien_500m
1252,31-132,278.6,promien_500m
1252,30-056,292.3,promien_500m
1252,30-131,319.5,promien_500m
1252,30-078,331.9,promien_500m
1252,30-080,334.9,promien_500m
1252,30-079,362.8,promien_500m
1252,31-127,365.4,promien_500m
1252,30-123,369.9,promien_500m
1252,30-127,384.0,promien_500m
1252,30-081,388.2,promien_500m
1252,30-085,395.0,promien_500m
1252,30-082,409.5,promien_500m
1252,30-134,410.9,promien_500m
1252,30-122,425.0,promien_500m
1252,30-053,432.9,promien_500m
1252,30-077,449.0,promien_500m
1252,30-073,450.2,promien_500m
1252,30-148,450.5,promien_500m
1252,30-126,451.1,promien_500m
1252,30-055,452.3,promien_500m
1252,30-129,462.2,promien_500m
1252,30-130,489.8,promien_500m
1252,31-045,490.8,promien_500m
1253,30-058,0.0,promien_500m
1253,30-071,9.3,promien_500m
1253,30-069,21.0,promien_500m
1253,30-070,94.9,promien_500m
1253,30-083,115.9,promien_500m
1253,30-133,143.6,promien_500m
1253,30-113,147.1,promien_500m
1253,30-067,154.0,promien_500m
1253,30-084,156.1,promien_500m
1253,30-132,162.3,promien_500m
1253,31-202,193.6,promien_500m
1253,30-056,226.7,promien_500m
1253,30-072,238.6,promien_500m
1253,30-080,262.6,promien_500m
1253,30-124,290.9,promien_500m
1253,30-078,292.3,promien_500m
1253,30-150,302.7,promien_500m
1253,30-732,302.9,promien_500m
1253,30-079,312.8,promien_500m
1253,30-081,343.1,promien_500m
1253,31-132,351.1,promien_500m
1253,30-053,356.9,promien_500m
1253,30-082,366.2,promien_500m
1253,30-055,396.5,promien_500m
1253,30-131,398.0,promien_500m
1253,30-085,411.1,promien_500m
1253,30-127,415.7,promien_500m
1253,30-148,419.0,promien_500m
1253,30-123,422.1,promien_500m
1253,30-052,424.1,promien_500m
1253,30-077,430.8,promien_500m
1253,31-045,436.6,promien_500m
1253,31-127,444.0,promien_500m
1253,30-057,456.8,promien_500m
1253,30-073,463.3,promien_500m
1253,30-122,487.9,promien_500m
1253,30-134,489.3,promien_500m
1253,30-074,496.9,promien_500m
1254,30-058,0.0,promien_500m
1254,30-069,39.6,promien_500m
1254,30-071,52.3,promien_500m
1254,30-083,53.7,promien_500m
1254,30-084,126.1,promien_500m
1254,30-070,157.3,promien_500m
1254,30-067,177.2,promien_500m
1254,30-056,194.2,promien_500m
1254,30-080,200.2,promien_500m
1254,30-133,202.7,promien_500m
1254,30-113,207.5,promien_500m
1254,30-132,214.3,promien_500m
1254,31-202,231.0,promien_500m
1254,30-072,235.7,promien_500m
1254,30-078,252.6,promien_500m
1254,30-079,258.9,promien_500m
1254,30-053,294.6,promien_500m
1254,30-081,298.0,promien_500m
1254,30-124,314.5,promien_500m
1254,30-082,321.9,promien_500m
1254,30-732,353.1,promien_500m
1254,30-150,361.3,promien_500m
1254,30-052,363.8,promien_500m
1254,30-055,378.7,promien_500m
1254,30-148,382.7,promien_500m
1254,31-045,383.7,promien_500m
1254,30-077,398.9,promien_500m
1254,31-132,400.8,promien_500m
1254,30-085,403.0,promien_500m
1254,30-057,404.0,promien_500m
1254,30-127,425.8,promien_500m
1254,30-074,451.4,promien_500m
1254,30-123,452.4,promien_500m
1254,30-131,453.4,promien_500m
1255,30-058,0.0,promien_500m
1255,30-083,25.3,promien_500m
1255,30-069,32.7,promien_500m
1255,30-071,42.9,promien_500m
1255,30-084,143.8,promien_500m
1255,30-056,156.3,promien_500m
1255,30-080,163.1,promien_500m
1255,30-067,170.2,promien_500m
1255,30-070,197.7,promien_500m
1255,30-072,214.9,promien_500m
1255,30-079,241.6,promien_500m
1255,30-133,248.0,promien_500m
1255,30-113,252.2,promien_500m
1255,30-053,253.7,promien_500m
1255,30-078,254.4,promien_500m
1255,30-132,260.9,promien_500m
1255,31-202,276.1,promien_500m
1255,30-081,292.5,promien_500m
1255,30-082,316.9,promien_500m
1255,30-052,319.0,promien_500m
1255,30-055,348.4,promien_500m
1255,30-124,355.1,promien_500m
1255,30-057,357.5,promien_500m
1255,31-045,366.8,promien_500m
1255,30-732,375.5,promien_500m
1255,30-148,384.6,promien_500m
1255,30-150,390.2,promien_500m
1255,30-077,405.0,promien_500m
1255,30-085,426.2,promien_500m
1255,30-074,430.6,promien_500m
1255,31-132,447.4,promien_500m
1255,30-127,459.0,promien_500m
1255,30-059,480.2,promien_500m
1255,30-123,494.6,promien_500m
1256,30-083,0.0,promien_500m
1256,30-058,9.8,promien_500m
1256,30-069,15.4,promien_500m
1256,30-071,56.5,promien_500m
1256,30-080,119.8,promien_500m
1256,30-084,137.9,promien_500m
1256,30-056,143.2,promien_500m
1256,30-067,195.5,promien_500m
1256,30-079,209.2,promien_500m
1256,30-053,210.0,promien_500m
1256,30-072,215.3,promien_500m
1256,30-078,237.8,promien_500m
1256,30-070,241.0,promien_500m
1256,30-081,266.0,promien_500m
1256,30-052,277.6,promien_500m
1256,30-133,289.0,promien_500m
1256,30-082,293.0,promien_500m
1256,30-113,293.7,promien_500m
1256,30-132,298.7,promien_500m
1256,31-202,306.4,promien_500m
1256,30-057,324.3,promien_500m
1256,31-045,333.2,promien_500m
1256,30-055,348.7,promien_500m
1256,30-148,362.6,promien_500m
1256,30-124,375.8,promien_500m
1256,30-077,389.5,promien_500m
1256,30-074,392.7,promien_500m
1256,30-732,416.0,promien_500m
1256,30-085,427.0,promien_500m
1256,30-150,432.0,promien_500m
1256,30-127,470.8,promien_500m
1256,30-049,476.5,promien_500m
1256,31-132,482.8,promien_500m
1256,30-059,487.9,promien_500m
1256,30-076,488.7,promien_500m
1257,30-058,0.0,promien_500m
1257,30-069,30.5,promien_500m
1257,30-071,31.3,promien_500m
1257,30-083,58.2,promien_500m
1257,30-080,81.9,promien_500m
1257,30-056,106.4,promien_500m
1257,30-053,146.0,promien_500m
1257,30-072,179.1,promien_500m
1257,30-084,186.1,promien_500m
1257,30-052,205.1,promien_500m
1257,30-079,207.5,promien_500m
1257,30-067,219.6,promien_500m
1257,30-057,251.4,promien_500m
1257,30-081,252.5,promien_500m
1257,30-078,266.1,promien_500m
1257,30-082,305.6,promien_500m
1257,30-070,310.1,promien_500m
1257,30-055,320.3,promien_500m
1257,31-045,321.3,promien_500m
1257,30-133,362.0,promien_500m
1257,30-074,362.1,promien_500m
1257,30-113,366.2,promien_500m
1257,30-132,373.2,promien_500m
1257,30-148,375.7,promien_500m
1257,31-202,380.0,promien_500m
1257,30-049,405.5,promien_500m
1257,30-077,407.9,promien_500m
1257,30-124,441.1,promien_500m
1257,30-076,458.2,promien_500m
1257,30-732,464.4,promien_500m
1257,30-059,468.4,promien_500m
1257,30-085,474.9,promien_500m
1257,30-150,483.2,promien_500m
1257,31-987,499.3,promien_500m
1258,30-058,0.0,promien_500m
1258,30-071,52.2,promien_500m
1258,30-080,63.4,promien_500m
1258,30-069,65.7,promien_500m
1258,30-056,86.9,promien_500m
1258,30-053,99.6,promien_500m
1258,30-083,102.9,promien_500m
1258,30-052,159.1,promien_500m
1258,30-072,188.1,promien_500m
1258,30-079,191.0,promien_500m
1258,30-084,210.0,promien_500m
1258,30-057,212.5,promien_500m
1258,30-081,234.8,promien_500m
1258,30-078,254.9,promien_500m
1258,30-067,258.6,promien_500m
1258,30-082,302.4,promien_500m
1258,31-045,302.4,promien_500m
1258,30-055,329.4,promien_500m
1258,30-074,330.4,promien_500m
1258,30-070,356.7,promien_500m
1258,30-148,371.0,promien_500m
1258,30-049,373.6,promien_500m
1258,30-077,396.4,promien_500m
1258,30-133,407.5,promien_500m
1258,30-113,412.0,promien_500m
1258,30-132,417.0,promien_500m
1258,31-202,419.7,promien_500m
1258,30-076,426.4,promien_500m
1258,31-987,456.9,promien_500m
1258,30-054,461.2,promien_500m
1258,30-124,471.1,promien_500m
1258,30-045,474.8,promien_500m
1258,30-059,482.1,promien_500m
1258,30-085,491.6,promien_500m
1258,30-040,496.4,promien_500m
1259,30-058,0.0,promien_500m
1259,30-071,2.6,promien_500m
1259,30-056,38.6,promien_500m
1259,30-069,100.7,promien_500m
1259,30-053,108.2,promien_500m
1259,30-080,115.9,promien_500m
1259,30-083,126.1,promien_500m
1259,30-072,139.0,promien_500m
1259,30-052,156.8,promien_500m
1259,30-057,181.6,promien_500m
1259,30-079,222.3,promien_500m
1259,30-067,237.0,promien_500m
1259,30-084,254.8,promien_500m
1259,30-055,277.9,promien_500m
1259,30-081,285.6,promien_500m
1259,30-078,304.3,promien_500m
1259,30-049,334.6,promien_500m
1259,31-045,352.3,promien_500m
1259,30-082,355.2,promien_500m
1259,30-070,365.6,promien_500m
1259,30-074,372.1,promien_500m
1259,30-133,423.0,promien_500m
1259,30-148,423.7,promien_500m
1259,30-113,425.5,promien_500m
1259,30-059,433.0,promien_500m
1259,31-987,435.5,promien_500m
1259,30-132,438.0,promien_500m
1259,30-054,438.2,promien_500m
1259,30-077,448.2,promien_500m
1259,31-202,449.2,promien_500m
1259,30-076,467.4,promien_500m
1259,30-045,470.2,promien_500m
1259,30-732,494.3,promien_500m
1260,30-071,0.0,promien_500m
1260,30-056,18.1,promien_500m
1260,30-058,61.8,promien_500m
1260,30-072,90.0,promien_500m
1260,30-069,104.3,promien_500m
1260,30-083,114.8,promien_500m
1260,30-067,145.6,promien_500m
1260,30-080,178.4,promien_500m
1260,30-053,199.9,promien_500m
1260,30-055,226.1,promien_500m
1260,30-057,240.6,promien_500m
1260,30-052,246.2,promien_500m
1260,30-079,258.8,promien_500m
1260,30-084,263.3,promien_500m
1260,30-070,293.5,promien_500m
1260,30-081,349.9,promien_500m
1260,30-078,356.5,promien_500m
1260,30-113,362.4,promien_500m
1260,30-133,362.8,promien_500m
1260,30-059,371.7,promien_500m
1260,30-049,377.1,promien_500m
1260,30-132,385.8,promien_500m
1260,30-082,401.4,promien_500m
1260,30-732,404.7,promien_500m
1260,31-202,411.1,promien_500m
1260,31-045,418.6,promien_500m
1260,30-150,426.7,promien_500m
1260,30-074,453.2,promien_500m
1260,30-065,464.1,promien_500m
1260,30-148,471.6,promien_500m
1260,30-073,487.2,promien_500m
1260,30-054,489.4,promien_500m
1260,30-124,494.0,promien_500m
1261,30-058,0.0,promien_500m
1261,30-053,45.8,promien_500m
1261,30-071,61.8,promien_500m
1261,30-056,63.8,promien_500m
1261,30-069,65.0,promien_500m
1261,30-080,69.6,promien_500m
1261,30-052,103.1,promien_500m
1261,30-083,158.8,promien_500m
1261,30-057,160.9,promien_500m
1261,30-079,178.6,promien_500m
1261,30-072,196.8,promien_500m
1261,30-081,226.7,promien_500m
1261,30-078,248.9,promien_500m
1261,30-084,251.0,promien_500m
1261,31-045,297.6,promien_500m
1261,30-082,301.4,promien_500m
1261,30-067,303.7,promien_500m
1261,30-074,306.1,promien_500m
1261,30-049,332.7,promien_500m
1261,30-055,334.6,promien_500m
1261,30-148,382.2,promien_500m
1261,30-077,398.9,promien_500m
1261,30-076,400.6,promien_500m
1261,31-987,403.6,promien_500m
1261,30-054,408.4,promien_500m
1261,30-070,412.5,promien_500m
1261,30-045,418.9,promien_500m
1261,30-040,444.1,promien_500m
1261,30-133,463.4,promien_500m
1261,30-113,468.0,promien_500m
1261,30-132,472.3,promien_500m
1261,31-202,472.5,promien_500m
1261,30-059,477.4,promien_500m
1261,30-075,490.4,promien_500m
1261,30-051,496.6,promien_500m
1262,30-058,0.0,promien_500m
1262,30-053,31.2,promien_500m
1262,30-056,51.3,promien_500m
1262,30-071,53.6,promien_500m
1262,30-069,70.2,promien_500m
1262,30-080,83.9,promien_500m
1262,30-052,84.0,promien_500m
1262,30-057,138.3,promien_500m
1262,30-079,166.4,promien_500m
1262,30-083,179.0,promien_500m
1262,30-072,184.4,promien_500m
1262,30-081,233.1,promien_500m
1262,30-078,261.7,promien_500m
1262,30-084,273.4,promien_500m
1262,31-045,310.3,promien_500m
1262,30-049,310.7,promien_500m
1262,30-082,310.7,promien_500m
1262,30-074,311.1,promien_500m
1262,30-067,314.0,promien_500m
1262,30-055,320.1,promien_500m
1262,31-987,381.4,promien_500m
1262,30-054,386.1,promien_500m
1262,30-148,399.3,promien_500m
1262,30-045,400.3,promien_500m
1262,30-076,404.3,promien_500m
1262,30-077,413.5,promien_500m
1262,30-040,431.2,promien_500m
1262,30-070,431.2,promien_500m
1262,30-059,461.0,promien_500m
1262,30-051,475.7,promien_500m
1262,30-133,483.5,promien_500m
1262,30-048,486.7,promien_500m
1262,30-075,486.9,promien_500m
1262,30-113,487.8,promien_500m
1262,30-132,493.3,promien_500m
1262,31-202,494.7,promien_500m
1263,30-052,0.0,promien_500m
1263,30-053,1.2,promien_500m
1263,30-058,12.4,promien_500m
1263,30-079,73.4,promien_500m
1263,30-069,80.1,promien_500m
1263,30-057,81.7,promien_500m
1263,30-056,112.7,promien_500m
1263,30-071,126.7,promien_500m
1263,30-080,127.8,promien_500m
1263,30-072,206.3,promien_500m
1263,30-081,215.8,promien_500m
1263,30-078,268.0,promien_500m
1263,30-049,270.5,promien_500m
1263,30-083,271.3,promien_500m
1263,30-074,282.2,promien_500m
1263,30-082,297.7,promien_500m
1263,31-987,300.8,promien_500m
1263,31-045,303.7,promien_500m
1263,30-045,306.3,promien_500m
1263,30-054,307.5,promien_500m
1263,30-055,319.8,promien_500m
1263,30-084,340.7,promien_500m
1263,30-040,340.8,promien_500m
1263,30-076,365.9,promien_500m
1263,30-051,386.4,promien_500m
1263,30-048,393.3,promien_500m
1263,30-067,403.2,promien_500m
1263,30-148,416.9,promien_500m
1263,30-075,420.5,promien_500m
1263,30-077,422.9,promien_500m
1263,30-059,464.4,promien_500m
1265,30-053,0.0,promien_500m
1265,30-052,10.7,promien_500m
1265,30-058,42.4,promien_500m
1265,30-079,49.8,promien_500m
1265,30-069,55.1,promien_500m
1265,30-057,99.5,promien_500m
1265,30-080,132.9,promien_500m
1265,30-056,142.9,promien_500m
1265,30-071,154.9,promien_500m
1265,30-081,188.9,promien_500m
1265,30-072,232.3,promien_500m
1265,30-078,253.3,promien_500m
1265,30-074,257.7,promien_500m
1265,30-082,276.4,promien_500m
1265,31-045,284.0,promien_500m
1265,30-049,286.6,promien_500m
1265,30-083,288.3,promien_500m
1265,30-045,288.8,promien_500m
1265,31-987,298.0,promien_500m
1265,30-054,306.0,promien_500m
1265,30-040,314.3,promien_500m
1265,30-076,339.0,promien_500m
1265,30-055,344.7,promien_500m
1265,30-084,344.8,promien_500m
1265,30-051,371.9,promien_500m
1265,30-048,377.1,promien_500m
1265,30-075,390.4,promien_500m
1265,30-148,401.8,promien_500m
1265,30-077,406.0,promien_500m
1265,30-067,430.1,promien_500m
1265,30-059,488.9,promien_500m
1266,30-069,0.0,promien_500m
1266,30-053,6.2,promien_500m
1266,30-079,50.2,promien_500m
1266,30-052,81.5,promien_500m
1266,30-081,113.8,promien_500m
1266,30-058,115.2,promien_500m
1266,30-080,138.9,promien_500m
1266,30-057,150.2,promien_500m
1266,30-074,181.3,promien_500m
1266,30-078,195.9,promien_500m
1266,30-082,205.0,promien_500m
1266,30-056,209.6,promien_500m
1266,30-071,215.0,promien_500m
1266,31-045,215.4,promien_500m
1266,30-076,261.8,promien_500m
1266,30-045,276.8,promien_500m
1266,30-040,279.6,promien_500m
1266,30-083,304.6,promien_500m
1266,30-072,309.4,promien_500m
1266,30-075,321.4,promien_500m
1266,30-084,329.5,promien_500m
1266,31-987,338.7,promien_500m
1266,30-148,340.3,promien_500m
1266,30-077,341.1,promien_500m
1266,30-054,349.0,promien_500m
1266,30-049,357.1,promien_500m
1266,30-048,378.9,promien_500m
1266,30-051,379.2,promien_500m
1266,30-055,421.7,promien_500m
1266,30-067,477.2,promien_500m
1267,30-069,0.0,promien_500m
1267,30-080,32.2,promien_500m
1267,30-079,44.2,promien_500m
1267,30-058,63.9,promien_500m
1267,30-053,73.3,promien_500m
1267,30-081,100.8,promien_500m
1267,30-078,115.7,promien_500m
1267,30-052,162.1,promien_500m
1267,31-045,164.2,promien_500m
1267,30-082,167.8,promien_500m
1267,30-074,180.9,promien_500m
1267,30-083,195.6,promien_500m
1267,30-071,195.7,promien_500m
1267,30-056,196.8,promien_500m
1267,30-084,199.5,promien_500m
1267,30-057,244.7,promien_500m
1267,30-148,259.2,promien_500m
1267,30-077,268.7,promien_500m
1267,30-076,277.0,promien_500m
1267,30-072,330.2,promien_500m
1267,30-075,391.5,promien_500m
1267,30-040,400.5,promien_500m
1267,30-067,401.0,promien_500m
1267,30-045,402.5,promien_500m
1267,30-070,421.8,promien_500m
1267,30-049,433.2,promien_500m
1267,30-085,436.4,promien_500m
1267,31-987,454.9,promien_500m
1267,31-202,460.6,promien_500m
1267,30-055,462.7,promien_500m
1267,30-054,463.5,promien_500m
1267,30-124,465.2,promien_500m
1267,30-133,481.3,promien_500m
1267,30-132,481.4,promien_500m
1267,30-113,494.9,promien_500m
1268,30-069,0.0,promien_500m
1268,30-080,18.9,promien_500m
1268,30-079,47.7,promien_500m
1268,30-058,84.9,promien_500m
1268,30-081,95.4,promien_500m
1268,30-084,111.8,promien_500m
1268,30-078,122.0,promien_500m
1268,30-053,141.0,promien_500m
1268,30-083,141.1,promien_500m
1268,30-082,150.9,promien_500m
1268,31-045,163.5,promien_500m
1268,30-071,192.4,promien_500m
1268,30-148,219.0,promien_500m
1268,30-074,223.5,promien_500m
1268,30-056,228.7,promien_500m
1268,30-052,235.9,promien_500m
1268,30-077,247.0,promien_500m
1268,30-057,312.0,promien_500m
1268,30-076,320.3,promien_500m
1268,30-072,337.0,promien_500m
1268,30-067,341.1,promien_500m
1268,30-070,342.6,promien_500m
1268,30-085,361.6,promien_500m
1268,31-202,374.3,promien_500m
1268,30-124,378.6,promien_500m
1268,30-132,398.6,promien_500m
1268,30-133,399.6,promien_500m
1268,30-113,417.3,promien_500m
1268,30-127,443.7,promien_500m
1268,30-075,455.7,promien_500m
1268,30-055,479.4,promien_500m
1268,30-040,485.4,promien_500m
1268,30-045,489.0,promien_500m
1268,30-049,495.7,promien_500m
1269,30-069,0.0,promien_500m
1269,30-084,49.0,promien_500m
1269,30-083,70.8,promien_500m
1269,30-080,77.5,promien_500m
1269,30-058,92.4,promien_500m
1269,30-079,111.1,promien_500m
1269,30-078,126.8,promien_500m
1269,30-081,157.5,promien_500m
1269,30-071,167.5,promien_500m
1269,30-082,181.9,promien_500m
1269,30-053,203.2,promien_500m
1269,31-045,235.6,promien_500m
1269,30-056,243.9,promien_500m
1269,30-148,251.0,promien_500m
1269,30-067,268.4,promien_500m
1269,30-077,278.1,promien_500m
1269,31-202,288.8,promien_500m
1269,30-070,290.4,promien_500m
1269,30-052,293.4,promien_500m
1269,30-074,307.0,promien_500m
1269,30-132,308.7,promien_500m
1269,30-133,309.2,promien_500m
1269,30-124,313.8,promien_500m
1269,30-072,318.9,promien_500m
1269,30-113,326.5,promien_500m
1269,30-085,331.4,promien_500m
1269,30-057,362.2,promien_500m
1269,30-127,394.2,promien_500m
1269,30-076,399.2,promien_500m
1269,30-055,456.0,promien_500m
1269,30-123,457.0,promien_500m
1269,31-132,474.5,promien_500m
1270,30-079,0.0,promien_500m
1270,30-069,2.3,promien_500m
1270,30-078,15.7,promien_500m
1270,30-081,27.9,promien_500m
1270,30-084,48.6,promien_500m
1270,30-082,52.2,promien_500m
1270,30-148,122.0,promien_500m
1270,30-080,125.8,promien_500m
1270,31-045,129.1,promien_500m
1270,30-077,160.6,promien_500m
1270,30-074,180.0,promien_500m
1270,30-058,189.1,promien_500m
1270,30-083,200.5,promien_500m
1270,30-053,243.4,promien_500m
1270,30-070,246.7,promien_500m
1270,30-085,261.0,promien_500m
1270,30-076,275.5,promien_500m
1270,30-067,282.5,promien_500m
1270,30-071,286.4,promien_500m
1270,30-124,306.9,promien_500m
1270,30-056,335.8,promien_500m
1270,30-052,337.0,promien_500m
1270,31-202,341.3,promien_500m
1270,30-127,353.8,promien_500m
1270,30-132,382.9,promien_500m
1270,30-133,387.8,promien_500m
1270,30-057,415.6,promien_500m
1270,30-113,418.3,promien_500m
1270,30-072,434.9,promien_500m
1270,30-123,439.1,promien_500m
1270,30-075,465.3,promien_500m
1271,30-079,0.0,promien_500m
1271,30-081,9.6,promien_500m
1271,30-078,12.4,promien_500m
1271,30-069,52.0,promien_500m
1271,31-045,59.8,promien_500m
1271,30-082,70.5,promien_500m
1271,30-074,100.9,promien_500m
1271,30-080,105.5,promien_500m
1271,30-053,121.4,promien_500m
1271,30-148,161.2,promien_500m
1271,30-058,168.1,promien_500m
1271,30-077,168.1,promien_500m
1271,30-084,182.7,promien_500m
1271,30-076,197.9,promien_500m
1271,30-052,248.4,promien_500m
1271,30-083,263.3,promien_500m
1271,30-071,298.6,promien_500m
1271,30-056,301.3,promien_500m
1271,30-057,315.5,promien_500m
1271,30-075,340.6,promien_500m
1271,30-070,363.5,promien_500m
1271,30-085,378.6,promien_500m
1271,30-040,404.9,promien_500m
1271,30-045,415.0,promien_500m
1271,30-067,416.3,promien_500m
1271,30-072,434.7,promien_500m
1271,30-124,440.8,promien_500m
1271,31-202,469.2,promien_500m
1271,30-127,480.8,promien_500m
1272,30-079,0.0,promien_500m
1272,30-053,13.1,promien_500m
1272,30-081,16.4,promien_500m
1272,30-069,53.6,promien_500m
1272,30-074,75.8,promien_500m
1272,30-082,103.4,promien_500m
1272,30-078,116.5,promien_500m
1272,31-045,120.9,promien_500m
1272,30-076,159.5,promien_500m
1272,30-080,170.3,promien_500m
1272,30-058,181.3,promien_500m
1272,30-052,183.2,promien_500m
1272,30-057,202.6,promien_500m
1272,30-077,248.2,promien_500m
1272,30-075,252.5,promien_500m
1272,30-148,252.7,promien_500m
1272,30-040,285.4,promien_500m
1272,30-045,295.3,promien_500m
1272,30-056,296.5,promien_500m
1272,30-071,300.3,promien_500m
1272,30-084,301.5,promien_500m
1272,30-083,334.7,promien_500m
1272,30-072,413.7,promien_500m
1272,30-048,418.3,promien_500m
1272,31-987,424.7,promien_500m
1272,30-054,431.7,promien_500m
1272,30-051,431.9,promien_500m
1272,30-017,439.6,promien_500m
1272,30-049,461.8,promien_500m
1272,30-012,466.2,promien_500m
1272,30-043,469.0,promien_500m
1272,30-070,480.4,promien_500m
1272,30-042,485.2,promien_500m
1272,30-085,495.9,promien_500m
1273,30-053,0.0,promien_500m
1273,30-079,22.4,promien_500m
1273,30-081,30.0,promien_500m
1273,30-069,61.7,promien_500m
1273,30-074,96.2,promien_500m
1273,30-082,134.1,promien_500m
1273,30-078,151.2,promien_500m
1273,31-045,155.6,promien_500m
1273,30-052,159.0,promien_500m
1273,30-057,167.0,promien_500m
1273,30-076,172.8,promien_500m
1273,30-080,185.4,promien_500m
1273,30-058,186.0,promien_500m
1273,30-075,241.4,promien_500m
1273,30-040,252.5,promien_500m
1273,30-045,261.6,promien_500m
1273,30-077,282.3,promien_500m
1273,30-148,287.8,promien_500m
1273,30-056,293.9,promien_500m
1273,30-071,298.6,promien_500m
1273,30-084,334.9,promien_500m
1273,30-083,353.3,promien_500m
1273,30-048,383.2,promien_500m
1273,31-987,391.3,promien_500m
1273,30-051,395.9,promien_500m
1273,30-054,396.3,promien_500m
1273,30-072,398.0,promien_500m
1273,30-017,431.3,promien_500m
1273,30-049,438.0,promien_500m
1273,30-012,453.8,promien_500m
1273,30-042,458.5,promien_500m
1273,30-043,461.8,promien_500m
13,31-506,0.0,promien_500m
13,31-512,19.3,promien_500m
13,31-505,47.9,promien_500m
13,31-509,48.0,promien_500m
13,31-511,49.4,promien_500m
13,31-510,71.8,promien_500m
13,31-504,144.4,promien_500m
13,31-503,166.7,promien_500m
13,31-508,222.3,promien_500m
13,31-501,265.5,promien_500m
13,31-516,271.3,promien_500m
13,31-514,331.5,promien_500m
13,31-034,350.2,promien_500m
13,31-001,353.8,promien_500m
13,31-154,364.4,promien_500m
13,31-404,382.2,promien_500m
13,31-547,445.0,promien_500m
13,31-531,451.2,promien_500m
13,31-525,467.7,promien_500m
13,31-518,491.5,promien_500m
1301,30-085,0.0,promien_500m
1301,30-070,10.8,promien_500m
1301,30-127,25.2,promien_500m
1301,30-124,30.4,promien_500m
1301,30-084,48.4,promien_500m
1301,30-069,90.9,promien_500m
1301,30-067,122.0,promien_500m
1301,30-123,122.9,promien_500m
1301,30-078,149.9,promien_500m
1301,30-077,174.7,promien_500m
1301,31-045,205.8,promien_500m
1301,31-202,233.2,promien_500m
1301,30-132,246.3,promien_500m
1301,30-148,252.0,promien_500m
1301,30-122,274.7,promien_500m
1301,30-082,281.9,promien_500m
1301,30-087,283.3,promien_500m
1301,30-079,324.7,promien_500m
1301,31-132,328.9,promien_500m
1301,30-081,330.9,promien_500m
1301,30-133,347.7,promien_500m
1301,30-058,352.4,promien_500m
1301,30-131,360.3,promien_500m
1301,30-074,389.1,promien_500m
1301,30-130,392.8,promien_500m
1301,30-076,395.6,promien_500m
1301,30-086,403.1,promien_500m
1301,30-113,405.3,promien_500m
1301,30-091,420.1,promien_500m
1301,30-071,427.3,promien_500m
1301,30-083,430.2,promien_500m
1301,30-080,444.3,promien_500m
1301,30-129,465.1,promien_500m
1301,30-092,472.2,promien_500m
1301,30-126,482.9,promien_500m
1301,31-127,487.9,promien_500m
1302,30-070,0.0,promien_500m
1302,30-085,27.0,promien_500m
1302,30-069,45.1,promien_500m
1302,30-127,57.2,promien_500m
1302,30-124,59.3,promien_500m
1302,30-084,61.4,promien_500m
1302,30-067,92.9,promien_500m
1302,30-078,121.0,promien_500m
1302,30-123,150.8,promien_500m
1302,30-077,152.1,promien_500m
1302,31-202,207.0,promien_500m
1302,30-148,222.0,promien_500m
1302,30-132,238.9,promien_500m
1302,31-045,247.4,promien_500m
1302,30-082,248.6,promien_500m
1302,30-079,281.1,promien_500m
1302,30-081,290.4,promien_500m
1302,30-122,296.8,promien_500m
1302,30-133,319.0,promien_500m
1302,30-058,319.7,promien_500m
1302,31-132,325.9,promien_500m
1302,30-087,330.1,promien_500m
1302,30-074,358.9,promien_500m
1302,30-131,369.6,promien_500m
1302,30-113,375.9,promien_500m
1302,30-083,383.8,promien_500m
1302,30-076,386.7,promien_500m
1302,30-071,387.3,promien_500m
1302,30-080,397.9,promien_500m
1302,30-130,432.1,promien_500m
1302,30-086,441.2,promien_500m
1302,30-091,461.6,promien_500m
1302,30-129,478.7,promien_500m
1302,31-127,486.5,promien_500m
1302,30-126,493.4,promien_500m
1303,30-078,0.0,promien_500m
1303,30-084,9.4,promien_500m
1303,30-069,36.7,promien_500m
1303,30-079,89.3,promien_500m
1303,30-082,96.7,promien_500m
1303,30-081,100.2,promien_500m
1303,30-148,106.9,promien_500m
1303,30-077,111.9,promien_500m
1303,30-070,142.6,promien_500m
1303,30-085,158.4,promien_500m
1303,30-067,199.9,promien_500m
1303,31-045,208.5,promien_500m
1303,30-074,210.1,promien_500m
1303,30-124,212.8,promien_500m
1303,30-080,219.1,promien_500m
1303,30-058,236.1,promien_500m
1303,30-083,245.8,promien_500m
1303,30-127,249.2,promien_500m
1303,31-202,271.5,promien_500m
1303,30-076,297.8,promien_500m
1303,30-071,326.9,promien_500m
1303,30-132,335.1,promien_500m
1303,30-123,336.8,promien_500m
1303,30-133,342.2,promien_500m
1303,30-053,343.9,promien_500m
1303,30-113,384.2,promien_500m
1303,30-056,423.5,promien_500m
1303,30-052,438.6,promien_500m
1303,31-132,442.4,promien_500m
1303,30-122,469.3,promien_500m
1304,30-081,0.0,promien_500m
1304,30-079,7.1,promien_500m
1304,30-053,44.0,promien_500m
1304,30-074,46.4,promien_500m
1304,30-082,68.3,promien_500m
1304,30-069,69.4,promien_500m
1304,30-078,80.5,promien_500m
1304,31-045,85.0,promien_500m
1304,30-076,138.5,promien_500m
1304,30-080,172.9,promien_500m
1304,30-058,196.9,promien_500m
1304,30-077,212.1,promien_500m
1304,30-148,217.1,promien_500m
1304,30-052,217.5,promien_500m
1304,30-057,237.7,promien_500m
1304,30-075,254.4,promien_500m
1304,30-084,277.5,promien_500m
1304,30-040,312.0,promien_500m
1304,30-056,316.4,promien_500m
1304,30-071,319.5,promien_500m
1304,30-045,322.9,promien_500m
1304,30-083,333.2,promien_500m
1304,30-017,436.3,promien_500m
1304,30-072,441.1,promien_500m
1304,30-048,448.4,promien_500m
1304,30-070,449.1,promien_500m
1304,31-987,460.9,promien_500m
1304,30-043,464.4,promien_500m
1304,30-085,464.7,promien_500m
1304,30-051,465.1,promien_500m
1304,30-054,467.0,promien_500m
1304,30-012,467.2,promien_500m
1304,30-049,495.1,promien_500m
1305,30-053,0.0,promien_500m
1305,30-081,31.4,promien_500m
1305,30-074,44.3,promien_500m
1305,30-079,68.2,promien_500m
1305,30-078,80.0,promien_500m
1305,30-076,86.3,promien_500m
1305,30-082,91.7,promien_500m
1305,31-045,142.1,promien_500m
1305,30-069,142.2,promien_500m
1305,30-075,165.2,promien_500m
1305,30-057,204.3,promien_500m
1305,30-052,215.1,promien_500m
1305,30-040,248.1,promien_500m
1305,30-077,250.2,promien_500m
1305,30-080,259.3,promien_500m
1305,30-045,261.5,promien_500m
1305,30-148,262.1,promien_500m
1305,30-058,270.4,promien_500m
1305,30-017,350.1,promien_500m
1305,30-084,359.2,promien_500m
1305,30-012,378.6,promien_500m
1305,30-043,379.2,promien_500m
1305,30-056,382.7,promien_500m
1305,30-071,387.1,promien_500m
1305,30-048,391.9,promien_500m
1305,30-042,418.4,promien_500m
1305,30-023,421.1,promien_500m
1305,30-083,421.2,promien_500m
1305,30-051,421.9,promien_500m
1305,30-054,439.3,promien_500m
1305,31-987,447.4,promien_500m
1305,30-019,447.5,promien_500m
1305,30-072,486.6,promien_500m
1306,30-082,0.0,promien_500m
1306,30-074,4.4,promien_500m
1306,30-078,15.2,promien_500m
1306,30-076,49.7,promien_500m
1306,30-053,52.2,promien_500m
1306,30-081,54.9,promien_500m
1306,31-045,83.9,promien_500m
1306,30-079,120.9,promien_500m
1306,30-077,149.0,promien_500m
1306,30-148,164.7,promien_500m
1306,30-069,177.6,promien_500m
1306,30-075,215.1,promien_500m
1306,30-080,258.0,promien_500m
1306,30-084,302.0,promien_500m
1306,30-058,303.7,promien_500m
1306,30-052,307.6,promien_500m
1306,30-057,310.8,promien_500m
1306,30-040,350.3,promien_500m
1306,30-045,364.6,promien_500m
1306,30-017,368.9,promien_500m
1306,30-043,390.6,promien_500m
1306,30-023,399.8,promien_500m
1306,30-012,410.3,promien_500m
1306,30-083,416.8,promien_500m
1306,30-070,425.5,promien_500m
1306,30-056,428.5,promien_500m
1306,30-071,431.1,promien_500m
1306,30-085,435.5,promien_500m
1306,30-019,481.5,promien_500m
1306,30-042,492.4,promien_500m
1306,30-048,495.6,promien_500m
1307,30-082,0.0,promien_500m
1307,30-078,28.8,promien_500m
1307,30-148,29.4,promien_500m
1307,30-074,30.5,promien_500m
1307,30-077,32.3,promien_500m
1307,31-045,52.1,promien_500m
1307,30-081,56.4,promien_500m
1307,30-079,105.1,promien_500m
1307,30-076,125.3,promien_500m
1307,30-069,151.5,promien_500m
1307,30-084,182.7,promien_500m
1307,30-053,189.0,promien_500m
1307,30-080,219.4,promien_500m
1307,30-070,281.4,promien_500m
1307,30-085,297.6,promien_500m
1307,30-058,298.9,promien_500m
1307,30-083,346.1,promien_500m
1307,30-075,357.0,promien_500m
1307,30-052,383.2,promien_500m
1307,30-067,394.4,promien_500m
1307,30-124,402.2,promien_500m
1307,30-127,411.2,promien_500m
1307,30-071,413.2,promien_500m
1307,30-057,425.3,promien_500m
1307,30-056,432.4,promien_500m
1307,31-202,465.9,promien_500m
1307,30-040,483.8,promien_500m
1307,30-023,485.5,promien_500m
1307,30-045,496.8,promien_500m
1307,30-017,497.7,promien_500m
1308,30-148,0.0,promien_500m
1308,30-082,13.5,promien_500m
1308,30-077,33.1,promien_500m
1308,30-078,43.9,promien_500m
1308,30-074,67.8,promien_500m
1308,30-081,68.8,promien_500m
1308,30-079,112.6,promien_500m
1308,31-045,118.1,promien_500m
1308,30-069,134.0,promien_500m
1308,30-084,151.4,promien_500m
1308,30-076,153.7,promien_500m
1308,30-070,214.8,promien_500m
1308,30-085,230.9,promien_500m
1308,30-080,242.6,promien_500m
1308,30-053,255.5,promien_500m
1308,30-058,320.2,promien_500m
1308,30-067,338.4,promien_500m
1308,30-083,340.5,promien_500m
1308,30-124,343.2,promien_500m
1308,30-127,345.3,promien_500m
1308,31-202,415.4,promien_500m
1308,30-075,421.3,promien_500m
1308,30-071,424.1,promien_500m
1308,30-052,428.8,promien_500m
1308,30-123,442.9,promien_500m
1308,30-056,459.9,promien_500m
1308,30-132,480.4,promien_500m
1308,30-057,486.6,promien_500m
1308,30-133,487.2,promien_500m
1308,30-086,493.3,promien_500m
1309,30-076,0.0,promien_500m
1309,30-074,29.6,promien_500m
1309,30-078,59.0,promien_500m
1309,30-082,108.0,promien_500m
1309,30-053,108.7,promien_500m
1309,30-079,126.3,promien_500m
1309,30-077,145.9,promien_500m
1309,30-075,168.6,promien_500m
1309,30-081,178.9,promien_500m
1309,31-045,190.7,promien_500m
1309,30-148,230.4,promien_500m
1309,30-017,275.1,promien_500m
1309,30-023,275.9,promien_500m
1309,30-043,278.8,promien_500m
1309,30-069,299.8,promien_500m
1309,30-052,309.8,promien_500m
1309,30-012,319.4,promien_500m
1309,30-057,366.2,promien_500m
1309,30-040,376.0,promien_500m
1309,30-080,381.7,promien_500m
1309,30-019,388.3,promien_500m
1309,30-045,392.2,promien_500m
1309,30-084,405.1,promien_500m
1309,30-058,427.1,promien_500m
1309,30-042,450.8,promien_500m
1309,30-085,458.0,promien_500m
1309,30-070,486.4,promien_500m
1309,30-035,497.4,promien_500m
1310,30-081,0.0,promien_500m
1310,30-079,19.0,promien_500m
1310,30-078,28.1,promien_500m
1310,30-082,35.4,promien_500m
1310,31-045,38.2,promien_500m
1310,30-069,66.3,promien_500m
1310,30-148,118.2,promien_500m
1310,30-074,120.8,promien_500m
1310,30-080,122.0,promien_500m
1310,30-077,128.2,promien_500m
1310,30-084,143.9,promien_500m
1310,30-053,169.0,promien_500m
1310,30-058,201.3,promien_500m
1310,30-076,202.8,promien_500m
1310,30-083,262.9,promien_500m
1310,30-052,294.8,promien_500m
1310,30-070,313.9,promien_500m
1310,30-071,318.1,promien_500m
1310,30-085,329.1,promien_500m
1310,30-056,334.6,promien_500m
1310,30-057,365.4,promien_500m
1310,30-075,368.7,promien_500m
1310,30-067,377.5,promien_500m
1310,30-124,398.4,promien_500m
1310,30-127,433.1,promien_500m
1310,31-202,437.8,promien_500m
1310,30-040,450.1,promien_500m
1310,30-072,458.8,promien_500m
1310,30-045,460.8,promien_500m
1310,30-132,477.6,promien_500m
1310,30-133,482.1,promien_500m
1351,31-548,0.0,promien_500m
1351,31-564,19.7,promien_500m
1351,31-543,33.2,promien_500m
1351,31-552,112.9,promien_500m
1351,31-553,115.6,promien_500m
1351,31-559,185.1,promien_500m
1351,31-542,292.9,promien_500m
1351,31-560,326.8,promien_500m
1351,31-531,354.7,promien_500m
1351,31-563,423.3,promien_500m
1351,31-566,430.8,promien_500m
1351,31-120,449.2,promien_500m
1351,31-541,469.6,promien_500m
1352,31-553,0.0,promien_500m
1352,31-564,26.8,promien_500m
1352,31-559,58.9,promien_500m
1352,31-552,106.2,promien_500m
1352,31-548,116.6,promien_500m
1352,31-543,124.5,promien_500m
1352,31-560,149.6,promien_500m
1352,31-566,252.3,promien_500m
1352,31-563,258.6,promien_500m
1352,31-567,375.0,promien_500m
1352,31-531,435.2,promien_500m
1352,30-567,447.4,promien_500m
1352,31-542,466.6,promien_500m
1353,31-553,0.0,promien_500m
1353,31-559,9.1,promien_500m
1353,31-552,60.0,promien_500m
1353,31-564,82.6,promien_500m
1353,31-543,102.1,promien_500m
1353,31-560,136.6,promien_500m
1353,31-548,167.5,promien_500m
1353,31-566,240.5,promien_500m
1353,31-563,304.5,promien_500m
1353,31-567,330.6,promien_500m
1353,31-531,378.6,promien_500m
1353,30-567,389.4,promien_500m
1353,31-542,450.5,promien_500m
1354,31-559,0.0,promien_500m
1354,31-553,45.1,promien_500m
1354,31-560,83.7,promien_500m
1354,31-552,88.2,promien_500m
1354,31-564,105.7,promien_500m
1354,31-543,151.2,promien_500m
1354,31-566,197.5,promien_500m
1354,31-548,221.7,promien_500m
1354,31-567,276.2,promien_500m
1354,31-563,300.2,promien_500m
1354,30-567,334.1,promien_500m
1354,31-531,392.0,promien_500m
1354,31-542,487.5,promien_500m
1355,31-559,0.0,promien_500m
1355,31-553,46.5,promien_500m
1355,31-560,63.0,promien_500m
1355,31-564,73.8,promien_500m
1355,31-552,134.7,promien_500m
1355,31-566,157.5,promien_500m
1355,31-543,185.3,promien_500m
1355,31-548,232.3,promien_500m
1355,31-563,249.4,promien_500m
1355,31-567,259.7,promien_500m
1355,30-567,332.4,promien_500m
1355,31-531,443.9,promien_500m
1356,31-559,0.0,promien_500m
1356,31-564,19.2,promien_500m
1356,31-560,54.2,promien_500m
1356,31-553,74.3,promien_500m
1356,31-566,81.5,promien_500m
1356,31-563,108.2,promien_500m
1356,31-548,245.8,promien_500m
1356,31-552,267.1,promien_500m
1356,31-567,284.5,promien_500m
1356,31-543,296.8,promien_500m
1356,30-567,384.8,promien_500m
1357,31-560,0.0,promien_500m
1357,31-559,15.7,promien_500m
1357,31-564,66.0,promien_500m
1357,31-566,85.2,promien_500m
1357,31-553,106.5,promien_500m
1357,31-563,187.9,promien_500m
1357,31-552,215.5,promien_500m
1357,31-567,224.7,promien_500m
1357,31-543,262.0,promien_500m
1357,31-548,276.0,promien_500m
1357,30-567,316.4,promien_500m
1358,31-560,0.0,promien_500m
1358,31-559,44.0,promien_500m
1358,31-566,71.0,promien_500m
1358,31-567,148.7,promien_500m
1358,31-564,149.4,promien_500m
1358,31-553,157.7,promien_500m
1358,31-552,225.7,promien_500m
1358,30-567,232.8,promien_500m
1358,31-563,260.3,promien_500m
1358,31-543,290.1,promien_500m
1358,31-548,341.7,promien_500m
1359,31-560,0.0,promien_500m
1359,31-559,17.4,promien_500m
1359,31-566,153.6,promien_500m
1359,31-553,162.8,promien_500m
1359,31-567,175.7,promien_500m
1359,31-552,182.2,promien_500m
1359,31-564,204.7,promien_500m
1359,30-567,216.9,promien_500m
1359,31-543,257.9,promien_500m
1359,31-548,334.1,promien_500m
1359,31-563,345.5,promien_500m
1359,31-531,420.3,promien_500m
1360,31-553,0.0,promien_500m
1360,31-548,10.8,promien_500m
1360,31-564,53.6,promien_500m
1360,31-543,143.3,promien_500m
1360,31-559,206.4,promien_500m
1360,31-552,211.8,promien_500m
1360,31-560,291.4,promien_500m
1360,31-563,307.9,promien_500m
1360,31-120,346.8,promien_500m
1360,31-542,351.7,promien_500m
1360,31-566,355.8,promien_500m
1360,31-545,438.1,promien_500m
1361,31-553,0.0,promien_500m
1361,31-564,160.8,promien_500m
1361,31-548,180.8,promien_500m
1361,31-120,183.4,promien_500m
1361,31-543,195.8,promien_500m
1361,31-545,247.4,promien_500m
1361,31-563,289.8,promien_500m
1361,31-559,340.7,promien_500m
1361,31-542,374.2,promien_500m
1361,31-546,398.5,promien_500m
1361,31-552,402.7,promien_500m
1361,31-560,433.9,promien_500m
1361,31-566,446.7,promien_500m
1361,31-572,468.4,promien_500m
1362,31-553,0.0,promien_500m
1362,31-548,157.7,promien_500m
1362,31-564,157.7,promien_500m
1362,31-543,188.0,promien_500m
1362,31-120,207.3,promien_500m
1362,31-545,273.0,promien_500m
1362,31-563,294.6,promien_500m
1362,31-559,319.2,promien_500m
1362,31-542,372.8,promien_500m
1362,31-552,376.8,promien_500m
1362,31-560,408.8,promien_500m
1362,31-546,424.3,promien_500m
1362,31-566,425.2,promien_500m
1362,31-572,483.2,promien_500m
1363,31-553,0.0,promien_500m
1363,31-564,101.9,promien_500m
1363,31-545,167.3,promien_500m
1363,31-120,198.7,promien_500m
1363,31-563,201.8,promien_500m
1363,31-548,284.2,promien_500m
1363,31-543,303.7,promien_500m
1363,31-546,340.9,promien_500m
1363,31-572,357.8,promien_500m
1363,31-559,360.9,promien_500m
1363,31-571,412.8,promien_500m
1363,31-566,465.1,promien_500m
1363,31-542,469.0,promien_500m
1363,31-560,480.4,promien_500m
1363,31-552,495.6,promien_500m
1364,31-553,0.0,promien_500m
1364,31-564,57.9,promien_500m
1364,31-545,116.1,promien_500m
1364,31-563,143.0,promien_500m
1364,31-572,227.1,promien_500m
1364,31-546,248.8,promien_500m
1364,31-120,268.0,promien_500m
1364,31-571,288.1,promien_500m
1364,31-543,383.7,promien_500m
1364,31-548,393.4,promien_500m
1364,31-445,424.0,promien_500m
1364,31-559,437.1,promien_500m
1364,31-525,466.5,promien_500m
1365,31-545,0.0,promien_500m
1365,31-546,23.2,promien_500m
1365,31-526,39.0,promien_500m
1365,31-543,48.8,promien_500m
1365,31-542,56.6,promien_500m
1365,31-525,80.1,promien_500m
1365,31-523,169.1,promien_500m
1365,31-524,170.4,promien_500m
1365,31-553,188.0,promien_500m
1365,31-547,208.3,promien_500m
1365,31-527,252.1,promien_500m
1365,30-305,262.9,promien_500m
1365,31-521,329.7,promien_500m
1365,31-518,333.2,promien_500m
1365,31-042,338.9,promien_500m
1365,31-120,341.7,promien_500m
1365,31-516,372.4,promien_500m
1365,31-514,412.3,promien_500m
1365,31-515,435.8,promien_500m
1365,31-463,465.5,promien_500m
1365,31-549,470.3,promien_500m
1366,31-545,0.0,promien_500m
1366,31-546,10.8,promien_500m
1366,31-543,55.4,promien_500m
1366,31-525,58.1,promien_500m
1366,31-553,86.7,promien_500m
1366,31-526,125.3,promien_500m
1366,31-542,157.1,promien_500m
1366,31-523,161.3,promien_500m
1366,31-527,178.8,promien_500m
1366,31-524,219.9,promien_500m
1366,31-120,263.9,promien_500m
1366,30-305,284.2,promien_500m
1366,31-547,297.7,promien_500m
1366,31-042,370.3,promien_500m
1366,31-463,416.8,promien_500m
1366,31-518,430.7,promien_500m
1366,31-521,441.4,promien_500m
1366,31-516,485.1,promien_500m
14,31-506,0.0,promien_500m
14,31-505,3.8,promien_500m
14,31-512,52.1,promien_500m
14,31-509,53.5,promien_500m
14,31-511,105.4,promien_500m
14,31-503,132.5,promien_500m
14,31-510,146.1,promien_500m
14,31-516,193.1,promien_500m
14,31-501,208.0,promien_500m
14,31-504,209.3,promien_500m
14,31-034,279.9,promien_500m
14,31-514,296.3,promien_500m
14,31-508,300.9,promien_500m
14,31-547,365.8,promien_500m
14,31-525,397.2,promien_500m
14,31-531,414.6,promien_500m
14,31-001,422.4,promien_500m
14,31-518,422.7,promien_500m
14,31-542,441.8,promien_500m
14,31-404,442.3,promien_500m
14,31-154,445.3,promien_500m
14,31-515,459.2,promien_500m
14,31-521,469.4,promien_500m
14,31-513,480.9,promien_500m
14,31-549,482.9,promien_500m
1401,30-363,0.0,promien_500m
1401,30-403,45.0,promien_500m
1401,30-347,87.0,promien_500m
1401,30-415,172.6,promien_500m
1401,30-401,211.8,promien_500m
1401,30-405,266.2,promien_500m
1401,30-636,279.5,promien_500m
1401,30-417,398.6,promien_500m
1401,30-404,412.4,promien_500m
1401,30-418,431.3,promien_500m
1401,30-644,458.1,promien_500m
1401,30-302,473.6,promien_500m
1402,30-363,0.0,promien_500m
1402,30-403,4.1,promien_500m
1402,30-347,125.9,promien_500m
1402,30-636,244.9,promien_500m
1402,30-405,295.4,promien_500m
1402,30-402,320.3,promien_500m
1402,30-408,349.2,promien_500m
1402,30-401,352.7,promien_500m
1402,30-334,375.4,promien_500m
1402,30-406,379.4,promien_500m
1402,30-349,423.5,promien_500m
1402,30-415,451.3,promien_500m
1402,30-348,452.1,promien_500m
1402,30-407,457.3,promien_500m
1402,30-404,477.8,promien_500m
1403,30-363,0.0,promien_500m
1403,30-403,75.5,promien_500m
1403,30-347,120.2,promien_500m
1403,30-405,272.2,promien_500m
1403,30-636,283.0,promien_500m
1403,30-408,284.3,promien_500m
1403,30-402,302.6,promien_500m
1403,30-334,353.4,promien_500m
1403,30-406,354.0,promien_500m
1403,30-349,357.1,promien_500m
1403,30-348,384.3,promien_500m
1403,30-401,422.2,promien_500m
1403,30-407,445.1,promien_500m
1404,30-363,0.0,promien_500m
1404,30-403,6.5,promien_500m
1404,30-347,151.2,promien_500m
1404,30-401,214.8,promien_500m
1404,30-415,254.3,promien_500m
1404,30-405,256.1,promien_500m
1404,30-636,259.1,promien_500m
1404,30-404,426.2,promien_500m
1404,30-402,432.6,promien_500m
1404,30-418,463.5,promien_500m
1404,30-417,482.5,promien_500m
1404,30-302,489.1,promien_500m
1404,30-406,491.4,promien_500m
1405,30-363,0.0,promien_500m
1405,30-403,17.3,promien_500m
1405,30-401,138.2,promien_500m
1405,30-347,158.3,promien_500m
1405,30-636,197.6,promien_500m
1405,30-415,280.0,promien_500m
1405,30-405,335.1,promien_500m
1405,30-402,386.6,promien_500m
1405,30-302,417.8,promien_500m
1405,30-334,445.1,promien_500m
1405,30-644,475.7,promien_500m
1405,30-333,491.5,promien_500m
1405,30-519,496.4,promien_500m
1407,30-347,0.0,promien_500m
1407,30-363,11.7,promien_500m
1407,30-415,81.5,promien_500m
1407,30-401,150.6,promien_500m
1407,30-644,192.4,promien_500m
1407,30-636,200.2,promien_500m
1407,30-519,209.3,promien_500m
1407,30-302,210.2,promien_500m
1407,30-403,216.6,promien_500m
1407,30-522,219.7,promien_500m
1407,30-504,225.8,promien_500m
1407,30-505,238.5,promien_500m
1407,30-333,249.3,promien_500m
1407,30-524,276.6,promien_500m
1407,30-523,278.7,promien_500m
1407,30-526,281.6,promien_500m
1407,30-515,317.1,promien_500m
1407,30-417,324.9,promien_500m
1407,30-503,369.0,promien_500m
1407,30-416,417.7,promien_500m
1407,30-516,439.2,promien_500m
1408,30-347,0.0,promien_500m
1408,30-363,12.4,promien_500m
1408,30-401,81.2,promien_500m
1408,30-403,143.8,promien_500m
1408,30-415,151.8,promien_500m
1408,30-302,232.3,promien_500m
1408,30-636,246.8,promien_500m
1408,30-644,265.3,promien_500m
1408,30-519,277.4,promien_500m
1408,30-522,287.0,promien_500m
1408,30-505,291.2,promien_500m
1408,30-504,291.7,promien_500m
1408,30-333,294.0,promien_500m
1408,30-524,345.4,promien_500m
1408,30-515,350.4,promien_500m
1408,30-523,351.5,promien_500m
1408,30-526,353.3,promien_500m
1408,30-417,377.7,promien_500m
1408,30-503,398.6,promien_500m
1408,30-416,471.8,promien_500m
1408,30-516,485.4,promien_500m
1409,30-363,0.0,promien_500m
1409,30-402,69.9,promien_500m
1409,30-636,79.5,promien_500m
1409,30-334,127.4,promien_500m
1409,30-333,227.0,promien_500m
1409,30-403,261.9,promien_500m
1409,30-347,276.4,promien_500m
1409,30-361,279.7,promien_500m
1409,30-401,306.8,promien_500m
1409,30-302,397.2,promien_500m
142,31-157,0.0,promien_500m
142,31-143,49.0,promien_500m
142,31-156,64.6,promien_500m
142,31-150,72.4,promien_500m
142,31-015,114.1,promien_500m
142,31-154,116.4,promien_500m
142,31-021,122.6,promien_500m
142,31-149,131.5,promien_500m
142,31-016,141.6,promien_500m
142,31-155,144.5,promien_500m
142,31-024,150.6,promien_500m
142,31-045,153.1,promien_500m
142,31-147,181.6,promien_500m
142,31-019,191.9,promien_500m
142,31-146,204.2,promien_500m
142,31-017,208.8,promien_500m
142,31-020,222.8,promien_500m
142,31-014,228.8,promien_500m
142,31-141,236.8,promien_500m
142,31-018,238.4,promien_500m
142,31-145,239.8,promien_500m
142,31-023,250.7,promien_500m
142,31-034,252.5,promien_500m
142,31-109,269.1,promien_500m
142,31-142,269.8,promien_500m
142,31-022,281.5,promien_500m
142,31-033,283.6,promien_500m
142,31-134,288.0,promien_500m
142,31-012,309.4,promien_500m
142,31-153,335.2,promien_500m
142,31-148,341.9,promien_500m
142,31-144,366.0,promien_500m
142,31-057,374.7,promien_500m
142,31-026,381.3,promien_500m
142,31-505,381.9,promien_500m
142,31-025,391.3,promien_500m
142,31-504,403.7,promien_500m
142,31-027,410.8,promien_500m
142,30-014,415.1,promien_500m
142,31-028,420.6,promien_500m
142,31-133,425.6,promien_500m
142,31-152,433.6,promien_500m
142,31-508,447.7,promien_500m
142,31-503,462.9,promien_500m
142,31-131,464.0,promien_500m
142,31-011,466.9,promien_500m
142,31-013,473.4,promien_500m
142,31-042,478.0,promien_500m
142,31-001,496.6,promien_500m
144,31-157,0.0,promien_500m
144,31-150,26.7,promien_500m
144,31-155,41.1,promien_500m
144,31-156,45.4,promien_500m
144,31-045,76.1,promien_500m
144,31-154,120.1,promien_500m
144,31-149,137.1,promien_500m
144,31-143,142.8,promien_500m
144,31-147,216.6,promien_500m
144,31-015,221.4,promien_500m
144,31-021,229.5,promien_500m
144,31-016,235.6,promien_500m
144,31-014,241.6,promien_500m
144,31-153,244.5,promien_500m
144,31-024,245.4,promien_500m
144,31-145,250.1,promien_500m
144,31-146,250.8,promien_500m
144,31-148,253.9,promien_500m
144,31-057,267.5,promien_500m
144,31-141,286.9,promien_500m
144,31-019,298.6,promien_500m
144,31-034,310.1,promien_500m
144,31-142,311.6,promien_500m
144,31-017,312.9,promien_500m
144,31-020,324.9,promien_500m
144,31-134,338.8,promien_500m
144,31-018,340.1,promien_500m
144,31-023,341.9,promien_500m
144,31-505,345.1,promien_500m
144,31-033,349.9,promien_500m
144,31-152,355.4,promien_500m
144,31-109,376.2,promien_500m
144,31-144,382.2,promien_500m
144,31-504,383.8,promien_500m
144,31-022,388.2,promien_500m
144,31-012,401.9,promien_500m
144,31-026,403.7,promien_500m
144,31-001,407.5,promien_500m
144,31-508,415.9,promien_500m
144,31-025,447.0,promien_500m
144,31-503,482.9,promien_500m
144,31-133,492.6,promien_500m
15,31-506,0.0,promien_500m
15,31-512,27.8,promien_500m
15,31-509,41.5,promien_500m
15,31-505,52.0,promien_500m
15,31-503,93.5,promien_500m
15,31-516,96.8,promien_500m
15,31-501,146.6,promien_500m
15,31-511,178.2,promien_500m
15,31-034,193.6,promien_500m
15,31-514,201.7,promien_500m
15,31-510,207.0,promien_500m
15,31-547,268.1,promien_500m
15,31-504,291.0,promien_500m
15,31-525,331.9,promien_500m
15,31-542,345.7,promien_500m
15,31-518,360.4,promien_500m
15,31-531,369.7,promien_500m
15,31-521,382.6,promien_500m
15,31-549,394.7,promien_500m
15,31-508,398.6,promien_500m
15,31-515,402.2,promien_500m
15,31-526,435.9,promien_500m
15,31-513,446.3,promien_500m
16,31-505,0.0,promien_500m
16,31-506,1.2,promien_500m
16,31-516,16.2,promien_500m
16,31-503,43.0,promien_500m
16,31-512,44.6,promien_500m
16,31-509,56.7,promien_500m
16,31-514,104.2,promien_500m
16,31-501,136.1,promien_500m
16,31-034,142.4,promien_500m
16,31-547,172.0,promien_500m
16,31-525,245.7,promien_500m
16,31-542,247.3,promien_500m
16,31-511,273.3,promien_500m
16,31-510,274.5,promien_500m
16,31-521,291.4,promien_500m
16,31-518,298.3,promien_500m
16,31-549,325.4,promien_500m
16,31-526,338.9,promien_500m
16,31-515,344.4,promien_500m
16,31-531,347.2,promien_500m
16,31-504,386.6,promien_500m
16,31-513,405.1,promien_500m
16,31-523,423.2,promien_500m
16,31-546,427.5,promien_500m
16,31-541,468.7,promien_500m
16,31-517,474.7,promien_500m
16,31-539,481.5,promien_500m
16,31-508,495.2,promien_500m
17,31-505,0.0,promien_500m
17,31-512,10.8,promien_500m
17,31-503,19.6,promien_500m
17,31-506,63.2,promien_500m
17,31-511,101.3,promien_500m
17,31-501,109.0,promien_500m
17,31-509,147.4,promien_500m
17,31-516,160.7,promien_500m
17,31-034,204.9,promien_500m
17,31-504,212.8,promien_500m
17,31-510,228.2,promien_500m
17,31-514,288.5,promien_500m
17,31-531,299.3,promien_500m
17,31-547,316.3,promien_500m
17,31-508,369.1,promien_500m
17,31-549,400.3,promien_500m
17,31-542,421.1,promien_500m
17,31-525,425.0,promien_500m
17,31-518,472.0,promien_500m
17,31-539,478.3,promien_500m
17,31-521,478.8,promien_500m
17,31-154,490.2,promien_500m
17,31-541,493.4,promien_500m
17,31-529,497.2,promien_500m
18,31-509,0.0,promien_500m
18,31-505,1.4,promien_500m
18,31-506,50.1,promien_500m
18,31-510,73.1,promien_500m
18,31-512,106.5,promien_500m
18,31-511,155.0,promien_500m
18,31-503,211.4,promien_500m
18,31-514,228.8,promien_500m
18,31-516,236.8,promien_500m
18,31-504,250.4,promien_500m
18,31-501,278.6,promien_500m
18,31-508,286.1,promien_500m
18,31-034,336.4,promien_500m
18,31-525,370.5,promien_500m
18,31-001,381.6,promien_500m
18,31-404,390.4,promien_500m
18,31-518,392.5,promien_500m
18,31-547,393.9,promien_500m
18,31-515,423.0,promien_500m
18,31-513,427.3,promien_500m
18,31-154,438.6,promien_500m
18,31-542,460.1,promien_500m
18,31-521,466.3,promien_500m
18,31-531,491.2,promien_500m
19,31-509,0.0,promien_500m
19,31-506,33.8,promien_500m
19,31-505,60.7,promien_500m
19,31-512,110.2,promien_500m
19,31-516,144.8,promien_500m
19,31-510,145.1,promien_500m
19,31-503,150.9,promien_500m
19,31-514,188.2,promien_500m
19,31-511,217.6,promien_500m
19,31-501,224.9,promien_500m
19,31-034,259.8,promien_500m
19,31-525,284.0,promien_500m
19,31-547,293.0,promien_500m
19,31-518,309.4,promien_500m
19,31-504,322.3,promien_500m
19,31-515,346.2,promien_500m
19,31-542,356.8,promien_500m
19,31-521,365.7,promien_500m
19,31-513,375.1,promien_500m
19,31-508,388.1,promien_500m
19,31-526,433.0,promien_500m
19,31-531,450.3,promien_500m
19,31-549,453.1,promien_500m
19,31-517,456.9,promien_500m
19,31-523,466.2,promien_500m
19,31-001,483.5,promien_500m
19,31-404,487.7,promien_500m
193,31-155,0.0,promien_500m
193,31-154,72.2,promien_500m
193,31-057,92.0,promien_500m
193,31-045,110.2,promien_500m
193,31-150,110.2,promien_500m
193,31-156,114.6,promien_500m
193,31-153,121.8,promien_500m
193,31-157,142.7,promien_500m
193,31-148,176.8,promien_500m
193,31-149,244.2,promien_500m
193,31-001,275.4,promien_500m
193,31-152,279.7,promien_500m
193,31-508,296.3,promien_500m
193,31-147,317.4,promien_500m
193,31-143,321.0,promien_500m
193,31-505,340.9,promien_500m
193,31-014,355.6,promien_500m
193,31-145,359.5,promien_500m
193,31-404,367.1,promien_500m
193,31-146,370.3,promien_500m
193,31-504,396.5,promien_500m
193,31-015,400.7,promien_500m
193,31-016,408.6,promien_500m
193,31-141,408.9,promien_500m
193,31-021,409.2,promien_500m
193,31-142,409.5,promien_500m
193,31-024,414.7,promien_500m
193,31-510,434.5,promien_500m
193,31-509,448.1,promien_500m
193,31-034,451.9,promien_500m
193,31-512,462.5,promien_500m
193,31-144,473.4,promien_500m
193,31-134,475.4,promien_500m
193,31-019,477.0,promien_500m
193,31-033,479.5,promien_500m
193,31-026,482.7,promien_500m
193,31-017,491.8,promien_500m
193,31-020,496.8,promien_500m
2,31-504,0.0,promien_500m
2,31-503,7.3,promien_500m
2,31-505,51.8,promien_500m
2,31-034,122.1,promien_500m
2,31-154,137.3,promien_500m
2,31-511,138.9,promien_500m
2,31-025,152.7,promien_500m
2,31-501,160.7,promien_500m
2,31-026,163.7,promien_500m
2,31-512,167.1,promien_500m
2,31-508,270.3,promien_500m
2,31-033,286.9,promien_500m
2,31-506,298.5,promien_500m
2,31-510,298.9,promien_500m
2,31-509,316.5,promien_500m
2,31-156,324.6,promien_500m
2,31-529,349.7,promien_500m
2,31-530,360.1,promien_500m
2,31-024,367.8,promien_500m
2,31-023,379.5,promien_500m
2,31-502,404.1,promien_500m
2,31-531,406.0,promien_500m
2,31-001,458.4,promien_500m
2,31-020,479.9,promien_500m
2,31-155,487.6,promien_500m
2,31-157,491.9,promien_500m
2,31-015,496.1,promien_500m
2,31-027,497.9,promien_500m
20,31-505,0.0,promien_500m
20,31-509,3.9,promien_500m
20,31-506,24.0,promien_500m
20,31-516,49.1,promien_500m
20,31-512,106.7,promien_500m
20,31-503,109.2,promien_500m
20,31-514,110.5,promien_500m
20,31-547,198.9,promien_500m
20,31-501,203.2,promien_500m
20,31-034,205.8,promien_500m
20,31-525,215.9,promien_500m
20,31-510,235.7,promien_500m
20,31-518,245.2,promien_500m
20,31-542,258.1,promien_500m
20,31-521,271.4,promien_500m
20,31-515,288.9,promien_500m
20,31-511,292.9,promien_500m
20,31-526,334.7,promien_500m
20,31-513,344.8,promien_500m
20,31-549,381.2,promien_500m
20,31-523,386.0,promien_500m
20,31-504,404.1,promien_500m
20,31-531,413.1,promien_500m
20,31-517,415.0,promien_500m
20,31-546,418.4,promien_500m
20,31-508,486.4,promien_500m
2003,31-105,0.0,promien_500m
2003,31-103,8.5,promien_500m
2003,31-107,8.6,promien_500m
2003,31-102,18.3,promien_500m
2003,31-104,42.6,promien_500m
2003,31-101,109.7,promien_500m
2003,31-108,130.5,promien_500m
2003,31-111,135.1,promien_500m
2003,31-106,152.3,promien_500m
2003,31-109,184.2,promien_500m
2003,31-112,189.0,promien_500m
2003,30-102,262.0,promien_500m
2003,31-004,275.2,promien_500m
2003,30-101,276.8,promien_500m
2003,31-110,282.3,promien_500m
2003,31-002,311.2,promien_500m
2003,31-003,318.7,promien_500m
2003,31-007,321.9,promien_500m
2003,31-115,329.5,promien_500m
2003,30-301,329.8,promien_500m
2003,30-105,330.3,promien_500m
2003,30-112,345.6,promien_500m
2003,31-027,345.6,promien_500m
2003,31-114,346.1,promien_500m
2003,31-113,358.8,promien_500m
2003,31-010,360.1,promien_500m
2003,30-303,367.5,promien_500m
2003,31-117,370.6,promien_500m
2003,31-001,397.0,promien_500m
2003,30-103,435.9,promien_500m
2003,31-005,439.0,promien_500m
2003,30-059,447.5,promien_500m
2003,31-120,453.8,promien_500m
2003,31-044,469.5,promien_500m
2003,31-008,475.1,promien_500m
2003,31-121,483.5,promien_500m
2003,31-118,496.8,promien_500m
2003,30-302,497.4,promien_500m
2003,31-116,498.4,promien_500m
2004,31-105,0.0,promien_500m
2004,31-103,3.5,promien_500m
2004,31-104,15.6,promien_500m
2004,31-107,35.6,promien_500m
2004,31-101,55.6,promien_500m
2004,31-106,73.2,promien_500m
2004,31-102,74.2,promien_500m
2004,31-108,77.0,promien_500m
2004,31-111,87.2,promien_500m
2004,30-102,171.9,promien_500m
2004,31-112,188.1,promien_500m
2004,30-101,195.4,promien_500m
2004,30-105,242.7,promien_500m
2004,31-109,248.0,promien_500m
2004,30-301,256.0,promien_500m
2004,30-303,283.2,promien_500m
2004,30-112,311.3,promien_500m
2004,31-003,318.7,promien_500m
2004,31-110,334.7,promien_500m
2004,30-103,347.6,promien_500m
2004,31-001,353.3,promien_500m
2004,31-004,356.9,promien_500m
2004,31-027,359.5,promien_500m
2004,31-115,366.7,promien_500m
2004,31-002,382.2,promien_500m
2004,31-117,395.7,promien_500m
2004,31-044,404.0,promien_500m
2004,31-007,413.4,promien_500m
2004,30-302,420.0,promien_500m
2004,31-114,421.6,promien_500m
2004,30-059,430.6,promien_500m
2004,31-113,443.5,promien_500m
2004,31-010,450.7,promien_500m
2004,31-120,461.2,promien_500m
2004,30-108,463.7,promien_500m
2004,31-121,495.4,promien_500m
2005,31-048,0.0,promien_500m
2005,31-049,9.5,promien_500m
2005,31-044,39.6,promien_500m
2005,31-047,109.2,promien_500m
2005,31-001,128.1,promien_500m
2005,31-046,144.2,promien_500m
2005,31-003,147.9,promien_500m
2005,31-058,171.5,promien_500m
2005,31-039,174.8,promien_500m
2005,31-002,179.0,promien_500m
2005,31-007,190.6,promien_500m
2005,31-068,192.0,promien_500m
2005,30-960,232.4,promien_500m
2005,31-042,239.0,promien_500m
2005,31-038,244.5,promien_500m
2005,30-058,263.7,promien_500m
2005,31-050,290.2,promien_500m
2005,31-069,292.2,promien_500m
2005,31-054,296.5,promien_500m
2005,31-051,309.8,promien_500m
2005,31-043,346.7,promien_500m
2005,31-032,352.8,promien_500m
2005,31-101,355.3,promien_500m
2005,31-957,358.4,promien_500m
2005,31-071,362.0,promien_500m
2005,31-004,373.4,promien_500m
2005,31-052,379.0,promien_500m
2005,31-031,380.4,promien_500m
2005,31-055,380.7,promien_500m
2005,31-073,389.1,promien_500m
2005,30-901,403.0,promien_500m
2005,31-041,407.5,promien_500m
2005,31-072,408.0,promien_500m
2005,31-070,430.6,promien_500m
2005,31-006,437.5,promien_500m
2005,31-059,454.4,promien_500m
2005,31-062,454.5,promien_500m
2005,31-056,455.8,promien_500m
2005,31-033,462.9,promien_500m
2005,31-030,499.6,promien_500m
2007,31-048,0.0,promien_500m
2007,31-049,6.3,promien_500m
2007,31-044,56.2,promien_500m
2007,31-058,61.2,promien_500m
2007,31-068,80.4,promien_500m
2007,31-001,112.1,promien_500m
2007,31-039,118.2,promien_500m
2007,31-003,136.6,promien_500m
2007,30-960,144.3,promien_500m
2007,30-058,158.8,promien_500m
2007,31-069,182.1,promien_500m
2007,31-002,200.4,promien_500m
2007,31-047,218.1,promien_500m
2007,31-007,242.2,promien_500m
2007,31-071,251.5,promien_500m
2007,31-046,257.0,promien_500m
2007,31-054,262.4,promien_500m
2007,31-050,275.2,promien_500m
2007,30-901,290.0,promien_500m
2007,31-055,297.9,promien_500m
2007,31-070,324.6,promien_500m
2007,31-051,325.7,promien_500m
2007,31-042,333.6,promien_500m
2007,31-038,350.2,promien_500m
2007,31-101,354.7,promien_500m
2007,31-062,354.8,promien_500m
2007,31-059,373.3,promien_500m
2007,31-056,403.9,promien_500m
2007,31-052,409.7,promien_500m
2007,31-064,425.4,promien_500m
2007,31-032,434.6,promien_500m
2007,31-031,435.2,promien_500m
2007,31-063,436.3,promien_500m
2007,31-043,449.0,promien_500m
2007,31-057,453.2,promien_500m
2007,31-957,453.9,promien_500m
2007,31-004,459.2,promien_500m
2007,31-073,470.0,promien_500m
2007,31-065,471.6,promien_500m
2007,31-072,499.0,promien_500m
2009,31-103,0.0,promien_500m
2009,31-102,0.4,promien_500m
2009,31-101,38.1,promien_500m
2009,31-107,44.5,promien_500m
2009,31-109,51.2,promien_500m
2009,31-108,65.2,promien_500m
2009,31-004,118.2,promien_500m
2009,31-105,149.0,promien_500m
2009,31-104,157.5,promien_500m
2009,31-007,157.7,promien_500m
2009,31-002,190.1,promien_500m
2009,31-110,209.7,promien_500m
2009,31-010,217.5,promien_500m
2009,31-113,231.5,promien_500m
2009,31-114,263.6,promien_500m
2009,31-003,270.5,promien_500m
2009,31-005,272.5,promien_500m
2009,31-112,288.6,promien_500m
2009,31-111,290.2,promien_500m
2009,31-106,317.0,promien_500m
2009,31-115,320.8,promien_500m
2009,31-008,321.2,promien_500m
2009,31-006,340.4,promien_500m
2009,31-001,346.8,promien_500m
2009,31-044,379.9,promien_500m
2009,31-118,387.7,promien_500m
2009,31-043,398.2,promien_500m
2009,31-027,402.7,promien_500m
2009,31-117,415.6,promien_500m
2009,31-042,417.6,promien_500m
2009,31-009,418.1,promien_500m
2009,31-116,418.3,promien_500m
2009,30-102,428.3,promien_500m
2009,30-101,441.3,promien_500m
2009,30-301,456.1,promien_500m
2009,31-510,463.7,promien_500m
2009,31-124,467.4,promien_500m
2009,30-112,473.2,promien_500m
2009,30-105,484.1,promien_500m
2010,31-049,0.0,promien_500m
2010,31-048,29.9,promien_500m
2010,31-044,77.8,promien_500m
2010,31-047,84.6,promien_500m
2010,31-046,138.5,promien_500m
2010,31-039,159.2,promien_500m
2010,31-001,160.1,promien_500m
2010,31-058,179.5,promien_500m
2010,31-002,189.7,promien_500m
2010,31-003,190.1,promien_500m
2010,31-038,215.1,promien_500m
2010,31-068,215.5,promien_500m
2010,31-007,226.3,promien_500m
2010,31-042,254.9,promien_500m
2010,31-050,257.6,promien_500m
2010,30-960,266.8,promien_500m
2010,30-058,267.0,promien_500m
2010,31-054,268.0,promien_500m
2010,31-051,272.1,promien_500m
2010,31-032,312.9,promien_500m
2010,31-069,317.2,promien_500m
2010,31-957,322.7,promien_500m
2010,31-031,338.2,promien_500m
2010,31-052,338.3,promien_500m
2010,31-073,349.1,promien_500m
2010,31-043,353.2,promien_500m
2010,31-072,370.7,promien_500m
2010,31-055,372.6,promien_500m
2010,31-071,373.1,promien_500m
2010,31-004,392.1,promien_500m
2010,31-101,396.6,promien_500m
2010,31-041,400.1,promien_500m
2010,30-901,423.1,promien_500m
2010,31-056,433.8,promien_500m
2010,31-070,436.2,promien_500m
2010,31-033,443.7,promien_500m
2010,31-059,444.4,promien_500m
2010,31-006,446.0,promien_500m
2010,31-062,454.9,promien_500m
2010,31-030,463.0,promien_500m
2010,31-035,475.7,promien_500m
2010,31-057,478.4,promien_500m
2010,31-029,493.0,promien_500m
2010,31-028,496.7,promien_500m
2011,31-107,0.0,promien_500m
2011,31-103,8.3,promien_500m
2011,31-105,9.8,promien_500m
2011,31-102,18.1,promien_500m
2011,31-104,51.7,promien_500m
2011,31-108,113.0,promien_500m
2011,31-101,128.0,promien_500m
2011,31-111,140.1,promien_500m
2011,31-106,162.8,promien_500m
2011,31-109,167.3,promien_500m
2011,31-112,181.2,promien_500m
2011,31-110,266.4,promien_500m
2011,31-004,267.6,promien_500m
2011,30-102,275.8,promien_500m
2011,30-101,287.3,promien_500m
2011,31-002,307.7,promien_500m
2011,31-007,307.9,promien_500m
2011,31-115,315.3,promien_500m
2011,31-114,327.8,promien_500m
2011,31-003,330.9,promien_500m
2011,31-027,335.5,promien_500m
2011,31-113,340.7,promien_500m
2011,31-010,343.2,promien_500m
2011,30-112,344.7,promien_500m
2011,30-105,347.8,promien_500m
2011,30-301,348.2,promien_500m
2011,31-117,358.5,promien_500m
2011,30-303,385.5,promien_500m
2011,31-001,411.6,promien_500m
2011,31-005,426.6,promien_500m
2011,30-059,442.3,promien_500m
2011,31-120,444.2,promien_500m
2011,30-103,448.5,promien_500m
2011,31-008,458.8,promien_500m
2011,31-121,473.1,promien_500m
2011,31-118,478.4,promien_500m
2011,31-116,480.7,promien_500m
2011,31-044,487.8,promien_500m
2011,31-006,494.2,promien_500m
2012,31-106,0.0,promien_500m
2012,31-105,12.2,promien_500m
2012,31-101,39.8,promien_500m
2012,31-107,40.0,promien_500m
2012,31-111,49.1,promien_500m
2012,30-102,58.2,promien_500m
2012,31-103,85.2,promien_500m
2012,31-108,90.6,promien_500m
2012,30-101,101.8,promien_500m
2012,31-104,127.0,promien_500m
2012,30-105,133.5,promien_500m
2012,31-102,175.5,promien_500m
2012,30-301,179.2,promien_500m
2012,30-303,191.3,promien_500m
2012,31-112,215.2,promien_500m
2012,30-103,233.4,promien_500m
2012,30-112,278.8,promien_500m
2012,31-001,330.5,promien_500m
2012,30-302,337.6,promien_500m
2012,31-109,339.3,promien_500m
2012,31-044,339.6,promien_500m
2012,30-108,355.9,promien_500m
2012,31-003,363.7,promien_500m
2012,30-319,392.6,promien_500m
2012,31-110,400.6,promien_500m
2012,31-027,401.2,promien_500m
2012,30-307,413.0,promien_500m
2012,31-115,422.8,promien_500m
2012,30-059,424.9,promien_500m
2012,31-117,447.4,promien_500m
2012,30-106,466.5,promien_500m
2012,30-111,468.6,promien_500m
2012,31-004,471.0,promien_500m
2012,31-002,476.2,promien_500m
2012,31-120,488.6,promien_500m
2012,31-156,491.1,promien_500m
2012,30-304,498.2,promien_500m
2013,31-107,0.0,promien_500m
2013,31-105,15.8,promien_500m
2013,31-106,17.7,promien_500m
2013,31-103,23.3,promien_500m
2013,31-101,30.3,promien_500m
2013,31-108,40.7,promien_500m
2013,31-104,63.5,promien_500m
2013,31-111,72.9,promien_500m
2013,30-102,112.6,promien_500m
2013,31-102,133.5,promien_500m
2013,30-101,136.4,promien_500m
2013,31-112,173.7,promien_500m
2013,30-105,198.1,promien_500m
2013,30-301,230.4,promien_500m
2013,30-303,248.6,promien_500m
2013,30-112,277.4,promien_500m
2013,31-109,278.9,promien_500m
2013,30-103,287.5,promien_500m
2013,31-110,350.0,promien_500m
2013,31-003,353.8,promien_500m
2013,31-001,356.4,promien_500m
2013,31-027,357.3,promien_500m
2013,31-115,373.1,promien_500m
2013,31-044,388.6,promien_500m
2013,30-302,392.1,promien_500m
2013,31-117,399.6,promien_500m
2013,30-108,403.4,promien_500m
2013,30-059,404.3,promien_500m
2013,31-004,417.3,promien_500m
2013,31-002,441.0,promien_500m
2013,31-120,451.9,promien_500m
2013,30-319,457.6,promien_500m
2013,31-114,459.7,promien_500m
2013,30-307,470.2,promien_500m
2013,31-007,471.1,promien_500m
2013,30-111,471.4,promien_500m
2013,31-121,488.2,promien_500m
2013,31-113,488.9,promien_500m
2013,30-062,491.4,promien_500m
2013,30-106,493.8,promien_500m
2014,31-108,0.0,promien_500m
2014,31-106,7.1,promien_500m
2014,31-107,11.3,promien_500m
2014,31-111,27.6,promien_500m
2014,31-103,50.4,promien_500m
2014,31-105,59.7,promien_500m
2014,31-104,78.1,promien_500m
2014,31-101,83.0,promien_500m
2014,30-102,115.1,promien_500m
2014,30-101,119.9,promien_500m
2014,31-112,121.9,promien_500m
2014,31-102,159.1,promien_500m
2014,30-105,223.7,promien_500m
2014,30-112,228.1,promien_500m
2014,31-109,243.3,promien_500m
2014,30-301,275.5,promien_500m
2014,30-103,284.1,promien_500m
2014,30-303,289.5,promien_500m
2014,31-110,303.1,promien_500m
2014,31-027,307.0,promien_500m
2014,31-115,325.7,promien_500m
2014,31-117,351.1,promien_500m
2014,30-059,352.2,promien_500m
2014,30-108,391.3,promien_500m
2014,31-120,399.8,promien_500m
2014,31-003,401.8,promien_500m
2014,31-001,408.9,promien_500m
2014,30-111,424.5,promien_500m
2014,31-114,432.1,promien_500m
2014,31-004,433.2,promien_500m
2014,30-302,435.4,promien_500m
2014,31-044,435.6,promien_500m
2014,31-121,436.4,promien_500m
2014,30-062,438.7,promien_500m
2014,30-106,459.6,promien_500m
2014,31-002,465.4,promien_500m
2014,30-063,467.2,promien_500m
2014,31-113,468.8,promien_500m
2014,31-007,470.9,promien_500m
2014,30-319,480.5,promien_500m
2014,31-010,492.7,promien_500m
2016,31-107,0.0,promien_500m
2016,31-111,11.3,promien_500m
2016,31-108,17.0,promien_500m
2016,31-103,26.0,promien_500m
2016,31-104,37.6,promien_500m
2016,31-106,43.4,promien_500m
2016,31-105,71.5,promien_500m
2016,31-112,104.4,promien_500m
2016,31-101,109.1,promien_500m
2016,31-102,138.6,promien_500m
2016,30-102,160.6,promien_500m
2016,30-101,162.6,promien_500m
2016,31-109,199.0,promien_500m
2016,30-112,231.0,promien_500m
2016,31-110,269.2,promien_500m
2016,30-105,270.4,promien_500m
2016,31-027,280.0,promien_500m
2016,31-115,292.5,promien_500m
2016,30-301,312.2,promien_500m
2016,31-117,319.9,promien_500m
2016,30-103,322.2,promien_500m
2016,30-303,329.5,promien_500m
2016,30-059,347.4,promien_500m
2016,31-120,379.2,promien_500m
2016,31-114,385.4,promien_500m
2016,31-004,397.7,promien_500m
2016,31-003,401.8,promien_500m
2016,31-121,414.1,promien_500m
2016,31-113,421.4,promien_500m
2016,30-062,425.4,promien_500m
2016,31-007,427.1,promien_500m
2016,31-001,430.6,promien_500m
2016,30-108,433.3,promien_500m
2016,30-111,434.9,promien_500m
2016,31-002,435.6,promien_500m
2016,31-010,446.3,promien_500m
2016,31-044,470.0,promien_500m
2016,30-063,470.9,promien_500m
2016,30-302,473.8,promien_500m
2016,30-106,486.7,promien_500m
2019,31-104,0.0,promien_500m
2019,31-107,18.3,promien_500m
2019,31-103,24.1,promien_500m
2019,31-108,35.0,promien_500m
2019,31-111,67.0,promien_500m
2019,31-112,77.4,promien_500m
2019,31-106,85.3,promien_500m
2019,31-105,85.7,promien_500m
2019,31-102,128.1,promien_500m
2019,31-109,131.0,promien_500m
2019,31-101,170.2,promien_500m
2019,30-101,207.3,promien_500m
2019,31-110,207.8,promien_500m
2019,30-102,223.3,promien_500m
2019,30-112,236.4,promien_500m
2019,31-027,237.0,promien_500m
2019,31-115,239.5,promien_500m
2019,31-117,269.2,promien_500m
2019,31-114,316.1,promien_500m
2019,30-059,332.7,promien_500m
2019,30-105,339.6,promien_500m
2019,31-120,343.0,promien_500m
2019,31-113,354.3,promien_500m
2019,31-004,359.0,promien_500m
2019,31-007,370.8,promien_500m
2019,30-103,371.9,promien_500m
2019,31-121,374.8,promien_500m
2019,30-301,376.9,promien_500m
2019,31-010,384.8,promien_500m
2019,30-303,396.4,promien_500m
2019,30-062,399.2,promien_500m
2019,31-002,413.4,promien_500m
2019,31-003,426.9,promien_500m
2019,31-116,436.8,promien_500m
2019,30-111,443.1,promien_500m
2019,30-063,468.4,promien_500m
2019,31-118,472.2,promien_500m
2019,31-001,481.0,promien_500m
2019,30-108,488.9,promien_500m
2019,31-008,490.9,promien_500m
2020,31-107,0.0,promien_500m
2020,31-104,10.1,promien_500m
2020,31-108,11.2,promien_500m
2020,31-103,29.1,promien_500m
2020,31-112,45.4,promien_500m
2020,31-106,61.8,promien_500m
2020,31-111,73.0,promien_500m
2020,31-105,118.4,promien_500m
2020,31-109,121.2,promien_500m
2020,31-102,161.6,promien_500m
2020,30-101,185.8,promien_500m
2020,31-110,187.9,promien_500m
2020,31-101,190.2,promien_500m
2020,30-112,205.7,promien_500m
2020,31-027,206.2,promien_500m
2020,31-115,212.7,promien_500m
2020,30-102,219.1,promien_500m
2020,31-117,241.4,promien_500m
2020,30-059,299.0,promien_500m
2020,31-120,310.9,promien_500m
2020,31-114,314.4,promien_500m
2020,30-105,343.1,promien_500m
2020,31-121,343.3,promien_500m
2020,30-103,355.8,promien_500m
2020,31-113,359.5,promien_500m
2020,30-062,365.7,promien_500m
2020,31-004,385.2,promien_500m
2020,31-007,387.8,promien_500m
2020,30-301,394.3,promien_500m
2020,31-010,396.7,promien_500m
2020,30-303,411.1,promien_500m
2020,30-111,411.8,promien_500m
2020,31-116,421.3,promien_500m
2020,30-063,435.4,promien_500m
2020,31-002,444.5,promien_500m
2020,31-003,459.5,promien_500m
2020,31-118,469.6,promien_500m
2020,30-108,475.9,promien_500m
2020,31-123,481.7,promien_500m
2020,30-106,493.4,promien_500m
2020,31-008,494.7,promien_500m
2021,31-108,0.0,promien_500m
2021,31-107,13.2,promien_500m
2021,31-104,23.1,promien_500m
2021,31-106,36.5,promien_500m
2021,31-112,36.8,promien_500m
2021,31-103,54.6,promien_500m
2021,31-111,64.2,promien_500m
2021,31-105,131.7,promien_500m
2021,31-109,139.6,promien_500m
2021,30-101,160.4,promien_500m
2021,31-102,180.4,promien_500m
2021,30-112,182.9,promien_500m
2021,31-101,187.1,promien_500m
2021,31-110,192.0,promien_500m
2021,30-102,199.0,promien_500m
2021,31-027,202.1,promien_500m
2021,31-115,215.0,promien_500m
2021,31-117,241.9,promien_500m
2021,30-059,282.5,promien_500m
2021,31-120,303.1,promien_500m
2021,30-105,324.9,promien_500m
2021,30-103,331.0,promien_500m
2021,31-114,334.7,promien_500m
2021,31-121,337.2,promien_500m
2021,30-062,353.7,promien_500m
2021,31-113,382.1,promien_500m
2021,30-301,386.9,promien_500m
2021,30-111,389.6,promien_500m
2021,30-303,401.6,promien_500m
2021,31-004,410.0,promien_500m
2021,31-007,413.1,promien_500m
2021,30-063,415.8,promien_500m
2021,31-010,421.0,promien_500m
2021,31-116,432.9,promien_500m
2021,30-108,451.7,promien_500m
2021,31-002,466.9,promien_500m
2021,30-106,468.2,promien_500m
2021,31-003,470.4,promien_500m
2021,30-060,479.6,promien_500m
2021,31-123,481.9,promien_500m
2021,31-118,489.2,promien_500m
2022,31-112,0.0,promien_500m
2022,31-107,22.7,promien_500m
2022,31-111,45.4,promien_500m
2022,31-108,53.0,promien_500m
2022,31-106,59.8,promien_500m
2022,31-109,94.0,promien_500m
2022,30-101,95.7,promien_500m
2022,30-112,97.7,promien_500m
2022,31-104,121.3,promien_500m
2022,31-027,133.5,promien_500m
2022,31-103,136.3,promien_500m
2022,31-110,150.5,promien_500m
2022,30-102,155.1,promien_500m
2022,31-115,167.8,promien_500m
2022,30-059,184.1,promien_500m
2022,31-117,185.2,promien_500m
2022,31-120,217.8,promien_500m
2022,31-105,230.1,promien_500m
2022,31-121,255.0,promien_500m
2022,30-062,259.2,promien_500m
2022,31-101,264.9,promien_500m
2022,31-102,278.1,promien_500m
2022,30-111,298.2,promien_500m
2022,30-103,299.7,promien_500m
2022,30-063,318.7,promien_500m
2022,30-105,347.7,promien_500m
2022,31-114,349.5,promien_500m
2022,30-060,383.3,promien_500m
2022,30-106,393.5,promien_500m
2022,31-116,402.2,promien_500m
2022,31-123,406.7,promien_500m
2022,31-113,414.9,promien_500m
2022,30-108,425.3,promien_500m
2022,30-301,450.4,promien_500m
2022,30-303,458.1,promien_500m
2022,31-002,466.3,promien_500m
2022,31-010,468.9,promien_500m
2022,31-007,471.7,promien_500m
2022,30-110,486.6,promien_500m
2022,31-004,492.6,promien_500m
2023,31-108,0.0,promien_500m
2023,31-112,3.2,promien_500m
2023,31-107,14.6,promien_500m
2023,31-103,62.2,promien_500m
2023,31-111,66.3,promien_500m
2023,31-104,69.9,promien_500m
2023,31-106,73.1,promien_500m
2023,31-109,95.7,promien_500m
2023,31-110,129.6,promien_500m
2023,31-027,144.5,promien_500m
2023,31-115,152.8,promien_500m
2023,30-101,174.3,promien_500m
2023,30-112,177.5,promien_500m
2023,31-105,178.6,promien_500m
2023,31-117,180.5,promien_500m
2023,31-102,214.2,promien_500m
2023,30-102,231.2,promien_500m
2023,30-059,248.8,promien_500m
2023,31-101,248.9,promien_500m
2023,31-120,250.2,promien_500m
2023,31-121,282.0,promien_500m
2023,31-114,288.9,promien_500m
2023,30-062,308.3,promien_500m
2023,31-113,344.0,promien_500m
2023,30-103,363.8,promien_500m
2023,31-116,372.2,promien_500m
2023,30-111,376.2,promien_500m
2023,30-105,379.9,promien_500m
2023,30-063,391.0,promien_500m
2023,31-010,392.9,promien_500m
2023,31-007,393.1,promien_500m
2023,31-004,414.0,promien_500m
2023,31-123,420.8,promien_500m
2023,31-118,441.2,promien_500m
2023,30-301,449.5,promien_500m
2023,30-060,456.5,promien_500m
2023,30-303,463.8,promien_500m
2023,30-106,473.2,promien_500m
2023,31-008,475.2,promien_500m
2023,31-002,485.9,promien_500m
2023,30-108,488.0,promien_500m
2023,31-124,499.5,promien_500m
2024,31-108,0.0,promien_500m
2024,31-107,42.4,promien_500m
2024,31-103,51.2,promien_500m
2024,31-109,61.7,promien_500m
2024,31-104,80.9,promien_500m
2024,31-102,109.3,promien_500m
2024,31-110,122.6,promien_500m
2024,31-101,147.5,promien_500m
2024,31-105,170.6,promien_500m
2024,31-114,174.5,promien_500m
2024,31-113,178.8,promien_500m
2024,31-007,180.2,promien_500m
2024,31-010,193.0,promien_500m
2024,31-004,195.5,promien_500m
2024,31-115,205.2,promien_500m
2024,31-112,209.8,promien_500m
2024,31-111,256.6,promien_500m
2024,31-106,269.4,promien_500m
2024,31-027,291.4,promien_500m
2024,31-117,303.3,promien_500m
2024,31-002,303.4,promien_500m
2024,31-008,305.7,promien_500m
2024,31-118,318.5,promien_500m
2024,31-005,321.8,promien_500m
2024,31-116,339.0,promien_500m
2024,31-003,387.3,promien_500m
2024,31-124,387.9,promien_500m
2024,30-101,391.2,promien_500m
2024,30-112,397.1,promien_500m
2024,31-009,399.1,promien_500m
2024,31-006,400.2,promien_500m
2024,31-120,410.3,promien_500m
2024,30-102,413.5,promien_500m
2024,31-121,427.0,promien_500m
2024,31-123,431.6,promien_500m
2024,31-042,432.5,promien_500m
2024,31-001,443.3,promien_500m
2024,30-059,451.3,promien_500m
2024,31-044,463.8,promien_500m
2024,31-043,476.3,promien_500m
2024,30-062,485.4,promien_500m
2024,31-133,495.5,promien_500m
2025,31-108,0.0,promien_500m
2025,31-107,1.4,promien_500m
2025,31-103,30.9,promien_500m
2025,31-112,33.7,promien_500m
2025,31-104,51.5,promien_500m
2025,31-109,62.4,promien_500m
2025,31-111,97.0,promien_500m
2025,31-106,106.2,promien_500m
2025,31-110,127.6,promien_500m
2025,31-115,160.1,promien_500m
2025,31-105,161.5,promien_500m
2025,31-027,165.8,promien_500m
2025,31-102,185.9,promien_500m
2025,31-117,191.4,promien_500m
2025,30-101,215.6,promien_500m
2025,30-112,219.4,promien_500m
2025,31-101,249.5,promien_500m
2025,31-114,258.2,promien_500m
2025,30-102,272.0,promien_500m
2025,31-120,274.8,promien_500m
2025,30-059,285.7,promien_500m
2025,31-121,303.4,promien_500m
2025,31-113,308.3,promien_500m
2025,30-062,338.6,promien_500m
2025,31-007,352.0,promien_500m
2025,31-010,353.5,promien_500m
2025,31-116,359.7,promien_500m
2025,31-004,372.9,promien_500m
2025,30-103,399.9,promien_500m
2025,30-105,402.5,promien_500m
2025,31-118,411.9,promien_500m
2025,30-111,417.3,promien_500m
2025,31-123,429.7,promien_500m
2025,30-063,429.8,promien_500m
2025,31-008,441.5,promien_500m
2025,31-002,448.3,promien_500m
2025,30-301,455.0,promien_500m
2025,30-303,472.5,promien_500m
2025,31-124,472.7,promien_500m
2025,30-060,486.3,promien_500m
2025,31-003,498.8,promien_500m
2025,31-005,499.5,promien_500m
2027,31-108,0.0,promien_500m
2027,31-107,14.7,promien_500m
2027,31-112,21.7,promien_500m
2027,31-111,42.5,promien_500m
2027,31-109,66.4,promien_500m
2027,31-103,85.6,promien_500m
2027,31-110,96.6,promien_500m
2027,31-104,98.2,promien_500m
2027,31-106,98.9,promien_500m
2027,31-027,114.2,promien_500m
2027,31-115,119.8,promien_500m
2027,31-117,147.7,promien_500m
2027,30-101,178.3,promien_500m
2027,30-112,179.5,promien_500m
2027,31-105,208.5,promien_500m
2027,31-120,222.0,promien_500m
2027,30-059,232.1,promien_500m
2027,31-102,239.1,promien_500m
2027,30-102,239.6,promien_500m
2027,31-121,252.2,promien_500m
2027,31-114,268.1,promien_500m
2027,31-101,281.8,promien_500m
2027,30-062,284.0,promien_500m
2027,31-113,330.5,promien_500m
2027,31-116,341.5,promien_500m
2027,30-111,369.2,promien_500m
2027,30-063,377.5,promien_500m
2027,30-103,380.9,promien_500m
2027,31-010,385.2,promien_500m
2027,31-123,388.0,promien_500m
2027,31-007,390.1,promien_500m
2027,30-105,407.9,promien_500m
2027,31-004,418.3,promien_500m
2027,31-118,420.4,promien_500m
2027,30-060,431.9,promien_500m
2027,31-008,458.8,promien_500m
2027,30-106,474.1,promien_500m
2027,31-124,476.6,promien_500m
2027,30-301,482.2,promien_500m
2027,30-303,496.0,promien_500m
2028,31-107,0.0,promien_500m
2028,31-108,20.6,promien_500m
2028,31-109,45.9,promien_500m
2028,31-112,61.4,promien_500m
2028,31-111,67.6,promien_500m
2028,31-110,74.7,promien_500m
2028,31-103,80.2,promien_500m
2028,31-104,90.4,promien_500m
2028,31-115,104.5,promien_500m
2028,31-027,116.3,promien_500m
2028,31-106,135.8,promien_500m
2028,31-117,135.8,promien_500m
2028,30-101,215.5,promien_500m
2028,30-112,216.6,promien_500m
2028,31-105,218.1,promien_500m
2028,31-120,226.3,promien_500m
2028,31-114,228.5,promien_500m
2028,31-102,238.0,promien_500m
2028,31-121,251.9,promien_500m
2028,30-059,255.0,promien_500m
2028,30-102,278.4,promien_500m
2028,31-113,291.5,promien_500m
2028,30-062,295.4,promien_500m
2028,31-101,304.3,promien_500m
2028,31-116,309.7,promien_500m
2028,31-010,348.3,promien_500m
2028,31-007,355.9,promien_500m
2028,31-123,372.9,promien_500m
2028,31-118,380.8,promien_500m
2028,31-004,388.5,promien_500m
2028,30-111,399.7,promien_500m
2028,30-063,400.6,promien_500m
2028,31-008,419.1,promien_500m
2028,30-103,420.7,promien_500m
2028,31-124,437.5,promien_500m
2028,30-060,441.5,promien_500m
2028,30-105,443.6,promien_500m
2028,31-724,485.6,promien_500m
2028,31-002,485.9,promien_500m
2028,31-009,496.5,promien_500m
2029,31-109,0.0,promien_500m
2029,31-108,8.8,promien_500m
2029,31-110,18.5,promien_500m
2029,31-107,21.5,promien_500m
2029,31-111,25.6,promien_500m
2029,31-115,34.1,promien_500m
2029,31-027,36.3,promien_500m
2029,31-117,59.5,promien_500m
2029,31-112,69.3,promien_500m
2029,31-120,147.6,promien_500m
2029,31-103,160.4,promien_500m
2029,31-104,170.3,promien_500m
2029,31-121,171.7,promien_500m
2029,31-106,176.2,promien_500m
2029,30-059,190.4,promien_500m
2029,30-101,201.5,promien_500m
2029,30-112,201.6,promien_500m
2029,30-062,220.6,promien_500m
2029,31-114,237.3,promien_500m
2029,31-116,267.9,promien_500m
2029,30-102,270.8,promien_500m
2029,31-105,294.3,promien_500m
2029,31-123,299.8,promien_500m
2029,31-102,318.1,promien_500m
2029,31-113,320.7,promien_500m
2029,30-063,333.4,promien_500m
2029,30-111,350.7,promien_500m
2029,30-060,364.2,promien_500m
2029,31-101,369.6,promien_500m
2029,31-118,384.1,promien_500m
2029,31-010,389.5,promien_500m
2029,31-007,395.4,promien_500m
2029,30-103,427.1,promien_500m
2029,31-124,431.8,promien_500m
2029,31-724,434.0,promien_500m
2029,31-008,435.3,promien_500m
2029,31-004,449.4,promien_500m
2029,30-106,476.5,promien_500m
2029,30-105,480.6,promien_500m
2030,31-109,0.0,promien_500m
2030,31-110,7.6,promien_500m
2030,31-115,61.0,promien_500m
2030,31-107,70.0,promien_500m
2030,31-108,88.4,promien_500m
2030,31-114,110.3,promien_500m
2030,31-104,133.7,promien_500m
2030,31-103,137.6,promien_500m
2030,31-027,151.9,promien_500m
2030,31-117,153.7,promien_500m
2030,31-111,168.7,promien_500m
2030,31-113,178.9,promien_500m
2030,31-112,179.9,promien_500m
2030,31-116,218.7,promien_500m
2030,31-010,246.6,promien_500m
2030,31-106,251.9,promien_500m
2030,31-007,254.1,promien_500m
2030,31-118,262.5,promien_500m
2030,31-102,263.3,promien_500m
2030,31-120,271.5,promien_500m
2030,31-105,274.6,promien_500m
2030,31-121,277.0,promien_500m
2030,31-008,301.5,promien_500m
2030,31-101,303.6,promien_500m
2030,31-004,317.3,promien_500m
2030,31-124,321.0,promien_500m
2030,30-059,325.4,promien_500m
2030,31-123,326.7,promien_500m
2030,30-101,329.1,promien_500m
2030,30-112,329.9,promien_500m
2030,30-062,350.8,promien_500m
2030,31-009,377.9,promien_500m
2030,30-102,394.6,promien_500m
2030,31-724,407.9,promien_500m
2030,31-002,422.5,promien_500m
2030,31-005,434.1,promien_500m
2030,31-128,442.6,promien_500m
2030,31-133,457.4,promien_500m
2030,30-063,465.4,promien_500m
2030,30-060,484.2,promien_500m
2030,30-111,493.6,promien_500m
2030,31-042,496.8,promien_500m
2031,31-110,0.0,promien_500m
2031,31-109,2.7,promien_500m
2031,31-114,62.9,promien_500m
2031,31-115,70.8,promien_500m
2031,31-108,74.7,promien_500m
2031,31-113,121.5,promien_500m
2031,31-107,124.9,promien_500m
2031,31-104,159.8,promien_500m
2031,31-103,169.1,promien_500m
2031,31-010,189.4,promien_500m
2031,31-007,196.5,promien_500m
2031,31-117,203.1,promien_500m
2031,31-116,204.2,promien_500m
2031,31-027,206.8,promien_500m
2031,31-118,217.4,promien_500m
2031,31-111,226.5,promien_500m
2031,31-112,226.6,promien_500m
2031,31-102,241.0,promien_500m
2031,31-008,248.1,promien_500m
2031,31-004,269.8,promien_500m
2031,31-101,275.4,promien_500m
2031,31-124,280.9,promien_500m
2031,31-105,286.5,promien_500m
2031,31-106,299.5,promien_500m
2031,31-123,306.0,promien_500m
2031,31-121,323.9,promien_500m
2031,31-120,324.5,promien_500m
2031,31-009,327.4,promien_500m
2031,31-002,370.7,promien_500m
2031,30-059,379.7,promien_500m
2031,31-005,382.0,promien_500m
2031,30-101,385.1,promien_500m
2031,30-112,386.0,promien_500m
2031,31-128,403.5,promien_500m
2031,30-062,404.5,promien_500m
2031,31-724,406.6,promien_500m
2031,31-133,413.0,promien_500m
2031,31-042,439.0,promien_500m
2031,30-102,449.5,promien_500m
2031,31-011,452.1,promien_500m
2031,31-006,463.2,promien_500m
2031,31-131,495.6,promien_500m
2033,31-114,0.0,promien_500m
2033,31-113,34.6,promien_500m
2033,31-110,46.7,promien_500m
2033,31-115,89.5,promien_500m
2033,31-109,90.3,promien_500m
2033,31-007,91.2,promien_500m
2033,31-118,96.3,promien_500m
2033,31-010,115.2,promien_500m
2033,31-008,125.8,promien_500m
2033,31-116,126.3,promien_500m
2033,31-108,154.7,promien_500m
2033,31-124,164.6,promien_500m
2033,31-009,202.4,promien_500m
2033,31-123,208.0,promien_500m
2033,31-107,211.1,promien_500m
2033,31-103,257.9,promien_500m
2033,31-004,260.0,promien_500m
2033,31-117,267.8,promien_500m
2033,31-104,277.9,promien_500m
2033,31-128,281.8,promien_500m
2033,31-133,288.6,promien_500m
2033,31-102,297.5,promien_500m
2033,31-027,303.2,promien_500m
2033,31-101,314.1,promien_500m
2033,31-011,327.0,promien_500m
2033,31-005,328.8,promien_500m
2033,31-002,331.5,promien_500m
2033,31-111,335.1,promien_500m
2033,31-042,348.6,promien_500m
2033,31-112,351.7,promien_500m
2033,31-724,358.6,promien_500m
2033,31-121,376.3,promien_500m
2033,31-131,380.6,promien_500m
2033,31-105,392.2,promien_500m
2033,31-120,403.4,promien_500m
2033,31-006,412.3,promien_500m
2033,31-106,424.6,promien_500m
2033,31-013,441.3,promien_500m
2033,31-014,444.4,promien_500m
2033,31-510,454.4,promien_500m
2033,31-127,458.7,promien_500m
2033,31-018,465.8,promien_500m
2033,30-059,466.5,promien_500m
2033,31-017,481.1,promien_500m
2033,31-012,485.9,promien_500m
2033,30-062,488.5,promien_500m
2033,31-126,499.6,promien_500m
2035,31-115,0.0,promien_500m
2035,31-110,51.8,promien_500m
2035,31-114,67.1,promien_500m
2035,31-116,96.7,promien_500m
2035,31-109,109.8,promien_500m
2035,31-117,131.1,promien_500m
2035,31-113,142.0,promien_500m
2035,31-107,162.9,promien_500m
2035,31-027,169.3,promien_500m
2035,31-108,181.1,promien_500m
2035,31-118,200.7,promien_500m
2035,31-123,208.0,promien_500m
2035,31-111,215.1,promien_500m
2035,31-121,223.4,promien_500m
2035,31-124,239.8,promien_500m
2035,31-007,244.5,promien_500m
2035,31-120,253.1,promien_500m
2035,31-104,255.8,promien_500m
2035,31-112,256.4,promien_500m
2035,31-103,257.5,promien_500m
2035,31-008,265.7,promien_500m
2035,31-010,266.6,promien_500m
2035,31-724,285.4,promien_500m
2035,30-059,318.8,promien_500m
2035,31-009,323.2,promien_500m
2035,30-062,339.1,promien_500m
2035,31-128,348.5,promien_500m
2035,31-106,351.0,promien_500m
2035,31-102,369.2,promien_500m
2035,30-112,377.1,promien_500m
2035,31-133,378.1,promien_500m
2035,31-004,383.5,promien_500m
2035,30-101,395.3,promien_500m
2035,31-105,397.2,promien_500m
2035,31-101,403.2,promien_500m
2035,30-063,432.2,promien_500m
2035,31-131,433.9,promien_500m
2035,31-127,434.8,promien_500m
2035,31-011,438.6,promien_500m
2035,30-060,447.4,promien_500m
2035,31-126,451.0,promien_500m
2035,30-102,464.8,promien_500m
2035,31-002,472.6,promien_500m
2035,31-005,481.1,promien_500m
2035,30-048,497.1,promien_500m
2036,31-115,0.0,promien_500m
2036,31-110,66.4,promien_500m
2036,31-117,98.3,promien_500m
2036,31-116,99.9,promien_500m
2036,31-114,112.9,promien_500m
2036,31-109,125.9,promien_500m
2036,31-027,133.8,promien_500m
2036,31-107,157.4,promien_500m
2036,31-108,160.2,promien_500m
2036,31-121,174.7,promien_500m
2036,31-113,181.2,promien_500m
2036,31-111,186.9,promien_500m
2036,31-123,189.3,promien_500m
2036,31-120,206.1,promien_500m
2036,31-112,237.8,promien_500m
2036,31-118,245.1,promien_500m
2036,31-103,265.0,promien_500m
2036,31-104,267.1,promien_500m
2036,30-059,273.2,promien_500m
2036,31-724,275.7,promien_500m
2036,31-124,277.6,promien_500m
2036,30-062,292.4,promien_500m
2036,31-007,293.6,promien_500m
2036,31-008,313.0,promien_500m
2036,31-010,315.6,promien_500m
2036,30-112,337.2,promien_500m
2036,31-106,339.4,promien_500m
2036,31-009,366.9,promien_500m
2036,30-101,367.6,promien_500m
2036,31-128,375.6,promien_500m
2036,30-063,383.1,promien_500m
2036,30-060,398.2,promien_500m
2036,31-102,402.3,promien_500m
2036,31-105,411.6,promien_500m
2036,31-133,413.9,promien_500m
2036,31-004,427.3,promien_500m
2036,31-126,435.8,promien_500m
2036,31-127,436.3,promien_500m
2036,30-102,436.5,promien_500m
2036,31-101,438.0,promien_500m
2036,31-131,460.2,promien_500m
2036,30-111,460.6,promien_500m
2036,31-011,479.0,promien_500m
2036,30-048,488.3,promien_500m
2037,31-115,0.0,promien_500m
2037,31-117,12.5,promien_500m
2037,31-027,49.0,promien_500m
2037,31-109,59.8,promien_500m
2037,31-110,62.7,promien_500m
2037,31-108,99.7,promien_500m
2037,31-111,104.0,promien_500m
2037,31-107,107.4,promien_500m
2037,31-121,117.9,promien_500m
2037,31-120,122.9,promien_500m
2037,31-112,171.4,promien_500m
2037,31-116,175.6,promien_500m
2037,30-059,186.1,promien_500m
2037,31-114,200.6,promien_500m
2037,31-123,203.4,promien_500m
2037,30-062,207.7,promien_500m
2037,31-103,242.6,promien_500m
2037,30-112,245.9,promien_500m
2037,31-104,250.7,promien_500m
2037,31-113,272.2,promien_500m
2037,31-106,278.9,promien_500m
2037,30-101,284.1,promien_500m
2037,30-063,311.7,promien_500m
2037,30-060,328.4,promien_500m
2037,31-724,332.6,promien_500m
2037,31-118,334.0,promien_500m
2037,30-102,351.3,promien_500m
2037,31-124,368.9,promien_500m
2037,30-111,371.5,promien_500m
2037,31-007,371.9,promien_500m
2037,31-010,387.1,promien_500m
2037,31-105,387.6,promien_500m
2037,31-008,398.3,promien_500m
2037,31-102,398.6,promien_500m
2037,31-009,456.4,promien_500m
2037,31-101,461.4,promien_500m
2037,31-128,464.2,promien_500m
2037,31-004,475.3,promien_500m
2037,31-126,479.1,promien_500m
2038,31-117,0.0,promien_500m
2038,31-115,16.3,promien_500m
2038,31-027,32.3,promien_500m
2038,31-109,52.6,promien_500m
2038,31-110,68.2,promien_500m
2038,31-111,84.7,promien_500m
2038,31-120,95.0,promien_500m
2038,31-121,95.7,promien_500m
2038,31-108,99.1,promien_500m
2038,31-107,107.8,promien_500m
2038,30-059,156.7,promien_500m
2038,31-112,162.3,promien_500m
2038,30-062,178.7,promien_500m
2038,31-116,199.6,promien_500m
2038,31-123,202.3,promien_500m
2038,30-112,217.3,promien_500m
2038,31-114,230.2,promien_500m
2038,31-103,249.6,promien_500m
2038,31-104,258.5,promien_500m
2038,30-101,262.5,promien_500m
2038,31-106,269.9,promien_500m
2038,30-063,286.2,promien_500m
2038,31-113,301.4,promien_500m
2038,30-060,303.3,promien_500m
2038,30-102,328.3,promien_500m
2038,30-111,341.8,promien_500m
2038,31-724,347.5,promien_500m
2038,31-118,363.6,promien_500m
2038,31-124,386.6,promien_500m
2038,31-105,390.3,promien_500m
2038,31-007,400.8,promien_500m
2038,31-102,407.8,promien_500m
2038,31-010,414.7,promien_500m
2038,31-008,427.9,promien_500m
2038,31-101,466.9,promien_500m
2038,31-009,486.0,promien_500m
2038,31-126,489.6,promien_500m
2038,31-128,490.9,promien_500m
2038,30-103,492.8,promien_500m
2038,31-004,498.6,promien_500m
2038,30-106,499.2,promien_500m
2039,31-117,0.0,promien_500m
2039,31-121,10.0,promien_500m
2039,31-115,54.5,promien_500m
2039,31-120,56.9,promien_500m
2039,31-111,98.9,promien_500m
2039,31-123,107.8,promien_500m
2039,31-027,110.0,promien_500m
2039,30-059,136.4,promien_500m
2039,30-062,138.5,promien_500m
2039,31-109,153.8,promien_500m
2039,31-110,170.9,promien_500m
2039,31-116,188.1,promien_500m
2039,31-108,200.9,promien_500m
2039,31-107,209.9,promien_500m
2039,30-063,210.2,promien_500m
2039,30-060,224.7,promien_500m
2039,30-112,230.0,promien_500m
2039,31-112,249.2,promien_500m
2039,31-114,280.3,promien_500m
2039,31-724,300.1,promien_500m
2039,30-111,317.4,promien_500m
2039,30-101,317.5,promien_500m
2039,31-124,340.3,promien_500m
2039,31-113,340.6,promien_500m
2039,31-103,352.9,promien_500m
2039,31-106,357.4,promien_500m
2039,31-104,361.9,promien_500m
2039,30-102,374.0,promien_500m
2039,31-118,409.3,promien_500m
2039,31-126,416.1,promien_500m
2039,31-007,467.5,promien_500m
2039,31-127,472.9,promien_500m
2039,31-008,482.1,promien_500m
2039,31-010,489.5,promien_500m
2039,31-105,490.9,promien_500m
2039,30-048,493.7,promien_500m
2039,31-128,497.2,promien_500m
2040,31-115,0.0,promien_500m
2040,31-117,48.5,promien_500m
2040,31-110,108.4,promien_500m
2040,31-116,113.5,promien_500m
2040,31-121,113.7,promien_500m
2040,31-027,115.3,promien_500m
2040,31-109,126.1,promien_500m
2040,31-120,152.5,promien_500m
2040,31-123,152.9,promien_500m
2040,31-108,162.6,promien_500m
2040,31-111,164.8,promien_500m
2040,31-107,169.4,promien_500m
2040,31-114,169.9,promien_500m
2040,30-059,224.1,promien_500m
2040,31-113,230.8,promien_500m
2040,31-112,237.0,promien_500m
2040,30-062,240.7,promien_500m
2040,31-724,266.4,promien_500m
2040,31-103,294.0,promien_500m
2040,30-112,298.7,promien_500m
2040,31-118,298.8,promien_500m
2040,31-104,299.9,promien_500m
2040,31-124,304.6,promien_500m
2040,30-063,323.9,promien_500m
2040,30-060,338.6,promien_500m
2040,31-106,344.0,promien_500m
2040,30-101,348.8,promien_500m
2040,31-007,353.6,promien_500m
2040,31-008,369.2,promien_500m
2040,31-010,376.5,promien_500m
2040,31-128,407.6,promien_500m
2040,30-111,412.5,promien_500m
2040,30-102,414.9,promien_500m
2040,31-126,415.2,promien_500m
2040,31-009,418.7,promien_500m
2040,31-127,433.8,promien_500m
2040,31-105,442.7,promien_500m
2040,31-102,444.2,promien_500m
2040,31-133,455.8,promien_500m
2040,30-048,475.0,promien_500m
2040,31-004,486.1,promien_500m
2040,31-101,489.6,promien_500m
2040,31-131,490.3,promien_500m
2041,31-123,0.0,promien_500m
2041,31-120,17.4,promien_500m
2041,31-117,62.7,promien_500m
2041,31-121,67.5,promien_500m
2041,30-059,93.3,promien_500m
2041,31-115,139.8,promien_500m
2041,30-060,181.7,promien_500m
2041,30-062,188.9,promien_500m
2041,31-116,215.0,promien_500m
2041,30-063,227.9,promien_500m
2041,31-724,232.0,promien_500m
2041,31-111,259.0,promien_500m
2041,31-124,261.9,promien_500m
2041,31-126,271.9,promien_500m
2041,31-027,283.0,promien_500m
2041,31-109,325.5,promien_500m
2041,31-110,341.6,promien_500m
2041,31-114,345.7,promien_500m
2041,30-047,364.7,promien_500m
2041,30-112,367.6,promien_500m
2041,31-127,372.3,promien_500m
2041,31-108,372.4,promien_500m
2041,30-048,375.0,promien_500m
2041,31-107,381.2,promien_500m
2041,30-111,401.2,promien_500m
2041,30-054,404.8,promien_500m
2041,31-113,408.9,promien_500m
2041,31-112,420.2,promien_500m
2041,30-049,455.9,promien_500m
2041,31-118,467.5,promien_500m
2041,31-128,472.8,promien_500m
2041,30-101,476.9,promien_500m
2042,31-123,0.0,promien_500m
2042,31-117,6.9,promien_500m
2042,31-120,36.2,promien_500m
2042,31-121,50.9,promien_500m
2042,31-115,94.2,promien_500m
2042,30-059,118.8,promien_500m
2042,31-116,167.5,promien_500m
2042,30-062,184.2,promien_500m
2042,31-111,215.0,promien_500m
2042,31-724,216.0,promien_500m
2042,30-060,223.6,promien_500m
2042,31-027,229.7,promien_500m
2042,30-063,235.2,promien_500m
2042,31-124,253.8,promien_500m
2042,31-109,267.1,promien_500m
2042,31-110,281.3,promien_500m
2042,31-114,290.2,promien_500m
2042,31-126,299.3,promien_500m
2042,31-108,313.5,promien_500m
2042,31-107,322.1,promien_500m
2042,30-112,335.9,promien_500m
2042,31-113,353.7,promien_500m
2042,31-112,370.0,promien_500m
2042,31-127,375.4,promien_500m
2042,30-048,387.6,promien_500m
2042,30-111,391.7,promien_500m
2042,31-118,415.2,promien_500m
2042,30-047,416.8,promien_500m
2042,30-101,435.3,promien_500m
2042,31-128,459.6,promien_500m
2042,31-103,461.2,promien_500m
2042,30-054,464.4,promien_500m
2042,31-104,469.4,promien_500m
2042,31-106,477.7,promien_500m
2042,30-102,486.6,promien_500m
2042,31-131,489.1,promien_500m
2042,31-007,498.6,promien_500m
2044,31-123,0.0,promien_500m
2044,31-115,16.5,promien_500m
2044,31-121,22.2,promien_500m
2044,31-724,57.0,promien_500m
2044,31-116,76.3,promien_500m
2044,31-117,80.3,promien_500m
2044,31-124,97.0,promien_500m
2044,31-120,162.2,promien_500m
2044,31-126,199.3,promien_500m
2044,31-114,207.0,promien_500m
2044,31-127,229.8,promien_500m
2044,30-059,253.6,promien_500m
2044,30-048,259.1,promien_500m
2044,31-113,262.4,promien_500m
2044,31-110,281.7,promien_500m
2044,31-118,306.8,promien_500m
2044,31-128,307.9,promien_500m
2044,31-027,325.6,promien_500m
2044,31-131,327.7,promien_500m
2044,31-111,340.7,promien_500m
2044,31-109,341.2,promien_500m
2044,30-062,345.5,promien_500m
2044,30-060,368.3,promien_500m
2044,31-133,371.1,promien_500m
2044,31-108,379.3,promien_500m
2044,31-107,385.9,promien_500m
2044,30-047,393.4,promien_500m
2044,31-008,395.3,promien_500m
2044,30-063,397.3,promien_500m
2044,31-007,405.7,promien_500m
2044,31-009,407.7,promien_500m
2044,31-135,445.5,promien_500m
2044,31-112,453.0,promien_500m
2044,31-010,464.4,promien_500m
2044,30-112,473.3,promien_500m
2044,30-054,475.8,promien_500m
2044,31-011,477.8,promien_500m
2044,31-130,498.6,promien_500m
2045,31-116,0.0,promien_500m
2045,31-115,1.1,promien_500m
2045,31-117,39.8,promien_500m
2045,31-123,60.4,promien_500m
2045,31-121,109.4,promien_500m
2045,31-724,128.9,promien_500m
2045,31-114,130.5,promien_500m
2045,31-124,167.3,promien_500m
2045,31-113,192.3,promien_500m
2045,31-110,195.2,promien_500m
2045,31-120,199.8,promien_500m
2045,31-118,248.9,promien_500m
2045,31-027,254.2,promien_500m
2045,31-109,264.8,promien_500m
2045,30-059,286.9,promien_500m
2045,31-126,287.2,promien_500m
2045,31-111,288.9,promien_500m
2045,31-127,294.9,promien_500m
2045,31-108,298.6,promien_500m
2045,31-128,299.9,promien_500m
2045,31-107,303.8,promien_500m
2045,30-062,332.0,promien_500m
2045,31-008,338.0,promien_500m
2045,30-048,340.3,promien_500m
2045,31-007,340.3,promien_500m
2045,31-009,361.5,promien_500m
2045,31-131,366.4,promien_500m
2045,31-133,367.5,promien_500m
2045,31-112,374.7,promien_500m
2045,31-010,387.5,promien_500m
2045,30-063,389.7,promien_500m
2045,30-060,391.7,promien_500m
2045,31-103,413.8,promien_500m
2045,31-104,415.4,promien_500m
2045,30-112,423.1,promien_500m
2045,31-011,449.1,promien_500m
2045,31-106,480.6,promien_500m
2045,30-047,482.3,promien_500m
2045,30-101,486.0,promien_500m
2046,31-116,0.0,promien_500m
2046,31-114,46.7,promien_500m
2046,31-123,52.9,promien_500m
2046,31-115,55.8,promien_500m
2046,31-113,95.3,promien_500m
2046,31-118,139.1,promien_500m
2046,31-117,140.0,promien_500m
2046,31-124,143.7,promien_500m
2046,31-110,143.9,promien_500m
2046,31-724,160.6,promien_500m
2046,31-121,180.2,promien_500m
2046,31-128,204.1,promien_500m
2046,31-008,228.8,promien_500m
2046,31-007,236.4,promien_500m
2046,31-009,248.8,promien_500m
2046,31-133,259.5,promien_500m
2046,31-109,260.6,promien_500m
2046,31-127,279.4,promien_500m
2046,31-131,287.0,promien_500m
2046,31-010,298.4,promien_500m
2046,31-027,308.0,promien_500m
2046,31-126,308.8,promien_500m
2046,31-120,312.0,promien_500m
2046,31-107,322.4,promien_500m
2046,31-108,332.2,promien_500m
2046,31-011,338.1,promien_500m
2046,30-048,357.3,promien_500m
2046,31-111,362.2,promien_500m
2046,30-059,399.5,promien_500m
2046,31-104,410.1,promien_500m
2046,31-112,412.2,promien_500m
2046,31-103,414.2,promien_500m
2046,30-062,435.3,promien_500m
2046,31-135,443.9,promien_500m
2046,31-004,457.4,promien_500m
2046,31-102,486.4,promien_500m
2046,31-042,489.5,promien_500m
2046,31-005,493.6,promien_500m
2046,30-063,497.1,promien_500m
2046,31-012,499.2,promien_500m
2047,31-116,0.0,promien_500m
2047,31-114,7.9,promien_500m
2047,31-113,43.7,promien_500m
2047,31-123,64.4,promien_500m
2047,31-118,68.6,promien_500m
2047,31-124,70.6,promien_500m
2047,31-115,83.9,promien_500m
2047,31-110,143.7,promien_500m
2047,31-008,156.7,promien_500m
2047,31-128,161.3,promien_500m
2047,31-007,169.4,promien_500m
2047,31-009,175.5,promien_500m
2047,31-133,196.8,promien_500m
2047,31-117,209.1,promien_500m
2047,31-724,210.3,promien_500m
2047,31-121,239.8,promien_500m
2047,31-010,244.1,promien_500m
2047,31-109,247.2,promien_500m
2047,31-131,247.5,promien_500m
2047,31-011,269.7,promien_500m
2047,31-127,296.8,promien_500m
2047,31-108,314.0,promien_500m
2047,31-126,340.2,promien_500m
2047,31-107,345.6,promien_500m
2047,31-027,352.0,promien_500m
2047,31-120,383.7,promien_500m
2047,30-048,393.4,promien_500m
2047,31-111,401.9,promien_500m
2047,31-004,410.9,promien_500m
2047,31-104,414.6,promien_500m
2047,31-135,418.4,promien_500m
2047,31-042,419.0,promien_500m
2047,31-103,419.9,promien_500m
2047,31-005,427.6,promien_500m
2047,31-014,436.8,promien_500m
2047,31-012,437.7,promien_500m
2047,31-112,443.1,promien_500m
2047,31-140,456.5,promien_500m
2047,31-102,459.4,promien_500m
2047,31-002,461.3,promien_500m
2047,31-013,471.5,promien_500m
2047,30-059,471.9,promien_500m
2047,31-101,475.1,promien_500m
2047,31-045,496.9,promien_500m
2047,30-062,498.5,promien_500m
2050,31-116,0.0,promien_500m
2050,31-124,0.8,promien_500m
2050,31-118,17.5,promien_500m
2050,31-123,39.8,promien_500m
2050,31-113,51.8,promien_500m
2050,31-114,71.2,promien_500m
2050,31-008,77.7,promien_500m
2050,31-009,85.0,promien_500m
2050,31-128,109.8,promien_500m
2050,31-007,111.6,promien_500m
2050,31-133,121.2,promien_500m
2050,31-115,169.1,promien_500m
2050,31-011,181.6,promien_500m
2050,31-010,186.0,promien_500m
2050,31-110,200.9,promien_500m
2050,31-131,206.8,promien_500m
2050,31-109,249.0,promien_500m
2050,31-724,276.3,promien_500m
2050,31-117,300.4,promien_500m
2050,31-121,310.0,promien_500m
2050,31-108,321.8,promien_500m
2050,31-127,325.6,promien_500m
2050,31-042,341.1,promien_500m
2050,31-014,345.1,promien_500m
2050,31-012,351.4,promien_500m
2050,31-005,360.7,promien_500m
2050,31-107,365.6,promien_500m
2050,31-126,381.8,promien_500m
2050,31-004,381.9,promien_500m
2050,31-013,382.1,promien_500m
2050,31-135,385.1,promien_500m
2050,31-140,391.3,promien_500m
2050,31-002,411.0,promien_500m
2050,31-103,416.6,promien_500m
2050,30-014,420.5,promien_500m
2050,31-018,420.9,promien_500m
2050,31-016,428.1,promien_500m
2050,31-027,428.3,promien_500m
2050,31-144,437.4,promien_500m
2050,31-017,437.9,promien_500m
2050,30-048,438.1,promien_500m
2050,31-015,446.8,promien_500m
2050,31-134,448.0,promien_500m
2050,31-104,452.5,promien_500m
2050,31-510,453.0,promien_500m
2050,31-102,457.9,promien_500m
2050,31-045,458.8,promien_500m
2050,31-006,460.4,promien_500m
2050,31-101,462.5,promien_500m
2050,31-111,472.7,promien_500m
2050,31-139,473.0,promien_500m
2050,31-120,475.3,promien_500m
2051,31-071,0.0,promien_500m
2051,31-068,4.0,promien_500m
2051,31-069,4.5,promien_500m
2051,31-058,41.8,promien_500m
2051,30-058,69.4,promien_500m
2051,31-039,71.4,promien_500m
2051,31-070,78.3,promien_500m
2051,30-901,100.4,promien_500m
2051,31-054,118.0,promien_500m
2051,31-062,124.5,promien_500m
2051,30-960,143.9,promien_500m
2051,31-055,162.4,promien_500m
2051,31-064,169.9,promien_500m
2051,31-048,192.5,promien_500m
2051,31-063,192.7,promien_500m
2051,31-059,213.6,promien_500m
2051,31-065,214.8,promien_500m
2051,31-049,216.2,promien_500m
2051,31-001,241.7,promien_500m
2051,31-044,243.5,promien_500m
2051,31-056,273.9,promien_500m
2051,31-003,307.5,promien_500m
2051,31-050,323.4,promien_500m
2051,31-057,353.1,promien_500m
2051,31-020,368.0,promien_500m
2051,31-002,379.2,promien_500m
2051,31-132,386.7,promien_500m
2051,31-051,387.6,promien_500m
2051,31-067,394.6,promien_500m
2051,31-060,401.7,promien_500m
2051,31-052,419.8,promien_500m
2051,31-047,440.6,promien_500m
2051,31-155,456.6,promien_500m
2051,31-007,477.2,promien_500m
2051,31-053,480.9,promien_500m
2051,30-301,483.7,promien_500m
2051,30-302,486.6,promien_500m
2051,31-101,495.0,promien_500m
2054,31-123,0.0,promien_500m
2054,31-124,59.5,promien_500m
2054,31-724,74.8,promien_500m
2054,31-116,83.6,promien_500m
2054,31-121,105.4,promien_500m
2054,31-115,106.4,promien_500m
2054,31-127,134.6,promien_500m
2054,31-128,145.6,promien_500m
2054,31-114,166.6,promien_500m
2054,31-126,173.3,promien_500m
2054,31-131,178.8,promien_500m
2054,31-118,194.3,promien_500m
2054,31-133,205.6,promien_500m
2054,31-113,208.2,promien_500m
2054,31-117,217.6,promien_500m
2054,30-048,227.3,promien_500m
2054,31-120,267.7,promien_500m
2054,31-009,277.3,promien_500m
2054,31-110,287.7,promien_500m
2054,31-008,291.8,promien_500m
2054,31-135,318.6,promien_500m
2054,31-007,322.2,promien_500m
2054,31-011,331.5,promien_500m
2054,30-059,366.1,promien_500m
2054,31-130,393.6,promien_500m
2054,31-010,396.6,promien_500m
2054,31-109,404.5,promien_500m
2054,31-045,406.3,promien_500m
2054,31-140,412.2,promien_500m
2054,31-136,420.7,promien_500m
2054,31-027,434.7,promien_500m
2054,31-012,452.5,promien_500m
2054,30-047,461.4,promien_500m
2054,31-107,463.7,promien_500m
2054,31-144,465.7,promien_500m
2054,31-108,470.3,promien_500m
2054,31-139,473.5,promien_500m
2054,31-111,477.2,promien_500m
2054,31-134,490.0,promien_500m
2054,31-014,498.8,promien_500m
2055,31-121,0.0,promien_500m
2055,31-120,26.1,promien_500m
2055,31-123,57.8,promien_500m
2055,30-059,94.8,promien_500m
2055,31-126,109.1,promien_500m
2055,31-124,132.4,promien_500m
2055,31-724,160.5,promien_500m
2055,31-115,170.0,promien_500m
2055,31-117,178.3,promien_500m
2055,30-048,221.5,promien_500m
2055,31-127,232.4,promien_500m
2055,31-116,233.1,promien_500m
2055,30-047,239.3,promien_500m
2055,30-060,294.6,promien_500m
2055,30-054,314.4,promien_500m
2055,31-128,344.8,promien_500m
2055,30-049,350.6,promien_500m
2055,30-062,351.1,promien_500m
2055,31-114,368.4,promien_500m
2055,30-063,383.7,promien_500m
2055,31-131,388.0,promien_500m
2055,31-111,410.5,promien_500m
2055,31-027,421.1,promien_500m
2055,31-113,423.5,promien_500m
2055,31-135,438.6,promien_500m
2055,31-110,440.5,promien_500m
2055,31-109,452.1,promien_500m
2055,31-118,464.2,promien_500m
2055,31-133,475.5,promien_500m
2055,30-079,478.0,promien_500m
2055,31-130,481.2,promien_500m
2055,30-050,487.3,promien_500m
2055,31-108,496.4,promien_500m
2056,31-121,0.0,promien_500m
2056,31-123,52.0,promien_500m
2056,31-124,65.9,promien_500m
2056,31-724,68.3,promien_500m
2056,31-115,81.0,promien_500m
2056,31-120,103.6,promien_500m
2056,31-126,118.4,promien_500m
2056,31-117,149.4,promien_500m
2056,31-116,164.0,promien_500m
2056,31-127,177.0,promien_500m
2056,30-059,185.4,promien_500m
2056,30-048,189.0,promien_500m
2056,31-128,276.9,promien_500m
2056,31-114,289.0,promien_500m
2056,30-047,308.5,promien_500m
2056,31-131,311.6,promien_500m
2056,31-113,339.7,promien_500m
2056,30-060,361.1,promien_500m
2056,31-110,367.4,promien_500m
2056,31-118,372.8,promien_500m
2056,30-062,379.2,promien_500m
2056,31-133,387.0,promien_500m
2056,31-135,396.2,promien_500m
2056,30-054,398.5,promien_500m
2056,31-027,399.2,promien_500m
2056,31-111,404.1,promien_500m
2056,31-109,420.5,promien_500m
2056,30-063,423.4,promien_500m
2056,30-049,428.4,promien_500m
2056,31-130,444.4,promien_500m
2056,31-008,460.3,promien_500m
2056,31-009,460.8,promien_500m
2056,31-108,460.9,promien_500m
2056,31-107,468.0,promien_500m
2056,31-007,476.5,promien_500m
2057,31-121,0.0,promien_500m
2057,31-124,6.4,promien_500m
2057,31-724,8.5,promien_500m
2057,31-123,37.7,promien_500m
2057,31-115,58.0,promien_500m
2057,31-126,123.4,promien_500m
2057,31-116,126.9,promien_500m
2057,31-127,132.6,promien_500m
2057,31-120,157.5,promien_500m
2057,30-048,169.6,promien_500m
2057,31-117,177.3,promien_500m
2057,31-128,214.3,promien_500m
2057,31-131,241.0,promien_500m
2057,31-114,243.2,promien_500m
2057,30-059,253.3,promien_500m
2057,31-113,293.0,promien_500m
2057,31-118,303.7,promien_500m
2057,31-133,309.8,promien_500m
2057,31-110,336.7,promien_500m
2057,31-135,348.8,promien_500m
2057,30-047,358.1,promien_500m
2057,31-009,389.4,promien_500m
2057,31-008,396.2,promien_500m
2057,31-130,401.4,promien_500m
2057,31-007,418.5,promien_500m
2057,31-027,421.0,promien_500m
2057,31-109,433.5,promien_500m
2057,30-060,434.3,promien_500m
2057,30-062,435.6,promien_500m
2057,31-111,437.9,promien_500m
2057,31-011,445.0,promien_500m
2057,30-054,459.9,promien_500m
2057,31-136,461.5,promien_500m
2057,31-108,469.2,promien_500m
2057,31-045,473.7,promien_500m
2057,31-107,474.9,promien_500m
2057,30-049,483.3,promien_500m
2057,30-063,484.2,promien_500m
2057,31-140,489.3,promien_500m
2057,31-010,493.9,promien_500m
2058,31-048,0.0,promien_500m
2058,31-047,1.9,promien_500m
2058,31-038,75.2,promien_500m
2058,31-046,83.3,promien_500m
2058,31-049,89.0,promien_500m
2058,31-039,126.2,promien_500m
2058,31-032,151.5,promien_500m
2058,31-957,157.9,promien_500m
2058,31-050,186.9,promien_500m
2058,31-073,187.2,promien_500m
2058,31-072,204.7,promien_500m
2058,31-031,208.7,promien_500m
2058,31-044,210.9,promien_500m
2058,31-002,219.5,promien_500m
2058,31-051,231.2,promien_500m
2058,31-052,244.9,promien_500m
2058,31-001,275.4,promien_500m
2058,31-054,289.7,promien_500m
2058,31-058,296.5,promien_500m
2058,31-030,297.1,promien_500m
2058,31-042,297.8,promien_500m
2058,31-043,314.0,promien_500m
2058,31-041,315.3,promien_500m
2058,31-033,324.8,promien_500m
2058,31-029,336.5,promien_500m
2058,31-007,338.3,promien_500m
2058,31-003,342.7,promien_500m
2058,31-068,374.5,promien_500m
2058,31-028,385.0,promien_500m
2058,31-532,389.6,promien_500m
2058,30-058,392.2,promien_500m
2058,31-035,399.3,promien_500m
2058,31-538,411.9,promien_500m
2058,31-004,416.9,promien_500m
2058,31-055,417.8,promien_500m
2058,31-537,420.0,promien_500m
2058,30-960,432.5,promien_500m
2058,31-006,434.2,promien_500m
2058,31-027,446.3,promien_500m
2058,31-529,452.3,promien_500m
2058,31-034,455.4,promien_500m
2058,31-056,464.5,promien_500m
2058,31-069,474.1,promien_500m
2058,31-530,477.5,promien_500m
2058,31-057,491.8,promien_500m
206,31-154,0.0,promien_500m
206,31-156,21.2,promien_500m
206,31-155,94.6,promien_500m
206,31-157,140.0,promien_500m
206,31-505,152.2,promien_500m
206,31-150,168.7,promien_500m
206,31-504,199.0,promien_500m
206,31-508,239.2,promien_500m
206,31-045,249.3,promien_500m
206,31-034,259.7,promien_500m
206,31-001,263.7,promien_500m
206,31-026,277.2,promien_500m
206,31-057,283.6,promien_500m
206,31-024,290.0,promien_500m
206,31-153,298.0,promien_500m
206,31-143,300.0,promien_500m
206,31-033,302.7,promien_500m
206,31-015,306.2,promien_500m
206,31-512,318.3,promien_500m
206,31-149,332.1,promien_500m
206,31-503,340.1,promien_500m
206,31-021,352.1,promien_500m
206,31-023,354.7,promien_500m
206,31-509,360.6,promien_500m
206,31-148,372.4,promien_500m
206,31-025,373.5,promien_500m
206,31-020,378.6,promien_500m
206,31-510,383.1,promien_500m
206,31-016,388.0,promien_500m
206,31-019,388.1,promien_500m
206,31-404,407.9,promien_500m
206,31-147,412.3,promien_500m
206,31-014,437.3,promien_500m
206,31-017,440.5,promien_500m
206,31-511,441.9,promien_500m
206,31-146,442.3,promien_500m
206,31-145,445.8,promien_500m
206,31-109,459.0,promien_500m
206,31-018,474.8,promien_500m
206,31-141,476.9,promien_500m
206,31-152,479.7,promien_500m
206,31-506,487.1,promien_500m
206,31-022,493.4,promien_500m
2060,31-123,0.0,promien_500m
2060,31-124,8.2,promien_500m
2060,31-127,43.3,promien_500m
2060,31-128,95.2,promien_500m
2060,31-724,99.2,promien_500m
2060,31-126,99.3,promien_500m
2060,31-131,111.6,promien_500m
2060,31-121,119.3,promien_500m
2060,30-048,154.4,promien_500m
2060,31-116,157.8,promien_500m
2060,31-115,175.1,promien_500m
2060,31-133,200.3,promien_500m
2060,31-120,236.0,promien_500m
2060,31-135,236.5,promien_500m
2060,31-114,254.8,promien_500m
2060,31-118,255.2,promien_500m
2060,31-117,288.3,promien_500m
2060,31-113,292.3,promien_500m
2060,31-130,303.1,promien_500m
2060,31-009,324.3,promien_500m
2060,30-059,344.3,promien_500m
2060,31-045,344.7,promien_500m
2060,31-136,344.9,promien_500m
2060,31-008,355.6,promien_500m
2060,31-011,359.5,promien_500m
2060,31-140,359.8,promien_500m
2060,31-110,379.3,promien_500m
2060,31-007,396.5,promien_500m
2060,30-047,415.6,promien_500m
2060,31-144,421.4,promien_500m
2060,31-137,422.4,promien_500m
2060,31-139,428.8,promien_500m
2060,31-012,449.1,promien_500m
2060,31-010,454.8,promien_500m
2060,31-134,459.5,promien_500m
2060,31-109,495.7,promien_500m
2061,31-124,0.0,promien_500m
2061,31-123,40.1,promien_500m
2061,31-127,62.4,promien_500m
2061,31-128,63.8,promien_500m
2061,31-131,68.5,promien_500m
2061,31-126,135.0,promien_500m
2061,31-724,143.1,promien_500m
2061,31-116,152.2,promien_500m
2061,31-133,155.9,promien_500m
2061,31-121,166.9,promien_500m
2061,30-048,181.8,promien_500m
2061,31-135,206.5,promien_500m
2061,31-115,215.8,promien_500m
2061,31-118,234.6,promien_500m
2061,31-114,258.3,promien_500m
2061,31-120,281.5,promien_500m
2061,31-130,287.8,promien_500m
2061,31-113,289.4,promien_500m
2061,31-009,292.9,promien_500m
2061,31-045,301.3,promien_500m
2061,31-136,309.7,promien_500m
2061,31-140,314.5,promien_500m
2061,31-011,320.8,promien_500m
2061,31-117,324.6,promien_500m
2061,31-008,332.4,promien_500m
2061,31-144,373.9,promien_500m
2061,31-139,381.3,promien_500m
2061,31-007,382.2,promien_500m
2061,31-110,390.0,promien_500m
2061,30-059,390.7,promien_500m
2061,31-012,402.3,promien_500m
2061,31-134,410.9,promien_500m
2061,31-137,415.5,promien_500m
2061,31-010,429.2,promien_500m
2061,30-047,452.9,promien_500m
2061,31-015,464.7,promien_500m
2061,31-143,466.9,promien_500m
2061,31-014,469.6,promien_500m
2061,31-138,497.8,promien_500m
2062,31-124,0.0,promien_500m
2062,31-131,16.0,promien_500m
2062,31-128,16.4,promien_500m
2062,31-133,71.3,promien_500m
2062,31-123,77.6,promien_500m
2062,31-127,130.9,promien_500m
2062,31-135,145.6,promien_500m
2062,31-116,176.1,promien_500m
2062,31-118,181.2,promien_500m
2062,31-126,185.1,promien_500m
2062,31-045,226.5,promien_500m
2062,31-140,229.7,promien_500m
2062,31-009,230.0,promien_500m
2062,31-724,238.2,promien_500m
2062,31-011,242.0,promien_500m
2062,31-136,256.3,promien_500m
2062,30-048,265.8,promien_500m
2062,31-121,266.1,promien_500m
2062,31-144,280.4,promien_500m
2062,31-114,282.6,promien_500m
2062,31-130,284.2,promien_500m
2062,31-115,287.9,promien_500m
2062,31-139,288.2,promien_500m
2062,31-008,292.8,promien_500m
2062,31-113,297.6,promien_500m
2062,31-012,302.7,promien_500m
2062,31-134,310.8,promien_500m
2062,31-007,360.3,promien_500m
2062,31-015,362.8,promien_500m
2062,31-010,366.8,promien_500m
2062,31-143,368.9,promien_500m
2062,31-014,374.5,promien_500m
2062,31-120,381.6,promien_500m
2062,31-137,383.9,promien_500m
2062,31-117,402.6,promien_500m
2062,31-110,419.3,promien_500m
2062,30-014,449.6,promien_500m
2062,31-142,483.1,promien_500m
2062,31-016,484.6,promien_500m
2062,30-139,485.4,promien_500m
2062,31-018,491.2,promien_500m
2062,30-059,491.3,promien_500m
2062,31-013,498.7,promien_500m
2063,31-128,0.0,promien_500m
2063,31-131,3.2,promien_500m
2063,31-133,27.0,promien_500m
2063,31-124,32.5,promien_500m
2063,31-123,72.6,promien_500m
2063,31-118,144.0,promien_500m
2063,31-135,152.3,promien_500m
2063,31-116,177.1,promien_500m
2063,31-127,180.8,promien_500m
2063,31-009,186.4,promien_500m
2063,31-011,192.6,promien_500m
2063,31-140,203.2,promien_500m
2063,31-045,228.6,promien_500m
2063,31-126,234.0,promien_500m
2063,31-144,256.2,promien_500m
2063,31-012,256.7,promien_500m
2063,31-008,257.1,promien_500m
2063,31-139,269.1,promien_500m
2063,31-136,271.7,promien_500m
2063,31-724,272.2,promien_500m
2063,31-114,276.7,promien_500m
2063,31-134,279.5,promien_500m
2063,31-113,279.6,promien_500m
2063,31-121,302.8,promien_500m
2063,31-115,305.2,promien_500m
2063,31-130,314.2,promien_500m
2063,30-048,315.4,promien_500m
2063,31-010,319.9,promien_500m
2063,31-015,322.1,promien_500m
2063,31-014,325.7,promien_500m
2063,31-007,330.6,promien_500m
2063,31-143,341.3,promien_500m
2063,31-137,398.1,promien_500m
2063,30-014,400.3,promien_500m
2063,31-110,412.1,promien_500m
2063,31-117,422.0,promien_500m
2063,31-120,427.1,promien_500m
2063,31-016,434.9,promien_500m
2063,31-018,441.3,promien_500m
2063,31-013,449.0,promien_500m
2063,31-034,460.4,promien_500m
2063,31-020,461.1,promien_500m
2063,31-042,470.8,promien_500m
2063,31-142,473.3,promien_500m
2063,31-109,475.1,promien_500m
2063,31-141,493.6,promien_500m
2063,30-139,493.7,promien_500m
2066,31-131,0.0,promien_500m
2066,31-133,31.6,promien_500m
2066,31-128,87.5,promien_500m
2066,31-124,102.2,promien_500m
2066,31-140,107.1,promien_500m
2066,31-135,125.0,promien_500m
2066,31-011,155.0,promien_500m
2066,31-144,157.4,promien_500m
2066,31-123,169.2,promien_500m
2066,31-012,172.7,promien_500m
2066,31-045,176.2,promien_500m
2066,31-139,178.7,promien_500m
2066,31-134,179.4,promien_500m
2066,31-118,181.6,promien_500m
2066,31-009,196.2,promien_500m
2066,31-015,225.8,promien_500m
2066,31-136,240.5,promien_500m
2066,31-143,242.3,promien_500m
2066,31-127,254.6,promien_500m
2066,31-014,254.7,promien_500m
2066,31-116,255.8,promien_500m
2066,31-008,291.6,promien_500m
2066,31-126,294.9,promien_500m
2066,31-010,299.3,promien_500m
2066,31-130,303.4,promien_500m
2066,30-014,331.8,promien_500m
2066,31-113,347.2,promien_500m
2066,31-114,353.5,promien_500m
2066,31-137,355.9,promien_500m
2066,31-034,363.5,promien_500m
2066,31-016,369.6,promien_500m
2066,31-020,370.7,promien_500m
2066,31-724,371.9,promien_500m
2066,31-142,374.4,promien_500m
2066,31-007,374.8,promien_500m
2066,31-018,382.3,promien_500m
2066,30-048,392.6,promien_500m
2066,31-141,393.7,promien_500m
2066,31-121,401.8,promien_500m
2066,31-013,403.0,promien_500m
2066,31-115,403.5,promien_500m
2066,31-146,431.5,promien_500m
2066,30-139,437.2,promien_500m
2066,31-042,451.7,promien_500m
2066,31-017,453.1,promien_500m
2066,31-147,457.1,promien_500m
2066,31-150,460.5,promien_500m
2066,31-145,478.4,promien_500m
2066,31-022,478.9,promien_500m
2066,31-110,490.2,promien_500m
2066,31-149,498.0,promien_500m
2067,31-126,0.0,promien_500m
2067,30-048,12.2,promien_500m
2067,31-124,39.9,promien_500m
2067,31-127,56.4,promien_500m
2067,31-121,68.7,promien_500m
2067,31-120,113.5,promien_500m
2067,31-123,136.4,promien_500m
2067,31-128,150.8,promien_500m
2067,31-724,170.4,promien_500m
2067,31-131,206.7,promien_500m
2067,30-059,218.6,promien_500m
2067,31-115,220.6,promien_500m
2067,31-135,228.7,promien_500m
2067,30-047,255.9,promien_500m
2067,31-130,273.2,promien_500m
2067,31-116,288.3,promien_500m
2067,31-117,326.5,promien_500m
2067,31-137,349.2,promien_500m
2067,31-133,351.7,promien_500m
2067,31-136,357.1,promien_500m
2067,30-049,376.1,promien_500m
2067,30-054,386.3,promien_500m
2067,31-114,392.2,promien_500m
2067,31-159,401.6,promien_500m
2067,30-033,402.4,promien_500m
2067,31-045,412.3,promien_500m
2067,31-118,414.1,promien_500m
2067,31-138,434.4,promien_500m
2067,31-113,436.2,promien_500m
2067,31-140,444.0,promien_500m
2067,30-079,451.2,promien_500m
2067,30-046,459.5,promien_500m
2067,30-037,460.6,promien_500m
2067,31-009,485.7,promien_500m
2067,30-038,497.4,promien_500m
2067,31-110,497.7,promien_500m
2069,31-127,0.0,promien_500m
2069,31-126,2.6,promien_500m
2069,31-120,77.9,promien_500m
2069,30-048,87.7,promien_500m
2069,31-128,118.2,promien_500m
2069,31-131,174.4,promien_500m
2069,31-135,178.0,promien_500m
2069,31-124,180.4,promien_500m
2069,31-130,186.3,promien_500m
2069,30-047,186.9,promien_500m
2069,31-121,195.3,promien_500m
2069,31-137,216.0,promien_500m
2069,31-123,241.1,promien_500m
2069,31-159,261.7,promien_500m
2069,30-033,265.3,promien_500m
2069,30-059,268.0,promien_500m
2069,31-136,272.7,promien_500m
2069,31-138,304.7,promien_500m
2069,31-724,311.6,promien_500m
2069,30-049,318.5,promien_500m
2069,30-037,321.2,promien_500m
2069,30-046,325.7,promien_500m
2069,30-054,358.5,promien_500m
2069,31-115,362.0,promien_500m
2069,30-038,363.9,promien_500m
2069,30-079,367.5,promien_500m
2069,31-045,389.4,promien_500m
2069,30-045,400.7,promien_500m
2069,31-140,404.9,promien_500m
2069,30-039,405.0,promien_500m
2069,31-116,428.4,promien_500m
2069,31-133,433.6,promien_500m
2069,31-117,464.0,promien_500m
2069,30-529,498.4,promien_500m
2070,31-127,0.0,promien_500m
2070,31-126,2.3,promien_500m
2070,30-048,60.8,promien_500m
2070,31-128,78.5,promien_500m
2070,31-124,107.6,promien_500m
2070,31-131,108.6,promien_500m
2070,31-135,128.5,promien_500m
2070,31-123,143.2,promien_500m
2070,31-120,167.0,promien_500m
2070,31-121,169.4,promien_500m
2070,31-130,172.8,promien_500m
2070,31-724,238.0,promien_500m
2070,31-137,258.7,promien_500m
2070,31-136,258.8,promien_500m
2070,30-047,286.0,promien_500m
2070,31-115,300.9,promien_500m
2070,30-059,308.1,promien_500m
2070,31-045,321.9,promien_500m
2070,31-133,328.6,promien_500m
2070,31-159,331.3,promien_500m
2070,31-116,337.7,promien_500m
2070,31-138,346.0,promien_500m
2070,31-140,349.2,promien_500m
2070,30-033,361.5,promien_500m
2070,30-037,388.3,promien_500m
2070,30-049,411.5,promien_500m
2070,30-038,414.7,promien_500m
2070,31-117,415.9,promien_500m
2070,30-046,424.6,promien_500m
2070,31-118,424.8,promien_500m
2070,31-114,434.7,promien_500m
2070,30-054,441.4,promien_500m
2070,31-139,444.0,promien_500m
2070,31-144,446.0,promien_500m
2070,30-079,469.0,promien_500m
2070,31-113,472.9,promien_500m
2070,31-009,480.8,promien_500m
2070,30-045,488.3,promien_500m
2070,30-039,492.2,promien_500m
2070,30-139,498.1,promien_500m
2071,31-126,0.0,promien_500m
2071,31-127,18.0,promien_500m
2071,31-128,86.6,promien_500m
2071,31-120,88.0,promien_500m
2071,30-048,108.3,promien_500m
2071,31-135,144.4,promien_500m
2071,31-131,145.2,promien_500m
2071,31-130,149.6,promien_500m
2071,31-137,188.3,promien_500m
2071,31-124,196.2,promien_500m
2071,30-047,207.6,promien_500m
2071,31-121,222.7,promien_500m
2071,31-136,236.1,promien_500m
2071,31-159,240.9,promien_500m
2071,31-123,242.6,promien_500m
2071,30-033,261.7,promien_500m
2071,31-138,276.3,promien_500m
2071,30-037,299.5,promien_500m
2071,30-059,304.7,promien_500m
2071,30-046,325.0,promien_500m
2071,31-724,326.7,promien_500m
2071,30-038,336.6,promien_500m
2071,30-049,347.4,promien_500m
2071,31-045,357.4,promien_500m
2071,31-140,369.9,promien_500m
2071,31-115,381.3,promien_500m
2071,30-079,388.7,promien_500m
2071,30-045,390.1,promien_500m
2071,30-054,391.0,promien_500m
2071,30-039,394.2,promien_500m
2071,31-133,422.8,promien_500m
2071,31-116,437.0,promien_500m
2071,31-139,463.4,promien_500m
2071,31-117,487.8,promien_500m
2071,30-034,489.0,promien_500m
2071,30-529,491.1,promien_500m
2071,30-040,492.9,promien_500m
2071,30-139,494.3,promien_500m
2072,31-127,0.0,promien_500m
2072,31-128,33.7,promien_500m
2072,31-120,46.6,promien_500m
2072,31-126,55.5,promien_500m
2072,31-137,97.5,promien_500m
2072,31-130,110.8,promien_500m
2072,31-159,147.6,promien_500m
2072,31-135,160.7,promien_500m
2072,31-131,175.6,promien_500m
2072,30-033,175.8,promien_500m
2072,30-047,178.3,promien_500m
2072,31-136,182.6,promien_500m
2072,31-138,186.2,promien_500m
2072,30-048,201.5,promien_500m
2072,30-037,205.8,promien_500m
2072,30-038,245.2,promien_500m
2072,30-046,256.6,promien_500m
2072,31-124,288.3,promien_500m
2072,30-045,304.4,promien_500m
2072,30-039,308.2,promien_500m
2072,31-121,313.9,promien_500m
2072,31-123,328.0,promien_500m
2072,30-059,355.1,promien_500m
2072,31-140,355.6,promien_500m
2072,30-049,356.8,promien_500m
2072,31-045,362.7,promien_500m
2072,30-079,371.0,promien_500m
2072,30-034,396.2,promien_500m
2072,31-139,404.3,promien_500m
2072,30-529,408.8,promien_500m
2072,30-040,410.6,promien_500m
2072,30-054,412.5,promien_500m
2072,31-724,419.3,promien_500m
2072,30-007,419.9,promien_500m
2072,30-078,427.9,promien_500m
2072,30-074,429.1,promien_500m
2072,30-139,455.1,promien_500m
2072,31-162,461.7,promien_500m
2072,31-115,474.9,promien_500m
2072,30-035,476.6,promien_500m
2072,31-161,487.1,promien_500m
2072,31-133,488.6,promien_500m
2073,31-126,0.0,promien_500m
2073,31-128,17.0,promien_500m
2073,31-127,26.1,promien_500m
2073,31-130,67.9,promien_500m
2073,31-135,78.6,promien_500m
2073,31-131,92.2,promien_500m
2073,31-120,118.8,promien_500m
2073,31-137,128.7,promien_500m
2073,31-136,154.8,promien_500m
2073,30-048,173.8,promien_500m
2073,31-159,205.3,promien_500m
2073,31-138,215.6,promien_500m
2073,31-124,224.8,promien_500m
2073,30-033,248.1,promien_500m
2073,30-047,259.0,promien_500m
2073,31-123,263.2,promien_500m
2073,30-037,265.0,promien_500m
2073,30-038,285.1,promien_500m
2073,31-121,288.4,promien_500m
2073,31-045,288.5,promien_500m
2073,31-140,292.5,promien_500m
2073,30-046,340.1,promien_500m
2073,31-724,367.9,promien_500m
2073,30-045,380.5,promien_500m
2073,31-139,382.6,promien_500m
2073,30-039,383.7,promien_500m
2073,30-059,387.0,promien_500m
2073,31-133,407.7,promien_500m
2073,30-139,412.2,promien_500m
2073,30-049,417.8,promien_500m
2073,31-115,431.2,promien_500m
2073,31-144,433.6,promien_500m
2073,30-079,444.7,promien_500m
2073,30-007,447.6,promien_500m
2073,31-162,450.5,promien_500m
2073,31-116,452.9,promien_500m
2073,30-034,458.0,promien_500m
2073,31-161,458.9,promien_500m
2073,30-054,466.5,promien_500m
2073,30-529,486.7,promien_500m
2073,30-040,488.6,promien_500m
2073,30-074,493.8,promien_500m
2073,31-142,495.4,promien_500m
2073,30-078,498.2,promien_500m
2073,30-035,499.5,promien_500m
2074,31-126,0.0,promien_500m
2074,31-128,21.7,promien_500m
2074,31-131,27.3,promien_500m
2074,31-135,43.9,promien_500m
2074,31-127,61.0,promien_500m
2074,31-130,90.9,promien_500m
2074,31-124,136.9,promien_500m
2074,30-048,144.3,promien_500m
2074,31-136,174.5,promien_500m
2074,31-123,183.8,promien_500m
2074,31-120,195.7,promien_500m
2074,31-137,201.6,promien_500m
2074,31-045,243.9,promien_500m
2074,31-121,253.0,promien_500m
2074,31-140,267.0,promien_500m
2074,31-138,288.4,promien_500m
2074,31-159,289.3,promien_500m
2074,31-724,299.4,promien_500m
2074,31-133,317.5,promien_500m
2074,30-047,330.1,promien_500m
2074,30-033,338.5,promien_500m
2074,30-037,352.6,promien_500m
2074,30-038,364.5,promien_500m
2074,31-139,366.8,promien_500m
2074,31-116,367.0,promien_500m
2074,31-115,369.0,promien_500m
2074,31-144,381.5,promien_500m
2074,30-059,391.3,promien_500m
2074,30-139,413.3,promien_500m
2074,31-118,425.9,promien_500m
2074,30-046,427.4,promien_500m
2074,31-134,440.3,promien_500m
2074,30-049,467.8,promien_500m
2074,30-045,471.0,promien_500m
2074,31-114,471.8,promien_500m
2074,31-161,473.8,promien_500m
2074,30-039,474.1,promien_500m
2074,31-143,476.5,promien_500m
2074,31-009,476.6,promien_500m
2074,31-011,481.1,promien_500m
2074,31-162,487.0,promien_500m
2074,31-117,488.2,promien_500m
2075,31-128,0.0,promien_500m
2075,31-137,5.5,promien_500m
2075,31-127,43.3,promien_500m
2075,31-120,44.0,promien_500m
2075,31-159,64.8,promien_500m
2075,31-130,69.3,promien_500m
2075,31-138,93.3,promien_500m
2075,31-126,111.5,promien_500m
2075,30-033,114.2,promien_500m
2075,30-037,123.3,promien_500m
2075,31-136,123.9,promien_500m
2075,30-038,152.6,promien_500m
2075,30-047,177.4,promien_500m
2075,31-135,187.9,promien_500m
2075,31-131,216.5,promien_500m
2075,30-046,238.5,promien_500m
2075,30-039,246.4,promien_500m
2075,30-045,248.5,promien_500m
2075,31-140,279.7,promien_500m
2075,30-048,292.4,promien_500m
2075,30-034,316.3,promien_500m
2075,30-007,327.1,promien_500m
2075,31-139,331.1,promien_500m
2075,31-045,340.0,promien_500m
2075,30-074,352.3,promien_500m
2075,30-529,356.2,promien_500m
2075,30-040,358.2,promien_500m
2075,30-078,358.8,promien_500m
2075,31-124,365.8,promien_500m
2075,31-162,383.6,promien_500m
2075,30-035,384.2,promien_500m
2075,30-079,404.5,promien_500m
2075,31-123,404.5,promien_500m
2075,30-139,404.6,promien_500m
2075,30-049,405.7,promien_500m
2075,31-121,406.4,promien_500m
2075,31-161,421.4,promien_500m
2075,30-059,434.7,promien_500m
2075,30-043,450.9,promien_500m
2075,30-015,460.8,promien_500m
2075,31-158,465.1,promien_500m
2075,30-054,469.0,promien_500m
2075,30-036,475.2,promien_500m
2075,31-142,476.7,promien_500m
2075,31-144,498.8,promien_500m
2077,31-128,0.0,promien_500m
2077,31-130,33.9,promien_500m
2077,31-127,41.6,promien_500m
2077,31-126,46.6,promien_500m
2077,31-137,60.9,promien_500m
2077,31-120,98.5,promien_500m
2077,31-135,109.6,promien_500m
2077,31-136,109.7,promien_500m
2077,31-131,135.4,promien_500m
2077,31-159,138.6,promien_500m
2077,31-138,146.5,promien_500m
2077,30-033,195.1,promien_500m
2077,30-037,202.4,promien_500m
2077,30-038,216.3,promien_500m
2077,30-048,239.0,promien_500m
2077,30-047,241.0,promien_500m
2077,31-140,280.9,promien_500m
2077,31-124,287.7,promien_500m
2077,31-045,295.1,promien_500m
2077,30-046,307.1,promien_500m
2077,30-039,327.4,promien_500m
2077,30-045,328.9,promien_500m
2077,31-123,330.5,promien_500m
2077,31-139,331.7,promien_500m
2077,31-121,354.4,promien_500m
2077,30-139,377.6,promien_500m
2077,30-007,378.7,promien_500m
2077,31-162,393.7,promien_500m
2077,30-034,394.4,promien_500m
2077,31-161,412.6,promien_500m
2077,30-059,428.4,promien_500m
2077,30-035,431.3,promien_500m
2077,30-074,431.4,promien_500m
2077,30-049,433.9,promien_500m
2077,30-529,436.5,promien_500m
2077,31-144,436.9,promien_500m
2077,31-724,437.1,promien_500m
2077,30-040,438.4,promien_500m
2077,30-078,439.5,promien_500m
2077,30-079,444.9,promien_500m
2077,31-142,457.0,promien_500m
2077,31-133,460.2,promien_500m
2077,31-158,484.4,promien_500m
2077,30-054,490.1,promien_500m
2078,31-135,0.0,promien_500m
2078,31-131,13.7,promien_500m
2078,31-128,34.9,promien_500m
2078,31-126,44.6,promien_500m
2078,31-130,49.7,promien_500m
2078,31-136,102.4,promien_500m
2078,31-127,120.1,promien_500m
2078,31-124,166.0,promien_500m
2078,31-045,173.5,promien_500m
2078,31-137,188.9,promien_500m
2078,31-140,194.1,promien_500m
2078,30-048,213.9,promien_500m
2078,31-123,226.6,promien_500m
2078,31-120,242.2,promien_500m
2078,31-138,260.4,promien_500m
2078,31-159,285.0,promien_500m
2078,31-139,293.9,promien_500m
2078,31-133,308.0,promien_500m
2078,31-144,317.3,promien_500m
2078,31-121,321.9,promien_500m
2078,30-139,342.7,promien_500m
2078,31-724,349.4,promien_500m
2078,30-038,349.9,promien_500m
2078,30-033,351.0,promien_500m
2078,30-037,353.9,promien_500m
2078,31-134,380.6,promien_500m
2078,30-047,382.8,promien_500m
2078,31-116,389.6,promien_500m
2078,31-161,406.8,promien_500m
2078,31-143,411.5,promien_500m
2078,31-118,422.6,promien_500m
2078,31-115,422.7,promien_500m
2078,31-142,427.0,promien_500m
2078,31-162,430.6,promien_500m
2078,31-011,457.8,promien_500m
2078,30-046,459.2,promien_500m
2078,30-059,464.1,promien_500m
2078,31-012,464.5,promien_500m
2078,31-009,467.3,promien_500m
2078,30-039,481.0,promien_500m
2078,31-015,483.6,promien_500m
2078,30-007,484.3,promien_500m
2078,30-045,485.6,promien_500m
2078,31-114,497.8,promien_500m
2079,31-130,0.0,promien_500m
2079,31-128,43.5,promien_500m
2079,31-136,49.7,promien_500m
2079,31-135,55.9,promien_500m
2079,31-126,77.5,promien_500m
2079,31-137,85.3,promien_500m
2079,31-131,105.9,promien_500m
2079,31-127,119.1,promien_500m
2079,31-138,154.5,promien_500m
2079,31-120,185.8,promien_500m
2079,31-159,187.8,promien_500m
2079,31-140,190.1,promien_500m
2079,31-045,207.1,promien_500m
2079,30-038,246.3,promien_500m
2079,30-033,257.7,promien_500m
2079,30-037,259.3,promien_500m
2079,31-124,267.9,promien_500m
2079,31-139,272.6,promien_500m
2079,30-048,279.1,promien_500m
2079,30-139,297.9,promien_500m
2079,31-123,323.8,promien_500m
2079,30-047,329.2,promien_500m
2079,31-162,345.4,promien_500m
2079,31-161,345.9,promien_500m
2079,31-144,346.8,promien_500m
2079,30-007,379.3,promien_500m
2079,31-142,380.9,promien_500m
2079,30-039,386.9,promien_500m
2079,31-121,389.2,promien_500m
2079,30-046,392.5,promien_500m
2079,31-133,392.8,promien_500m
2079,30-045,399.1,promien_500m
2079,30-035,423.5,promien_500m
2079,30-034,426.1,promien_500m
2079,31-134,432.5,promien_500m
2079,31-158,442.2,promien_500m
2079,31-724,442.6,promien_500m
2079,31-143,448.1,promien_500m
2079,30-074,480.2,promien_500m
2079,30-078,494.4,promien_500m
2079,31-141,494.4,promien_500m
2079,31-116,494.7,promien_500m
208,31-002,0.0,promien_500m
208,31-003,5.2,promien_500m
208,31-001,44.0,promien_500m
208,31-044,86.4,promien_500m
208,31-007,109.1,promien_500m
208,31-101,126.7,promien_500m
208,31-048,165.7,promien_500m
208,31-068,171.4,promien_500m
208,30-960,173.0,promien_500m
208,31-069,182.4,promien_500m
208,31-049,223.8,promien_500m
208,31-058,238.5,promien_500m
208,31-042,240.5,promien_500m
208,31-046,258.5,promien_500m
208,31-047,295.6,promien_500m
208,31-004,300.9,promien_500m
208,30-058,335.4,promien_500m
208,31-102,346.2,promien_500m
208,31-039,346.7,promien_500m
208,31-043,371.6,promien_500m
208,30-901,385.4,promien_500m
208,30-301,404.9,promien_500m
208,31-109,407.0,promien_500m
208,31-071,409.8,promien_500m
208,31-006,432.0,promien_500m
208,31-038,436.5,promien_500m
208,31-103,441.8,promien_500m
208,31-005,446.5,promien_500m
208,31-105,450.3,promien_500m
208,31-070,457.4,promien_500m
208,31-054,490.5,promien_500m
208,31-041,494.2,promien_500m
2080,31-137,0.0,promien_500m
2080,31-128,36.6,promien_500m
2080,31-130,40.7,promien_500m
2080,31-138,46.6,promien_500m
2080,31-159,60.7,promien_500m
2080,31-136,62.2,promien_500m
2080,31-120,104.3,promien_500m
2080,31-127,110.8,promien_500m
2080,30-038,121.4,promien_500m
2080,30-033,131.5,promien_500m
2080,30-037,132.8,promien_500m
2080,31-126,145.7,promien_500m
2080,31-135,177.5,promien_500m
2080,31-140,211.3,promien_500m
2080,31-131,218.6,promien_500m
2080,30-047,237.1,promien_500m
2080,30-039,259.5,promien_500m
2080,31-139,260.7,promien_500m
2080,30-045,277.1,promien_500m
2080,30-007,278.8,promien_500m
2080,30-046,292.8,promien_500m
2080,31-045,308.5,promien_500m
2080,30-034,312.0,promien_500m
2080,31-162,314.1,promien_500m
2080,30-035,332.0,promien_500m
2080,30-048,337.6,promien_500m
2080,30-139,337.7,promien_500m
2080,31-161,351.0,promien_500m
2080,30-074,351.6,promien_500m
2080,30-078,365.8,promien_500m
2080,31-124,379.5,promien_500m
2080,30-529,379.6,promien_500m
2080,30-040,384.8,promien_500m
2080,31-158,398.1,promien_500m
2080,31-142,407.6,promien_500m
2080,30-015,414.9,promien_500m
2080,31-123,426.8,promien_500m
2080,30-036,432.3,promien_500m
2080,31-144,451.4,promien_500m
2080,30-043,451.9,promien_500m
2080,31-121,453.1,promien_500m
2080,31-261,454.7,promien_500m
2080,30-079,472.4,promien_500m
2080,30-018,474.8,promien_500m
2080,30-049,475.8,promien_500m
2080,30-019,476.3,promien_500m
2082,31-130,0.0,promien_500m
2082,31-136,32.9,promien_500m
2082,31-135,49.8,promien_500m
2082,31-137,102.3,promien_500m
2082,31-128,106.1,promien_500m
2082,31-140,106.5,promien_500m
2082,31-045,137.2,promien_500m
2082,31-131,137.4,promien_500m
2082,31-126,156.1,promien_500m
2082,31-138,183.8,promien_500m
2082,31-139,198.5,promien_500m
2082,31-127,201.8,promien_500m
2082,31-159,219.8,promien_500m
2082,30-139,223.9,promien_500m
2082,31-120,266.0,promien_500m
2082,31-144,268.4,promien_500m
2082,31-161,281.5,promien_500m
2082,30-038,287.0,promien_500m
2082,31-124,287.2,promien_500m
2082,31-162,305.6,promien_500m
2082,31-142,309.3,promien_500m
2082,30-033,316.9,promien_500m
2082,30-037,318.1,promien_500m
2082,30-048,336.6,promien_500m
2082,31-133,346.3,promien_500m
2082,31-123,351.8,promien_500m
2082,31-134,361.4,promien_500m
2082,31-143,370.4,promien_500m
2082,30-007,386.3,promien_500m
2082,31-158,401.7,promien_500m
2082,30-047,407.5,promien_500m
2082,30-035,420.7,promien_500m
2082,31-141,424.7,promien_500m
2082,30-034,440.4,promien_500m
2082,30-039,442.8,promien_500m
2082,31-121,445.3,promien_500m
2082,31-160,456.4,promien_500m
2082,30-045,463.1,promien_500m
2082,30-046,469.1,promien_500m
2082,31-724,475.5,promien_500m
2082,31-015,479.8,promien_500m
2082,31-146,481.7,promien_500m
2082,31-012,483.4,promien_500m
2082,31-011,488.3,promien_500m
2082,31-147,494.7,promien_500m
2083,31-137,0.0,promien_500m
2083,31-136,37.8,promien_500m
2083,31-138,51.5,promien_500m
2083,31-159,68.2,promien_500m
2083,31-130,81.8,promien_500m
2083,31-140,108.1,promien_500m
2083,31-128,137.1,promien_500m
2083,31-139,142.9,promien_500m
2083,30-038,155.8,promien_500m
2083,31-135,198.5,promien_500m
2083,31-162,201.0,promien_500m
2083,30-037,201.8,promien_500m
2083,30-033,216.5,promien_500m
2083,31-120,217.5,promien_500m
2083,31-126,219.1,promien_500m
2083,31-127,224.6,promien_500m
2083,30-139,224.7,promien_500m
2083,31-161,230.8,promien_500m
2083,30-007,234.9,promien_500m
2083,31-131,260.2,promien_500m
2083,30-035,272.3,promien_500m
2083,31-045,276.0,promien_500m
2083,30-034,288.8,promien_500m
2083,31-142,289.2,promien_500m
2083,31-158,292.8,promien_500m
2083,30-039,325.5,promien_500m
2083,30-047,351.0,promien_500m
2083,30-045,360.1,promien_500m
2083,30-015,360.5,promien_500m
2083,31-144,372.0,promien_500m
2083,30-036,380.5,promien_500m
2083,31-261,381.0,promien_500m
2083,30-018,384.0,promien_500m
2083,30-019,386.2,promien_500m
2083,31-141,389.9,promien_500m
2083,30-074,390.3,promien_500m
2083,31-160,395.9,promien_500m
2083,30-046,400.9,promien_500m
2083,30-078,413.4,promien_500m
2083,31-124,421.0,promien_500m
2083,30-048,424.9,promien_500m
2083,31-145,436.1,promien_500m
2083,30-529,448.3,promien_500m
2083,30-040,459.4,promien_500m
2083,31-146,464.6,promien_500m
2083,31-143,477.7,promien_500m
2083,31-123,478.7,promien_500m
2083,30-003,479.5,promien_500m
2083,31-134,485.9,promien_500m
2083,30-043,487.0,promien_500m
2083,31-153,490.5,promien_500m
2083,31-133,494.5,promien_500m
2084,31-136,0.0,promien_500m
2084,31-137,2.5,promien_500m
2084,31-130,92.9,promien_500m
2084,31-139,94.2,promien_500m
2084,31-140,103.3,promien_500m
2084,31-159,112.6,promien_500m
2084,31-138,119.6,promien_500m
2084,30-139,152.2,promien_500m
2084,31-162,170.4,promien_500m
2084,31-161,171.7,promien_500m
2084,31-135,181.5,promien_500m
2084,31-128,193.9,promien_500m
2084,31-142,221.2,promien_500m
2084,30-038,224.1,promien_500m
2084,31-045,231.3,promien_500m
2084,30-037,251.9,promien_500m
2084,31-126,253.1,promien_500m
2084,31-131,268.5,promien_500m
2084,30-007,268.9,promien_500m
2084,31-158,269.4,promien_500m
2084,31-127,281.2,promien_500m
2084,31-120,288.2,promien_500m
2084,30-033,289.5,promien_500m
2084,30-035,293.3,promien_500m
2084,31-144,305.9,promien_500m
2084,30-034,327.3,promien_500m
2084,31-141,327.5,promien_500m
2084,31-160,342.8,promien_500m
2084,30-015,372.7,promien_500m
2084,30-018,374.2,promien_500m
2084,30-019,377.0,promien_500m
2084,30-036,383.2,promien_500m
2084,31-261,384.7,promien_500m
2084,30-039,396.0,promien_500m
2084,31-146,399.9,promien_500m
2084,31-145,400.6,promien_500m
2084,31-143,412.1,promien_500m
2084,30-047,421.9,promien_500m
2084,31-124,423.6,promien_500m
2084,31-134,428.0,promien_500m
2084,31-153,428.5,promien_500m
2084,30-045,432.4,promien_500m
2084,31-147,444.0,promien_500m
2084,30-074,453.8,promien_500m
2084,31-133,455.3,promien_500m
2084,30-048,457.5,promien_500m
2084,30-003,468.8,promien_500m
2084,30-046,473.2,promien_500m
2084,30-078,478.9,promien_500m
2084,31-123,486.8,promien_500m
2085,31-136,0.0,promien_500m
2085,31-137,30.9,promien_500m
2085,31-130,46.9,promien_500m
2085,31-140,77.8,promien_500m
2085,31-135,122.6,promien_500m
2085,31-139,135.1,promien_500m
2085,30-139,148.6,promien_500m
2085,31-138,166.3,promien_500m
2085,31-045,168.4,promien_500m
2085,31-159,172.5,promien_500m
2085,31-128,183.9,promien_500m
2085,31-161,198.9,promien_500m
2085,31-131,222.0,promien_500m
2085,31-162,224.3,promien_500m
2085,31-126,227.4,promien_500m
2085,31-142,231.0,promien_500m
2085,31-144,257.7,promien_500m
2085,31-127,266.9,promien_500m
2085,30-038,270.6,promien_500m
2085,31-120,306.9,promien_500m
2085,30-037,310.9,promien_500m
2085,31-158,317.9,promien_500m
2085,30-033,322.2,promien_500m
2085,30-007,332.6,promien_500m
2085,31-141,344.9,promien_500m
2085,30-035,357.1,promien_500m
2085,31-143,363.5,promien_500m
2085,31-124,369.4,promien_500m
2085,31-134,371.2,promien_500m
2085,31-160,372.9,promien_500m
2085,30-034,391.3,promien_500m
2085,31-133,391.5,promien_500m
2085,31-146,408.4,promien_500m
2085,30-048,420.1,promien_500m
2085,30-018,432.5,promien_500m
2085,31-147,433.9,promien_500m
2085,30-019,435.5,promien_500m
2085,31-123,435.6,promien_500m
2085,30-015,436.1,promien_500m
2085,30-039,438.2,promien_500m
2085,30-047,439.3,promien_500m
2085,31-153,443.7,promien_500m
2085,30-036,444.3,promien_500m
2085,31-145,445.4,promien_500m
2085,31-261,445.9,promien_500m
2085,30-045,468.8,promien_500m
2085,31-015,494.0,promien_500m
2085,30-046,495.6,promien_500m
2085,31-148,498.5,promien_500m
2086,31-136,0.0,promien_500m
2086,31-130,4.4,promien_500m
2086,31-140,45.9,promien_500m
2086,31-135,60.7,promien_500m
2086,31-137,64.1,promien_500m
2086,31-045,97.3,promien_500m
2086,31-139,138.7,promien_500m
2086,31-128,159.0,promien_500m
2086,31-131,169.5,promien_500m
2086,30-139,176.6,promien_500m
2086,31-126,209.4,promien_500m
2086,31-144,212.3,promien_500m
2086,31-138,225.7,promien_500m
2086,31-159,243.6,promien_500m
2086,31-161,244.8,promien_500m
2086,31-127,261.4,promien_500m
2086,31-142,265.1,promien_500m
2086,31-162,293.0,promien_500m
2086,31-124,309.0,promien_500m
2086,31-134,311.4,promien_500m
2086,31-143,314.5,promien_500m
2086,31-133,318.4,promien_500m
2086,31-120,325.7,promien_500m
2086,30-038,329.5,promien_500m
2086,31-158,366.6,promien_500m
2086,30-033,367.8,promien_500m
2086,30-037,368.7,promien_500m
2086,31-123,378.8,promien_500m
2086,30-048,380.1,promien_500m
2086,31-141,380.7,promien_500m
2086,30-007,405.8,promien_500m
2086,31-160,420.0,promien_500m
2086,31-146,428.7,promien_500m
2086,30-035,431.2,promien_500m
2086,31-015,432.5,promien_500m
2086,31-147,437.5,promien_500m
2086,31-012,438.0,promien_500m
2086,31-011,450.3,promien_500m
2086,30-034,463.7,promien_500m
2086,30-047,466.2,promien_500m
2086,31-153,474.8,promien_500m
2086,31-121,488.1,promien_500m
2086,30-039,490.6,promien_500m
2086,31-148,494.2,promien_500m
2086,31-118,496.4,promien_500m
2086,31-034,498.9,promien_500m
2087,31-135,0.0,promien_500m
2087,31-136,4.0,promien_500m
2087,31-045,25.9,promien_500m
2087,31-140,64.2,promien_500m
2087,31-130,74.5,promien_500m
2087,31-131,96.3,promien_500m
2087,31-137,131.2,promien_500m
2087,31-139,150.2,promien_500m
2087,31-128,168.4,promien_500m
2087,31-144,170.6,promien_500m
2087,31-126,190.6,promien_500m
2087,31-133,228.3,promien_500m
2087,31-124,231.4,promien_500m
2087,30-139,236.0,promien_500m
2087,31-127,237.8,promien_500m
2087,31-134,247.2,promien_500m
2087,31-143,268.0,promien_500m
2087,31-142,284.2,promien_500m
2087,31-138,304.7,promien_500m
2087,31-161,316.2,promien_500m
2087,31-123,319.4,promien_500m
2087,31-159,333.6,promien_500m
2087,30-048,347.8,promien_500m
2087,31-015,361.7,promien_500m
2087,31-012,362.3,promien_500m
2087,31-011,367.1,promien_500m
2087,31-120,369.9,promien_500m
2087,31-162,380.6,promien_500m
2087,31-141,381.6,promien_500m
2087,31-118,405.3,promien_500m
2087,30-038,408.1,promien_500m
2087,31-116,428.3,promien_500m
2087,31-009,433.8,promien_500m
2087,31-158,434.3,promien_500m
2087,30-033,436.2,promien_500m
2087,30-037,437.5,promien_500m
2087,31-724,441.3,promien_500m
2087,31-121,450.8,promien_500m
2087,31-034,451.2,promien_500m
2087,31-014,455.0,promien_500m
2087,31-146,457.5,promien_500m
2087,31-147,457.5,promien_500m
2087,31-160,487.0,promien_500m
2087,30-007,496.9,promien_500m
2088,31-135,0.0,promien_500m
2088,31-045,13.5,promien_500m
2088,31-140,38.4,promien_500m
2088,31-136,45.9,promien_500m
2088,31-131,82.0,promien_500m
2088,31-139,88.0,promien_500m
2088,31-130,105.0,promien_500m
2088,31-144,109.8,promien_500m
2088,31-137,119.8,promien_500m
2088,31-134,198.4,promien_500m
2088,30-139,204.5,promien_500m
2088,31-143,209.8,promien_500m
2088,31-133,218.7,promien_500m
2088,31-142,224.4,promien_500m
2088,31-128,226.2,promien_500m
2088,31-126,253.1,promien_500m
2088,31-124,256.0,promien_500m
2088,31-161,284.2,promien_500m
2088,31-127,296.5,promien_500m
2088,31-015,318.6,promien_500m
2088,31-141,319.2,promien_500m
2088,31-012,323.9,promien_500m
2088,31-011,338.8,promien_500m
2088,31-138,339.6,promien_500m
2088,31-159,352.7,promien_500m
2088,31-162,353.0,promien_500m
2088,31-123,356.2,promien_500m
2088,31-034,394.5,promien_500m
2088,31-146,396.9,promien_500m
2088,31-158,399.1,promien_500m
2088,31-147,400.1,promien_500m
2088,30-048,407.9,promien_500m
2088,31-118,415.0,promien_500m
2088,31-120,424.2,promien_500m
2088,31-014,424.8,promien_500m
2088,31-009,431.7,promien_500m
2088,31-145,440.9,promien_500m
2088,31-148,442.3,promien_500m
2088,30-038,443.5,promien_500m
2088,31-150,446.2,promien_500m
2088,31-160,453.2,promien_500m
2088,31-149,456.4,promien_500m
2088,31-116,459.1,promien_500m
2088,31-016,463.9,promien_500m
2088,31-020,467.4,promien_500m
2088,31-152,472.5,promien_500m
2088,31-153,478.6,promien_500m
2088,30-033,479.5,promien_500m
2088,30-037,480.6,promien_500m
2088,31-724,490.0,promien_500m
2088,30-014,498.5,promien_500m
2089,31-137,0.0,promien_500m
2089,30-139,5.8,promien_500m
2089,31-139,9.3,promien_500m
2089,31-140,20.0,promien_500m
2089,31-161,82.6,promien_500m
2089,31-142,93.1,promien_500m
2089,31-136,106.9,promien_500m
2089,31-135,146.2,promien_500m
2089,31-162,148.9,promien_500m
2089,31-130,173.2,promien_500m
2089,31-144,184.6,promien_500m
2089,31-158,200.1,promien_500m
2089,31-045,208.7,promien_500m
2089,31-141,208.7,promien_500m
2089,31-159,216.4,promien_500m
2089,31-160,252.1,promien_500m
2089,31-138,260.9,promien_500m
2089,31-146,264.6,promien_500m
2089,31-131,280.7,promien_500m
2089,31-143,291.3,promien_500m
2089,31-147,292.9,promien_500m
2089,31-153,303.6,promien_500m
2089,31-128,324.3,promien_500m
2089,31-134,336.2,promien_500m
2089,31-145,343.5,promien_500m
2089,30-007,357.9,promien_500m
2089,30-035,360.9,promien_500m
2089,31-148,361.7,promien_500m
2089,31-152,365.9,promien_500m
2089,30-037,367.7,promien_500m
2089,30-038,369.6,promien_500m
2089,31-126,370.5,promien_500m
2089,30-018,385.5,promien_500m
2089,30-019,389.2,promien_500m
2089,31-150,399.9,promien_500m
2089,30-034,408.1,promien_500m
2089,30-036,408.8,promien_500m
2089,31-127,411.4,promien_500m
2089,31-133,412.2,promien_500m
2089,31-261,415.5,promien_500m
2089,30-015,426.6,promien_500m
2089,31-120,439.5,promien_500m
2089,30-033,441.1,promien_500m
2089,31-015,457.8,promien_500m
2089,31-124,460.5,promien_500m
2089,31-149,463.5,promien_500m
2089,31-014,464.8,promien_500m
2089,31-034,465.4,promien_500m
2089,31-012,467.1,promien_500m
2089,30-003,469.3,promien_500m
2089,30-004,490.9,promien_500m
2091,31-131,0.0,promien_500m
2091,31-128,2.0,promien_500m
2091,31-124,60.5,promien_500m
2091,31-135,80.4,promien_500m
2091,31-127,82.8,promien_500m
2091,31-126,104.3,promien_500m
2091,31-123,145.1,promien_500m
2091,31-133,172.3,promien_500m
2091,31-136,183.0,promien_500m
2091,31-045,184.1,promien_500m
2091,31-130,185.6,promien_500m
2091,31-140,204.2,promien_500m
2091,30-048,211.0,promien_500m
2091,31-116,261.4,promien_500m
2091,31-724,263.4,promien_500m
2091,31-144,275.9,promien_500m
2091,31-121,279.5,promien_500m
2091,31-139,280.8,promien_500m
2091,31-118,285.5,promien_500m
2091,31-137,306.1,promien_500m
2091,31-134,328.5,promien_500m
2091,31-009,332.1,promien_500m
2091,31-011,332.3,promien_500m
2091,31-115,339.4,promien_500m
2091,31-120,343.6,promien_500m
2091,31-012,363.9,promien_500m
2091,31-114,370.4,promien_500m
2091,31-143,376.6,promien_500m
2091,31-113,392.9,promien_500m
2091,31-138,396.6,promien_500m
2091,31-008,397.3,promien_500m
2091,31-015,404.8,promien_500m
2091,30-139,414.5,promien_500m
2091,31-159,421.2,promien_500m
2091,31-014,446.3,promien_500m
2091,31-142,446.5,promien_500m
2091,31-117,450.7,promien_500m
2091,30-059,462.1,promien_500m
2091,31-007,463.6,promien_500m
2091,31-010,465.1,promien_500m
2091,30-047,468.4,promien_500m
2091,30-033,482.2,promien_500m
2091,30-038,487.5,promien_500m
2091,30-037,488.9,promien_500m
2091,31-161,492.2,promien_500m
2111,31-128,0.0,promien_500m
2111,31-131,0.5,promien_500m
2111,31-135,62.0,promien_500m
2111,31-126,67.5,promien_500m
2111,31-127,70.6,promien_500m
2111,31-124,76.4,promien_500m
2111,31-123,147.0,promien_500m
2111,31-130,147.9,promien_500m
2111,31-136,171.1,promien_500m
2111,30-048,185.4,promien_500m
2111,31-045,194.1,promien_500m
2111,31-133,215.8,promien_500m
2111,31-140,222.6,promien_500m
2111,31-724,270.8,promien_500m
2111,31-121,281.0,promien_500m
2111,31-137,285.0,promien_500m
2111,31-116,292.3,promien_500m
2111,31-144,299.6,promien_500m
2111,31-139,300.2,promien_500m
2111,31-120,300.5,promien_500m
2111,31-118,327.8,promien_500m
2111,31-115,346.6,promien_500m
2111,31-134,355.3,promien_500m
2111,31-138,358.8,promien_500m
2111,31-009,375.6,promien_500m
2111,31-011,376.2,promien_500m
2111,31-159,379.0,promien_500m
2111,31-143,400.7,promien_500m
2111,31-114,400.9,promien_500m
2111,30-139,403.7,promien_500m
2111,31-012,403.8,promien_500m
2111,31-113,426.7,promien_500m
2111,30-047,429.7,promien_500m
2111,30-033,438.3,promien_500m
2111,31-008,438.8,promien_500m
2111,31-015,439.9,promien_500m
2111,30-059,441.3,promien_500m
2111,30-037,446.1,promien_500m
2111,30-038,447.1,promien_500m
2111,31-142,453.3,promien_500m
2111,31-117,462.7,promien_500m
2111,31-161,477.3,promien_500m
2111,31-014,487.6,promien_500m
2115,31-114,0.0,promien_500m
2115,31-110,20.6,promien_500m
2115,31-115,38.9,promien_500m
2115,31-113,74.6,promien_500m
2115,31-109,92.9,promien_500m
2115,31-116,117.5,promien_500m
2115,31-118,122.8,promien_500m
2115,31-007,144.7,promien_500m
2115,31-108,161.6,promien_500m
2115,31-010,167.2,promien_500m
2115,31-008,172.8,promien_500m
2115,31-124,181.6,promien_500m
2115,31-107,208.8,promien_500m
2115,31-123,210.6,promien_500m
2115,31-117,218.3,promien_500m
2115,31-009,241.6,promien_500m
2115,31-027,253.5,promien_500m
2115,31-104,260.4,promien_500m
2115,31-103,269.4,promien_500m
2115,31-111,288.4,promien_500m
2115,31-004,298.7,promien_500m
2115,31-128,305.2,promien_500m
2115,31-102,314.1,promien_500m
2115,31-112,314.6,promien_500m
2115,31-133,317.3,promien_500m
2115,31-121,323.0,promien_500m
2115,31-724,328.5,promien_500m
2115,31-101,338.8,promien_500m
2115,31-120,350.2,promien_500m
2115,31-011,363.8,promien_500m
2115,31-002,378.8,promien_500m
2115,31-005,381.5,promien_500m
2115,31-105,385.1,promien_500m
2115,31-106,392.0,promien_500m
2115,31-131,395.1,promien_500m
2115,31-042,402.3,promien_500m
2115,30-059,414.0,promien_500m
2115,30-062,435.6,promien_500m
2115,31-127,446.5,promien_500m
2115,30-101,462.1,promien_500m
2115,30-112,462.6,promien_500m
2115,31-006,462.6,promien_500m
2115,31-126,480.7,promien_500m
2115,31-013,493.6,promien_500m
2115,31-014,494.9,promien_500m
2117,31-116,0.0,promien_500m
2117,31-115,31.5,promien_500m
2117,31-123,58.7,promien_500m
2117,31-117,75.4,promien_500m
2117,31-114,91.9,promien_500m
2117,31-724,132.1,promien_500m
2117,31-121,137.3,promien_500m
2117,31-113,151.0,promien_500m
2117,31-110,167.1,promien_500m
2117,31-124,169.4,promien_500m
2117,31-118,204.9,promien_500m
2117,31-120,244.0,promien_500m
2117,31-128,260.9,promien_500m
2117,31-109,263.2,promien_500m
2117,31-027,270.4,promien_500m
2117,31-127,287.0,promien_500m
2117,31-008,294.6,promien_500m
2117,31-007,298.2,promien_500m
2117,31-126,298.3,promien_500m
2117,31-107,306.3,promien_500m
2117,31-108,307.8,promien_500m
2117,31-009,316.9,promien_500m
2117,31-111,318.7,promien_500m
2117,31-133,324.6,promien_500m
2117,30-059,331.3,promien_500m
2117,31-131,339.7,promien_500m
2117,30-048,343.5,promien_500m
2117,31-010,350.2,promien_500m
2117,30-062,372.5,promien_500m
2117,31-112,385.2,promien_500m
2117,31-011,405.3,promien_500m
2117,31-104,408.8,promien_500m
2117,31-103,409.4,promien_500m
2117,30-063,431.6,promien_500m
2117,30-060,435.9,promien_500m
2117,30-112,452.1,promien_500m
2117,31-135,481.5,promien_500m
2117,31-106,488.5,promien_500m
2120,31-124,0.0,promien_500m
2120,31-121,54.2,promien_500m
2120,31-126,55.8,promien_500m
2120,31-127,62.6,promien_500m
2120,31-123,63.8,promien_500m
2120,31-724,73.4,promien_500m
2120,30-048,101.2,promien_500m
2120,31-115,130.4,promien_500m
2120,31-120,142.6,promien_500m
2120,31-128,157.4,promien_500m
2120,31-116,189.8,promien_500m
2120,31-131,197.5,promien_500m
2120,31-117,247.6,promien_500m
2120,30-059,249.4,promien_500m
2120,31-135,281.8,promien_500m
2120,31-114,294.5,promien_500m
2120,31-133,295.2,promien_500m
2120,31-118,327.4,promien_500m
2120,30-047,329.9,promien_500m
2120,31-130,331.1,promien_500m
2120,31-113,339.7,promien_500m
2120,31-136,396.3,promien_500m
2120,31-110,398.6,promien_500m
2120,31-009,405.6,promien_500m
2120,31-045,423.3,promien_500m
2120,31-008,426.5,promien_500m
2120,31-137,429.1,promien_500m
2120,31-140,442.4,promien_500m
2120,30-054,443.4,promien_500m
2120,31-011,449.9,promien_500m
2120,30-049,455.4,promien_500m
2120,31-007,456.9,promien_500m
2120,30-060,478.2,promien_500m
2120,31-027,493.3,promien_500m
2120,31-159,494.9,promien_500m
2120,30-062,497.5,promien_500m
2127,31-069,0.0,promien_500m
2127,31-070,6.3,promien_500m
2127,31-065,49.0,promien_500m
2127,31-054,50.6,promien_500m
2127,31-071,77.6,promien_500m
2127,30-901,115.5,promien_500m
2127,31-062,185.9,promien_500m
2127,31-064,188.7,promien_500m
2127,31-068,204.2,promien_500m
2127,30-960,219.4,promien_500m
2127,31-063,228.7,promien_500m
2127,31-039,231.8,promien_500m
2127,31-058,239.4,promien_500m
2127,31-067,269.8,promien_500m
2127,30-058,289.9,promien_500m
2127,31-055,299.1,promien_500m
2127,30-302,315.2,promien_500m
2127,31-001,318.9,promien_500m
2127,31-020,322.8,promien_500m
2127,30-301,331.1,promien_500m
2127,31-066,339.2,promien_500m
2127,31-155,343.0,promien_500m
2127,31-056,344.0,promien_500m
2127,31-059,360.1,promien_500m
2127,30-307,365.1,promien_500m
2127,31-048,372.4,promien_500m
2127,31-044,373.7,promien_500m
2127,31-132,387.3,promien_500m
2127,31-060,423.5,promien_500m
2127,31-003,434.0,promien_500m
2127,31-049,442.0,promien_500m
2127,31-109,470.4,promien_500m
2127,30-308,483.4,promien_500m
2127,31-002,484.4,promien_500m
2147,31-039,0.0,promien_500m
2147,31-050,26.8,promien_500m
2147,31-049,32.0,promien_500m
2147,31-054,58.4,promien_500m
2147,31-051,65.5,promien_500m
2147,31-047,123.8,promien_500m
2147,31-048,132.9,promien_500m
2147,31-052,149.9,promien_500m
2147,31-038,159.6,promien_500m
2147,31-058,171.0,promien_500m
2147,31-055,188.6,promien_500m
2147,31-032,209.5,promien_500m
2147,31-031,216.4,promien_500m
2147,31-056,231.7,promien_500m
2147,30-058,246.7,promien_500m
2147,31-035,261.8,promien_500m
2147,31-057,267.7,promien_500m
2147,31-073,286.2,promien_500m
2147,31-068,289.7,promien_500m
2147,31-053,297.5,promien_500m
2147,31-059,298.8,promien_500m
2147,31-044,303.2,promien_500m
2147,31-046,316.1,promien_500m
2147,31-957,342.6,promien_500m
2147,31-063,346.5,promien_500m
2147,31-062,351.9,promien_500m
2147,31-071,353.3,promien_500m
2147,31-072,353.9,promien_500m
2147,31-069,356.9,promien_500m
2147,31-036,369.4,promien_500m
2147,31-001,370.8,promien_500m
2147,31-070,378.5,promien_500m
2147,30-960,386.9,promien_500m
2147,31-003,395.0,promien_500m
2147,31-538,397.5,promien_500m
2147,31-002,402.7,promien_500m
2147,31-537,422.8,promien_500m
2147,31-532,434.1,promien_500m
2147,31-030,441.4,promien_500m
2147,30-901,448.5,promien_500m
2147,31-064,455.1,promien_500m
2147,31-007,455.5,promien_500m
2147,31-045,456.2,promien_500m
2147,31-042,476.4,promien_500m
2147,31-535,478.7,promien_500m
2148,31-026,0.0,promien_500m
2148,31-025,21.1,promien_500m
2148,31-034,40.9,promien_500m
2148,31-503,62.0,promien_500m
2148,31-033,75.0,promien_500m
2148,31-504,102.1,promien_500m
2148,31-154,106.4,promien_500m
2148,31-508,111.1,promien_500m
2148,31-156,154.7,promien_500m
2148,31-501,172.3,promien_500m
2148,31-023,173.1,promien_500m
2148,31-024,180.8,promien_500m
2148,31-505,207.3,promien_500m
2148,31-020,285.9,promien_500m
2148,31-027,285.9,promien_500m
2148,31-502,310.4,promien_500m
2148,31-015,333.0,promien_500m
2148,31-028,334.7,promien_500m
2148,31-530,346.8,promien_500m
2148,31-512,354.1,promien_500m
2148,31-511,356.0,promien_500m
2148,31-529,358.6,promien_500m
2148,31-019,364.8,promien_500m
2148,31-157,370.0,promien_500m
2148,31-109,385.6,promien_500m
2148,31-029,385.7,promien_500m
2148,31-021,404.2,promien_500m
2148,31-045,408.8,promien_500m
2148,31-143,421.7,promien_500m
2148,31-022,439.1,promien_500m
2148,31-017,455.4,promien_500m
2148,31-155,462.2,promien_500m
2148,31-030,465.9,promien_500m
2148,31-018,482.1,promien_500m
2148,31-041,484.8,promien_500m
2148,31-150,486.4,promien_500m
2148,31-016,488.5,promien_500m
2148,31-072,489.9,promien_500m
2148,31-509,491.5,promien_500m
2148,31-531,495.0,promien_500m
2148,31-042,495.7,promien_500m
2150,31-026,0.0,promien_500m
2150,31-025,2.9,promien_500m
2150,31-508,74.0,promien_500m
2150,31-503,89.3,promien_500m
2150,31-033,89.7,promien_500m
2150,31-501,115.1,promien_500m
2150,31-034,116.5,promien_500m
2150,31-024,167.3,promien_500m
2150,31-023,186.7,promien_500m
2150,31-504,192.3,promien_500m
2150,31-502,204.1,promien_500m
2150,31-154,214.2,promien_500m
2150,31-027,228.2,promien_500m
2150,31-156,231.0,promien_500m
2150,31-530,272.1,promien_500m
2150,31-029,282.3,promien_500m
2150,31-529,287.0,promien_500m
2150,31-505,292.5,promien_500m
2150,31-028,295.2,promien_500m
2150,31-020,323.0,promien_500m
2150,31-030,360.9,promien_500m
2150,31-512,373.6,promien_500m
2150,31-015,392.8,promien_500m
2150,31-072,394.8,promien_500m
2150,31-019,401.4,promien_500m
2150,31-109,407.7,promien_500m
2150,31-045,413.5,promien_500m
2150,31-511,415.1,promien_500m
2150,31-041,438.9,promien_500m
2150,31-021,442.1,promien_500m
2150,31-531,442.7,promien_500m
2150,31-157,448.5,promien_500m
2150,31-022,459.4,promien_500m
2150,31-042,465.1,promien_500m
2150,31-532,478.3,promien_500m
2150,31-143,483.0,promien_500m
2150,31-017,490.7,promien_500m
2150,31-038,498.4,promien_500m
2151,31-070,0.0,promien_500m
2151,31-069,31.3,promien_500m
2151,31-071,46.2,promien_500m
2151,31-065,123.5,promien_500m
2151,31-054,159.7,promien_500m
2151,30-901,195.3,promien_500m
2151,30-302,213.9,promien_500m
2151,30-301,241.1,promien_500m
2151,30-307,255.5,promien_500m
2151,30-960,262.5,promien_500m
2151,31-001,289.6,promien_500m
2151,31-064,290.6,promien_500m
2151,31-062,295.1,promien_500m
2151,31-067,304.2,promien_500m
2151,31-068,309.5,promien_500m
2151,31-063,328.8,promien_500m
2151,31-066,329.1,promien_500m
2151,31-039,340.0,promien_500m
2151,31-058,342.9,promien_500m
2151,30-308,375.1,promien_500m
2151,30-058,379.4,promien_500m
2151,31-155,390.0,promien_500m
2151,31-020,403.7,promien_500m
2151,31-109,408.5,promien_500m
2151,31-055,409.2,promien_500m
2151,30-304,413.1,promien_500m
2151,31-044,420.8,promien_500m
2151,31-048,427.6,promien_500m
2151,31-056,444.8,promien_500m
2151,30-337,452.2,promien_500m
2151,30-311,468.1,promien_500m
2151,31-059,470.0,promien_500m
2151,31-003,474.3,promien_500m
2151,31-132,476.9,promien_500m
2151,30-305,486.5,promien_500m
2151,31-101,494.3,promien_500m
2153,31-026,0.0,promien_500m
2153,31-501,25.4,promien_500m
2153,31-034,43.6,promien_500m
2153,31-502,55.7,promien_500m
2153,31-025,119.9,promien_500m
2153,31-033,124.8,promien_500m
2153,31-029,129.0,promien_500m
2153,31-503,161.2,promien_500m
2153,31-508,175.1,promien_500m
2153,31-529,180.9,promien_500m
2153,31-530,182.4,promien_500m
2153,31-024,224.2,promien_500m
2153,31-030,231.2,promien_500m
2153,31-027,242.5,promien_500m
2153,31-023,292.4,promien_500m
2153,31-072,294.7,promien_500m
2153,31-028,321.7,promien_500m
2153,31-532,324.3,promien_500m
2153,31-504,333.5,promien_500m
2153,31-537,349.4,promien_500m
2153,31-031,355.5,promien_500m
2153,31-154,368.3,promien_500m
2153,31-156,372.8,promien_500m
2153,31-073,375.2,promien_500m
2153,31-531,381.9,promien_500m
2153,31-032,384.3,promien_500m
2153,31-041,405.2,promien_500m
2153,31-038,415.5,promien_500m
2153,31-505,423.1,promien_500m
2153,31-512,429.7,promien_500m
2153,31-957,430.9,promien_500m
2153,31-020,433.3,promien_500m
2153,31-534,434.4,promien_500m
2153,31-046,437.3,promien_500m
2153,31-538,466.5,promien_500m
2153,31-042,483.6,promien_500m
2153,31-045,484.0,promien_500m
2153,31-019,495.8,promien_500m
2153,31-109,496.9,promien_500m
2154,31-033,0.0,promien_500m
2154,31-025,3.5,promien_500m
2154,31-508,43.4,promien_500m
2154,31-034,58.4,promien_500m
2154,31-024,58.5,promien_500m
2154,31-023,60.8,promien_500m
2154,31-026,80.1,promien_500m
2154,31-156,120.8,promien_500m
2154,31-154,133.2,promien_500m
2154,31-027,175.3,promien_500m
2154,31-503,184.4,promien_500m
2154,31-020,192.7,promien_500m
2154,31-028,213.7,promien_500m
2154,31-504,220.3,promien_500m
2154,31-501,238.6,promien_500m
2154,31-015,263.5,promien_500m
2154,31-019,271.4,promien_500m
2154,31-109,280.1,promien_500m
2154,31-029,290.4,promien_500m
2154,31-045,293.3,promien_500m
2154,31-502,310.1,promien_500m
2154,31-021,316.4,promien_500m
2154,31-505,325.1,promien_500m
2154,31-157,331.5,promien_500m
2154,31-022,332.8,promien_500m
2154,31-143,355.7,promien_500m
2154,31-017,360.9,promien_500m
2154,31-041,363.9,promien_500m
2154,31-042,372.8,promien_500m
2154,31-018,379.4,promien_500m
2154,31-530,401.8,promien_500m
2154,31-030,406.0,promien_500m
2154,31-072,407.0,promien_500m
2154,31-016,416.9,promien_500m
2154,31-529,417.0,promien_500m
2154,31-013,429.9,promien_500m
2154,31-014,466.8,promien_500m
2154,31-512,471.3,promien_500m
2154,31-155,473.0,promien_500m
2154,31-150,474.5,promien_500m
2154,31-038,477.5,promien_500m
2154,31-511,478.7,promien_500m
2154,31-046,487.6,promien_500m
2154,31-043,494.2,promien_500m
2155,31-025,0.0,promien_500m
2155,31-033,4.8,promien_500m
2155,31-508,31.0,promien_500m
2155,31-024,47.0,promien_500m
2155,31-026,76.6,promien_500m
2155,31-023,87.3,promien_500m
2155,31-034,99.6,promien_500m
2155,31-027,120.8,promien_500m
2155,31-028,177.7,promien_500m
2155,31-156,181.4,promien_500m
2155,31-501,181.4,promien_500m
2155,31-154,199.8,promien_500m
2155,31-503,208.2,promien_500m
2155,31-029,226.5,promien_500m
2155,31-020,228.5,promien_500m
2155,31-502,259.0,promien_500m
2155,31-504,267.3,promien_500m
2155,31-045,296.8,promien_500m
2155,31-015,298.3,promien_500m
2155,31-019,298.3,promien_500m
2155,31-109,298.7,promien_500m
2155,31-021,323.9,promien_500m
2155,31-041,325.3,promien_500m
2155,31-030,338.9,promien_500m
2155,31-072,340.5,promien_500m
2155,31-042,346.3,promien_500m
2155,31-022,348.2,promien_500m
2155,31-505,372.5,promien_500m
2155,31-530,373.6,promien_500m
2155,31-529,381.6,promien_500m
2155,31-017,387.3,promien_500m
2155,31-157,388.2,promien_500m
2155,31-018,397.6,promien_500m
2155,31-143,400.6,promien_500m
2155,31-013,415.4,promien_500m
2155,31-038,417.4,promien_500m
2155,31-046,427.8,promien_500m
2155,31-032,444.2,promien_500m
2155,31-016,449.7,promien_500m
2155,31-043,453.7,promien_500m
2155,31-014,489.4,promien_500m
2155,31-512,490.1,promien_500m
2156,31-033,0.0,promien_500m
2156,31-024,37.6,promien_500m
2156,31-034,60.7,promien_500m
2156,31-025,62.3,promien_500m
2156,31-026,62.5,promien_500m
2156,31-027,63.6,promien_500m
2156,31-508,92.1,promien_500m
2156,31-023,113.2,promien_500m
2156,31-028,140.1,promien_500m
2156,31-501,143.7,promien_500m
2156,31-029,150.7,promien_500m
2156,31-502,226.7,promien_500m
2156,31-156,245.4,promien_500m
2156,31-020,251.7,promien_500m
2156,31-503,252.9,promien_500m
2156,31-072,265.1,promien_500m
2156,31-154,270.6,promien_500m
2156,31-030,271.2,promien_500m
2156,31-041,274.1,promien_500m
2156,31-045,295.9,promien_500m
2156,31-042,308.3,promien_500m
2156,31-019,311.1,promien_500m
2156,31-109,312.9,promien_500m
2156,31-021,316.8,promien_500m
2156,31-015,328.8,promien_500m
2156,31-529,335.3,promien_500m
2156,31-504,337.9,promien_500m
2156,31-038,343.2,promien_500m
2156,31-046,353.9,promien_500m
2156,31-022,354.9,promien_500m
2156,31-530,367.6,promien_500m
2156,31-032,368.3,promien_500m
2156,31-013,388.9,promien_500m
2156,31-043,397.5,promien_500m
2156,31-018,403.1,promien_500m
2156,31-017,404.7,promien_500m
2156,31-016,438.7,promien_500m
2156,31-957,440.5,promien_500m
2156,31-143,441.4,promien_500m
2156,31-505,443.0,promien_500m
2156,31-073,443.1,promien_500m
2156,31-157,443.2,promien_500m
2156,31-532,450.3,promien_500m
2156,31-031,456.1,promien_500m
2156,31-007,461.5,promien_500m
2156,31-002,464.8,promien_500m
2156,31-510,471.0,promien_500m
2156,31-537,492.4,promien_500m
2157,31-034,0.0,promien_500m
2157,31-501,12.3,promien_500m
2157,31-026,50.7,promien_500m
2157,31-502,82.2,promien_500m
2157,31-033,82.3,promien_500m
2157,31-029,100.5,promien_500m
2157,31-025,139.6,promien_500m
2157,31-030,155.1,promien_500m
2157,31-027,178.3,promien_500m
2157,31-529,179.2,promien_500m
2157,31-508,191.4,promien_500m
2157,31-024,192.7,promien_500m
2157,31-072,207.3,promien_500m
2157,31-530,211.4,promien_500m
2157,31-028,237.9,promien_500m
2157,31-503,245.4,promien_500m
2157,31-023,251.5,promien_500m
2157,31-532,298.0,promien_500m
2157,31-032,303.2,promien_500m
2157,31-031,313.6,promien_500m
2157,31-073,315.6,promien_500m
2157,31-041,318.4,promien_500m
2157,31-038,326.6,promien_500m
2157,31-537,336.8,promien_500m
2157,31-046,348.3,promien_500m
2157,31-957,351.9,promien_500m
2157,31-156,386.4,promien_500m
2157,31-504,397.4,promien_500m
2157,31-154,400.8,promien_500m
2157,31-020,406.1,promien_500m
2157,31-531,406.9,promien_500m
2157,31-042,416.6,promien_500m
2157,31-538,434.5,promien_500m
2157,31-045,443.0,promien_500m
2157,31-534,449.8,promien_500m
2157,31-019,452.6,promien_500m
2157,31-043,460.1,promien_500m
2157,31-021,460.6,promien_500m
2157,31-109,466.9,promien_500m
2157,31-047,471.7,promien_500m
2157,31-002,477.1,promien_500m
2157,31-015,485.2,promien_500m
2157,31-505,493.9,promien_500m
2157,31-039,497.2,promien_500m
2157,31-022,499.3,promien_500m
2161,31-029,0.0,promien_500m
2161,31-033,34.8,promien_500m
2161,31-034,49.6,promien_500m
2161,31-072,56.8,promien_500m
2161,31-030,67.4,promien_500m
2161,31-027,127.5,promien_500m
2161,31-028,144.5,promien_500m
2161,31-501,160.0,promien_500m
2161,31-032,164.2,promien_500m
2161,31-038,177.7,promien_500m
2161,31-502,186.8,promien_500m
2161,31-041,193.5,promien_500m
2161,31-026,200.6,promien_500m
2161,31-046,208.1,promien_500m
2161,31-529,211.8,promien_500m
2161,31-957,215.5,promien_500m
2161,31-024,224.3,promien_500m
2161,31-073,225.6,promien_500m
2161,31-031,255.3,promien_500m
2161,31-530,256.7,promien_500m
2161,31-025,260.4,promien_500m
2161,31-023,263.9,promien_500m
2161,31-532,280.2,promien_500m
2161,31-508,305.0,promien_500m
2161,31-047,328.6,promien_500m
2161,31-043,329.9,promien_500m
2161,31-537,338.0,promien_500m
2161,31-002,338.9,promien_500m
2161,31-042,345.7,promien_500m
2161,31-039,386.9,promien_500m
2161,31-538,389.0,promien_500m
2161,31-020,394.1,promien_500m
2161,31-503,395.7,promien_500m
2161,31-048,408.3,promien_500m
2161,31-019,413.2,promien_500m
2161,31-045,436.4,promien_500m
2161,31-510,444.9,promien_500m
2161,31-050,447.3,promien_500m
2161,31-021,449.7,promien_500m
2161,31-013,454.5,promien_500m
2161,31-007,456.7,promien_500m
2161,31-531,457.4,promien_500m
2161,31-006,462.8,promien_500m
2161,31-022,466.1,promien_500m
2161,31-156,471.0,promien_500m
2161,31-044,471.4,promien_500m
2161,31-534,473.0,promien_500m
2161,31-001,474.0,promien_500m
2161,31-049,477.9,promien_500m
2161,31-109,483.3,promien_500m
2161,31-017,483.6,promien_500m
2161,31-052,491.5,promien_500m
2161,31-018,496.9,promien_500m
2161,31-154,497.5,promien_500m
2162,31-029,0.0,promien_500m
2162,31-030,9.8,promien_500m
2162,31-034,48.6,promien_500m
2162,31-072,77.0,promien_500m
2162,31-033,88.5,promien_500m
2162,31-032,150.6,promien_500m
2162,31-502,153.4,promien_500m
2162,31-501,159.2,promien_500m
2162,31-529,162.2,promien_500m
2162,31-073,178.4,promien_500m
2162,31-027,183.3,promien_500m
2162,31-026,186.7,promien_500m
2162,31-957,198.1,promien_500m
2162,31-031,201.2,promien_500m
2162,31-028,201.5,promien_500m
2162,31-038,203.6,promien_500m
2162,31-530,207.1,promien_500m
2162,31-532,222.6,promien_500m
2162,31-041,234.4,promien_500m
2162,31-046,246.0,promien_500m
2162,31-024,272.2,promien_500m
2162,31-537,280.7,promien_500m
2162,31-025,283.4,promien_500m
2162,31-023,315.7,promien_500m
2162,31-047,319.3,promien_500m
2162,31-508,331.9,promien_500m
2162,31-538,333.5,promien_500m
2162,31-039,350.5,promien_500m
2162,31-043,368.4,promien_500m
2162,31-002,375.1,promien_500m
2162,31-503,394.8,promien_500m
2162,31-048,399.0,promien_500m
2162,31-042,402.0,promien_500m
2162,31-531,403.6,promien_500m
2162,31-050,412.7,promien_500m
2162,31-534,416.5,promien_500m
2162,31-020,451.5,promien_500m
2162,31-052,454.0,promien_500m
2162,31-049,454.9,promien_500m
2162,31-019,470.8,promien_500m
2162,31-045,492.4,promien_500m
2162,31-510,496.5,promien_500m
2163,31-029,0.0,promien_500m
2163,31-034,33.6,promien_500m
2163,31-030,39.0,promien_500m
2163,31-502,96.2,promien_500m
2163,31-529,97.4,promien_500m
2163,31-072,118.5,promien_500m
2163,31-033,130.0,promien_500m
2163,31-501,136.4,promien_500m
2163,31-530,142.3,promien_500m
2163,31-026,150.8,promien_500m
2163,31-073,169.2,promien_500m
2163,31-031,169.4,promien_500m
2163,31-532,170.6,promien_500m
2163,31-032,191.0,promien_500m
2163,31-537,223.9,promien_500m
2163,31-957,231.3,promien_500m
2163,31-027,233.8,promien_500m
2163,31-028,261.5,promien_500m
2163,31-038,263.1,promien_500m
2163,31-025,286.5,promien_500m
2163,31-538,295.9,promien_500m
2163,31-041,298.6,promien_500m
2163,31-024,307.0,promien_500m
2163,31-046,309.9,promien_500m
2163,31-508,337.9,promien_500m
2163,31-531,340.0,promien_500m
2163,31-039,353.1,promien_500m
2163,31-047,353.8,promien_500m
2163,31-023,355.7,promien_500m
2163,31-534,356.5,promien_500m
2163,31-503,367.4,promien_500m
2163,31-050,416.6,promien_500m
2163,31-043,432.0,promien_500m
2163,31-048,432.7,promien_500m
2163,31-002,438.1,promien_500m
2163,31-052,452.9,promien_500m
2163,31-042,463.1,promien_500m
2163,31-049,473.1,promien_500m
2164,31-029,0.0,promien_500m
2164,31-030,0.0,promien_500m
2164,31-529,29.8,promien_500m
2164,31-072,41.6,promien_500m
2164,31-532,71.1,promien_500m
2164,31-530,72.9,promien_500m
2164,31-502,81.1,promien_500m
2164,31-031,84.3,promien_500m
2164,31-034,106.7,promien_500m
2164,31-073,116.9,promien_500m
2164,31-537,127.9,promien_500m
2164,31-538,201.7,promien_500m
2164,31-026,205.4,promien_500m
2164,31-501,207.4,promien_500m
2164,31-032,218.5,promien_500m
2164,31-033,229.5,promien_500m
2164,31-957,235.0,promien_500m
2164,31-038,242.8,promien_500m
2164,31-531,261.0,promien_500m
2164,31-534,265.0,promien_500m
2164,31-039,304.7,promien_500m
2164,31-027,332.2,promien_500m
2164,31-047,341.4,promien_500m
2164,31-028,354.4,promien_500m
2164,31-050,366.8,promien_500m
2164,31-041,369.2,promien_500m
2164,31-025,371.1,promien_500m
2164,31-046,377.8,promien_500m
2164,31-052,394.8,promien_500m
2164,31-024,405.8,promien_500m
2164,31-503,417.3,promien_500m
2164,31-508,423.1,promien_500m
2164,31-048,428.6,promien_500m
2164,31-049,442.2,promien_500m
2164,31-036,454.2,promien_500m
2164,31-023,455.0,promien_500m
2164,31-535,460.8,promien_500m
2164,31-051,466.5,promien_500m
2164,31-035,482.4,promien_500m
2164,31-043,496.8,promien_500m
2164,31-002,499.6,promien_500m
2165,31-029,0.0,promien_500m
2165,31-030,3.7,promien_500m
2165,31-072,54.6,promien_500m
2165,31-073,93.8,promien_500m
2165,31-032,112.8,promien_500m
2165,31-034,115.5,promien_500m
2165,31-031,122.1,promien_500m
2165,31-529,140.1,promien_500m
2165,31-033,141.9,promien_500m
2165,31-957,145.8,promien_500m
2165,31-532,155.5,promien_500m
2165,31-502,161.4,promien_500m
2165,31-038,174.6,promien_500m
2165,31-530,182.9,promien_500m
2165,31-501,223.3,promien_500m
2165,31-537,230.3,promien_500m
2165,31-026,239.7,promien_500m
2165,31-538,256.6,promien_500m
2165,31-027,261.7,promien_500m
2165,31-041,261.7,promien_500m
2165,31-028,262.4,promien_500m
2165,31-047,266.2,promien_500m
2165,31-046,268.1,promien_500m
2165,31-039,269.9,promien_500m
2165,31-050,332.9,promien_500m
2165,31-048,345.4,promien_500m
2165,31-024,356.1,promien_500m
2165,31-025,363.1,promien_500m
2165,31-534,369.2,promien_500m
2165,31-531,370.8,promien_500m
2165,31-052,372.2,promien_500m
2165,31-049,384.7,promien_500m
2165,31-043,387.1,promien_500m
2165,31-002,389.5,promien_500m
2165,31-023,398.0,promien_500m
2165,31-508,413.0,promien_500m
2165,31-051,445.0,promien_500m
2165,31-503,456.0,promien_500m
2165,31-042,459.4,promien_500m
2165,31-044,489.5,promien_500m
2165,31-035,492.6,promien_500m
2167,31-030,0.0,promien_500m
2167,31-072,3.0,promien_500m
2167,31-073,42.5,promien_500m
2167,31-029,55.8,promien_500m
2167,31-031,86.2,promien_500m
2167,31-032,90.1,promien_500m
2167,31-957,94.8,promien_500m
2167,31-038,111.4,promien_500m
2167,31-532,146.4,promien_500m
2167,31-529,164.8,promien_500m
2167,31-033,179.4,promien_500m
2167,31-034,180.9,promien_500m
2167,31-530,199.3,promien_500m
2167,31-039,204.7,promien_500m
2167,31-502,209.8,promien_500m
2167,31-047,210.5,promien_500m
2167,31-538,222.6,promien_500m
2167,31-537,224.9,promien_500m
2167,31-046,256.2,promien_500m
2167,31-050,267.5,promien_500m
2167,31-041,272.0,promien_500m
2167,31-501,288.2,promien_500m
2167,31-048,290.7,promien_500m
2167,31-028,293.1,promien_500m
2167,31-026,302.6,promien_500m
2167,31-027,305.8,promien_500m
2167,31-052,307.7,promien_500m
2167,31-049,320.8,promien_500m
2167,31-534,371.4,promien_500m
2167,31-051,380.4,promien_500m
2167,31-002,380.8,promien_500m
2167,31-043,384.1,promien_500m
2167,31-531,386.2,promien_500m
2167,31-024,413.0,promien_500m
2167,31-025,428.0,promien_500m
2167,31-035,432.8,promien_500m
2167,31-023,451.7,promien_500m
2167,31-044,455.1,promien_500m
2167,31-036,457.9,promien_500m
2167,31-508,477.5,promien_500m
2167,31-535,483.3,promien_500m
2167,31-042,486.8,promien_500m
2167,31-001,499.5,promien_500m
2169,31-072,0.0,promien_500m
2169,31-073,5.9,promien_500m
2169,31-031,49.2,promien_500m
2169,31-032,52.3,promien_500m
2169,31-038,57.4,promien_500m
2169,31-030,68.9,promien_500m
2169,31-957,81.0,promien_500m
2169,31-039,128.3,promien_500m
2169,31-029,131.6,promien_500m
2169,31-532,150.9,promien_500m
2169,31-047,151.3,promien_500m
2169,31-538,191.2,promien_500m
2169,31-050,191.4,promien_500m
2169,31-537,196.6,promien_500m
2169,31-529,198.9,promien_500m
2169,31-530,223.9,promien_500m
2169,31-052,231.3,promien_500m
2169,31-048,244.2,promien_500m
2169,31-033,245.1,promien_500m
2169,31-046,245.6,promien_500m
2169,31-049,252.4,promien_500m
2169,31-034,256.2,promien_500m
2169,31-502,269.1,promien_500m
2169,31-051,303.9,promien_500m
2169,31-041,312.1,promien_500m
2169,31-028,347.9,promien_500m
2169,31-035,360.0,promien_500m
2169,31-501,362.4,promien_500m
2169,31-027,369.2,promien_500m
2169,31-026,373.9,promien_500m
2169,31-534,376.2,promien_500m
2169,31-002,387.7,promien_500m
2169,31-036,403.4,promien_500m
2169,31-043,403.8,promien_500m
2169,31-531,405.3,promien_500m
2169,31-054,428.7,promien_500m
2169,31-535,431.2,promien_500m
2169,31-044,436.3,promien_500m
2169,31-536,485.2,promien_500m
2169,31-024,486.4,promien_500m
2169,31-055,495.7,promien_500m
2170,31-072,0.0,promien_500m
2170,31-032,40.4,promien_500m
2170,31-957,42.9,promien_500m
2170,31-030,48.4,promien_500m
2170,31-073,65.0,promien_500m
2170,31-038,84.3,promien_500m
2170,31-029,96.9,promien_500m
2170,31-031,133.5,promien_500m
2170,31-047,162.9,promien_500m
2170,31-033,164.2,promien_500m
2170,31-039,197.0,promien_500m
2170,31-046,197.8,promien_500m
2170,31-532,203.0,promien_500m
2170,31-034,210.3,promien_500m
2170,31-529,223.4,promien_500m
2170,31-041,228.9,promien_500m
2170,31-048,242.0,promien_500m
2170,31-050,255.7,promien_500m
2170,31-530,257.8,promien_500m
2170,31-502,261.6,promien_500m
2170,31-028,263.0,promien_500m
2170,31-538,266.1,promien_500m
2170,31-537,270.0,promien_500m
2170,31-027,286.3,promien_500m
2170,31-049,289.5,promien_500m
2170,31-052,301.5,promien_500m
2170,31-501,321.2,promien_500m
2170,31-002,324.8,promien_500m
2170,31-043,330.9,promien_500m
2170,31-026,341.0,promien_500m
2170,31-051,369.4,promien_500m
2170,31-044,396.7,promien_500m
2170,31-024,412.6,promien_500m
2170,31-534,428.2,promien_500m
2170,31-035,439.8,promien_500m
2170,31-001,442.7,promien_500m
2170,31-531,444.7,promien_500m
2170,31-023,445.5,promien_500m
2170,31-025,447.3,promien_500m
2170,31-042,452.2,promien_500m
2170,31-054,476.4,promien_500m
2170,31-006,486.7,promien_500m
2170,31-036,487.9,promien_500m
2170,31-508,494.5,promien_500m
2172,31-072,0.0,promien_500m
2172,31-032,10.4,promien_500m
2172,31-038,12.0,promien_500m
2172,31-033,53.9,promien_500m
2172,31-046,66.3,promien_500m
2172,31-041,73.0,promien_500m
2172,31-029,114.0,promien_500m
2172,31-030,120.3,promien_500m
2172,31-028,126.1,promien_500m
2172,31-957,136.8,promien_500m
2172,31-027,171.9,promien_500m
2172,31-043,185.5,promien_500m
2172,31-002,187.8,promien_500m
2172,31-047,196.6,promien_500m
2172,31-073,204.5,promien_500m
2172,31-034,213.7,promien_500m
2172,31-048,269.0,promien_500m
2172,31-031,285.2,promien_500m
2172,31-042,301.1,promien_500m
2172,31-044,308.9,promien_500m
2172,31-039,311.3,promien_500m
2172,31-001,315.5,promien_500m
2172,31-501,331.8,promien_500m
2172,31-024,332.0,promien_500m
2172,31-006,339.8,promien_500m
2172,31-023,341.5,promien_500m
2172,31-529,341.6,promien_500m
2172,31-532,346.3,promien_500m
2172,31-502,348.0,promien_500m
2172,31-510,351.6,promien_500m
2172,31-049,356.7,promien_500m
2172,31-004,366.8,promien_500m
2172,31-026,368.1,promien_500m
2172,31-007,374.5,promien_500m
2172,31-050,374.8,promien_500m
2172,31-530,384.1,promien_500m
2172,31-008,397.7,promien_500m
2172,31-020,400.2,promien_500m
2172,31-019,402.8,promien_500m
2172,31-013,407.7,promien_500m
2172,31-025,415.9,promien_500m
2172,31-538,422.0,promien_500m
2172,31-052,424.8,promien_500m
2172,31-537,425.5,promien_500m
2172,31-017,433.1,promien_500m
2172,31-021,442.3,promien_500m
2172,31-508,450.6,promien_500m
2172,31-005,451.9,promien_500m
2172,31-022,461.9,promien_500m
2172,31-045,466.6,promien_500m
2172,31-051,473.4,promien_500m
2172,31-018,483.1,promien_500m
2173,31-038,0.0,promien_500m
2173,31-046,12.8,promien_500m
2173,31-072,17.6,promien_500m
2173,31-041,29.6,promien_500m
2173,31-033,36.1,promien_500m
2173,31-032,44.2,promien_500m
2173,31-028,96.3,promien_500m
2173,31-043,131.8,promien_500m
2173,31-002,135.9,promien_500m
2173,31-029,151.0,promien_500m
2173,31-027,166.5,promien_500m
2173,31-030,170.1,promien_500m
2173,31-957,179.4,promien_500m
2173,31-047,204.9,promien_500m
2173,31-034,223.4,promien_500m
2173,31-073,252.4,promien_500m
2173,31-042,258.3,promien_500m
2173,31-044,265.3,promien_500m
2173,31-001,267.8,promien_500m
2173,31-048,284.2,promien_500m
2173,31-006,285.6,promien_500m
2173,31-510,298.3,promien_500m
2173,31-024,311.0,promien_500m
2173,31-004,314.3,promien_500m
2173,31-007,322.5,promien_500m
2173,31-023,329.7,promien_500m
2173,31-031,334.6,promien_500m
2173,31-008,342.9,promien_500m
2173,31-039,348.5,promien_500m
2173,31-013,361.6,promien_500m
2173,31-049,362.0,promien_500m
2173,31-501,364.7,promien_500m
2173,31-019,365.2,promien_500m
2173,31-020,366.0,promien_500m
2173,31-017,385.7,promien_500m
2173,31-026,386.5,promien_500m
2173,31-502,391.8,promien_500m
2173,31-529,394.7,promien_500m
2173,31-005,397.6,promien_500m
2173,31-532,401.1,promien_500m
2173,31-021,401.2,promien_500m
2173,31-050,413.3,promien_500m
2173,31-022,424.3,promien_500m
2173,31-025,431.9,promien_500m
2173,31-045,436.8,promien_500m
2173,31-530,436.8,promien_500m
2173,31-018,440.9,promien_500m
2173,31-508,462.4,promien_500m
2173,31-052,463.6,promien_500m
2173,31-538,475.7,promien_500m
2173,31-537,479.4,promien_500m
2173,31-010,486.0,promien_500m
2173,31-016,497.0,promien_500m
2174,31-038,0.0,promien_500m
2174,31-032,6.9,promien_500m
2174,31-072,39.1,promien_500m
2174,31-957,58.2,promien_500m
2174,31-046,82.8,promien_500m
2174,31-047,111.6,promien_500m
2174,31-033,133.4,promien_500m
2174,31-073,137.3,promien_500m
2174,31-030,139.1,promien_500m
2174,31-041,150.5,promien_500m
2174,31-029,151.2,promien_500m
2174,31-048,187.6,promien_500m
2174,31-002,209.8,promien_500m
2174,31-028,211.2,promien_500m
2174,31-031,220.2,promien_500m
2174,31-043,221.3,promien_500m
2174,31-039,227.6,promien_500m
2174,31-027,257.0,promien_500m
2174,31-034,273.3,promien_500m
2174,31-049,278.3,promien_500m
2174,31-044,288.8,promien_500m
2174,31-050,292.0,promien_500m
2174,31-532,318.7,promien_500m
2174,31-001,327.3,promien_500m
2174,31-529,335.7,promien_500m
2174,31-052,342.4,promien_500m
2174,31-042,343.9,promien_500m
2174,31-502,361.5,promien_500m
2174,31-530,372.8,promien_500m
2174,31-538,373.5,promien_500m
2174,31-006,376.9,promien_500m
2174,31-537,378.5,promien_500m
2174,31-501,382.3,promien_500m
2174,31-051,387.0,promien_500m
2174,31-004,393.2,promien_500m
2174,31-510,411.7,promien_500m
2174,31-024,412.7,promien_500m
2174,31-026,415.0,promien_500m
2174,31-023,426.8,promien_500m
2174,31-007,439.0,promien_500m
2174,31-008,445.7,promien_500m
2174,31-054,468.1,promien_500m
2174,31-013,482.8,promien_500m
2174,31-025,483.3,promien_500m
2174,31-020,484.2,promien_500m
2174,31-019,485.2,promien_500m
2174,31-003,486.9,promien_500m
2174,31-005,487.7,promien_500m
2174,31-058,491.0,promien_500m
2174,31-035,495.4,promien_500m
2176,31-038,0.0,promien_500m
2176,31-032,9.5,promien_500m
2176,31-073,40.3,promien_500m
2176,31-047,47.5,promien_500m
2176,31-957,62.5,promien_500m
2176,31-072,65.6,promien_500m
2176,31-039,82.3,promien_500m
2176,31-031,87.0,promien_500m
2176,31-048,138.0,promien_500m
2176,31-050,145.1,promien_500m
2176,31-046,154.1,promien_500m
2176,31-030,158.3,promien_500m
2176,31-049,161.7,promien_500m
2176,31-052,195.2,promien_500m
2176,31-029,216.4,promien_500m
2176,31-532,245.4,promien_500m
2176,31-051,251.4,promien_500m
2176,31-033,266.5,promien_500m
2176,31-538,273.2,promien_500m
2176,31-537,280.6,promien_500m
2176,31-041,298.1,promien_500m
2176,31-529,305.6,promien_500m
2176,31-002,319.4,promien_500m
2176,31-530,330.1,promien_500m
2176,31-034,337.4,promien_500m
2176,31-044,340.8,promien_500m
2176,31-035,347.8,promien_500m
2176,31-054,349.1,promien_500m
2176,31-043,354.0,promien_500m
2176,31-028,355.0,promien_500m
2176,31-502,370.6,promien_500m
2176,31-027,390.9,promien_500m
2176,31-058,412.8,promien_500m
2176,31-042,415.0,promien_500m
2176,31-001,418.1,promien_500m
2176,31-036,440.2,promien_500m
2176,31-055,440.7,promien_500m
2176,31-501,447.1,promien_500m
2176,31-026,464.4,promien_500m
2176,31-535,471.4,promien_500m
2176,31-534,474.7,promien_500m
2176,31-007,477.8,promien_500m
2176,31-003,490.1,promien_500m
2176,31-053,494.2,promien_500m
2176,31-057,494.8,promien_500m
2177,31-072,0.0,promien_500m
2177,31-029,5.3,promien_500m
2177,31-031,23.0,promien_500m
2177,31-532,27.1,promien_500m
2177,31-030,34.1,promien_500m
2177,31-529,42.8,promien_500m
2177,31-530,70.3,promien_500m
2177,31-073,72.6,promien_500m
2177,31-537,105.4,promien_500m
2177,31-502,138.4,promien_500m
2177,31-538,142.1,promien_500m
2177,31-034,167.8,promien_500m
2177,31-032,203.9,promien_500m
2177,31-038,212.5,promien_500m
2177,31-957,217.2,promien_500m
2177,31-534,242.9,promien_500m
2177,31-039,255.3,promien_500m
2177,31-531,256.8,promien_500m
2177,31-026,266.6,promien_500m
2177,31-501,269.0,promien_500m
2177,31-033,271.5,promien_500m
2177,31-047,306.4,promien_500m
2177,31-050,315.4,promien_500m
2177,31-052,339.6,promien_500m
2177,31-027,379.7,promien_500m
2177,31-046,385.9,promien_500m
2177,31-041,390.1,promien_500m
2177,31-028,392.4,promien_500m
2177,31-036,394.9,promien_500m
2177,31-049,398.7,promien_500m
2177,31-048,400.0,promien_500m
2177,31-051,405.5,promien_500m
2177,31-535,407.7,promien_500m
2177,31-035,421.0,promien_500m
2177,31-025,432.3,promien_500m
2177,31-024,460.6,promien_500m
2177,31-536,463.7,promien_500m
2177,31-503,476.3,promien_500m
2177,31-508,484.3,promien_500m
2178,31-046,0.0,promien_500m
2178,31-002,48.3,promien_500m
2178,31-047,64.3,promien_500m
2178,31-038,100.4,promien_500m
2178,31-044,113.1,promien_500m
2178,31-048,116.6,promien_500m
2178,31-043,130.0,promien_500m
2178,31-041,151.4,promien_500m
2178,31-042,159.2,promien_500m
2178,31-001,163.0,promien_500m
2178,31-032,175.7,promien_500m
2178,31-072,194.7,promien_500m
2178,31-049,208.1,promien_500m
2178,31-033,211.5,promien_500m
2178,31-957,218.3,promien_500m
2178,31-004,235.0,promien_500m
2178,31-006,242.2,promien_500m
2178,31-028,251.9,promien_500m
2178,31-007,265.5,promien_500m
2178,31-073,299.1,promien_500m
2178,31-030,317.5,promien_500m
2178,31-039,319.2,promien_500m
2178,31-029,321.2,promien_500m
2178,31-003,326.9,promien_500m
2178,31-510,330.2,promien_500m
2178,31-008,331.2,promien_500m
2178,31-027,344.4,promien_500m
2178,31-005,346.0,promien_500m
2178,31-031,359.5,promien_500m
2178,31-050,374.1,promien_500m
2178,31-101,390.8,promien_500m
2178,31-034,405.0,promien_500m
2178,31-051,423.3,promien_500m
2178,31-058,427.9,promien_500m
2178,31-052,432.4,promien_500m
2178,31-024,439.6,promien_500m
2178,31-013,441.4,promien_500m
2178,31-068,450.9,promien_500m
2178,31-017,456.4,promien_500m
2178,31-019,467.1,promien_500m
2178,31-054,470.3,promien_500m
2178,30-960,473.3,promien_500m
2178,31-020,485.5,promien_500m
2178,31-109,491.9,promien_500m
2178,31-023,496.7,promien_500m
2178,31-532,499.5,promien_500m
2179,31-047,0.0,promien_500m
2179,31-048,4.1,promien_500m
2179,31-046,14.2,promien_500m
2179,31-044,71.2,promien_500m
2179,31-002,83.7,promien_500m
2179,31-049,89.9,promien_500m
2179,31-038,129.7,promien_500m
2179,31-001,148.8,promien_500m
2179,31-042,161.4,promien_500m
2179,31-007,204.9,promien_500m
2179,31-043,233.0,promien_500m
2179,31-003,237.5,promien_500m
2179,31-032,243.5,promien_500m
2179,31-039,253.2,promien_500m
2179,31-957,257.0,promien_500m
2179,31-041,269.7,promien_500m
2179,31-072,287.0,promien_500m
2179,31-004,293.9,promien_500m
2179,31-058,309.9,promien_500m
2179,31-073,312.0,promien_500m
2179,31-050,318.6,promien_500m
2179,31-033,322.8,promien_500m
2179,31-006,327.0,promien_500m
2179,31-068,333.0,promien_500m
2179,31-051,343.8,promien_500m
2179,31-031,348.3,promien_500m
2179,30-960,363.0,promien_500m
2179,31-101,369.7,promien_500m
2179,31-028,370.1,promien_500m
2179,31-054,371.5,promien_500m
2179,31-052,379.2,promien_500m
2179,31-030,386.7,promien_500m
2179,30-058,397.4,promien_500m
2179,31-029,399.8,promien_500m
2179,31-005,420.3,promien_500m
2179,31-008,424.9,promien_500m
2179,31-069,429.0,promien_500m
2179,31-510,437.7,promien_500m
2179,31-027,455.9,promien_500m
2179,31-055,489.7,promien_500m
2182,31-047,0.0,promien_500m
2182,31-038,45.4,promien_500m
2182,31-048,46.7,promien_500m
2182,31-039,68.6,promien_500m
2182,31-049,69.8,promien_500m
2182,31-032,100.0,promien_500m
2182,31-050,111.5,promien_500m
2182,31-031,131.6,promien_500m
2182,31-073,134.0,promien_500m
2182,31-046,140.5,promien_500m
2182,31-957,144.6,promien_500m
2182,31-072,169.8,promien_500m
2182,31-052,169.9,promien_500m
2182,31-051,177.7,promien_500m
2182,31-054,257.6,promien_500m
2182,31-030,262.4,promien_500m
2182,31-044,285.9,promien_500m
2182,31-002,297.2,promien_500m
2182,31-058,308.6,promien_500m
2182,31-029,320.4,promien_500m
2182,31-035,325.2,promien_500m
2182,31-532,326.8,promien_500m
2182,31-033,343.4,promien_500m
2182,31-538,343.5,promien_500m
2182,31-001,348.2,promien_500m
2182,31-537,352.1,promien_500m
2182,31-041,353.2,promien_500m
2182,31-055,368.4,promien_500m
2182,31-043,373.8,promien_500m
2182,31-042,375.9,promien_500m
2182,31-529,401.7,promien_500m
2182,30-058,402.4,promien_500m
2182,31-003,406.4,promien_500m
2182,31-068,409.7,promien_500m
2182,31-007,412.7,promien_500m
2182,31-028,418.8,promien_500m
2182,31-056,423.8,promien_500m
2182,31-530,425.1,promien_500m
2182,31-057,434.9,promien_500m
2182,31-034,439.4,promien_500m
2182,31-053,442.8,promien_500m
2182,31-036,455.5,promien_500m
2182,31-027,468.0,promien_500m
2182,31-502,474.0,promien_500m
2182,30-960,478.5,promien_500m
2182,31-535,491.6,promien_500m
2182,31-004,492.1,promien_500m
2182,31-059,498.1,promien_500m
2183,31-047,0.0,promien_500m
2183,31-039,2.6,promien_500m
2183,31-050,28.2,promien_500m
2183,31-038,39.2,promien_500m
2183,31-049,58.5,promien_500m
2183,31-031,60.7,promien_500m
2183,31-032,85.3,promien_500m
2183,31-052,85.9,promien_500m
2183,31-073,114.1,promien_500m
2183,31-048,116.0,promien_500m
2183,31-051,119.8,promien_500m
2183,31-072,186.5,promien_500m
2183,31-957,191.2,promien_500m
2183,31-046,222.9,promien_500m
2183,31-054,225.0,promien_500m
2183,31-035,241.4,promien_500m
2183,31-030,270.3,promien_500m
2183,31-538,280.2,promien_500m
2183,31-532,280.4,promien_500m
2183,31-537,302.1,promien_500m
2183,31-055,308.9,promien_500m
2183,31-058,321.4,promien_500m
2183,31-029,332.8,promien_500m
2183,31-044,352.8,promien_500m
2183,31-057,365.7,promien_500m
2183,31-053,368.6,promien_500m
2183,31-036,372.2,promien_500m
2183,31-056,372.5,promien_500m
2183,31-529,378.6,promien_500m
2183,31-002,380.6,promien_500m
2183,31-033,397.1,promien_500m
2183,31-530,399.5,promien_500m
2183,30-058,408.1,promien_500m
2183,31-535,410.8,promien_500m
2183,31-041,420.3,promien_500m
2183,31-001,420.8,promien_500m
2183,31-068,439.2,promien_500m
2183,31-043,453.6,promien_500m
2183,31-034,457.8,promien_500m
2183,31-042,458.5,promien_500m
2183,31-536,460.8,promien_500m
2183,31-059,461.1,promien_500m
2183,31-003,467.9,promien_500m
2183,31-502,469.6,promien_500m
2183,31-028,482.8,promien_500m
2183,31-007,486.9,promien_500m
2184,31-049,0.0,promien_500m
2184,31-039,27.1,promien_500m
2184,31-047,42.1,promien_500m
2184,31-050,55.3,promien_500m
2184,31-048,70.9,promien_500m
2184,31-051,74.0,promien_500m
2184,31-038,123.7,promien_500m
2184,31-052,129.6,promien_500m
2184,31-054,141.7,promien_500m
2184,31-031,153.9,promien_500m
2184,31-032,167.5,promien_500m
2184,31-073,211.0,promien_500m
2184,31-058,222.7,promien_500m
2184,31-046,240.2,promien_500m
2184,31-957,258.9,promien_500m
2184,31-055,259.3,promien_500m
2184,31-035,267.8,promien_500m
2184,31-072,272.5,promien_500m
2184,31-044,287.0,promien_500m
2184,30-058,309.1,promien_500m
2184,31-056,309.7,promien_500m
2184,31-057,333.3,promien_500m
2184,31-068,340.8,promien_500m
2184,31-053,348.3,promien_500m
2184,31-002,353.5,promien_500m
2184,31-030,361.7,promien_500m
2184,31-001,365.6,promien_500m
2184,31-538,367.1,promien_500m
2184,31-532,376.6,promien_500m
2184,31-059,382.3,promien_500m
2184,31-003,393.5,promien_500m
2184,31-537,397.5,promien_500m
2184,31-036,398.2,promien_500m
2184,31-069,419.3,promien_500m
2184,31-071,421.9,promien_500m
2184,31-029,423.0,promien_500m
2184,30-960,427.0,promien_500m
2184,31-063,429.2,promien_500m
2184,31-042,430.4,promien_500m
2184,31-007,432.9,promien_500m
2184,31-062,433.7,promien_500m
2184,31-070,454.2,promien_500m
2184,31-033,459.4,promien_500m
2184,31-041,466.1,promien_500m
2184,31-535,468.8,promien_500m
2184,31-043,472.8,promien_500m
2184,31-529,477.5,promien_500m
2184,31-530,498.5,promien_500m
2185,31-049,0.0,promien_500m
2185,31-048,11.6,promien_500m
2185,31-047,53.0,promien_500m
2185,31-039,96.1,promien_500m
2185,31-050,149.4,promien_500m
2185,31-051,160.0,promien_500m
2185,31-038,172.0,promien_500m
2185,31-058,177.0,promien_500m
2185,31-054,181.0,promien_500m
2185,31-044,192.7,promien_500m
2185,31-046,202.8,promien_500m
2185,31-052,223.5,promien_500m
2185,31-031,231.5,promien_500m
2185,31-032,234.6,promien_500m
2185,31-073,265.5,promien_500m
2185,31-957,269.3,promien_500m
2185,31-002,271.7,promien_500m
2185,31-001,272.2,promien_500m
2185,30-058,272.4,promien_500m
2185,31-068,276.5,promien_500m
2185,31-003,301.1,promien_500m
2185,31-072,303.7,promien_500m
2185,31-055,304.9,promien_500m
2185,31-007,339.4,promien_500m
2185,31-042,346.3,promien_500m
2185,30-960,350.1,promien_500m
2185,31-056,357.2,promien_500m
2185,31-035,361.4,promien_500m
2185,31-069,369.9,promien_500m
2185,31-071,389.1,promien_500m
2185,31-057,396.2,promien_500m
2185,31-030,396.4,promien_500m
2185,31-059,399.6,promien_500m
2185,31-043,420.0,promien_500m
2185,31-053,426.5,promien_500m
2185,31-041,433.4,promien_500m
2185,31-062,434.5,promien_500m
2185,31-070,434.6,promien_500m
2185,31-033,447.0,promien_500m
2185,31-532,449.3,promien_500m
2185,31-538,450.7,promien_500m
2185,31-029,453.1,promien_500m
2185,31-063,459.4,promien_500m
2185,30-901,461.4,promien_500m
2185,31-537,471.7,promien_500m
2185,31-004,483.6,promien_500m
2185,31-036,487.4,promien_500m
2186,31-048,0.0,promien_500m
2186,31-049,48.8,promien_500m
2186,31-047,50.7,promien_500m
2186,31-044,51.7,promien_500m
2186,31-046,63.8,promien_500m
2186,31-002,109.6,promien_500m
2186,31-001,110.8,promien_500m
2186,31-007,176.1,promien_500m
2186,31-042,177.2,promien_500m
2186,31-038,181.6,promien_500m
2186,31-003,183.1,promien_500m
2186,31-039,236.8,promien_500m
2186,31-058,251.8,promien_500m
2186,31-068,270.9,promien_500m
2186,31-043,273.2,promien_500m
2186,31-032,297.4,promien_500m
2186,30-960,301.1,promien_500m
2186,31-957,305.9,promien_500m
2186,31-004,315.0,promien_500m
2186,31-050,317.2,promien_500m
2186,31-041,327.2,promien_500m
2186,31-051,332.3,promien_500m
2186,30-058,341.8,promien_500m
2186,31-054,342.6,promien_500m
2186,31-072,344.3,promien_500m
2186,31-073,350.7,promien_500m
2186,31-101,353.2,promien_500m
2186,31-006,365.9,promien_500m
2186,31-031,367.2,promien_500m
2186,31-069,368.9,promien_500m
2186,31-052,384.7,promien_500m
2186,31-033,385.3,promien_500m
2186,31-028,431.7,promien_500m
2186,31-030,440.9,promien_500m
2186,31-071,442.3,promien_500m
2186,31-005,451.1,promien_500m
2186,31-055,452.2,promien_500m
2186,31-029,458.0,promien_500m
2186,31-008,465.9,promien_500m
2186,30-901,482.3,promien_500m
2186,31-510,486.5,promien_500m
2188,31-072,0.0,promien_500m
2188,31-030,9.6,promien_500m
2188,31-073,25.6,promien_500m
2188,31-029,68.6,promien_500m
2188,31-031,70.9,promien_500m
2188,31-032,92.6,promien_500m
2188,31-957,96.9,promien_500m
2188,31-038,105.2,promien_500m
2188,31-532,135.5,promien_500m
2188,31-529,159.3,promien_500m
2188,31-039,191.4,promien_500m
2188,31-530,191.8,promien_500m
2188,31-034,193.0,promien_500m
2188,31-033,196.9,promien_500m
2188,31-047,204.8,promien_500m
2188,31-538,206.3,promien_500m
2188,31-537,209.0,promien_500m
2188,31-502,213.0,promien_500m
2188,31-050,254.6,promien_500m
2188,31-046,264.5,promien_500m
2188,31-041,287.5,promien_500m
2188,31-048,289.0,promien_500m
2188,31-052,293.5,promien_500m
2188,31-501,299.2,promien_500m
2188,31-028,310.3,promien_500m
2188,31-026,311.6,promien_500m
2188,31-049,312.4,promien_500m
2188,31-027,323.3,promien_500m
2188,31-534,360.7,promien_500m
2188,31-051,366.3,promien_500m
2188,31-531,378.5,promien_500m
2188,31-002,392.1,promien_500m
2188,31-043,396.9,promien_500m
2188,31-035,416.4,promien_500m
2188,31-024,429.6,promien_500m
2188,31-036,440.5,promien_500m
2188,31-025,441.8,promien_500m
2188,31-044,460.6,promien_500m
2188,31-535,466.0,promien_500m
2188,31-023,468.7,promien_500m
2188,31-054,491.3,promien_500m
2188,31-508,491.7,promien_500m
2189,31-109,0.0,promien_500m
2189,31-110,0.5,promien_500m
2189,31-107,23.8,promien_500m
2189,31-115,31.1,promien_500m
2189,31-108,48.4,promien_500m
2189,31-027,78.9,promien_500m
2189,31-117,89.8,promien_500m
2189,31-111,93.1,promien_500m
2189,31-112,116.6,promien_500m
2189,31-103,139.0,promien_500m
2189,31-104,146.3,promien_500m
2189,31-114,171.8,promien_500m
2189,31-120,199.3,promien_500m
2189,31-106,208.8,promien_500m
2189,31-121,213.6,promien_500m
2189,31-116,233.0,promien_500m
2189,30-059,251.3,promien_500m
2189,31-113,253.2,promien_500m
2189,30-101,262.6,promien_500m
2189,30-112,263.2,promien_500m
2189,30-062,277.3,promien_500m
2189,31-105,287.6,promien_500m
2189,31-102,293.0,promien_500m
2189,31-123,306.9,promien_500m
2189,31-118,321.3,promien_500m
2189,31-010,322.8,promien_500m
2189,31-007,328.0,promien_500m
2189,30-102,330.5,promien_500m
2189,31-101,360.6,promien_500m
2189,31-008,369.3,promien_500m
2189,31-124,372.7,promien_500m
2189,31-004,389.2,promien_500m
2189,30-063,392.6,promien_500m
2189,31-724,408.9,promien_500m
2189,30-060,414.9,promien_500m
2189,30-111,417.4,promien_500m
2189,31-009,441.2,promien_500m
2189,30-103,482.1,promien_500m
2189,31-128,488.2,promien_500m
2189,31-002,496.6,promien_500m
2190,31-058,0.0,promien_500m
2190,30-058,3.1,promien_500m
2190,31-068,7.6,promien_500m
2190,31-069,75.1,promien_500m
2190,31-048,93.9,promien_500m
2190,31-071,96.5,promien_500m
2190,31-039,104.4,promien_500m
2190,30-960,107.6,promien_500m
2190,31-049,125.5,promien_500m
2190,30-901,159.9,promien_500m
2190,31-044,163.4,promien_500m
2190,31-070,169.7,promien_500m
2190,31-054,171.2,promien_500m
2190,31-001,173.6,promien_500m
2190,31-055,182.2,promien_500m
2190,31-062,206.2,promien_500m
2190,31-003,229.4,promien_500m
2190,31-059,252.7,promien_500m
2190,31-064,269.5,promien_500m
2190,31-050,270.1,promien_500m
2190,31-063,283.4,promien_500m
2190,31-002,304.7,promien_500m
2190,31-056,305.9,promien_500m
2190,31-065,315.7,promien_500m
2190,31-051,347.3,promien_500m
2190,31-047,353.1,promien_500m
2190,31-057,371.5,promien_500m
2190,31-007,384.2,promien_500m
2190,31-046,409.5,promien_500m
2190,31-052,412.3,promien_500m
2190,31-101,437.9,promien_500m
2190,31-038,447.0,promien_500m
2190,31-020,465.1,promien_500m
2190,31-132,475.9,promien_500m
2190,31-053,480.2,promien_500m
2190,31-060,484.6,promien_500m
2190,31-042,488.4,promien_500m
2190,31-067,496.0,promien_500m
2191,31-068,0.0,promien_500m
2191,31-058,10.0,promien_500m
2191,30-058,11.7,promien_500m
2191,31-069,63.3,promien_500m
2191,31-071,89.9,promien_500m
2191,30-960,90.0,promien_500m
2191,31-048,98.0,promien_500m
2191,31-039,115.5,promien_500m
2191,31-049,140.6,promien_500m
2191,30-901,143.2,promien_500m
2191,31-044,158.4,promien_500m
2191,31-001,163.2,promien_500m
2191,31-070,168.4,promien_500m
2191,31-054,181.6,promien_500m
2191,31-055,195.1,promien_500m
2191,31-062,209.6,promien_500m
2191,31-003,222.4,promien_500m
2191,31-059,263.8,promien_500m
2191,31-064,265.5,promien_500m
2191,31-063,283.4,promien_500m
2191,31-050,289.2,promien_500m
2191,31-002,297.0,promien_500m
2191,31-065,310.5,promien_500m
2191,31-056,319.7,promien_500m
2191,31-051,366.4,promien_500m
2191,31-047,369.3,promien_500m
2191,31-007,383.6,promien_500m
2191,31-057,386.1,promien_500m
2191,31-046,418.0,promien_500m
2191,31-101,426.6,promien_500m
2191,31-052,429.4,promien_500m
2191,31-020,462.8,promien_500m
2191,31-038,466.0,promien_500m
2191,31-132,476.9,promien_500m
2191,30-301,485.9,promien_500m
2191,31-060,487.6,promien_500m
2191,31-067,490.0,promien_500m
2191,31-042,492.1,promien_500m
2191,31-053,496.9,promien_500m
2195,31-069,0.0,promien_500m
2195,30-901,6.7,promien_500m
2195,31-068,61.5,promien_500m
2195,31-070,76.8,promien_500m
2195,31-071,78.7,promien_500m
2195,30-960,84.1,promien_500m
2195,31-058,130.2,promien_500m
2195,30-058,132.6,promien_500m
2195,31-054,148.1,promien_500m
2195,31-039,154.2,promien_500m
2195,31-062,185.6,promien_500m
2195,31-065,197.1,promien_500m
2195,31-048,204.8,promien_500m
2195,31-064,207.0,promien_500m
2195,31-001,211.4,promien_500m
2195,31-044,218.2,promien_500m
2195,31-063,250.1,promien_500m
2195,31-055,250.6,promien_500m
2195,31-049,276.9,promien_500m
2195,31-003,281.8,promien_500m
2195,31-059,309.9,promien_500m
2195,31-002,343.1,promien_500m
2195,31-056,352.3,promien_500m
2195,30-301,382.5,promien_500m
2195,30-302,385.6,promien_500m
2195,31-020,399.1,promien_500m
2195,31-067,401.0,promien_500m
2195,31-050,413.9,promien_500m
2195,31-101,434.3,promien_500m
2195,31-132,436.4,promien_500m
2195,31-057,452.7,promien_500m
2195,31-109,455.9,promien_500m
2195,31-060,461.1,promien_500m
2195,31-155,463.0,promien_500m
2195,31-007,466.5,promien_500m
2195,30-307,472.5,promien_500m
2195,31-051,485.4,promien_500m
2197,31-069,0.0,promien_500m
2197,30-901,62.2,promien_500m
2197,30-960,91.3,promien_500m
2197,31-070,114.4,promien_500m
2197,31-068,154.9,promien_500m
2197,31-071,155.8,promien_500m
2197,31-054,158.3,promien_500m
2197,31-065,182.3,promien_500m
2197,31-001,194.8,promien_500m
2197,30-058,229.1,promien_500m
2197,31-058,230.8,promien_500m
2197,31-039,246.2,promien_500m
2197,31-044,250.1,promien_500m
2197,31-062,252.5,promien_500m
2197,31-048,256.4,promien_500m
2197,31-064,267.3,promien_500m
2197,30-301,283.5,promien_500m
2197,30-302,284.9,promien_500m
2197,31-003,306.3,promien_500m
2197,31-063,318.4,promien_500m
2197,31-055,336.9,promien_500m
2197,31-002,350.1,promien_500m
2197,31-049,351.2,promien_500m
2197,31-109,372.2,promien_500m
2197,30-307,374.3,promien_500m
2197,31-101,397.7,promien_500m
2197,31-059,400.1,promien_500m
2197,31-067,405.7,promien_500m
2197,31-056,426.0,promien_500m
2197,31-020,437.4,promien_500m
2197,31-066,471.3,promien_500m
2197,31-155,475.2,promien_500m
2197,30-304,485.1,promien_500m
2197,31-132,489.5,promien_500m
2197,31-007,493.0,promien_500m
2198,31-110,0.0,promien_500m
2198,31-114,7.2,promien_500m
2198,31-115,19.9,promien_500m
2198,31-109,89.6,promien_500m
2198,31-113,101.8,promien_500m
2198,31-116,116.5,promien_500m
2198,31-118,147.7,promien_500m
2198,31-108,159.5,promien_500m
2198,31-007,171.8,promien_500m
2198,31-107,185.7,promien_500m
2198,31-010,191.8,promien_500m
2198,31-117,199.2,promien_500m
2198,31-008,200.6,promien_500m
2198,31-124,202.5,promien_500m
2198,31-123,217.1,promien_500m
2198,31-027,225.7,promien_500m
2198,31-104,245.1,promien_500m
2198,31-103,252.9,promien_500m
2198,31-111,261.4,promien_500m
2198,31-009,268.0,promien_500m
2198,31-112,289.4,promien_500m
2198,31-121,298.4,promien_500m
2198,31-004,314.0,promien_500m
2198,31-102,317.3,promien_500m
2198,31-120,322.7,promien_500m
2198,31-128,323.8,promien_500m
2198,31-724,324.0,promien_500m
2198,31-133,339.9,promien_500m
2198,31-101,345.9,promien_500m
2198,31-106,370.0,promien_500m
2198,31-105,375.3,promien_500m
2198,30-059,386.2,promien_500m
2198,31-011,389.4,promien_500m
2198,31-002,399.0,promien_500m
2198,31-005,406.2,promien_500m
2198,30-062,408.0,promien_500m
2198,31-131,413.0,promien_500m
2198,31-042,429.0,promien_500m
2198,30-112,435.0,promien_500m
2198,30-101,436.2,promien_500m
2198,31-127,451.6,promien_500m
2198,31-126,482.1,promien_500m
2198,31-006,484.9,promien_500m
2200,31-069,0.0,promien_500m
2200,31-070,81.1,promien_500m
2200,31-071,113.4,promien_500m
2200,30-302,132.4,promien_500m
2200,30-301,135.6,promien_500m
2200,31-001,159.9,promien_500m
2200,30-901,215.6,promien_500m
2200,30-960,219.1,promien_500m
2200,30-307,225.1,promien_500m
2200,31-065,245.5,promien_500m
2200,31-054,248.3,promien_500m
2200,31-109,277.4,promien_500m
2200,31-068,307.5,promien_500m
2200,30-304,333.0,promien_500m
2200,31-044,359.6,promien_500m
2200,31-101,366.1,promien_500m
2200,31-048,368.3,promien_500m
2200,31-062,375.7,promien_500m
2200,30-308,375.9,promien_500m
2200,30-058,382.4,promien_500m
2200,31-003,383.6,promien_500m
2200,31-058,385.2,promien_500m
2200,31-064,388.2,promien_500m
2200,31-039,391.6,promien_500m
2200,31-002,408.2,promien_500m
2200,30-305,426.3,promien_500m
2200,31-063,428.7,promien_500m
2200,31-067,435.8,promien_500m
2200,31-066,454.9,promien_500m
2200,30-337,456.2,promien_500m
2200,31-055,476.6,promien_500m
2200,30-311,480.7,promien_500m
2200,31-049,483.9,promien_500m
2200,30-303,487.2,promien_500m
2201,31-069,0.0,promien_500m
2201,31-001,55.7,promien_500m
2201,30-301,127.4,promien_500m
2201,30-302,153.9,promien_500m
2201,30-960,188.2,promien_500m
2201,31-070,188.8,promien_500m
2201,31-109,199.4,promien_500m
2201,31-071,211.0,promien_500m
2201,30-901,231.6,promien_500m
2201,31-101,260.4,promien_500m
2201,31-068,273.7,promien_500m
2201,31-003,276.1,promien_500m
2201,30-307,292.6,promien_500m
2201,31-044,294.2,promien_500m
2201,31-048,304.0,promien_500m
2201,31-002,312.2,promien_500m
2201,31-054,314.7,promien_500m
2201,31-065,324.1,promien_500m
2201,30-304,336.5,promien_500m
2201,31-058,354.8,promien_500m
2201,30-058,370.0,promien_500m
2201,31-039,416.5,promien_500m
2201,30-308,422.2,promien_500m
2201,31-062,425.0,promien_500m
2201,31-049,431.5,promien_500m
2201,30-303,432.0,promien_500m
2201,31-064,439.4,promien_500m
2201,30-305,440.7,promien_500m
2201,31-007,479.6,promien_500m
2201,31-063,490.5,promien_500m
2203,31-069,0.0,promien_500m
2203,31-001,50.3,promien_500m
2203,30-960,102.8,promien_500m
2203,30-901,188.0,promien_500m
2203,31-068,190.0,promien_500m
2203,31-044,204.0,promien_500m
2203,30-301,206.9,promien_500m
2203,31-048,213.8,promien_500m
2203,31-003,223.9,promien_500m
2203,31-070,234.7,promien_500m
2203,31-002,238.6,promien_500m
2203,30-302,244.1,promien_500m
2203,31-109,250.9,promien_500m
2203,31-101,251.6,promien_500m
2203,31-058,268.0,promien_500m
2203,31-071,283.4,promien_500m
2203,30-058,292.3,promien_500m
2203,31-054,304.0,promien_500m
2203,31-065,324.6,promien_500m
2203,31-049,341.8,promien_500m
2203,31-039,363.0,promien_500m
2203,30-307,379.0,promien_500m
2203,31-062,389.7,promien_500m
2203,31-007,402.1,promien_500m
2203,31-064,407.0,promien_500m
2203,30-304,421.1,promien_500m
2203,31-063,455.1,promien_500m
2203,31-055,460.1,promien_500m
2203,31-102,488.7,promien_500m
2203,30-303,491.1,promien_500m
2205,31-069,0.0,promien_500m
2205,30-960,14.2,promien_500m
2205,31-001,51.8,promien_500m
2205,31-068,100.6,promien_500m
2205,31-044,116.7,promien_500m
2205,31-048,126.0,promien_500m
2205,31-003,158.6,promien_500m
2205,30-901,162.0,promien_500m
2205,31-058,179.9,promien_500m
2205,31-002,193.2,promien_500m
2205,30-058,214.2,promien_500m
2205,31-071,239.6,promien_500m
2205,31-070,248.8,promien_500m
2205,31-049,252.1,promien_500m
2205,31-101,262.8,promien_500m
2205,30-301,294.2,promien_500m
2205,31-054,302.8,promien_500m
2205,31-039,312.7,promien_500m
2205,31-109,327.1,promien_500m
2205,30-302,332.9,promien_500m
2205,31-065,335.6,promien_500m
2205,31-007,340.6,promien_500m
2205,31-062,354.8,promien_500m
2205,31-064,379.1,promien_500m
2205,31-055,393.5,promien_500m
2205,31-063,421.0,promien_500m
2205,31-046,449.1,promien_500m
2205,31-047,450.1,promien_500m
2205,31-059,455.4,promien_500m
2205,30-307,462.8,promien_500m
2205,31-042,469.0,promien_500m
2205,31-050,479.8,promien_500m
2205,31-102,495.7,promien_500m
2207,31-068,0.0,promien_500m
2207,30-960,5.3,promien_500m
2207,31-001,33.1,promien_500m
2207,31-048,36.0,promien_500m
2207,31-044,37.5,promien_500m
2207,31-069,71.0,promien_500m
2207,31-058,76.4,promien_500m
2207,31-003,101.6,promien_500m
2207,30-058,140.1,promien_500m
2207,31-049,146.1,promien_500m
2207,31-002,170.7,promien_500m
2207,30-901,188.1,promien_500m
2207,31-071,202.4,promien_500m
2207,31-039,215.8,promien_500m
2207,31-070,250.5,promien_500m
2207,31-007,284.7,promien_500m
2207,31-101,294.5,promien_500m
2207,31-054,313.6,promien_500m
2207,31-055,326.0,promien_500m
2207,31-062,333.0,promien_500m
2207,31-047,351.5,promien_500m
2207,31-046,366.5,promien_500m
2207,31-064,370.9,promien_500m
2207,31-065,375.9,promien_500m
2207,31-050,381.7,promien_500m
2207,31-059,395.8,promien_500m
2207,30-301,399.1,promien_500m
2207,31-063,400.9,promien_500m
2207,31-042,407.6,promien_500m
2207,31-109,424.6,promien_500m
2207,30-302,438.3,promien_500m
2207,31-056,449.4,promien_500m
2207,31-051,451.9,promien_500m
2207,31-038,486.5,promien_500m
2212,31-101,0.0,promien_500m
2212,31-003,64.8,promien_500m
2212,31-002,96.7,promien_500m
2212,31-102,101.2,promien_500m
2212,31-004,131.0,promien_500m
2212,31-001,194.4,promien_500m
2212,31-103,210.5,promien_500m
2212,31-109,220.3,promien_500m
2212,31-105,229.1,promien_500m
2212,31-007,242.1,promien_500m
2212,31-107,256.2,promien_500m
2212,31-044,281.0,promien_500m
2212,31-108,285.5,promien_500m
2212,31-042,302.4,promien_500m
2212,31-104,307.1,promien_500m
2212,31-005,336.2,promien_500m
2212,30-301,339.9,promien_500m
2212,31-106,375.8,promien_500m
2212,31-043,377.1,promien_500m
2212,31-006,379.9,promien_500m
2212,31-069,381.2,promien_500m
2212,31-048,383.0,promien_500m
2212,30-960,384.7,promien_500m
2212,31-111,395.5,promien_500m
2212,31-046,398.3,promien_500m
2212,31-010,409.2,promien_500m
2212,31-068,411.2,promien_500m
2212,31-110,427.9,promien_500m
2212,31-113,434.1,promien_500m
2212,31-008,434.2,promien_500m
2212,30-105,439.1,promien_500m
2212,30-101,448.5,promien_500m
2212,31-047,451.4,promien_500m
2212,31-049,453.9,promien_500m
2212,31-112,455.0,promien_500m
2212,30-303,458.8,promien_500m
2212,30-102,461.5,promien_500m
2212,31-114,480.9,promien_500m
2212,31-058,487.1,promien_500m
2216,31-101,0.0,promien_500m
2216,31-003,14.4,promien_500m
2216,31-001,52.0,promien_500m
2216,31-002,129.5,promien_500m
2216,31-102,201.3,promien_500m
2216,31-007,221.2,promien_500m
2216,31-069,238.8,promien_500m
2216,31-044,244.2,promien_500m
2216,30-960,250.4,promien_500m
2216,31-004,254.6,promien_500m
2216,30-301,269.0,promien_500m
2216,31-109,291.9,promien_500m
2216,31-068,292.0,promien_500m
2216,31-105,294.9,promien_500m
2216,31-048,297.7,promien_500m
2216,31-042,329.9,promien_500m
2216,31-103,352.6,promien_500m
2216,31-107,364.3,promien_500m
2216,31-058,376.8,promien_500m
2216,31-049,382.7,promien_500m
2216,31-046,391.5,promien_500m
2216,31-104,392.0,promien_500m
2216,31-106,413.1,promien_500m
2216,31-108,422.0,promien_500m
2216,30-105,425.6,promien_500m
2216,31-047,437.1,promien_500m
2216,31-111,438.9,promien_500m
2216,30-303,441.5,promien_500m
2216,31-043,445.7,promien_500m
2216,30-101,447.0,promien_500m
2216,31-005,449.3,promien_500m
2216,30-901,461.7,promien_500m
2216,30-058,463.5,promien_500m
2216,30-302,465.7,promien_500m
2216,31-006,471.0,promien_500m
2217,31-068,0.0,promien_500m
2217,31-058,9.3,promien_500m
2217,31-048,23.2,promien_500m
2217,30-960,68.2,promien_500m
2217,31-069,80.4,promien_500m
2217,31-044,80.8,promien_500m
2217,30-058,82.1,promien_500m
2217,31-001,95.0,promien_500m
2217,31-049,101.5,promien_500m
2217,31-039,146.2,promien_500m
2217,31-003,146.6,promien_500m
2217,31-071,164.9,promien_500m
2217,30-901,188.4,promien_500m
2217,31-002,222.0,promien_500m
2217,31-070,233.9,promien_500m
2217,31-054,253.4,promien_500m
2217,31-055,261.9,promien_500m
2217,31-062,287.6,promien_500m
2217,31-007,306.2,promien_500m
2217,31-050,310.8,promien_500m
2217,31-047,320.4,promien_500m
2217,31-059,334.2,promien_500m
2217,31-064,340.8,promien_500m
2217,31-046,356.6,promien_500m
2217,31-101,359.2,promien_500m
2217,31-063,361.4,promien_500m
2217,31-065,378.0,promien_500m
2217,31-056,383.0,promien_500m
2217,31-051,384.7,promien_500m
2217,31-042,418.9,promien_500m
2217,31-057,444.4,promien_500m
2217,31-038,451.9,promien_500m
2217,30-301,464.8,promien_500m
2217,31-052,469.9,promien_500m
2217,31-109,494.7,promien_500m
2217,30-302,495.4,promien_500m
2219,31-068,0.0,promien_500m
2219,31-070,1.1,promien_500m
2219,31-071,5.9,promien_500m
2219,31-062,15.1,promien_500m
2219,31-039,34.1,promien_500m
2219,31-054,35.9,promien_500m
2219,31-064,61.4,promien_500m
2219,31-058,79.1,promien_500m
2219,31-063,82.8,promien_500m
2219,31-055,90.6,promien_500m
2219,31-069,91.7,promien_500m
2219,31-065,110.2,promien_500m
2219,30-901,138.3,promien_500m
2219,31-059,153.8,promien_500m
2219,30-058,176.8,promien_500m
2219,31-056,181.8,promien_500m
2219,30-960,249.3,promien_500m
2219,31-020,255.8,promien_500m
2219,31-132,275.2,promien_500m
2219,31-067,290.5,promien_500m
2219,31-060,294.0,promien_500m
2219,31-048,298.1,promien_500m
2219,31-049,304.4,promien_500m
2219,31-057,316.7,promien_500m
2219,31-155,351.3,promien_500m
2219,31-050,351.4,promien_500m
2219,31-001,352.4,promien_500m
2219,31-044,355.3,promien_500m
2219,31-066,400.1,promien_500m
2219,31-052,405.3,promien_500m
2219,31-051,406.1,promien_500m
2219,31-061,414.4,promien_500m
2219,31-003,419.4,promien_500m
2219,31-053,438.1,promien_500m
2219,31-002,489.9,promien_500m
2222,31-106,0.0,promien_500m
2222,31-105,41.7,promien_500m
2222,30-102,42.5,promien_500m
2222,31-111,49.8,promien_500m
2222,31-107,50.0,promien_500m
2222,30-101,61.1,promien_500m
2222,31-108,63.4,promien_500m
2222,31-101,89.5,promien_500m
2222,31-103,99.8,promien_500m
2222,31-104,136.5,promien_500m
2222,30-105,149.1,promien_500m
2222,31-112,173.7,promien_500m
2222,31-102,210.1,promien_500m
2222,30-103,213.8,promien_500m
2222,30-112,224.7,promien_500m
2222,30-301,225.5,promien_500m
2222,30-303,231.6,promien_500m
2222,31-109,314.3,promien_500m
2222,30-108,327.0,promien_500m
2222,31-027,358.7,promien_500m
2222,31-110,363.4,promien_500m
2222,30-059,372.1,promien_500m
2222,30-302,378.5,promien_500m
2222,31-001,384.1,promien_500m
2222,31-115,384.7,promien_500m
2222,31-044,384.8,promien_500m
2222,30-319,406.1,promien_500m
2222,31-117,407.3,promien_500m
2222,31-003,413.6,promien_500m
2222,30-111,415.3,promien_500m
2222,30-106,422.3,promien_500m
2222,31-002,437.7,promien_500m
2222,31-120,441.1,promien_500m
2222,30-307,450.2,promien_500m
2222,31-156,463.1,promien_500m
2222,30-062,463.3,promien_500m
2222,30-063,471.0,promien_500m
2222,31-121,479.4,promien_500m
2222,30-110,489.6,promien_500m
2222,31-004,493.5,promien_500m
2222,30-107,496.4,promien_500m
2223,31-114,0.0,promien_500m
2223,31-113,25.1,promien_500m
2223,31-115,47.0,promien_500m
2223,31-110,58.8,promien_500m
2223,31-116,69.3,promien_500m
2223,31-118,80.1,promien_500m
2223,31-124,124.7,promien_500m
2223,31-007,141.3,promien_500m
2223,31-008,149.8,promien_500m
2223,31-123,150.6,promien_500m
2223,31-109,154.3,promien_500m
2223,31-010,184.7,promien_500m
2223,31-009,202.4,promien_500m
2223,31-117,205.0,promien_500m
2223,31-108,222.2,promien_500m
2223,31-128,244.8,promien_500m
2223,31-133,263.2,promien_500m
2223,31-107,263.5,promien_500m
2223,31-724,280.2,promien_500m
2223,31-027,289.6,promien_500m
2223,31-121,298.9,promien_500m
2223,31-011,318.6,promien_500m
2223,31-104,322.5,promien_500m
2223,31-103,331.1,promien_500m
2223,31-111,331.3,promien_500m
2223,31-131,334.1,promien_500m
2223,31-004,338.1,promien_500m
2223,31-112,364.8,promien_500m
2223,31-102,370.6,promien_500m
2223,31-120,370.6,promien_500m
2223,31-127,386.2,promien_500m
2223,31-101,390.7,promien_500m
2223,31-005,391.3,promien_500m
2223,31-042,399.8,promien_500m
2223,31-002,405.0,promien_500m
2223,31-126,423.7,promien_500m
2223,30-059,438.2,promien_500m
2223,31-105,448.1,promien_500m
2223,31-106,448.5,promien_500m
2223,30-062,457.4,promien_500m
2223,31-014,464.2,promien_500m
2223,30-048,474.3,promien_500m
2223,31-013,477.5,promien_500m
2223,31-006,481.0,promien_500m
2223,31-012,486.2,promien_500m
2223,30-112,497.9,promien_500m
2224,31-118,0.0,promien_500m
2224,31-116,10.1,promien_500m
2224,31-113,32.8,promien_500m
2224,31-124,42.0,promien_500m
2224,31-008,52.2,promien_500m
2224,31-114,66.5,promien_500m
2224,31-007,68.9,promien_500m
2224,31-009,84.4,promien_500m
2224,31-123,87.2,promien_500m
2224,31-128,148.8,promien_500m
2224,31-010,151.8,promien_500m
2224,31-133,156.5,promien_500m
2224,31-115,163.7,promien_500m
2224,31-110,166.5,promien_500m
2224,31-109,201.2,promien_500m
2224,31-011,201.3,promien_500m
2224,31-131,252.8,promien_500m
2224,31-108,275.5,promien_500m
2224,31-117,302.9,promien_500m
2224,31-724,308.6,promien_500m
2224,31-042,314.1,promien_500m
2224,31-107,318.1,promien_500m
2224,31-005,325.5,promien_500m
2224,31-004,334.9,promien_500m
2224,31-121,341.8,promien_500m
2224,31-014,347.8,promien_500m
2224,31-012,367.8,promien_500m
2224,31-002,368.6,promien_500m
2224,31-103,369.1,promien_500m
2224,31-127,369.7,promien_500m
2224,31-013,371.5,promien_500m
2224,31-018,405.5,promien_500m
2224,31-027,408.1,promien_500m
2224,31-102,410.5,promien_500m
2224,31-104,410.5,promien_500m
2224,31-101,414.8,promien_500m
2224,31-017,422.3,promien_500m
2224,31-126,423.3,promien_500m
2224,31-006,425.1,promien_500m
2224,31-510,426.6,promien_500m
2224,31-140,427.5,promien_500m
2224,30-014,428.2,promien_500m
2224,31-016,428.5,promien_500m
2224,31-135,431.0,promien_500m
2224,31-111,448.0,promien_500m
2224,31-015,473.2,promien_500m
2224,31-144,473.3,promien_500m
2224,31-112,477.6,promien_500m
2224,31-120,478.0,promien_500m
2224,31-134,479.0,promien_500m
2224,30-048,479.1,promien_500m
2224,31-045,491.9,promien_500m
2226,31-114,0.0,promien_500m
2226,31-113,7.4,promien_500m
2226,31-007,35.2,promien_500m
2226,31-110,46.6,promien_500m
2226,31-010,58.2,promien_500m
2226,31-109,75.7,promien_500m
2226,31-008,89.2,promien_500m
2226,31-118,92.4,promien_500m
2226,31-116,127.1,promien_500m
2226,31-115,148.5,promien_500m
2226,31-108,150.0,promien_500m
2226,31-124,168.8,promien_500m
2226,31-009,174.9,promien_500m
2226,31-107,190.9,promien_500m
2226,31-123,214.5,promien_500m
2226,31-004,219.1,promien_500m
2226,31-103,241.8,promien_500m
2226,31-133,266.1,promien_500m
2226,31-005,269.9,promien_500m
2226,31-128,271.5,promien_500m
2226,31-002,278.4,promien_500m
2226,31-102,283.1,promien_500m
2226,31-101,289.6,promien_500m
2226,31-042,290.0,promien_500m
2226,31-011,294.3,promien_500m
2226,31-104,296.1,promien_500m
2226,31-117,325.6,promien_500m
2226,31-006,355.5,promien_500m
2226,31-027,357.2,promien_500m
2226,31-131,378.6,promien_500m
2226,31-013,385.6,promien_500m
2226,31-111,385.6,promien_500m
2226,31-112,387.0,promien_500m
2226,31-014,390.6,promien_500m
2226,31-510,395.2,promien_500m
2226,31-724,399.4,promien_500m
2226,31-105,399.8,promien_500m
2226,31-018,409.1,promien_500m
2226,31-121,422.0,promien_500m
2226,31-017,424.2,promien_500m
2226,31-012,448.3,promien_500m
2226,31-106,460.2,promien_500m
2226,31-120,461.0,promien_500m
2226,31-043,462.0,promien_500m
2226,31-044,466.3,promien_500m
2226,31-016,471.5,promien_500m
2226,31-041,471.9,promien_500m
2226,31-001,479.8,promien_500m
2226,31-127,484.9,promien_500m
2226,30-014,486.0,promien_500m
2230,31-131,0.0,promien_500m
2230,31-128,4.0,promien_500m
2230,31-135,39.5,promien_500m
2230,31-126,48.7,promien_500m
2230,31-127,71.1,promien_500m
2230,31-124,102.9,promien_500m
2230,31-130,113.7,promien_500m
2230,31-136,149.5,promien_500m
2230,31-123,167.1,promien_500m
2230,30-048,181.6,promien_500m
2230,31-045,191.1,promien_500m
2230,31-140,225.2,promien_500m
2230,31-137,249.9,promien_500m
2230,31-133,250.5,promien_500m
2230,31-120,271.1,promien_500m
2230,31-121,284.0,promien_500m
2230,31-724,291.3,promien_500m
2230,31-139,309.1,promien_500m
2230,31-144,312.1,promien_500m
2230,31-116,324.6,promien_500m
2230,31-138,324.9,promien_500m
2230,31-159,343.9,promien_500m
2230,31-118,362.9,promien_500m
2230,31-115,366.1,promien_500m
2230,31-134,369.8,promien_500m
2230,30-139,387.6,promien_500m
2230,30-033,404.0,promien_500m
2230,30-047,405.0,promien_500m
2230,31-011,408.6,promien_500m
2230,31-009,410.2,promien_500m
2230,31-143,410.5,promien_500m
2230,30-037,411.1,promien_500m
2230,30-038,412.2,promien_500m
2230,31-012,430.4,promien_500m
2230,31-114,432.9,promien_500m
2230,30-059,438.3,promien_500m
2230,31-142,450.5,promien_500m
2230,31-161,457.7,promien_500m
2230,31-113,459.9,promien_500m
2230,31-015,461.5,promien_500m
2230,31-008,474.0,promien_500m
2230,31-117,484.6,promien_500m
2230,31-162,490.8,promien_500m
2231,31-131,0.0,promien_500m
2231,31-126,2.3,promien_500m
2231,31-128,2.4,promien_500m
2231,31-135,19.0,promien_500m
2231,31-130,68.9,promien_500m
2231,31-127,88.6,promien_500m
2231,31-136,144.5,promien_500m
2231,31-124,144.6,promien_500m
2231,30-048,172.7,promien_500m
2231,31-137,194.1,promien_500m
2231,31-123,198.9,promien_500m
2231,31-120,213.9,promien_500m
2231,31-045,214.2,promien_500m
2231,31-140,236.6,promien_500m
2231,31-138,275.8,promien_500m
2231,31-121,281.2,promien_500m
2231,31-159,286.0,promien_500m
2231,31-133,310.9,promien_500m
2231,31-724,318.6,promien_500m
2231,31-139,336.5,promien_500m
2231,30-033,343.2,promien_500m
2231,30-037,352.0,promien_500m
2231,30-047,353.4,promien_500m
2231,31-144,355.2,promien_500m
2231,30-038,357.4,promien_500m
2231,31-116,374.1,promien_500m
2231,30-139,384.0,promien_500m
2231,31-115,390.0,promien_500m
2231,31-134,414.5,promien_500m
2231,30-059,421.5,promien_500m
2231,31-118,422.2,promien_500m
2231,30-046,440.2,promien_500m
2231,31-161,446.0,promien_500m
2231,31-143,448.8,promien_500m
2231,31-162,463.5,promien_500m
2231,31-011,469.4,promien_500m
2231,31-142,469.5,promien_500m
2231,31-009,470.6,promien_500m
2231,30-045,476.6,promien_500m
2231,30-039,477.2,promien_500m
2231,31-114,480.8,promien_500m
2231,31-012,487.5,promien_500m
2231,30-049,494.6,promien_500m
2232,31-123,0.0,promien_500m
2232,31-115,22.8,promien_500m
2232,31-724,28.6,promien_500m
2232,31-121,49.7,promien_500m
2232,31-116,58.1,promien_500m
2232,31-124,61.9,promien_500m
2232,31-117,131.5,promien_500m
2232,31-114,177.4,promien_500m
2232,31-127,183.5,promien_500m
2232,31-126,191.1,promien_500m
2232,31-120,216.3,promien_500m
2232,31-113,226.8,promien_500m
2232,30-048,236.1,promien_500m
2232,31-128,236.8,promien_500m
2232,31-118,258.2,promien_500m
2232,31-131,262.7,promien_500m
2232,31-110,267.6,promien_500m
2232,31-133,299.2,promien_500m
2232,30-059,302.8,promien_500m
2232,31-008,342.9,promien_500m
2232,31-009,347.3,promien_500m
2232,31-007,359.3,promien_500m
2232,31-027,365.8,promien_500m
2232,31-109,370.7,promien_500m
2232,31-135,393.0,promien_500m
2232,31-111,394.4,promien_500m
2232,31-108,409.1,promien_500m
2232,31-011,410.7,promien_500m
2232,31-107,411.9,promien_500m
2232,30-062,413.7,promien_500m
2232,30-047,420.3,promien_500m
2232,31-010,429.3,promien_500m
2232,30-060,439.7,promien_500m
2232,31-130,452.2,promien_500m
2232,30-063,467.0,promien_500m
2232,31-112,485.7,promien_500m
2232,31-045,494.9,promien_500m
2233,31-138,0.0,promien_500m
2233,31-137,25.9,promien_500m
2233,31-159,42.3,promien_500m
2233,30-038,73.0,promien_500m
2233,31-136,81.1,promien_500m
2233,31-128,83.5,promien_500m
2233,31-130,97.8,promien_500m
2233,30-037,117.7,promien_500m
2233,30-033,130.2,promien_500m
2233,31-140,144.6,promien_500m
2233,31-120,145.5,promien_500m
2233,31-127,182.7,promien_500m
2233,31-139,195.9,promien_500m
2233,30-007,201.3,promien_500m
2233,31-126,223.2,promien_500m
2233,30-039,238.3,promien_500m
2233,31-045,239.4,promien_500m
2233,31-135,240.1,promien_500m
2233,30-034,242.7,promien_500m
2233,31-162,250.0,promien_500m
2233,30-035,253.3,promien_500m
2233,30-045,272.2,promien_500m
2233,30-047,274.5,promien_500m
2233,31-131,285.9,promien_500m
2233,31-161,302.8,promien_500m
2233,30-139,310.0,promien_500m
2233,30-074,310.2,promien_500m
2233,30-046,319.1,promien_500m
2233,31-158,326.7,promien_500m
2233,30-078,330.7,promien_500m
2233,30-015,337.6,promien_500m
2233,30-036,356.2,promien_500m
2233,30-529,361.3,promien_500m
2233,31-142,368.4,promien_500m
2233,30-048,370.9,promien_500m
2233,30-040,371.7,promien_500m
2233,31-261,375.8,promien_500m
2233,30-018,397.6,promien_500m
2233,30-019,399.0,promien_500m
2233,30-043,409.0,promien_500m
2233,31-124,448.9,promien_500m
2233,31-160,457.0,promien_500m
2233,31-144,457.8,promien_500m
2233,31-141,461.5,promien_500m
2233,30-003,474.5,promien_500m
2233,31-145,476.9,promien_500m
225,31-008,0.0,promien_500m
225,31-118,23.6,promien_500m
225,31-116,24.5,promien_500m
225,31-009,30.8,promien_500m
225,31-113,53.1,promien_500m
225,31-007,58.9,promien_500m
225,31-010,85.0,promien_500m
225,31-124,100.4,promien_500m
225,31-123,116.9,promien_500m
225,31-114,120.9,promien_500m
225,31-133,121.3,promien_500m
225,31-128,144.5,promien_500m
225,31-011,146.7,promien_500m
225,31-109,195.0,promien_500m
225,31-110,195.4,promien_500m
225,31-042,238.9,promien_500m
225,31-131,239.7,promien_500m
225,31-115,240.8,promien_500m
225,31-005,261.8,promien_500m
225,31-014,270.7,promien_500m
225,31-013,289.4,promien_500m
225,31-108,294.3,promien_500m
225,31-012,303.2,promien_500m
225,31-004,307.9,promien_500m
225,31-107,319.3,promien_500m
225,31-002,322.5,promien_500m
225,31-018,323.8,promien_500m
225,31-017,340.6,promien_500m
225,31-016,349.4,promien_500m
225,31-510,350.8,promien_500m
225,30-014,354.0,promien_500m
225,31-006,360.9,promien_500m
225,31-103,372.4,promien_500m
225,31-724,378.4,promien_500m
225,31-117,384.9,promien_500m
225,31-140,395.4,promien_500m
225,31-101,398.8,promien_500m
225,31-121,412.2,promien_500m
225,31-045,412.3,promien_500m
225,31-102,414.9,promien_500m
225,31-127,418.5,promien_500m
225,31-015,420.8,promien_500m
225,31-021,426.6,promien_500m
225,31-022,428.5,promien_500m
225,31-041,429.0,promien_500m
225,31-135,431.7,promien_500m
225,31-134,431.9,promien_500m
225,31-144,439.5,promien_500m
225,31-104,444.9,promien_500m
225,31-043,448.1,promien_500m
225,31-019,452.8,promien_500m
225,31-027,478.5,promien_500m
225,31-126,478.5,promien_500m
225,31-020,486.1,promien_500m
225,31-139,486.5,promien_500m
225,31-044,495.1,promien_500m
2271,31-033,0.0,promien_500m
2271,31-072,29.8,promien_500m
2271,31-028,41.1,promien_500m
2271,31-041,41.6,promien_500m
2271,31-038,52.1,promien_500m
2271,31-046,63.5,promien_500m
2271,31-029,87.2,promien_500m
2271,31-032,87.2,promien_500m
2271,31-027,89.5,promien_500m
2271,31-030,145.0,promien_500m
2271,31-034,145.6,promien_500m
2271,31-043,179.8,promien_500m
2271,31-002,190.8,promien_500m
2271,31-957,216.6,promien_500m
2271,31-042,228.4,promien_500m
2271,31-024,254.6,promien_500m
2271,31-023,257.0,promien_500m
2271,31-047,279.5,promien_500m
2271,31-073,282.2,promien_500m
2271,31-501,298.5,promien_500m
2271,31-510,303.1,promien_500m
2271,31-026,310.3,promien_500m
2271,31-006,313.8,promien_500m
2271,31-020,317.5,promien_500m
2271,31-007,320.4,promien_500m
2271,31-019,322.7,promien_500m
2271,31-044,324.0,promien_500m
2271,31-001,326.8,promien_500m
2271,31-013,338.1,promien_500m
2271,31-502,338.5,promien_500m
2271,31-031,344.1,promien_500m
2271,31-048,352.5,promien_500m
2271,31-025,353.9,promien_500m
2271,31-529,358.9,promien_500m
2271,31-004,359.4,promien_500m
2271,31-008,364.0,promien_500m
2271,31-021,364.9,promien_500m
2271,31-017,365.5,promien_500m
2271,31-022,381.2,promien_500m
2271,31-045,381.7,promien_500m
2271,31-508,384.3,promien_500m
2271,31-532,391.5,promien_500m
2271,31-039,396.0,promien_500m
2271,31-530,403.8,promien_500m
2271,31-018,405.0,promien_500m
2271,31-005,421.5,promien_500m
2271,31-049,435.9,promien_500m
2271,31-109,448.7,promien_500m
2271,31-016,458.3,promien_500m
2271,31-050,458.8,promien_500m
2271,31-537,465.6,promien_500m
2271,31-010,474.6,promien_500m
2271,31-538,481.2,promien_500m
2271,31-014,495.5,promien_500m
2271,31-011,495.8,promien_500m
2272,31-073,0.0,promien_500m
2272,31-032,4.0,promien_500m
2272,31-038,17.5,promien_500m
2272,31-031,30.8,promien_500m
2272,31-039,60.1,promien_500m
2272,31-072,68.8,promien_500m
2272,31-047,88.6,promien_500m
2272,31-957,104.5,promien_500m
2272,31-050,119.4,promien_500m
2272,31-030,143.4,promien_500m
2272,31-052,164.6,promien_500m
2272,31-049,176.9,promien_500m
2272,31-048,184.7,promien_500m
2272,31-532,191.5,promien_500m
2272,31-029,206.1,promien_500m
2272,31-046,213.4,promien_500m
2272,31-538,215.5,promien_500m
2272,31-537,223.2,promien_500m
2272,31-051,234.1,promien_500m
2272,31-529,263.9,promien_500m
2272,31-530,287.0,promien_500m
2272,31-033,297.9,promien_500m
2272,31-035,307.3,promien_500m
2272,31-034,331.2,promien_500m
2272,31-041,341.0,promien_500m
2272,31-502,344.5,promien_500m
2272,31-054,352.3,promien_500m
2272,31-002,377.7,promien_500m
2272,31-036,384.3,promien_500m
2272,31-028,389.8,promien_500m
2272,31-044,398.5,promien_500m
2272,31-043,408.7,promien_500m
2272,31-535,414.9,promien_500m
2272,31-027,419.6,promien_500m
2272,31-534,421.3,promien_500m
2272,31-055,425.3,promien_500m
2272,31-058,438.2,promien_500m
2272,31-501,438.2,promien_500m
2272,31-026,450.4,promien_500m
2272,31-531,459.9,promien_500m
2272,31-053,464.5,promien_500m
2272,31-536,468.7,promien_500m
2272,31-057,470.2,promien_500m
2272,31-001,472.5,promien_500m
2272,31-042,474.2,promien_500m
2272,31-056,493.4,promien_500m
2273,31-073,0.0,promien_500m
2273,31-031,23.0,promien_500m
2273,31-032,36.6,promien_500m
2273,31-072,42.6,promien_500m
2273,31-038,42.9,promien_500m
2273,31-039,79.8,promien_500m
2273,31-957,101.5,promien_500m
2273,31-030,117.4,promien_500m
2273,31-047,119.4,promien_500m
2273,31-050,142.8,promien_500m
2273,31-532,162.2,promien_500m
2273,31-029,180.2,promien_500m
2273,31-052,183.4,promien_500m
2273,31-538,190.4,promien_500m
2273,31-537,197.6,promien_500m
2273,31-049,209.1,promien_500m
2273,31-048,217.1,promien_500m
2273,31-529,231.2,promien_500m
2273,31-046,236.0,promien_500m
2273,31-530,254.4,promien_500m
2273,31-051,255.7,promien_500m
2273,31-033,287.0,promien_500m
2273,31-034,304.8,promien_500m
2273,31-502,313.0,promien_500m
2273,31-035,317.0,promien_500m
2273,31-041,340.2,promien_500m
2273,31-036,377.0,promien_500m
2273,31-054,381.3,promien_500m
2273,31-028,383.3,promien_500m
2273,31-534,391.9,promien_500m
2273,31-002,393.2,promien_500m
2273,31-535,406.5,promien_500m
2273,31-027,409.0,promien_500m
2273,31-501,410.6,promien_500m
2273,31-043,418.5,promien_500m
2273,31-026,421.3,promien_500m
2273,31-044,424.1,promien_500m
2273,31-531,428.6,promien_500m
2273,31-055,447.4,promien_500m
2273,31-536,460.6,promien_500m
2273,31-058,470.7,promien_500m
2273,31-053,477.8,promien_500m
2273,31-057,488.5,promien_500m
2273,31-042,496.9,promien_500m
2285,31-135,0.0,promien_500m
2285,31-136,48.7,promien_500m
2285,31-130,49.5,promien_500m
2285,31-131,60.6,promien_500m
2285,31-045,95.5,promien_500m
2285,31-128,105.2,promien_500m
2285,31-140,120.4,promien_500m
2285,31-126,121.3,promien_500m
2285,31-137,170.0,promien_500m
2285,31-127,176.9,promien_500m
2285,31-124,199.4,promien_500m
2285,31-139,219.6,promien_500m
2285,31-144,239.8,promien_500m
2285,31-133,259.0,promien_500m
2285,31-123,269.8,promien_500m
2285,31-138,274.7,promien_500m
2285,30-139,281.7,promien_500m
2285,30-048,283.0,promien_500m
2285,31-134,308.7,promien_500m
2285,31-120,311.2,promien_500m
2285,31-159,318.2,promien_500m
2285,31-143,335.3,promien_500m
2285,31-142,351.4,promien_500m
2285,31-161,354.0,promien_500m
2285,30-038,374.4,promien_500m
2285,31-121,388.4,promien_500m
2285,30-033,391.7,promien_500m
2285,30-037,393.2,promien_500m
2285,31-724,393.9,promien_500m
2285,31-162,398.0,promien_500m
2285,31-116,404.1,promien_500m
2285,31-012,407.2,promien_500m
2285,31-118,408.5,promien_500m
2285,31-011,409.5,promien_500m
2285,31-015,417.3,promien_500m
2285,31-009,444.5,promien_500m
2285,31-141,451.0,promien_500m
2285,30-047,451.8,promien_500m
2285,31-115,469.5,promien_500m
2285,31-158,475.8,promien_500m
2285,30-007,485.2,promien_500m
2285,31-014,497.9,promien_500m
2289,31-104,0.0,promien_500m
2289,31-103,2.9,promien_500m
2289,31-108,21.7,promien_500m
2289,31-107,23.5,promien_500m
2289,31-109,68.6,promien_500m
2289,31-112,81.3,promien_500m
2289,31-105,124.2,promien_500m
2289,31-111,133.7,promien_500m
2289,31-102,134.3,promien_500m
2289,31-106,135.8,promien_500m
2289,31-110,154.3,promien_500m
2289,31-115,196.6,promien_500m
2289,31-027,219.3,promien_500m
2289,31-101,230.1,promien_500m
2289,31-117,239.0,promien_500m
2289,31-114,249.7,promien_500m
2289,30-101,257.7,promien_500m
2289,30-112,268.4,promien_500m
2289,31-113,288.2,promien_500m
2289,30-102,288.8,promien_500m
2289,31-007,313.8,promien_500m
2289,31-004,320.4,promien_500m
2289,31-010,322.8,promien_500m
2289,31-120,328.7,promien_500m
2289,30-059,341.8,promien_500m
2289,31-121,355.6,promien_500m
2289,31-116,379.4,promien_500m
2289,31-002,392.3,promien_500m
2289,30-062,394.2,promien_500m
2289,31-118,405.8,promien_500m
2289,30-105,406.1,promien_500m
2289,31-008,424.9,promien_500m
2289,30-103,430.1,promien_500m
2289,30-301,436.7,promien_500m
2289,31-003,449.0,promien_500m
2289,31-005,453.1,promien_500m
2289,30-303,458.8,promien_500m
2289,30-111,470.1,promien_500m
2289,31-124,470.5,promien_500m
2289,31-123,471.8,promien_500m
2289,30-063,485.2,promien_500m
2292,31-115,0.0,promien_500m
2292,31-123,10.6,promien_500m
2292,31-724,44.0,promien_500m
2292,31-121,49.0,promien_500m
2292,31-116,66.0,promien_500m
2292,31-124,82.3,promien_500m
2292,31-117,96.4,promien_500m
2292,31-114,187.4,promien_500m
2292,31-120,193.1,promien_500m
2292,31-126,201.9,promien_500m
2292,31-127,213.9,promien_500m
2292,31-113,239.3,promien_500m
2292,30-048,253.8,promien_500m
2292,31-110,266.5,promien_500m
2292,31-128,276.7,promien_500m
2292,30-059,278.9,promien_500m
2292,31-118,279.9,promien_500m
2292,31-131,302.8,promien_500m
2292,31-027,336.6,promien_500m
2292,31-133,340.7,promien_500m
2292,31-109,348.4,promien_500m
2292,31-111,357.9,promien_500m
2292,31-008,367.5,promien_500m
2292,30-062,372.0,promien_500m
2292,31-009,378.2,promien_500m
2292,31-007,379.9,promien_500m
2292,31-108,384.1,promien_500m
2292,31-107,390.0,promien_500m
2292,30-060,399.4,promien_500m
2292,30-047,410.1,promien_500m
2292,30-063,425.0,promien_500m
2292,31-135,427.4,promien_500m
2292,31-010,442.3,promien_500m
2292,31-011,446.7,promien_500m
2292,31-112,459.4,promien_500m
2292,31-130,483.6,promien_500m
2292,30-112,491.6,promien_500m
2292,30-054,497.7,promien_500m
2293,31-115,0.0,promien_500m
2293,31-117,2.6,promien_500m
2293,31-116,35.4,promien_500m
2293,31-123,87.5,promien_500m
2293,31-114,137.5,promien_500m
2293,31-121,141.2,promien_500m
2293,31-110,170.6,promien_500m
2293,31-120,175.7,promien_500m
2293,31-724,181.4,promien_500m
2293,31-027,200.6,promien_500m
2293,31-113,200.7,promien_500m
2293,31-109,211.4,promien_500m
2293,31-124,219.5,promien_500m
2293,31-111,238.4,promien_500m
2293,31-108,246.5,promien_500m
2293,31-107,252.6,promien_500m
2293,31-118,265.2,promien_500m
2293,30-059,267.1,promien_500m
2293,30-062,293.6,promien_500m
2293,31-112,321.9,promien_500m
2293,31-126,334.1,promien_500m
2293,31-128,341.5,promien_500m
2293,31-007,343.9,promien_500m
2293,31-008,347.8,promien_500m
2293,31-127,348.5,promien_500m
2293,30-063,355.9,promien_500m
2293,30-060,366.2,promien_500m
2293,31-103,367.9,promien_500m
2293,31-104,371.0,promien_500m
2293,30-112,372.2,promien_500m
2293,31-010,381.3,promien_500m
2293,31-009,382.6,promien_500m
2293,30-048,391.0,promien_500m
2293,31-133,401.4,promien_500m
2293,31-131,418.8,promien_500m
2293,31-106,428.3,promien_500m
2293,30-101,432.2,promien_500m
2293,30-111,472.6,promien_500m
2293,31-011,478.9,promien_500m
2293,30-102,497.2,promien_500m
2294,31-046,0.0,promien_500m
2294,31-047,18.7,promien_500m
2294,31-048,32.9,promien_500m
2294,31-002,64.7,promien_500m
2294,31-044,67.2,promien_500m
2294,31-038,123.3,promien_500m
2294,31-049,126.5,promien_500m
2294,31-042,143.7,promien_500m
2294,31-001,154.3,promien_500m
2294,31-043,200.4,promien_500m
2294,31-007,211.2,promien_500m
2294,31-032,228.8,promien_500m
2294,31-041,233.2,promien_500m
2294,31-957,246.7,promien_500m
2294,31-003,258.8,promien_500m
2294,31-072,264.4,promien_500m
2294,31-004,266.3,promien_500m
2294,31-039,275.6,promien_500m
2294,31-033,291.3,promien_500m
2294,31-006,294.3,promien_500m
2294,31-073,312.1,promien_500m
2294,31-028,335.9,promien_500m
2294,31-050,341.4,promien_500m
2294,31-058,346.4,promien_500m
2294,31-031,356.4,promien_500m
2294,31-101,364.7,promien_500m
2294,31-068,366.8,promien_500m
2294,31-030,370.3,promien_500m
2294,31-051,371.1,promien_500m
2294,31-029,379.4,promien_500m
2294,31-005,390.1,promien_500m
2294,31-008,391.0,promien_500m
2294,30-960,392.4,promien_500m
2294,31-052,399.0,promien_500m
2294,31-510,401.8,promien_500m
2294,31-054,404.3,promien_500m
2294,31-027,424.7,promien_500m
2294,30-058,433.8,promien_500m
2294,31-069,455.4,promien_500m
2294,31-034,482.3,promien_500m
2295,31-128,0.0,promien_500m
2295,31-131,16.6,promien_500m
2295,31-124,20.6,promien_500m
2295,31-133,33.9,promien_500m
2295,31-123,63.6,promien_500m
2295,31-118,147.9,promien_500m
2295,31-135,156.1,promien_500m
2295,31-116,168.5,promien_500m
2295,31-127,168.5,promien_500m
2295,31-009,193.6,promien_500m
2295,31-011,204.0,promien_500m
2295,31-140,215.2,promien_500m
2295,31-126,223.1,promien_500m
2295,31-045,234.0,promien_500m
2295,31-724,258.3,promien_500m
2295,31-008,260.7,promien_500m
2295,31-144,268.4,promien_500m
2295,31-114,270.9,promien_500m
2295,31-012,271.1,promien_500m
2295,31-136,273.6,promien_500m
2295,31-113,276.8,promien_500m
2295,31-139,279.7,promien_500m
2295,31-121,288.7,promien_500m
2295,31-134,292.5,promien_500m
2295,31-115,293.7,promien_500m
2295,30-048,302.1,promien_500m
2295,31-130,311.9,promien_500m
2295,31-010,329.2,promien_500m
2295,31-007,331.9,promien_500m
2295,31-015,336.3,promien_500m
2295,31-014,339.6,promien_500m
2295,31-143,353.8,promien_500m
2295,31-137,400.7,promien_500m
2295,31-110,406.4,promien_500m
2295,31-117,410.3,promien_500m
2295,31-120,412.8,promien_500m
2295,30-014,413.9,promien_500m
2295,31-016,448.1,promien_500m
2295,31-018,454.3,promien_500m
2295,31-013,460.9,promien_500m
2295,31-034,474.6,promien_500m
2295,31-020,475.5,promien_500m
2295,31-109,476.1,promien_500m
2295,31-042,479.7,promien_500m
2295,31-142,482.2,promien_500m
2295,30-139,498.0,promien_500m
2296,31-128,0.0,promien_500m
2296,31-126,16.9,promien_500m
2296,31-130,36.4,promien_500m
2296,31-135,36.4,promien_500m
2296,31-131,53.6,promien_500m
2296,31-127,68.8,promien_500m
2296,31-137,131.1,promien_500m
2296,31-136,131.8,promien_500m
2296,31-120,163.1,promien_500m
2296,30-048,194.9,promien_500m
2296,31-124,206.6,promien_500m
2296,31-138,218.2,promien_500m
2296,31-159,220.3,promien_500m
2296,31-045,243.9,promien_500m
2296,31-140,250.3,promien_500m
2296,31-123,254.1,promien_500m
2296,30-033,276.9,promien_500m
2296,30-037,285.5,promien_500m
2296,30-038,294.1,promien_500m
2296,30-047,302.3,promien_500m
2296,31-121,305.3,promien_500m
2296,31-139,346.8,promien_500m
2296,31-724,367.3,promien_500m
2296,30-139,376.7,promien_500m
2296,31-133,377.5,promien_500m
2296,30-046,378.5,promien_500m
2296,31-144,389.1,promien_500m
2296,30-045,410.3,promien_500m
2296,30-039,410.4,promien_500m
2296,30-059,422.4,promien_500m
2296,31-161,429.1,promien_500m
2296,31-162,429.1,promien_500m
2296,31-115,434.9,promien_500m
2296,31-116,436.9,promien_500m
2296,30-007,446.5,promien_500m
2296,31-134,459.3,promien_500m
2296,31-142,461.1,promien_500m
2296,30-049,461.6,promien_500m
2296,30-034,476.9,promien_500m
2296,31-143,486.3,promien_500m
2296,31-118,489.0,promien_500m
2296,30-079,489.3,promien_500m
2296,30-035,495.1,promien_500m
2298,31-069,0.0,promien_500m
2298,31-070,91.9,promien_500m
2298,30-901,133.0,promien_500m
2298,30-960,148.6,promien_500m
2298,31-071,159.7,promien_500m
2298,31-001,177.6,promien_500m
2298,31-054,184.4,promien_500m
2298,31-065,193.3,promien_500m
2298,30-302,214.9,promien_500m
2298,30-301,216.1,promien_500m
2298,31-068,227.3,promien_500m
2298,31-044,301.5,promien_500m
2298,30-058,301.6,promien_500m
2298,30-307,302.2,promien_500m
2298,31-062,302.2,promien_500m
2298,31-058,303.1,promien_500m
2298,31-048,309.1,promien_500m
2298,31-039,310.7,promien_500m
2298,31-064,315.8,promien_500m
2298,31-109,327.9,promien_500m
2298,31-003,351.1,promien_500m
2298,31-063,362.6,promien_500m
2298,31-002,377.3,promien_500m
2298,31-101,382.8,promien_500m
2298,31-055,397.7,promien_500m
2298,31-067,405.7,promien_500m
2298,30-304,415.1,promien_500m
2298,31-049,415.1,promien_500m
2298,30-308,447.9,promien_500m
2298,31-066,451.0,promien_500m
2298,31-059,461.2,promien_500m
2298,31-020,466.1,promien_500m
2298,31-056,473.9,promien_500m
2298,31-155,484.9,promien_500m
2302,31-034,0.0,promien_500m
2302,31-033,8.6,promien_500m
2302,31-029,35.3,promien_500m
2302,31-027,38.3,promien_500m
2302,31-024,104.7,promien_500m
2302,31-028,106.1,promien_500m
2302,31-026,132.4,promien_500m
2302,31-501,144.7,promien_500m
2302,31-023,146.0,promien_500m
2302,31-072,148.0,promien_500m
2302,31-025,177.6,promien_500m
2302,31-030,178.2,promien_500m
2302,31-041,194.9,promien_500m
2302,31-508,208.2,promien_500m
2302,31-502,221.9,promien_500m
2302,31-038,230.3,promien_500m
2302,31-046,241.4,promien_500m
2302,31-032,249.9,promien_500m
2302,31-042,278.5,promien_500m
2302,31-529,287.6,promien_500m
2302,31-020,297.3,promien_500m
2302,31-019,323.8,promien_500m
2302,31-043,324.3,promien_500m
2302,31-957,325.5,promien_500m
2302,31-045,327.8,promien_500m
2302,31-530,328.5,promien_500m
2302,31-503,342.9,promien_500m
2302,31-021,343.0,promien_500m
2302,31-073,344.9,promien_500m
2302,31-156,355.7,promien_500m
2302,31-002,361.0,promien_500m
2302,31-109,367.9,promien_500m
2302,31-031,371.0,promien_500m
2302,31-022,371.7,promien_500m
2302,31-013,374.3,promien_500m
2302,31-532,382.6,promien_500m
2302,31-154,385.8,promien_500m
2302,31-017,402.7,promien_500m
2302,31-015,402.9,promien_500m
2302,31-018,405.9,promien_500m
2302,31-510,407.2,promien_500m
2302,31-007,408.1,promien_500m
2302,31-047,427.6,promien_500m
2302,31-537,434.4,promien_500m
2302,31-006,440.0,promien_500m
2302,31-016,449.4,promien_500m
2302,31-504,451.6,promien_500m
2302,31-008,483.1,promien_500m
2302,31-044,491.8,promien_500m
2302,31-001,494.9,promien_500m
2305,31-039,0.0,promien_500m
2305,31-054,26.1,promien_500m
2305,31-058,39.3,promien_500m
2305,31-055,74.2,promien_500m
2305,30-058,111.0,promien_500m
2305,31-048,129.8,promien_500m
2305,31-049,129.8,promien_500m
2305,31-050,133.4,promien_500m
2305,31-059,141.8,promien_500m
2305,31-068,144.8,promien_500m
2305,31-056,161.9,promien_500m
2305,31-062,172.8,promien_500m
2305,31-071,182.6,promien_500m
2305,31-069,190.9,promien_500m
2305,31-070,195.3,promien_500m
2305,31-051,198.2,promien_500m
2305,31-057,215.2,promien_500m
2305,31-063,215.4,promien_500m
2305,31-052,248.9,promien_500m
2305,30-960,270.9,promien_500m
2305,31-064,273.2,promien_500m
2305,30-901,290.1,promien_500m
2305,31-044,293.0,promien_500m
2305,31-047,294.1,promien_500m
2305,31-038,311.5,promien_500m
2305,31-053,317.5,promien_500m
2305,31-001,324.9,promien_500m
2305,31-065,336.0,promien_500m
2305,31-003,365.9,promien_500m
2305,31-032,375.4,promien_500m
2305,31-035,381.2,promien_500m
2305,31-031,392.8,promien_500m
2305,31-060,401.3,promien_500m
2305,31-132,421.0,promien_500m
2305,31-036,437.2,promien_500m
2305,31-046,439.4,promien_500m
2305,31-002,442.9,promien_500m
2305,31-020,445.3,promien_500m
2305,31-045,460.6,promien_500m
2305,31-073,470.7,promien_500m
2305,31-007,483.1,promien_500m
2310,31-108,0.0,promien_500m
2310,31-107,1.8,promien_500m
2310,31-109,13.6,promien_500m
2310,31-103,40.0,promien_500m
2310,31-102,81.4,promien_500m
2310,31-007,96.9,promien_500m
2310,31-101,97.1,promien_500m
2310,31-004,106.6,promien_500m
2310,31-110,115.3,promien_500m
2310,31-010,125.5,promien_500m
2310,31-113,135.0,promien_500m
2310,31-104,167.1,promien_500m
2310,31-114,168.8,promien_500m
2310,31-002,218.3,promien_500m
2310,31-105,221.4,promien_500m
2310,31-005,232.8,promien_500m
2310,31-008,239.2,promien_500m
2310,31-115,252.8,promien_500m
2310,31-118,290.6,promien_500m
2310,31-112,298.6,promien_500m
2310,31-006,311.4,promien_500m
2310,31-116,321.3,promien_500m
2310,31-009,334.1,promien_500m
2310,31-111,336.2,promien_500m
2310,31-003,338.9,promien_500m
2310,31-042,351.7,promien_500m
2310,31-106,355.6,promien_500m
2310,31-001,364.2,promien_500m
2310,31-027,368.8,promien_500m
2310,31-124,370.6,promien_500m
2310,31-117,375.9,promien_500m
2310,31-044,378.8,promien_500m
2310,31-043,389.6,promien_500m
2310,31-510,414.7,promien_500m
2310,31-123,416.3,promien_500m
2310,31-011,448.1,promien_500m
2310,31-133,456.0,promien_500m
2310,31-013,465.2,promien_500m
2310,31-128,470.2,promien_500m
2310,31-041,475.2,promien_500m
2310,30-101,478.9,promien_500m
2310,31-018,483.2,promien_500m
2310,30-112,486.1,promien_500m
2310,31-014,487.2,promien_500m
2310,31-120,489.1,promien_500m
2310,30-102,490.9,promien_500m
2310,31-017,493.7,promien_500m
2310,31-121,499.4,promien_500m
2315,31-133,0.0,promien_500m
2315,31-128,3.6,promien_500m
2315,31-123,43.7,promien_500m
2315,31-118,48.8,promien_500m
2315,31-131,61.9,promien_500m
2315,31-009,88.9,promien_500m
2315,31-124,97.1,promien_500m
2315,31-011,108.6,promien_500m
2315,31-116,119.6,promien_500m
2315,31-008,162.8,promien_500m
2315,31-113,210.4,promien_500m
2315,31-114,219.8,promien_500m
2315,31-012,226.3,promien_500m
2315,31-010,226.6,promien_500m
2315,31-140,235.2,promien_500m
2315,31-135,237.4,promien_500m
2315,31-007,241.7,promien_500m
2315,31-127,266.9,promien_500m
2315,31-014,268.5,promien_500m
2315,31-144,281.4,promien_500m
2315,31-134,298.1,promien_500m
2315,31-115,301.6,promien_500m
2315,31-045,305.4,promien_500m
2315,31-724,306.2,promien_500m
2315,31-015,309.5,promien_500m
2315,31-139,314.0,promien_500m
2315,31-126,324.9,promien_500m
2315,31-121,336.2,promien_500m
2315,30-014,339.9,promien_500m
2315,31-110,355.9,promien_500m
2315,31-136,359.1,promien_500m
2315,31-143,364.6,promien_500m
2315,31-013,366.1,promien_500m
2315,31-016,366.7,promien_500m
2315,31-018,370.2,promien_500m
2315,31-042,376.1,promien_500m
2315,31-109,386.0,promien_500m
2315,30-048,393.2,promien_500m
2315,31-130,408.7,promien_500m
2315,31-117,412.9,promien_500m
2315,31-020,427.7,promien_500m
2315,31-017,430.1,promien_500m
2315,31-005,432.4,promien_500m
2315,31-034,443.5,promien_500m
2315,31-022,468.9,promien_500m
2315,31-108,473.9,promien_500m
2315,31-142,480.8,promien_500m
2315,31-137,482.4,promien_500m
2315,31-120,484.9,promien_500m
2315,31-510,485.2,promien_500m
2315,31-021,490.2,promien_500m
2315,31-141,490.3,promien_500m
2315,31-004,498.8,promien_500m
238,31-154,0.0,promien_500m
238,31-156,50.1,promien_500m
238,31-157,118.7,promien_500m
238,31-034,151.7,promien_500m
238,31-024,156.1,promien_500m
238,31-155,176.6,promien_500m
238,31-033,177.1,promien_500m
238,31-015,183.4,promien_500m
238,31-150,198.0,promien_500m
238,31-026,205.9,promien_500m
238,31-505,209.9,promien_500m
238,31-504,223.0,promien_500m
238,31-143,223.7,promien_500m
238,31-023,224.3,promien_500m
238,31-020,245.5,promien_500m
238,31-021,251.9,promien_500m
238,31-025,262.2,promien_500m
238,31-019,267.3,promien_500m
238,31-045,273.5,promien_500m
238,31-503,285.8,promien_500m
238,31-016,298.1,promien_500m
238,31-149,307.6,promien_500m
238,31-017,330.4,promien_500m
238,31-109,331.2,promien_500m
238,31-508,336.8,promien_500m
238,31-147,369.2,promien_500m
238,31-022,370.0,promien_500m
238,31-018,370.2,promien_500m
238,31-146,390.0,promien_500m
238,31-001,391.9,promien_500m
238,31-057,392.2,promien_500m
238,31-512,393.3,promien_500m
238,31-014,411.9,promien_500m
238,31-028,413.5,promien_500m
238,31-153,417.5,promien_500m
238,31-027,420.2,promien_500m
238,31-145,422.3,promien_500m
238,31-141,423.6,promien_500m
238,31-148,437.8,promien_500m
238,31-142,456.9,promien_500m
238,31-501,458.5,promien_500m
238,31-509,458.7,promien_500m
238,31-012,462.2,promien_500m
238,31-134,470.7,promien_500m
238,31-511,472.2,promien_500m
238,31-510,491.9,promien_500m
240,31-156,0.0,promien_500m
240,31-157,29.7,promien_500m
240,31-155,45.8,promien_500m
240,31-154,56.5,promien_500m
240,31-150,67.8,promien_500m
240,31-045,151.1,promien_500m
240,31-143,196.4,promien_500m
240,31-149,220.4,promien_500m
240,31-015,245.1,promien_500m
240,31-024,245.1,promien_500m
240,31-505,259.9,promien_500m
240,31-021,263.6,promien_500m
240,31-057,268.6,promien_500m
240,31-153,284.2,promien_500m
240,31-034,285.8,promien_500m
240,31-016,290.8,promien_500m
240,31-504,299.2,promien_500m
240,31-147,301.1,promien_500m
240,31-148,304.0,promien_500m
240,31-033,305.3,promien_500m
240,31-019,317.1,promien_500m
240,31-014,326.1,promien_500m
240,31-020,327.8,promien_500m
240,31-023,329.2,promien_500m
240,31-146,330.7,promien_500m
240,31-026,333.3,promien_500m
240,31-145,334.8,promien_500m
240,31-508,344.4,promien_500m
240,31-001,348.0,promien_500m
240,31-017,354.0,promien_500m
240,31-141,365.7,promien_500m
240,31-018,384.6,promien_500m
240,31-142,392.5,promien_500m
240,31-025,395.4,promien_500m
240,31-109,396.7,promien_500m
240,31-503,409.7,promien_500m
240,31-152,410.8,promien_500m
240,31-134,417.6,promien_500m
240,31-022,419.2,promien_500m
240,31-512,430.1,promien_500m
240,31-012,458.5,promien_500m
240,31-509,466.7,promien_500m
240,31-144,467.1,promien_500m
240,31-404,477.7,promien_500m
240,31-510,483.3,promien_500m
241,31-156,0.0,promien_500m
241,31-154,0.8,promien_500m
241,31-157,42.9,promien_500m
241,31-155,127.6,promien_500m
241,31-150,137.1,promien_500m
241,31-143,162.2,promien_500m
241,31-015,162.9,promien_500m
241,31-024,162.9,promien_500m
241,31-021,202.4,promien_500m
241,31-045,203.8,promien_500m
241,31-034,216.2,promien_500m
241,31-033,225.0,promien_500m
241,31-149,231.8,promien_500m
241,31-019,240.8,promien_500m
241,31-016,241.3,promien_500m
241,31-023,242.5,promien_500m
241,31-020,244.9,promien_500m
241,31-505,267.5,promien_500m
241,31-026,280.1,promien_500m
241,31-017,290.4,promien_500m
241,31-504,291.1,promien_500m
241,31-147,296.9,promien_500m
241,31-109,316.9,promien_500m
241,31-025,320.1,promien_500m
241,31-146,320.1,promien_500m
241,31-018,325.0,promien_500m
241,31-014,336.4,promien_500m
241,31-145,346.7,promien_500m
241,31-022,347.0,promien_500m
241,31-141,352.6,promien_500m
241,31-057,355.5,promien_500m
241,31-503,360.7,promien_500m
241,31-153,365.2,promien_500m
241,31-148,377.2,promien_500m
241,31-508,385.4,promien_500m
241,31-142,385.5,promien_500m
241,31-134,403.6,promien_500m
241,31-012,410.0,promien_500m
241,31-001,412.4,promien_500m
241,31-028,425.2,promien_500m
241,31-027,425.7,promien_500m
241,31-512,449.4,promien_500m
241,31-144,476.6,promien_500m
241,31-152,481.2,promien_500m
243,31-156,0.0,promien_500m
243,31-015,46.8,promien_500m
243,31-024,46.8,promien_500m
243,31-157,56.8,promien_500m
243,31-154,74.2,promien_500m
243,31-143,102.9,promien_500m
243,31-021,124.0,promien_500m
243,31-020,127.7,promien_500m
243,31-019,130.0,promien_500m
243,31-023,131.4,promien_500m
243,31-033,156.1,promien_500m
243,31-034,166.6,promien_500m
243,31-016,176.5,promien_500m
243,31-017,193.1,promien_500m
243,31-150,199.9,promien_500m
243,31-109,200.5,promien_500m
243,31-155,229.7,promien_500m
243,31-022,234.2,promien_500m
243,31-018,234.7,promien_500m
243,31-045,249.8,promien_500m
243,31-149,257.5,promien_500m
243,31-026,265.7,promien_500m
243,31-025,267.0,promien_500m
243,31-147,281.9,promien_500m
243,31-014,290.1,promien_500m
243,31-146,292.4,promien_500m
243,31-504,309.0,promien_500m
243,31-027,310.0,promien_500m
243,31-028,312.1,promien_500m
243,31-508,319.7,promien_500m
243,31-141,328.1,promien_500m
243,31-012,330.2,promien_500m
243,31-505,346.8,promien_500m
243,31-134,356.5,promien_500m
243,31-145,357.2,promien_500m
243,31-503,361.1,promien_500m
243,31-142,361.7,promien_500m
243,31-042,402.1,promien_500m
243,30-014,409.5,promien_500m
243,31-013,417.3,promien_500m
243,31-041,452.5,promien_500m
243,31-153,454.0,promien_500m
243,31-148,463.1,promien_500m
243,31-057,465.8,promien_500m
243,31-144,469.7,promien_500m
243,31-011,482.7,promien_500m
243,31-133,484.9,promien_500m
243,31-501,492.3,promien_500m
251,31-157,0.0,promien_500m
251,31-156,33.7,promien_500m
251,31-143,82.5,promien_500m
251,31-154,82.5,promien_500m
251,31-150,88.1,promien_500m
251,31-155,127.6,promien_500m
251,31-015,131.2,promien_500m
251,31-021,142.5,promien_500m
251,31-024,146.9,promien_500m
251,31-149,157.8,promien_500m
251,31-045,159.5,promien_500m
251,31-016,170.3,promien_500m
251,31-019,204.2,promien_500m
251,31-147,215.2,promien_500m
251,31-020,226.3,promien_500m
251,31-017,232.4,promien_500m
251,31-146,238.3,promien_500m
251,31-023,244.5,promien_500m
251,31-014,259.0,promien_500m
251,31-018,262.9,promien_500m
251,31-033,265.5,promien_500m
251,31-034,266.3,promien_500m
251,31-145,269.7,promien_500m
251,31-141,270.8,promien_500m
251,31-109,282.3,promien_500m
251,31-022,299.9,promien_500m
251,31-142,303.7,promien_500m
251,31-134,322.1,promien_500m
251,31-012,338.9,promien_500m
251,31-153,339.0,promien_500m
251,31-505,347.8,promien_500m
251,31-148,347.9,promien_500m
251,31-026,351.4,promien_500m
251,31-057,363.5,promien_500m
251,31-025,369.4,promien_500m
251,31-504,372.8,promien_500m
251,31-144,397.6,promien_500m
251,31-027,413.7,promien_500m
251,31-028,420.5,promien_500m
251,31-508,429.6,promien_500m
251,31-503,433.0,promien_500m
251,30-014,441.3,promien_500m
251,31-152,445.1,promien_500m
251,31-133,459.3,promien_500m
251,31-001,469.6,promien_500m
251,31-042,489.4,promien_500m
251,31-013,490.8,promien_500m
251,31-011,496.6,promien_500m
251,31-131,498.0,promien_500m
265,31-147,0.0,promien_500m
265,31-146,5.8,promien_500m
265,31-149,28.2,promien_500m
265,31-145,37.3,promien_500m
265,31-142,40.2,promien_500m
265,31-141,41.4,promien_500m
265,31-150,53.5,promien_500m
265,31-014,58.2,promien_500m
265,31-144,104.5,promien_500m
265,31-143,115.0,promien_500m
265,31-148,143.3,promien_500m
265,31-034,157.4,promien_500m
265,31-134,160.5,promien_500m
265,31-157,183.8,promien_500m
265,31-045,190.0,promien_500m
265,31-152,190.7,promien_500m
265,31-016,211.7,promien_500m
265,31-015,233.0,promien_500m
265,31-155,250.9,promien_500m
265,31-139,251.9,promien_500m
265,31-153,264.2,promien_500m
265,31-136,291.0,promien_500m
265,31-020,300.3,promien_500m
265,31-133,309.7,promien_500m
265,31-131,313.5,promien_500m
265,31-012,319.4,promien_500m
265,31-156,323.5,promien_500m
265,31-021,329.0,promien_500m
265,31-140,330.3,promien_500m
265,31-135,345.8,promien_500m
265,31-018,348.5,promien_500m
265,31-017,349.5,promien_500m
265,31-161,369.3,promien_500m
265,31-154,391.5,promien_500m
265,30-139,398.9,promien_500m
265,31-019,401.9,promien_500m
265,31-057,409.2,promien_500m
265,31-011,412.7,promien_500m
265,31-024,419.2,promien_500m
265,31-137,420.0,promien_500m
265,31-022,431.3,promien_500m
265,31-158,434.8,promien_500m
265,30-014,446.1,promien_500m
265,31-109,454.2,promien_500m
265,31-160,456.5,promien_500m
265,31-162,460.6,promien_500m
276,31-155,0.0,promien_500m
276,31-153,15.2,promien_500m
276,31-057,29.1,promien_500m
276,31-154,74.7,promien_500m
276,31-150,173.0,promien_500m
276,31-148,176.4,promien_500m
276,31-045,202.3,promien_500m
276,31-152,230.2,promien_500m
276,31-156,262.8,promien_500m
276,31-001,290.9,promien_500m
276,31-157,294.7,promien_500m
276,31-404,317.5,promien_500m
276,31-508,323.6,promien_500m
276,31-149,324.2,promien_500m
276,31-147,361.1,promien_500m
276,31-510,366.3,promien_500m
276,31-146,401.3,promien_500m
276,31-505,417.8,promien_500m
276,31-141,421.0,promien_500m
276,31-401,428.9,promien_500m
276,31-145,440.8,promien_500m
276,31-014,447.2,promien_500m
276,31-143,456.7,promien_500m
276,30-001,471.5,promien_500m
276,31-142,472.2,promien_500m
276,31-509,482.6,promien_500m
277,31-155,0.0,promien_500m
277,31-057,7.0,promien_500m
277,31-153,21.5,promien_500m
277,31-154,57.0,promien_500m
277,31-150,173.4,promien_500m
277,31-148,178.1,promien_500m
277,31-045,193.1,promien_500m
277,31-156,240.2,promien_500m
277,31-152,241.8,promien_500m
277,31-001,274.5,promien_500m
277,31-157,276.2,promien_500m
277,31-508,305.8,promien_500m
277,31-404,309.9,promien_500m
277,31-149,319.9,promien_500m
277,31-510,362.5,promien_500m
277,31-147,365.6,promien_500m
277,31-505,397.3,promien_500m
277,31-146,403.8,promien_500m
277,31-141,426.8,promien_500m
277,31-145,435.7,promien_500m
277,31-014,440.5,promien_500m
277,31-143,443.6,promien_500m
277,31-401,446.0,promien_500m
277,31-509,465.4,promien_500m
277,31-142,470.3,promien_500m
277,31-504,492.5,promien_500m
277,30-001,493.7,promien_500m
279,31-155,0.0,promien_500m
279,31-057,13.5,promien_500m
279,31-153,43.5,promien_500m
279,31-154,65.9,promien_500m
279,31-150,142.6,promien_500m
279,31-045,149.5,promien_500m
279,31-148,151.8,promien_500m
279,31-156,200.4,promien_500m
279,31-157,228.2,promien_500m
279,31-152,233.7,promien_500m
279,31-001,280.9,promien_500m
279,31-149,280.9,promien_500m
279,31-508,309.3,promien_500m
279,31-404,337.2,promien_500m
279,31-147,340.4,promien_500m
279,31-146,374.7,promien_500m
279,31-505,389.5,promien_500m
279,31-145,395.1,promien_500m
279,31-510,395.4,promien_500m
279,31-143,395.8,promien_500m
279,31-014,397.9,promien_500m
279,31-141,403.5,promien_500m
279,31-142,433.8,promien_500m
279,31-504,466.7,promien_500m
279,31-509,468.6,promien_500m
279,31-016,479.0,promien_500m
279,31-015,482.6,promien_500m
279,31-021,489.9,promien_500m
279,31-144,494.3,promien_500m
279,31-401,494.5,promien_500m
280,31-155,0.0,promien_500m
280,31-150,53.9,promien_500m
280,31-045,60.6,promien_500m
280,31-157,85.7,promien_500m
280,31-156,86.1,promien_500m
280,31-154,95.8,promien_500m
280,31-057,148.0,promien_500m
280,31-153,148.5,promien_500m
280,31-148,174.8,promien_500m
280,31-149,193.6,promien_500m
280,31-143,259.3,promien_500m
280,31-147,272.6,promien_500m
280,31-152,282.5,promien_500m
280,31-014,300.3,promien_500m
280,31-145,305.3,promien_500m
280,31-146,319.4,promien_500m
280,31-001,325.0,promien_500m
280,31-015,340.9,promien_500m
280,31-508,342.0,promien_500m
280,31-505,345.5,promien_500m
280,31-016,346.0,promien_500m
280,31-021,348.7,promien_500m
280,31-141,357.0,promien_500m
280,31-142,360.1,promien_500m
280,31-024,360.5,promien_500m
280,31-034,396.4,promien_500m
280,31-504,396.7,promien_500m
280,31-134,417.2,promien_500m
280,31-019,418.1,promien_500m
280,31-144,425.4,promien_500m
280,31-404,426.1,promien_500m
280,31-017,430.1,promien_500m
280,31-033,440.7,promien_500m
280,31-020,441.7,promien_500m
280,31-023,453.3,promien_500m
280,31-018,455.5,promien_500m
280,31-026,461.6,promien_500m
280,31-510,486.0,promien_500m
280,31-512,486.4,promien_500m
280,31-509,486.9,promien_500m
280,31-109,495.7,promien_500m
281,31-015,0.0,promien_500m
281,31-014,2.1,promien_500m
281,31-016,17.3,promien_500m
281,31-020,36.2,promien_500m
281,31-143,40.4,promien_500m
281,31-034,45.9,promien_500m
281,31-012,69.7,promien_500m
281,31-134,71.8,promien_500m
281,31-150,79.2,promien_500m
281,31-018,89.3,promien_500m
281,31-147,103.5,promien_500m
281,31-141,104.4,promien_500m
281,31-017,104.5,promien_500m
281,31-146,108.4,promien_500m
281,31-142,131.3,promien_500m
281,31-021,143.6,promien_500m
281,31-022,172.7,promien_500m
281,31-157,179.2,promien_500m
281,31-133,187.5,promien_500m
281,31-156,188.3,promien_500m
281,30-014,190.9,promien_500m
281,31-019,197.7,promien_500m
281,31-045,200.2,promien_500m
281,31-109,212.4,promien_500m
281,31-149,214.8,promien_500m
281,31-145,217.5,promien_500m
281,31-011,217.8,promien_500m
281,31-131,234.3,promien_500m
281,31-144,239.8,promien_500m
281,31-024,247.7,promien_500m
281,31-013,280.7,promien_500m
281,31-140,290.8,promien_500m
281,31-023,318.6,promien_500m
281,31-010,318.7,promien_500m
281,31-139,333.4,promien_500m
281,31-154,360.4,promien_500m
281,31-042,361.7,promien_500m
281,31-009,364.3,promien_500m
281,31-027,370.7,promien_500m
281,31-155,380.7,promien_500m
281,31-028,399.6,promien_500m
281,31-135,408.8,promien_500m
281,31-148,415.4,promien_500m
281,31-033,418.7,promien_500m
281,31-041,423.5,promien_500m
281,31-007,442.9,promien_500m
281,31-118,455.8,promien_500m
281,31-152,466.0,promien_500m
281,31-008,473.2,promien_500m
281,31-128,474.2,promien_500m
281,31-153,483.1,promien_500m
281,31-510,484.9,promien_500m
281,31-123,499.0,promien_500m
282,31-041,0.0,promien_500m
282,31-028,19.8,promien_500m
282,31-033,64.2,promien_500m
282,31-027,76.4,promien_500m
282,31-043,96.3,promien_500m
282,31-046,107.3,promien_500m
282,31-072,111.6,promien_500m
282,31-038,113.0,promien_500m
282,31-042,116.3,promien_500m
282,31-002,156.4,promien_500m
282,31-024,172.5,promien_500m
282,31-029,176.4,promien_500m
282,31-032,179.3,promien_500m
282,31-510,189.9,promien_500m
282,31-034,191.1,promien_500m
282,31-007,204.3,promien_500m
282,31-006,211.7,promien_500m
282,31-019,222.9,promien_500m
282,31-013,223.3,promien_500m
282,31-020,225.9,promien_500m
282,31-023,230.3,promien_500m
282,31-017,249.6,promien_500m
282,31-021,258.7,promien_500m
282,31-008,260.0,promien_500m
282,31-030,262.1,promien_500m
282,31-044,273.1,promien_500m
282,31-001,276.6,promien_500m
282,31-004,277.7,promien_500m
282,31-022,282.0,promien_500m
282,31-018,298.9,promien_500m
282,31-045,300.2,promien_500m
282,31-005,316.4,promien_500m
282,31-047,320.9,promien_500m
282,31-957,320.9,promien_500m
282,31-016,354.3,promien_500m
282,31-026,356.9,promien_500m
282,31-010,357.5,promien_500m
282,31-501,373.2,promien_500m
282,31-025,374.1,promien_500m
282,31-011,379.1,promien_500m
282,31-109,380.8,promien_500m
282,31-014,383.6,promien_500m
282,31-073,389.4,promien_500m
282,31-048,390.8,promien_500m
282,31-508,409.4,promien_500m
282,31-009,421.3,promien_500m
282,31-502,435.2,promien_500m
282,31-015,440.1,promien_500m
282,30-014,457.2,promien_500m
282,31-031,461.0,promien_500m
282,31-529,466.7,promien_500m
282,31-049,480.1,promien_500m
282,31-012,484.9,promien_500m
282,31-156,488.4,promien_500m
282,31-039,491.1,promien_500m
290,31-002,0.0,promien_500m
290,31-005,1.8,promien_500m
290,31-004,6.0,promien_500m
290,31-006,51.4,promien_500m
290,31-007,61.7,promien_500m
290,31-008,104.0,promien_500m
290,31-044,119.0,promien_500m
290,31-043,121.6,promien_500m
290,31-001,133.3,promien_500m
290,31-042,137.7,promien_500m
290,31-109,155.1,promien_500m
290,31-101,172.3,promien_500m
290,31-510,196.2,promien_500m
290,31-010,208.3,promien_500m
290,31-041,225.0,promien_500m
290,31-103,228.9,promien_500m
290,31-107,232.5,promien_500m
290,31-102,251.4,promien_500m
290,31-108,263.0,promien_500m
290,31-009,265.2,promien_500m
290,31-113,268.2,promien_500m
290,31-003,276.9,promien_500m
290,31-110,277.3,promien_500m
290,31-013,305.7,promien_500m
290,31-046,305.9,promien_500m
290,31-017,307.9,promien_500m
290,31-114,308.1,promien_500m
290,31-018,313.8,promien_500m
290,31-011,331.3,promien_500m
290,31-014,346.1,promien_500m
290,31-048,373.0,promien_500m
290,31-118,377.9,promien_500m
290,31-019,378.5,promien_500m
290,31-028,385.5,promien_500m
290,31-027,388.4,promien_500m
290,31-021,395.1,promien_500m
290,31-116,398.0,promien_500m
290,31-024,407.2,promien_500m
290,31-047,415.8,promien_500m
290,31-022,425.8,promien_500m
290,31-038,426.1,promien_500m
290,31-020,427.5,promien_500m
290,31-016,428.7,promien_500m
290,31-104,430.5,promien_500m
290,31-033,433.5,promien_500m
290,31-105,435.0,promien_500m
290,31-072,436.6,promien_500m
290,31-124,474.8,promien_500m
290,31-045,475.6,promien_500m
290,31-032,478.9,promien_500m
290,31-133,479.2,promien_500m
290,30-014,485.6,promien_500m
290,31-115,485.6,promien_500m
3,31-512,0.0,promien_500m
3,31-503,6.2,promien_500m
3,31-511,66.2,promien_500m
3,31-505,79.9,promien_500m
3,31-504,87.9,promien_500m
3,31-501,107.4,promien_500m
3,31-506,139.1,promien_500m
3,31-510,218.2,promien_500m
3,31-509,229.3,promien_500m
3,31-531,284.1,promien_500m
3,31-516,287.5,promien_500m
3,31-034,288.8,promien_500m
3,31-508,320.8,promien_500m
3,31-154,375.1,promien_500m
3,31-025,390.3,promien_500m
3,31-529,402.9,promien_500m
3,31-026,408.9,promien_500m
3,31-514,416.1,promien_500m
3,31-547,428.0,promien_500m
3,31-530,428.2,promien_500m
3,31-549,475.6,promien_500m
3,31-001,486.5,promien_500m
3,31-502,488.7,promien_500m
3001,31-070,0.0,promien_500m
3001,31-071,18.3,promien_500m
3001,31-065,44.9,promien_500m
3001,31-069,51.8,promien_500m
3001,31-054,88.5,promien_500m
3001,30-901,174.2,promien_500m
3001,31-064,213.2,promien_500m
3001,31-062,225.2,promien_500m
3001,31-067,237.2,promien_500m
3001,31-063,250.2,promien_500m
3001,31-068,254.1,promien_500m
3001,31-058,266.0,promien_500m
3001,30-960,271.2,promien_500m
3001,31-039,283.9,promien_500m
3001,31-066,288.6,promien_500m
3001,30-302,294.6,promien_500m
3001,31-155,319.5,promien_500m
3001,30-301,321.0,promien_500m
3001,31-020,323.3,promien_500m
3001,30-307,330.3,promien_500m
3001,31-055,342.4,promien_500m
3001,31-001,346.0,promien_500m
3001,30-058,349.7,promien_500m
3001,31-056,366.0,promien_500m
3001,31-132,396.0,promien_500m
3001,31-059,400.9,promien_500m
3001,31-044,428.2,promien_500m
3001,31-048,430.3,promien_500m
3001,31-060,430.8,promien_500m
3001,30-308,436.8,promien_500m
3001,31-109,480.3,promien_500m
3001,31-003,487.1,promien_500m
3001,30-304,493.1,promien_500m
3002,31-070,0.0,promien_500m
3002,31-065,38.3,promien_500m
3002,31-054,48.3,promien_500m
3002,31-064,64.0,promien_500m
3002,31-069,64.3,promien_500m
3002,31-062,74.9,promien_500m
3002,31-071,96.8,promien_500m
3002,31-063,104.3,promien_500m
3002,31-058,114.7,promien_500m
3002,31-068,117.1,promien_500m
3002,30-901,149.3,promien_500m
3002,31-039,153.7,promien_500m
3002,31-055,192.7,promien_500m
3002,31-067,207.0,promien_500m
3002,31-020,213.2,promien_500m
3002,31-056,219.2,promien_500m
3002,31-059,248.3,promien_500m
3002,30-960,263.7,promien_500m
3002,30-058,267.3,promien_500m
3002,31-132,267.7,promien_500m
3002,31-155,269.3,promien_500m
3002,31-060,304.0,promien_500m
3002,31-066,323.2,promien_500m
3002,31-048,381.3,promien_500m
3002,31-001,405.0,promien_500m
3002,31-044,410.8,promien_500m
3002,31-049,410.9,promien_500m
3002,31-057,418.6,promien_500m
3002,31-061,426.4,promien_500m
3002,30-302,439.3,promien_500m
3002,30-301,455.9,promien_500m
3002,30-307,463.0,promien_500m
3002,31-050,470.9,promien_500m
3002,31-003,474.8,promien_500m
3003,31-054,0.0,promien_500m
3003,31-039,26.9,promien_500m
3003,31-055,48.4,promien_500m
3003,31-050,84.6,promien_500m
3003,31-058,98.6,promien_500m
3003,31-056,113.7,promien_500m
3003,31-059,133.1,promien_500m
3003,31-051,144.4,promien_500m
3003,31-057,162.7,promien_500m
3003,31-049,169.7,promien_500m
3003,30-058,170.2,promien_500m
3003,31-048,173.1,promien_500m
3003,31-068,182.5,promien_500m
3003,31-062,188.7,promien_500m
3003,31-063,188.9,promien_500m
3003,31-052,189.9,promien_500m
3003,31-070,232.9,promien_500m
3003,31-071,234.9,promien_500m
3003,31-069,244.4,promien_500m
3003,31-053,259.0,promien_500m
3003,31-038,267.6,promien_500m
3003,31-047,287.8,promien_500m
3003,31-064,293.0,promien_500m
3003,31-032,325.1,promien_500m
3003,31-035,328.4,promien_500m
3003,30-960,330.2,promien_500m
3003,31-031,342.1,promien_500m
3003,30-901,344.0,promien_500m
3003,31-044,345.5,promien_500m
3003,31-065,358.4,promien_500m
3003,31-060,374.6,promien_500m
3003,31-036,378.4,promien_500m
3003,31-001,381.7,promien_500m
3003,31-045,403.2,promien_500m
3003,31-132,412.5,promien_500m
3003,31-003,418.7,promien_500m
3003,31-073,448.3,promien_500m
3003,31-020,452.0,promien_500m
3003,31-046,462.9,promien_500m
3003,31-061,475.0,promien_500m
3003,30-052,481.4,promien_500m
3003,31-002,490.4,promien_500m
3004,31-050,0.0,promien_500m
3004,31-054,6.4,promien_500m
3004,31-039,28.4,promien_500m
3004,31-051,55.5,promien_500m
3004,31-049,102.1,promien_500m
3004,31-055,119.6,promien_500m
3004,31-052,155.4,promien_500m
3004,31-038,159.1,promien_500m
3004,31-056,160.6,promien_500m
3004,31-058,171.6,promien_500m
3004,31-047,192.0,promien_500m
3004,31-048,194.8,promien_500m
3004,31-057,196.1,promien_500m
3004,31-032,225.5,promien_500m
3004,31-053,237.0,promien_500m
3004,31-059,237.3,promien_500m
3004,31-035,239.2,promien_500m
3004,30-058,242.2,promien_500m
3004,31-031,246.2,promien_500m
3004,31-063,280.5,promien_500m
3004,31-068,295.7,promien_500m
3004,31-062,304.0,promien_500m
3004,31-036,323.3,promien_500m
3004,31-071,334.1,promien_500m
3004,31-073,335.0,promien_500m
3004,31-069,341.5,promien_500m
3004,31-070,345.8,promien_500m
3004,31-044,358.2,promien_500m
3004,31-046,387.1,promien_500m
3004,31-045,393.5,promien_500m
3004,31-538,397.7,promien_500m
3004,30-960,398.5,promien_500m
3004,31-957,405.7,promien_500m
3004,31-064,408.2,promien_500m
3004,31-072,410.1,promien_500m
3004,31-001,413.8,promien_500m
3004,31-537,414.2,promien_500m
3004,30-901,438.3,promien_500m
3004,31-003,440.2,promien_500m
3004,31-060,446.2,promien_500m
3004,31-532,460.6,promien_500m
3004,31-535,461.0,promien_500m
3004,31-002,471.1,promien_500m
3004,31-065,473.7,promien_500m
3004,30-052,477.4,promien_500m
3004,31-030,493.6,promien_500m
3004,31-536,493.9,promien_500m
3005,31-050,0.0,promien_500m
3005,31-039,30.7,promien_500m
3005,31-049,33.2,promien_500m
3005,31-051,37.0,promien_500m
3005,31-052,38.5,promien_500m
3005,31-047,60.9,promien_500m
3005,31-038,65.2,promien_500m
3005,31-032,86.5,promien_500m
3005,31-031,101.8,promien_500m
3005,31-048,153.7,promien_500m
3005,31-054,160.9,promien_500m
3005,31-035,179.6,promien_500m
3005,31-073,182.7,promien_500m
3005,31-055,226.8,promien_500m
3005,31-072,265.1,promien_500m
3005,31-957,274.4,promien_500m
3005,31-538,282.0,promien_500m
3005,31-057,282.8,promien_500m
3005,31-053,287.4,promien_500m
3005,31-058,292.6,promien_500m
3005,31-056,293.0,promien_500m
3005,31-046,296.3,promien_500m
3005,31-532,311.9,promien_500m
3005,31-537,313.9,promien_500m
3005,31-036,317.0,promien_500m
3005,31-030,343.1,promien_500m
3005,30-058,369.7,promien_500m
3005,31-535,377.5,promien_500m
3005,31-044,378.3,promien_500m
3005,31-059,388.0,promien_500m
3005,31-029,400.5,promien_500m
3005,31-068,411.3,promien_500m
3005,31-536,422.9,promien_500m
3005,31-063,425.1,promien_500m
3005,31-529,429.3,promien_500m
3005,31-002,435.2,promien_500m
3005,31-045,440.8,promien_500m
3005,31-530,447.6,promien_500m
3005,31-001,455.8,promien_500m
3005,31-062,458.4,promien_500m
3005,31-071,475.1,promien_500m
3005,31-069,479.9,promien_500m
3005,31-033,480.2,promien_500m
3005,31-003,484.5,promien_500m
3005,31-070,495.8,promien_500m
3006,31-031,0.0,promien_500m
3006,31-032,57.9,promien_500m
3006,31-538,89.4,promien_500m
3006,31-532,90.1,promien_500m
3006,31-073,104.6,promien_500m
3006,31-537,108.9,promien_500m
3006,31-038,113.9,promien_500m
3006,31-039,118.2,promien_500m
3006,31-072,143.1,promien_500m
3006,31-050,152.2,promien_500m
3006,31-052,155.8,promien_500m
3006,31-047,181.6,promien_500m
3006,31-029,192.1,promien_500m
3006,31-030,202.0,promien_500m
3006,31-051,210.1,promien_500m
3006,31-529,219.2,promien_500m
3006,31-035,226.7,promien_500m
3006,31-957,228.8,promien_500m
3006,31-530,233.6,promien_500m
3006,31-049,237.3,promien_500m
3006,31-036,249.1,promien_500m
3006,31-535,277.8,promien_500m
3006,31-048,298.7,promien_500m
3006,31-534,313.6,promien_500m
3006,31-536,331.9,promien_500m
3006,31-502,336.6,promien_500m
3006,31-046,355.0,promien_500m
3006,31-034,359.4,promien_500m
3006,31-531,367.2,promien_500m
3006,31-054,376.9,promien_500m
3006,31-053,382.3,promien_500m
3006,31-033,394.8,promien_500m
3006,31-055,400.9,promien_500m
3006,31-057,423.8,promien_500m
3006,31-026,463.8,promien_500m
3006,31-501,464.5,promien_500m
3006,31-041,465.9,promien_500m
3006,31-056,481.5,promien_500m
3007,31-038,0.0,promien_500m
3007,31-032,6.1,promien_500m
3007,31-052,22.9,promien_500m
3007,31-050,56.8,promien_500m
3007,31-051,60.4,promien_500m
3007,31-031,60.5,promien_500m
3007,31-035,101.3,promien_500m
3007,31-039,105.3,promien_500m
3007,31-047,120.5,promien_500m
3007,31-049,130.8,promien_500m
3007,31-073,181.2,promien_500m
3007,31-538,184.7,promien_500m
3007,31-537,214.2,promien_500m
3007,31-054,217.6,promien_500m
3007,31-036,232.7,promien_500m
3007,31-055,239.8,promien_500m
3007,31-532,247.3,promien_500m
3007,31-048,247.8,promien_500m
3007,31-053,256.1,promien_500m
3007,31-072,259.4,promien_500m
3007,31-057,269.3,promien_500m
3007,31-535,278.2,promien_500m
3007,31-957,309.3,promien_500m
3007,31-056,320.0,promien_500m
3007,31-536,324.9,promien_500m
3007,31-030,335.6,promien_500m
3007,31-029,353.3,promien_500m
3007,31-046,365.0,promien_500m
3007,31-529,380.6,promien_500m
3007,31-058,382.8,promien_500m
3007,31-045,391.9,promien_500m
3007,31-530,395.0,promien_500m
3007,31-059,430.5,promien_500m
3007,31-534,449.5,promien_500m
3007,30-058,455.4,promien_500m
3007,31-063,456.3,promien_500m
3007,30-052,467.1,promien_500m
3007,31-044,476.5,promien_500m
3007,31-502,495.6,promien_500m
3008,31-038,0.0,promien_500m
3008,31-035,6.0,promien_500m
3008,31-052,41.6,promien_500m
3008,31-031,43.4,promien_500m
3008,31-036,60.4,promien_500m
3008,31-051,67.0,promien_500m
3008,31-053,70.7,promien_500m
3008,31-050,75.8,promien_500m
3008,31-032,100.3,promien_500m
3008,31-057,153.2,promien_500m
3008,31-055,155.3,promien_500m
3008,31-537,199.2,promien_500m
3008,31-054,200.4,promien_500m
3008,31-045,204.5,promien_500m
3008,31-538,208.7,promien_500m
3008,31-535,219.6,promien_500m
3008,31-536,223.6,promien_500m
3008,31-056,244.6,promien_500m
3008,31-039,273.4,promien_500m
3008,30-052,276.9,promien_500m
3008,31-049,285.2,promien_500m
3008,31-047,302.2,promien_500m
3008,31-534,341.0,promien_500m
3008,31-073,368.4,promien_500m
3008,31-063,370.7,promien_500m
3008,31-532,370.8,promien_500m
3008,31-058,376.2,promien_500m
3008,31-059,378.3,promien_500m
3008,31-060,381.8,promien_500m
3008,31-048,407.5,promien_500m
3008,31-072,439.3,promien_500m
3008,31-062,479.7,promien_500m
3008,31-061,490.0,promien_500m
3008,31-029,493.4,promien_500m
3009,31-051,0.0,promien_500m
3009,31-038,5.8,promien_500m
3009,31-035,6.5,promien_500m
3009,31-032,6.7,promien_500m
3009,31-031,10.0,promien_500m
3009,31-052,17.7,promien_500m
3009,31-050,103.4,promien_500m
3009,31-036,148.3,promien_500m
3009,31-053,166.6,promien_500m
3009,31-538,169.8,promien_500m
3009,31-537,174.1,promien_500m
3009,31-055,197.7,promien_500m
3009,31-039,202.2,promien_500m
3009,31-054,205.3,promien_500m
3009,31-057,208.2,promien_500m
3009,31-049,211.4,promien_500m
3009,31-047,214.2,promien_500m
3009,31-535,217.9,promien_500m
3009,31-536,255.5,promien_500m
3009,31-073,272.3,promien_500m
3009,31-056,286.2,promien_500m
3009,31-532,291.5,promien_500m
3009,31-045,300.2,promien_500m
3009,31-048,331.8,promien_500m
3009,31-072,343.9,promien_500m
3009,30-052,373.0,promien_500m
3009,31-534,402.9,promien_500m
3009,31-957,405.0,promien_500m
3009,31-029,409.1,promien_500m
3009,31-059,409.5,promien_500m
3009,31-058,415.0,promien_500m
3009,31-063,417.8,promien_500m
3009,31-030,418.3,promien_500m
3009,31-529,434.0,promien_500m
3009,31-530,438.4,promien_500m
3009,31-046,460.8,promien_500m
3009,31-060,477.9,promien_500m
3009,30-058,485.4,promien_500m
3010,31-038,0.0,promien_500m
3010,31-051,4.5,promien_500m
3010,31-032,10.0,promien_500m
3010,31-035,12.9,promien_500m
3010,31-052,14.2,promien_500m
3010,31-031,23.7,promien_500m
3010,31-050,90.2,promien_500m
3010,31-036,151.3,promien_500m
3010,31-053,164.4,promien_500m
3010,31-055,183.5,promien_500m
3010,31-538,186.3,promien_500m
3010,31-054,188.7,promien_500m
3010,31-537,190.9,promien_500m
3010,31-057,195.3,promien_500m
3010,31-039,196.1,promien_500m
3010,31-049,201.5,promien_500m
3010,31-047,209.0,promien_500m
3010,31-535,233.8,promien_500m
3010,31-536,270.3,promien_500m
3010,31-056,271.2,promien_500m
3010,31-073,274.9,promien_500m
3010,31-045,296.9,promien_500m
3010,31-532,304.2,promien_500m
3010,31-048,322.5,promien_500m
3010,31-072,348.9,promien_500m
3010,30-052,371.4,promien_500m
3010,31-059,393.3,promien_500m
3010,31-058,398.9,promien_500m
3010,31-063,402.9,promien_500m
3010,31-957,405.0,promien_500m
3010,31-534,414.0,promien_500m
3010,31-029,420.1,promien_500m
3010,31-030,424.0,promien_500m
3010,31-529,445.5,promien_500m
3010,31-530,451.5,promien_500m
3010,31-046,456.3,promien_500m
3010,30-058,469.1,promien_500m
3010,31-060,474.4,promien_500m
3010,31-062,489.0,promien_500m
3010,31-068,497.5,promien_500m
3011,31-051,0.0,promien_500m
3011,31-052,43.5,promien_500m
3011,31-038,44.0,promien_500m
3011,31-050,48.4,promien_500m
3011,31-032,62.1,promien_500m
3011,31-035,67.9,promien_500m
3011,31-031,78.8,promien_500m
3011,31-054,134.5,promien_500m
3011,31-055,140.8,promien_500m
3011,31-053,154.3,promien_500m
3011,31-039,155.1,promien_500m
3011,31-057,163.2,promien_500m
3011,31-049,167.6,promien_500m
3011,31-036,177.9,promien_500m
3011,31-047,194.0,promien_500m
3011,31-056,224.6,promien_500m
3011,31-538,240.6,promien_500m
3011,31-537,247.9,promien_500m
3011,31-073,284.0,promien_500m
3011,31-048,289.8,promien_500m
3011,31-535,290.1,promien_500m
3011,31-045,300.0,promien_500m
3011,31-536,323.9,promien_500m
3011,31-059,341.3,promien_500m
3011,31-058,342.6,promien_500m
3011,31-532,343.8,promien_500m
3011,31-063,357.7,promien_500m
3011,31-072,364.7,promien_500m
3011,30-052,378.8,promien_500m
3011,31-957,403.1,promien_500m
3011,30-058,412.5,promien_500m
3011,31-062,434.6,promien_500m
3011,31-046,438.1,promien_500m
3011,31-030,441.1,promien_500m
3011,31-068,441.6,promien_500m
3011,31-060,448.1,promien_500m
3011,31-029,455.0,promien_500m
3011,31-534,456.6,promien_500m
3011,31-529,481.6,promien_500m
3011,31-070,489.0,promien_500m
3011,31-530,493.2,promien_500m
3011,31-071,496.8,promien_500m
3011,31-044,499.2,promien_500m
3012,31-051,0.0,promien_500m
3012,31-050,10.6,promien_500m
3012,31-054,64.4,promien_500m
3012,31-055,86.4,promien_500m
3012,31-038,93.3,promien_500m
3012,31-052,93.6,promien_500m
3012,31-039,122.5,promien_500m
3012,31-032,134.4,promien_500m
3012,31-035,138.5,promien_500m
3012,31-057,139.1,promien_500m
3012,31-031,151.3,promien_500m
3012,31-053,151.3,promien_500m
3012,31-049,154.4,promien_500m
3012,31-056,163.0,promien_500m
3012,31-047,205.4,promien_500m
3012,31-036,219.9,promien_500m
3012,31-048,267.8,promien_500m
3012,31-058,272.8,promien_500m
3012,31-059,274.7,promien_500m
3012,31-063,299.4,promien_500m
3012,31-045,310.2,promien_500m
3012,31-538,312.1,promien_500m
3012,31-073,317.1,promien_500m
3012,31-537,320.4,promien_500m
3012,30-058,342.9,promien_500m
3012,31-535,360.6,promien_500m
3012,31-062,364.3,promien_500m
3012,31-068,369.7,promien_500m
3012,31-536,388.9,promien_500m
3012,30-052,392.8,promien_500m
3012,31-072,402.0,promien_500m
3012,31-532,403.8,promien_500m
3012,31-060,416.6,promien_500m
3012,31-070,417.5,promien_500m
3012,31-957,419.3,promien_500m
3012,31-071,424.6,promien_500m
3012,31-046,432.6,promien_500m
3012,31-069,433.4,promien_500m
3012,31-044,454.0,promien_500m
3012,31-064,465.8,promien_500m
3012,31-030,478.2,promien_500m
3013,31-050,0.0,promien_500m
3013,31-054,8.2,promien_500m
3013,31-051,11.4,promien_500m
3013,31-055,56.8,promien_500m
3013,31-039,97.3,promien_500m
3013,31-052,112.3,promien_500m
3013,31-056,117.3,promien_500m
3013,31-057,133.2,promien_500m
3013,31-038,143.6,promien_500m
3013,31-053,167.2,promien_500m
3013,31-049,167.3,promien_500m
3013,31-032,192.6,promien_500m
3013,31-035,195.3,promien_500m
3013,31-031,209.4,promien_500m
3013,31-058,219.3,promien_500m
3013,31-059,220.9,promien_500m
3013,31-047,236.1,promien_500m
3013,31-063,251.4,promien_500m
3013,31-048,257.7,promien_500m
3013,31-036,259.6,promien_500m
3013,30-058,290.5,promien_500m
3013,31-062,307.0,promien_500m
3013,31-068,311.5,promien_500m
3013,31-045,323.6,promien_500m
3013,31-073,356.7,promien_500m
3013,31-070,359.5,promien_500m
3013,31-071,367.6,promien_500m
3013,31-538,370.2,promien_500m
3013,31-069,376.8,promien_500m
3013,31-537,378.3,promien_500m
3013,31-060,393.3,promien_500m
3013,30-052,407.5,promien_500m
3013,31-064,409.3,promien_500m
3013,31-535,416.4,promien_500m
3013,31-044,425.6,promien_500m
3013,31-536,438.2,promien_500m
3013,31-072,440.9,promien_500m
3013,31-046,442.8,promien_500m
3013,31-957,445.9,promien_500m
3013,30-960,450.6,promien_500m
3013,31-532,457.2,promien_500m
3013,31-065,473.6,promien_500m
3013,30-901,476.5,promien_500m
3013,31-001,481.5,promien_500m
3013,31-132,485.5,promien_500m
3014,31-050,0.0,promien_500m
3014,31-051,30.4,promien_500m
3014,31-055,43.2,promien_500m
3014,31-052,47.4,promien_500m
3014,31-054,51.5,promien_500m
3014,31-038,79.6,promien_500m
3014,31-057,81.5,promien_500m
3014,31-053,98.7,promien_500m
3014,31-056,126.4,promien_500m
3014,31-035,145.2,promien_500m
3014,31-032,155.3,promien_500m
3014,31-039,167.8,promien_500m
3014,31-031,170.3,promien_500m
3014,31-036,189.4,promien_500m
3014,31-049,212.0,promien_500m
3014,31-059,247.1,promien_500m
3014,31-045,257.6,promien_500m
3014,31-063,259.0,promien_500m
3014,31-058,261.7,promien_500m
3014,31-047,262.2,promien_500m
3014,31-048,322.4,promien_500m
3014,31-537,330.6,promien_500m
3014,31-538,331.6,promien_500m
3014,30-052,341.1,promien_500m
3014,31-062,345.4,promien_500m
3014,30-058,357.3,promien_500m
3014,31-068,357.7,promien_500m
3014,31-060,360.7,promien_500m
3014,31-535,361.1,promien_500m
3014,31-073,370.1,promien_500m
3014,31-536,371.5,promien_500m
3014,31-070,402.9,promien_500m
3014,31-071,425.8,promien_500m
3014,31-069,435.9,promien_500m
3014,31-532,442.4,promien_500m
3014,31-064,442.8,promien_500m
3014,31-072,453.9,promien_500m
3014,31-957,476.2,promien_500m
3014,31-534,478.7,promien_500m
3014,31-061,488.2,promien_500m
3014,31-132,488.2,promien_500m
3014,31-046,489.8,promien_500m
3014,31-044,497.0,promien_500m
3015,31-036,0.0,promien_500m
3015,31-035,3.0,promien_500m
3015,31-052,6.8,promien_500m
3015,31-038,36.0,promien_500m
3015,31-031,42.9,promien_500m
3015,31-053,45.5,promien_500m
3015,31-051,127.2,promien_500m
3015,31-050,131.2,promien_500m
3015,31-032,158.6,promien_500m
3015,31-045,159.1,promien_500m
3015,31-057,167.3,promien_500m
3015,31-536,177.0,promien_500m
3015,31-055,188.0,promien_500m
3015,31-537,195.3,promien_500m
3015,31-538,204.6,promien_500m
3015,31-535,206.5,promien_500m
3015,30-052,225.3,promien_500m
3015,31-054,244.5,promien_500m
3015,31-056,245.7,promien_500m
3015,31-534,282.0,promien_500m
3015,31-060,330.3,promien_500m
3015,31-039,336.3,promien_500m
3015,31-049,348.6,promien_500m
3015,31-047,364.1,promien_500m
3015,31-063,387.4,promien_500m
3015,31-058,391.1,promien_500m
3015,31-532,403.0,promien_500m
3015,31-059,403.1,promien_500m
3015,31-073,423.1,promien_500m
3015,31-061,449.9,promien_500m
3015,31-048,470.9,promien_500m
3015,31-072,489.8,promien_500m
3016,31-052,0.0,promien_500m
3016,31-053,22.7,promien_500m
3016,31-038,27.4,promien_500m
3016,31-035,45.4,promien_500m
3016,31-050,64.0,promien_500m
3016,31-051,68.7,promien_500m
3016,31-036,78.7,promien_500m
3016,31-057,86.2,promien_500m
3016,31-055,98.6,promien_500m
3016,31-031,108.1,promien_500m
3016,31-032,151.8,promien_500m
3016,31-054,157.5,promien_500m
3016,31-045,161.5,promien_500m
3016,31-056,182.6,promien_500m
3016,30-052,240.9,promien_500m
3016,31-536,266.4,promien_500m
3016,31-537,266.5,promien_500m
3016,31-538,278.5,promien_500m
3016,31-039,280.2,promien_500m
3016,31-535,284.3,promien_500m
3016,31-049,300.8,promien_500m
3016,31-063,304.2,promien_500m
3016,31-058,309.0,promien_500m
3016,31-059,316.0,promien_500m
3016,31-047,332.6,promien_500m
3016,31-060,337.5,promien_500m
3016,31-534,363.6,promien_500m
3016,31-073,415.8,promien_500m
3016,31-062,418.3,promien_500m
3016,31-048,420.6,promien_500m
3016,31-061,435.5,promien_500m
3016,31-532,437.1,promien_500m
3016,31-068,449.1,promien_500m
3016,30-058,470.0,promien_500m
3016,31-070,489.7,promien_500m
3016,31-072,491.8,promien_500m
3017,31-052,0.0,promien_500m
3017,31-053,14.0,promien_500m
3017,31-038,49.3,promien_500m
3017,31-050,49.3,promien_500m
3017,31-057,61.3,promien_500m
3017,31-035,70.6,promien_500m
3017,31-051,71.2,promien_500m
3017,31-055,74.1,promien_500m
3017,31-036,103.4,promien_500m
3017,31-031,133.5,promien_500m
3017,31-054,136.2,promien_500m
3017,31-056,157.1,promien_500m
3017,31-045,163.4,promien_500m
3017,31-032,165.0,promien_500m
3017,30-052,245.1,promien_500m
3017,31-039,268.2,promien_500m
3017,31-063,279.1,promien_500m
3017,31-058,284.1,promien_500m
3017,31-059,290.4,promien_500m
3017,31-537,291.1,promien_500m
3017,31-536,291.2,promien_500m
3017,31-049,296.9,promien_500m
3017,31-538,301.6,promien_500m
3017,31-535,309.5,promien_500m
3017,31-060,320.1,promien_500m
3017,31-047,333.8,promien_500m
3017,31-534,384.9,promien_500m
3017,31-062,392.7,promien_500m
3017,31-048,414.7,promien_500m
3017,31-073,423.4,promien_500m
3017,31-068,424.2,promien_500m
3017,31-061,428.4,promien_500m
3017,30-058,448.8,promien_500m
3017,31-532,454.7,promien_500m
3017,31-070,464.5,promien_500m
3017,31-064,490.9,promien_500m
3017,31-132,493.6,promien_500m
3018,31-055,0.0,promien_500m
3018,31-052,3.5,promien_500m
3018,31-050,10.3,promien_500m
3018,31-057,25.2,promien_500m
3018,31-054,59.1,promien_500m
3018,31-053,69.4,promien_500m
3018,31-056,78.8,promien_500m
3018,31-051,89.1,promien_500m
3018,31-038,111.7,promien_500m
3018,31-035,156.1,promien_500m
3018,31-036,189.4,promien_500m
3018,31-032,203.8,promien_500m
3018,31-039,205.1,promien_500m
3018,31-063,209.6,promien_500m
3018,31-031,210.0,promien_500m
3018,31-059,211.5,promien_500m
3018,31-045,216.1,promien_500m
3018,31-058,216.7,promien_500m
3018,31-049,270.6,promien_500m
3018,31-060,299.3,promien_500m
3018,30-052,299.9,promien_500m
3018,31-062,312.4,promien_500m
3018,31-047,323.3,promien_500m
3018,31-068,338.4,promien_500m
3018,31-048,353.7,promien_500m
3018,31-537,364.2,promien_500m
3018,30-058,366.3,promien_500m
3018,31-538,368.8,promien_500m
3018,31-536,377.2,promien_500m
3018,31-070,379.7,promien_500m
3018,31-535,387.0,promien_500m
3018,31-064,410.2,promien_500m
3018,31-071,419.1,promien_500m
3018,31-061,427.9,promien_500m
3018,31-069,430.4,promien_500m
3018,31-073,431.2,promien_500m
3018,31-132,435.3,promien_500m
3018,31-065,463.3,promien_500m
3018,31-534,469.2,promien_500m
3018,31-532,496.7,promien_500m
3019,31-055,0.0,promien_500m
3019,31-056,26.0,promien_500m
3019,31-054,33.4,promien_500m
3019,31-057,41.5,promien_500m
3019,31-050,51.7,promien_500m
3019,31-052,60.6,promien_500m
3019,31-051,103.3,promien_500m
3019,31-053,125.2,promien_500m
3019,31-059,148.1,promien_500m
3019,31-039,157.8,promien_500m
3019,31-063,160.4,promien_500m
3019,31-058,161.3,promien_500m
3019,31-038,173.2,promien_500m
3019,31-035,226.1,promien_500m
3019,31-062,247.8,promien_500m
3019,31-049,255.1,promien_500m
3019,31-032,256.3,promien_500m
3019,31-036,259.3,promien_500m
3019,31-045,268.6,promien_500m
3019,31-068,268.6,promien_500m
3019,31-031,271.2,promien_500m
3019,31-060,293.8,promien_500m
3019,31-048,302.3,promien_500m
3019,30-058,302.9,promien_500m
3019,31-070,310.5,promien_500m
3019,31-047,336.6,promien_500m
3019,31-064,344.5,promien_500m
3019,30-052,348.0,promien_500m
3019,31-071,350.1,promien_500m
3019,31-069,361.5,promien_500m
3019,31-132,391.2,promien_500m
3019,31-065,405.5,promien_500m
3019,31-061,407.3,promien_500m
3019,31-537,427.7,promien_500m
3019,31-538,430.7,promien_500m
3019,31-536,447.1,promien_500m
3019,31-535,453.7,promien_500m
3019,30-901,454.2,promien_500m
3019,31-073,454.8,promien_500m
3019,30-960,461.6,promien_500m
3019,31-020,462.3,promien_500m
3019,31-044,476.4,promien_500m
3020,31-055,0.0,promien_500m
3020,31-056,35.8,promien_500m
3020,31-054,39.7,promien_500m
3020,31-059,67.9,promien_500m
3020,31-057,87.3,promien_500m
3020,31-058,99.4,promien_500m
3020,31-039,102.9,promien_500m
3020,31-063,106.8,promien_500m
3020,31-050,127.8,promien_500m
3020,31-052,147.5,promien_500m
3020,31-051,161.5,promien_500m
3020,31-062,163.4,promien_500m
3020,31-068,180.6,promien_500m
3020,31-053,205.3,promien_500m
3020,31-070,222.6,promien_500m
3020,30-058,234.3,promien_500m
3020,31-049,256.3,promien_500m
3020,31-048,258.9,promien_500m
3020,31-038,259.0,promien_500m
3020,31-064,260.8,promien_500m
3020,31-071,263.4,promien_500m
3020,31-069,278.4,promien_500m
3020,31-060,288.5,promien_500m
3020,31-035,313.9,promien_500m
3020,31-065,323.8,promien_500m
3020,31-032,335.5,promien_500m
3020,31-045,339.2,promien_500m
3020,31-132,339.6,promien_500m
3020,31-036,347.0,promien_500m
3020,31-031,350.9,promien_500m
3020,31-047,363.5,promien_500m
3020,30-901,368.0,promien_500m
3020,30-960,388.1,promien_500m
3020,31-061,388.6,promien_500m
3020,31-020,394.9,promien_500m
3020,30-052,410.5,promien_500m
3020,31-044,424.9,promien_500m
3020,31-001,453.9,promien_500m
3020,31-067,466.3,promien_500m
3020,31-066,489.6,promien_500m
3020,31-003,498.0,promien_500m
3021,31-055,0.0,promien_500m
3021,31-059,9.3,promien_500m
3021,31-054,27.4,promien_500m
3021,31-039,53.7,promien_500m
3021,31-056,66.5,promien_500m
3021,31-058,72.6,promien_500m
3021,31-062,79.0,promien_500m
3021,31-063,92.9,promien_500m
3021,31-068,101.4,promien_500m
3021,31-070,139.3,promien_500m
3021,31-057,144.7,promien_500m
3021,31-064,178.1,promien_500m
3021,31-071,183.1,promien_500m
3021,31-050,198.6,promien_500m
3021,30-058,201.4,promien_500m
3021,31-069,213.9,promien_500m
3021,31-052,227.1,promien_500m
3021,31-051,241.0,promien_500m
3021,31-065,242.2,promien_500m
3021,31-048,258.4,promien_500m
3021,31-049,258.8,promien_500m
3021,31-060,272.3,promien_500m
3021,31-053,278.0,promien_500m
3021,31-132,290.0,promien_500m
3021,30-901,293.9,promien_500m
3021,31-020,326.6,promien_500m
3021,30-960,338.5,promien_500m
3021,31-038,343.5,promien_500m
3021,31-061,369.8,promien_500m
3021,31-067,394.1,promien_500m
3021,31-035,395.8,promien_500m
3021,31-044,400.7,promien_500m
3021,31-045,404.3,promien_500m
3021,31-047,413.1,promien_500m
3021,31-001,418.1,promien_500m
3021,31-032,418.7,promien_500m
3021,31-036,428.5,promien_500m
3021,31-031,434.3,promien_500m
3021,31-066,436.8,promien_500m
3021,31-155,455.4,promien_500m
3021,30-052,466.9,promien_500m
3021,31-003,471.7,promien_500m
3022,31-055,0.0,promien_500m
3022,31-062,5.2,promien_500m
3022,31-054,19.0,promien_500m
3022,31-039,24.0,promien_500m
3022,31-058,39.0,promien_500m
3022,31-059,54.0,promien_500m
3022,31-068,56.2,promien_500m
3022,31-070,63.4,promien_500m
3022,31-063,68.6,promien_500m
3022,31-064,88.9,promien_500m
3022,31-071,106.3,promien_500m
3022,31-056,114.8,promien_500m
3022,31-065,154.0,promien_500m
3022,31-069,171.4,promien_500m
3022,30-058,213.3,promien_500m
3022,31-057,217.6,promien_500m
3022,30-901,233.7,promien_500m
3022,31-132,241.9,promien_500m
3022,31-060,243.2,promien_500m
3022,31-020,254.3,promien_500m
3022,31-050,284.4,promien_500m
3022,31-048,298.1,promien_500m
3022,31-049,299.2,promien_500m
3022,31-052,310.8,promien_500m
3022,31-067,315.5,promien_500m
3022,30-960,316.0,promien_500m
3022,31-051,330.3,promien_500m
3022,31-053,337.4,promien_500m
3022,31-061,350.4,promien_500m
3022,31-155,374.1,promien_500m
3022,31-066,380.5,promien_500m
3022,31-044,406.8,promien_500m
3022,31-001,409.5,promien_500m
3022,31-038,432.3,promien_500m
3022,31-003,471.1,promien_500m
3022,31-045,472.7,promien_500m
3022,31-035,480.6,promien_500m
3022,31-047,484.9,promien_500m
3023,31-036,0.0,promien_500m
3023,31-052,31.5,promien_500m
3023,31-035,32.4,promien_500m
3023,31-031,53.2,promien_500m
3023,31-053,86.8,promien_500m
3023,31-038,94.7,promien_500m
3023,31-536,123.7,promien_500m
3023,31-045,156.6,promien_500m
3023,31-535,174.0,promien_500m
3023,31-051,180.0,promien_500m
3023,31-537,182.7,promien_500m
3023,31-538,184.5,promien_500m
3023,31-050,191.2,promien_500m
3023,31-032,205.6,promien_500m
3023,30-052,208.8,promien_500m
3023,31-057,215.1,promien_500m
3023,31-534,221.9,promien_500m
3023,31-055,244.1,promien_500m
3023,31-056,264.8,promien_500m
3023,31-054,303.3,promien_500m
3023,31-060,310.1,promien_500m
3023,31-039,393.2,promien_500m
3023,31-532,399.7,promien_500m
3023,31-049,403.3,promien_500m
3023,31-047,413.1,promien_500m
3023,31-063,432.9,promien_500m
3023,31-058,435.6,promien_500m
3023,31-061,442.6,promien_500m
3023,31-059,453.1,promien_500m
3023,31-073,460.6,promien_500m
3023,31-540,480.8,promien_500m
3024,31-035,0.0,promien_500m
3024,31-036,3.7,promien_500m
3024,31-052,47.5,promien_500m
3024,31-045,116.5,promien_500m
3024,31-053,121.6,promien_500m
3024,30-052,134.5,promien_500m
3024,31-536,138.3,promien_500m
3024,31-031,146.2,promien_500m
3024,31-534,170.5,promien_500m
3024,31-038,173.9,promien_500m
3024,31-060,222.8,promien_500m
3024,31-056,226.0,promien_500m
3024,31-535,227.8,promien_500m
3024,31-057,235.2,promien_500m
3024,31-538,256.6,promien_500m
3024,31-537,260.3,promien_500m
3024,31-051,265.2,promien_500m
3024,31-050,268.2,promien_500m
3024,31-055,294.2,promien_500m
3024,31-032,301.2,promien_500m
3024,31-054,360.5,promien_500m
3024,31-061,360.5,promien_500m
3024,31-532,426.4,promien_500m
3024,30-701,442.7,promien_500m
3024,31-063,446.2,promien_500m
3024,31-058,446.4,promien_500m
3024,31-540,454.6,promien_500m
3024,31-059,476.5,promien_500m
3024,31-039,478.9,promien_500m
3024,31-049,492.7,promien_500m
3025,31-036,0.0,promien_500m
3025,31-035,30.5,promien_500m
3025,31-052,86.2,promien_500m
3025,31-536,123.5,promien_500m
3025,30-052,126.3,promien_500m
3025,31-045,133.2,promien_500m
3025,31-053,147.7,promien_500m
3025,31-534,148.8,promien_500m
3025,31-031,188.9,promien_500m
3025,31-060,194.6,promien_500m
3025,31-038,220.2,promien_500m
3025,31-056,232.9,promien_500m
3025,31-057,233.2,promien_500m
3025,31-535,249.1,promien_500m
3025,31-538,288.8,promien_500m
3025,31-537,293.6,promien_500m
3025,31-051,311.5,promien_500m
3025,31-050,313.2,promien_500m
3025,31-061,333.6,promien_500m
3025,31-055,334.5,promien_500m
3025,31-032,348.7,promien_500m
3025,30-701,395.2,promien_500m
3025,31-054,401.8,promien_500m
3025,31-532,433.9,promien_500m
3025,31-540,435.4,promien_500m
3025,30-527,461.8,promien_500m
3025,31-058,471.2,promien_500m
3025,31-063,471.2,promien_500m
3025,31-059,492.6,promien_500m
3026,31-036,0.0,promien_500m
3026,31-035,50.8,promien_500m
3026,31-052,88.2,promien_500m
3026,31-534,96.3,promien_500m
3026,30-052,118.3,promien_500m
3026,31-060,129.9,promien_500m
3026,31-536,143.6,promien_500m
3026,31-045,171.7,promien_500m
3026,31-053,182.0,promien_500m
3026,31-057,212.1,promien_500m
3026,31-056,243.6,promien_500m
3026,31-061,267.1,promien_500m
3026,31-535,274.5,promien_500m
3026,31-031,285.0,promien_500m
3026,30-701,302.5,promien_500m
3026,31-038,307.4,promien_500m
3026,30-527,367.5,promien_500m
3026,31-538,378.2,promien_500m
3026,31-537,383.9,promien_500m
3026,31-050,386.0,promien_500m
3026,31-051,397.3,promien_500m
3026,31-055,404.7,promien_500m
3026,31-032,442.3,promien_500m
3026,31-540,442.3,promien_500m
3026,31-054,473.0,promien_500m
3026,30-106,475.0,promien_500m
3026,31-532,482.8,promien_500m
3026,31-059,496.6,promien_500m
3027,31-036,0.0,promien_500m
3027,31-052,42.0,promien_500m
3027,31-035,42.8,promien_500m
3027,31-534,60.9,promien_500m
3027,31-536,73.2,promien_500m
3027,31-060,103.3,promien_500m
3027,30-052,171.1,promien_500m
3027,30-701,212.3,promien_500m
3027,31-061,234.0,promien_500m
3027,31-057,237.8,promien_500m
3027,31-053,240.2,promien_500m
3027,31-045,245.4,promien_500m
3027,30-527,279.6,promien_500m
3027,31-535,280.2,promien_500m
3027,31-056,282.7,promien_500m
3027,31-031,375.8,promien_500m
3027,31-038,396.4,promien_500m
3027,30-106,415.6,promien_500m
3027,30-530,425.3,promien_500m
3027,30-549,450.3,promien_500m
3027,31-540,458.8,promien_500m
3027,31-538,459.8,promien_500m
3027,31-537,466.1,promien_500m
3027,31-050,467.5,promien_500m
3027,30-547,471.2,promien_500m
3027,31-055,482.5,promien_500m
3027,31-051,485.2,promien_500m
3028,31-052,0.0,promien_500m
3028,31-036,11.1,promien_500m
3028,31-536,42.0,promien_500m
3028,31-035,69.3,promien_500m
3028,31-534,110.0,promien_500m
3028,30-701,116.9,promien_500m
3028,31-060,131.6,promien_500m
3028,30-527,175.2,promien_500m
3028,31-061,214.3,promien_500m
3028,30-052,247.9,promien_500m
3028,31-057,275.5,promien_500m
3028,31-053,306.5,promien_500m
3028,31-045,330.5,promien_500m
3028,30-530,334.6,promien_500m
3028,31-056,334.9,promien_500m
3028,31-535,339.0,promien_500m
3028,30-106,344.4,promien_500m
3028,30-549,350.2,promien_500m
3028,30-547,367.6,promien_500m
3028,30-550,442.4,promien_500m
3028,30-548,457.9,promien_500m
3028,30-529,467.3,promien_500m
3028,31-031,479.9,promien_500m
3028,31-038,493.6,promien_500m
3028,30-535,494.8,promien_500m
3029,31-052,0.0,promien_500m
3029,31-035,11.2,promien_500m
3029,31-060,38.6,promien_500m
3029,31-036,43.7,promien_500m
3029,31-536,118.3,promien_500m
3029,31-534,144.0,promien_500m
3029,31-061,149.8,promien_500m
3029,30-052,161.4,promien_500m
3029,31-057,184.0,promien_500m
3029,30-701,206.6,promien_500m
3029,31-053,214.2,promien_500m
3029,30-527,227.4,promien_500m
3029,31-056,241.8,promien_500m
3029,31-045,245.9,promien_500m
3029,30-106,334.1,promien_500m
3029,30-530,354.9,promien_500m
3029,31-535,365.5,promien_500m
3029,30-549,411.1,promien_500m
3029,31-038,417.2,promien_500m
3029,31-031,420.7,promien_500m
3029,30-547,421.6,promien_500m
3029,31-050,467.2,promien_500m
3029,31-059,467.2,promien_500m
3029,31-055,473.4,promien_500m
3029,30-529,495.5,promien_500m
3030,31-035,0.0,promien_500m
3030,31-052,11.9,promien_500m
3030,31-036,47.7,promien_500m
3030,31-045,57.7,promien_500m
3030,31-053,67.4,promien_500m
3030,30-052,85.3,promien_500m
3030,31-038,162.7,promien_500m
3030,31-056,166.4,promien_500m
3030,31-031,177.1,promien_500m
3030,31-057,183.4,promien_500m
3030,31-060,186.6,promien_500m
3030,31-536,195.6,promien_500m
3030,31-534,224.9,promien_500m
3030,31-050,239.4,promien_500m
3030,31-051,250.6,promien_500m
3030,31-055,259.2,promien_500m
3030,31-535,279.3,promien_500m
3030,31-538,301.8,promien_500m
3030,31-537,304.0,promien_500m
3030,31-032,305.0,promien_500m
3030,31-061,319.2,promien_500m
3030,31-054,327.3,promien_500m
3030,31-058,391.9,promien_500m
3030,31-063,391.9,promien_500m
3030,31-059,422.4,promien_500m
3030,30-701,446.0,promien_500m
3030,31-039,465.5,promien_500m
3030,30-527,476.4,promien_500m
3030,31-049,483.4,promien_500m
3030,31-532,485.0,promien_500m
3031,31-052,0.0,promien_500m
3031,31-035,3.5,promien_500m
3031,30-052,35.4,promien_500m
3031,31-045,49.4,promien_500m
3031,31-036,52.0,promien_500m
3031,31-053,69.9,promien_500m
3031,31-060,134.1,promien_500m
3031,31-056,139.1,promien_500m
3031,31-057,143.6,promien_500m
3031,31-038,208.0,promien_500m
3031,31-536,218.0,promien_500m
3031,31-534,218.7,promien_500m
3031,31-031,229.4,promien_500m
3031,31-061,267.4,promien_500m
3031,31-050,268.6,promien_500m
3031,31-055,285.4,promien_500m
3031,31-051,291.9,promien_500m
3031,31-535,326.3,promien_500m
3031,31-538,351.8,promien_500m
3031,31-032,353.3,promien_500m
3031,31-054,353.7,promien_500m
3031,31-537,354.5,promien_500m
3031,31-058,387.9,promien_500m
3031,31-063,387.9,promien_500m
3031,31-059,399.0,promien_500m
3031,30-701,405.3,promien_500m
3031,30-527,424.0,promien_500m
3031,30-106,492.9,promien_500m
3031,31-039,496.6,promien_500m
3032,31-035,0.0,promien_500m
3032,31-036,0.3,promien_500m
3032,31-052,14.2,promien_500m
3032,30-052,44.6,promien_500m
3032,31-060,77.1,promien_500m
3032,31-053,112.7,promien_500m
3032,31-045,117.6,promien_500m
3032,31-057,136.7,promien_500m
3032,31-534,164.6,promien_500m
3032,31-056,168.6,promien_500m
3032,31-536,199.1,promien_500m
3032,31-061,216.1,promien_500m
3032,31-038,282.7,promien_500m
3032,31-031,292.1,promien_500m
3032,30-701,330.5,promien_500m
3032,31-050,341.6,promien_500m
3032,31-535,350.1,promien_500m
3032,31-055,353.9,promien_500m
3032,30-527,356.2,promien_500m
3032,31-051,367.2,promien_500m
3032,31-538,403.4,promien_500m
3032,31-537,407.5,promien_500m
3032,31-059,420.9,promien_500m
3032,31-054,424.9,promien_500m
3032,31-032,426.9,promien_500m
3032,31-058,435.2,promien_500m
3032,31-063,435.2,promien_500m
3032,30-106,436.4,promien_500m
3032,30-530,477.0,promien_500m
3033,31-052,0.0,promien_500m
3033,31-035,16.5,promien_500m
3033,31-053,21.6,promien_500m
3033,31-045,37.8,promien_500m
3033,31-036,71.6,promien_500m
3033,30-052,109.1,promien_500m
3033,31-038,121.2,promien_500m
3033,31-057,128.8,promien_500m
3033,31-056,143.4,promien_500m
3033,31-031,164.3,promien_500m
3033,31-050,181.9,promien_500m
3033,31-055,201.0,promien_500m
3033,31-051,202.0,promien_500m
3033,31-060,213.5,promien_500m
3033,31-536,232.4,promien_500m
3033,31-032,268.4,promien_500m
3033,31-054,269.2,promien_500m
3033,31-534,276.8,promien_500m
3033,31-535,295.7,promien_500m
3033,31-537,304.4,promien_500m
3033,31-538,308.2,promien_500m
3033,31-061,328.7,promien_500m
3033,31-063,339.9,promien_500m
3033,31-058,340.2,promien_500m
3033,31-059,370.4,promien_500m
3033,31-039,409.4,promien_500m
3033,31-049,434.8,promien_500m
3033,31-047,463.7,promien_500m
3033,31-062,469.6,promien_500m
3033,30-701,495.3,promien_500m
3033,30-527,498.3,promien_500m
3034,31-052,0.0,promien_500m
3034,31-053,14.2,promien_500m
3034,31-045,27.7,promien_500m
3034,30-052,36.1,promien_500m
3034,31-035,50.9,promien_500m
3034,31-056,83.6,promien_500m
3034,31-036,99.8,promien_500m
3034,31-057,100.0,promien_500m
3034,31-060,129.3,promien_500m
3034,31-038,208.3,promien_500m
3034,31-061,241.1,promien_500m
3034,31-050,242.1,promien_500m
3034,31-055,250.3,promien_500m
3034,31-031,252.9,promien_500m
3034,31-534,265.2,promien_500m
3034,31-536,272.6,promien_500m
3034,31-051,281.8,promien_500m
3034,31-054,323.3,promien_500m
3034,31-058,335.6,promien_500m
3034,31-063,335.6,promien_500m
3034,31-059,343.5,promien_500m
3034,31-032,355.5,promien_500m
3034,31-535,366.7,promien_500m
3034,31-537,386.5,promien_500m
3034,31-538,386.6,promien_500m
3034,30-527,409.4,promien_500m
3034,30-701,429.5,promien_500m
3034,31-062,460.3,promien_500m
3034,31-039,468.7,promien_500m
3034,30-106,474.4,promien_500m
3034,31-132,475.4,promien_500m
3035,31-052,0.0,promien_500m
3035,31-057,37.2,promien_500m
3035,30-052,39.4,promien_500m
3035,31-053,44.4,promien_500m
3035,31-060,55.7,promien_500m
3035,31-056,74.3,promien_500m
3035,31-035,78.5,promien_500m
3035,31-036,97.4,promien_500m
3035,31-045,108.7,promien_500m
3035,31-061,161.7,promien_500m
3035,31-534,259.0,promien_500m
3035,31-536,280.2,promien_500m
3035,31-038,288.7,promien_500m
3035,31-055,306.5,promien_500m
3035,31-050,306.9,promien_500m
3035,31-059,322.6,promien_500m
3035,30-527,328.4,promien_500m
3035,31-031,333.8,promien_500m
3035,31-058,351.9,promien_500m
3035,31-063,351.9,promien_500m
3035,31-051,358.4,promien_500m
3035,30-701,377.7,promien_500m
3035,31-054,384.2,promien_500m
3035,30-106,393.4,promien_500m
3035,31-032,435.5,promien_500m
3035,31-535,437.0,promien_500m
3035,31-062,445.9,promien_500m
3035,31-132,454.3,promien_500m
3035,30-530,455.5,promien_500m
3035,31-538,461.2,promien_500m
3035,31-537,463.3,promien_500m
3036,31-052,0.0,promien_500m
3036,31-060,18.3,promien_500m
3036,31-057,23.6,promien_500m
3036,31-053,88.3,promien_500m
3036,31-056,92.4,promien_500m
3036,30-052,96.2,promien_500m
3036,31-061,103.9,promien_500m
3036,31-035,110.9,promien_500m
3036,31-036,136.0,promien_500m
3036,31-045,165.8,promien_500m
3036,30-527,272.2,promien_500m
3036,31-534,278.1,promien_500m
3036,31-536,278.4,promien_500m
3036,31-059,308.1,promien_500m
3036,30-106,337.2,promien_500m
3036,31-055,338.9,promien_500m
3036,31-038,344.1,promien_500m
3036,31-050,351.0,promien_500m
3036,30-701,356.4,promien_500m
3036,31-058,363.2,promien_500m
3036,31-063,363.2,promien_500m
3036,31-031,391.0,promien_500m
3036,30-530,403.8,promien_500m
3036,31-051,409.7,promien_500m
3036,31-054,424.5,promien_500m
3036,31-062,431.2,promien_500m
3036,31-132,436.2,promien_500m
3036,30-529,453.6,promien_500m
3036,31-066,461.7,promien_500m
3036,30-508,466.5,promien_500m
3036,31-535,481.5,promien_500m
3036,31-032,490.2,promien_500m
3036,30-506,494.5,promien_500m
3037,31-053,0.0,promien_500m
3037,31-052,31.7,promien_500m
3037,31-045,38.4,promien_500m
3037,31-057,72.0,promien_500m
3037,31-035,78.3,promien_500m
3037,31-056,86.5,promien_500m
3037,30-052,121.5,promien_500m
3037,31-036,133.5,promien_500m
3037,31-038,143.1,promien_500m
3037,31-050,155.9,promien_500m
3037,31-055,166.0,promien_500m
3037,31-031,201.5,promien_500m
3037,31-051,202.3,promien_500m
3037,31-060,205.7,promien_500m
3037,31-054,237.4,promien_500m
3037,31-058,280.1,promien_500m
3037,31-063,280.1,promien_500m
3037,31-032,285.1,promien_500m
3037,31-536,293.0,promien_500m
3037,31-061,300.9,promien_500m
3037,31-059,313.7,promien_500m
3037,31-534,336.1,promien_500m
3037,31-535,352.7,promien_500m
3037,31-537,353.3,promien_500m
3037,31-538,359.9,promien_500m
3037,31-039,383.1,promien_500m
3037,31-062,411.3,promien_500m
3037,31-049,428.1,promien_500m
3037,31-132,451.5,promien_500m
3037,31-047,465.8,promien_500m
3037,31-068,469.1,promien_500m
3037,30-527,477.9,promien_500m
3038,31-053,0.0,promien_500m
3038,31-052,30.4,promien_500m
3038,31-035,55.8,promien_500m
3038,31-038,70.9,promien_500m
3038,31-057,73.0,promien_500m
3038,31-036,90.7,promien_500m
3038,31-050,96.7,promien_500m
3038,31-045,106.9,promien_500m
3038,31-055,117.4,promien_500m
3038,31-051,124.2,promien_500m
3038,31-031,136.9,promien_500m
3038,31-056,153.8,promien_500m
3038,31-054,184.9,promien_500m
3038,30-052,187.7,promien_500m
3038,31-032,206.3,promien_500m
3038,31-536,267.2,promien_500m
3038,31-060,285.0,promien_500m
3038,31-063,289.4,promien_500m
3038,31-058,292.2,promien_500m
3038,31-537,296.2,promien_500m
3038,31-538,306.5,promien_500m
3038,31-535,308.7,promien_500m
3038,31-059,310.4,promien_500m
3038,31-039,323.5,promien_500m
3038,31-534,343.7,promien_500m
3038,31-049,353.7,promien_500m
3038,31-061,379.8,promien_500m
3038,31-047,388.1,promien_500m
3038,31-062,412.5,promien_500m
3038,31-068,455.1,promien_500m
3038,31-073,471.7,promien_500m
3038,31-048,472.0,promien_500m
3038,31-532,485.7,promien_500m
3038,31-132,488.5,promien_500m
3038,31-070,492.0,promien_500m
3038,30-058,494.6,promien_500m
3039,31-057,0.0,promien_500m
3039,31-052,30.5,promien_500m
3039,31-055,32.4,promien_500m
3039,31-053,35.1,promien_500m
3039,31-050,47.8,promien_500m
3039,31-056,75.6,promien_500m
3039,31-054,109.4,promien_500m
3039,31-038,142.0,promien_500m
3039,31-051,143.3,promien_500m
3039,31-035,157.2,promien_500m
3039,31-045,173.6,promien_500m
3039,31-063,186.9,promien_500m
3039,31-036,189.6,promien_500m
3039,31-058,191.5,promien_500m
3039,31-059,202.8,promien_500m
3039,31-031,225.5,promien_500m
3039,31-032,243.8,promien_500m
3039,31-060,246.6,promien_500m
3039,31-039,250.7,promien_500m
3039,30-052,254.3,promien_500m
3039,31-062,305.2,promien_500m
3039,31-049,326.6,promien_500m
3039,31-068,347.1,promien_500m
3039,31-536,373.9,promien_500m
3039,31-047,378.2,promien_500m
3039,31-061,379.8,promien_500m
3039,31-070,383.6,promien_500m
3039,31-537,383.9,promien_500m
3039,31-538,393.8,promien_500m
3039,31-048,395.9,promien_500m
3039,30-058,397.2,promien_500m
3039,31-132,401.8,promien_500m
3039,31-535,401.8,promien_500m
3039,31-064,403.3,promien_500m
3039,31-071,427.9,promien_500m
3039,31-065,437.5,promien_500m
3039,31-069,449.6,promien_500m
3039,31-534,450.5,promien_500m
3039,31-073,483.4,promien_500m
3039,31-020,490.5,promien_500m
3040,31-057,0.0,promien_500m
3040,31-053,24.6,promien_500m
3040,31-056,65.0,promien_500m
3040,31-052,89.1,promien_500m
3040,31-055,97.9,promien_500m
3040,31-050,126.1,promien_500m
3040,31-045,145.0,promien_500m
3040,31-058,167.9,promien_500m
3040,31-063,167.9,promien_500m
3040,31-060,169.6,promien_500m
3040,31-054,181.0,promien_500m
3040,31-035,188.8,promien_500m
3040,31-038,199.4,promien_500m
3040,31-059,203.4,promien_500m
3040,30-052,206.3,promien_500m
3040,31-051,215.5,promien_500m
3040,31-036,227.5,promien_500m
3040,31-031,272.3,promien_500m
3040,31-062,299.4,promien_500m
3040,31-039,305.1,promien_500m
3040,31-061,308.5,promien_500m
3040,31-032,315.2,promien_500m
3040,31-132,352.0,promien_500m
3040,31-068,361.4,promien_500m
3040,31-070,389.8,promien_500m
3040,31-064,393.6,promien_500m
3040,31-536,396.2,promien_500m
3040,31-065,398.9,promien_500m
3040,31-049,405.7,promien_500m
3040,31-537,432.4,promien_500m
3040,31-071,433.8,promien_500m
3040,30-058,439.2,promien_500m
3040,31-534,441.4,promien_500m
3040,31-538,443.2,promien_500m
3040,31-535,445.4,promien_500m
3040,31-020,451.1,promien_500m
3040,31-048,453.1,promien_500m
3040,31-047,457.8,promien_500m
3040,31-066,473.4,promien_500m
3040,31-069,474.9,promien_500m
3040,30-527,492.2,promien_500m
3040,30-960,493.8,promien_500m
3041,31-057,0.0,promien_500m
3041,31-055,17.6,promien_500m
3041,31-056,35.1,promien_500m
3041,31-052,55.3,promien_500m
3041,31-053,87.2,promien_500m
3041,31-050,91.8,promien_500m
3041,31-054,105.9,promien_500m
3041,31-063,131.4,promien_500m
3041,31-058,136.7,promien_500m
3041,31-059,147.0,promien_500m
3041,31-051,164.0,promien_500m
3041,31-038,193.5,promien_500m
3041,31-045,213.3,promien_500m
3041,31-035,213.5,promien_500m
3041,31-039,223.2,promien_500m
3041,31-060,224.1,promien_500m
3041,31-036,246.0,promien_500m
3041,31-062,249.2,promien_500m
3041,31-031,281.1,promien_500m
3041,30-052,285.1,promien_500m
3041,31-032,287.9,promien_500m
3041,31-068,295.3,promien_500m
3041,31-049,329.0,promien_500m
3041,31-070,329.7,promien_500m
3041,31-061,345.5,promien_500m
3041,31-064,347.1,promien_500m
3041,31-132,351.9,promien_500m
3041,30-058,359.2,promien_500m
3041,31-048,370.5,promien_500m
3041,31-071,374.1,promien_500m
3041,31-065,383.8,promien_500m
3041,31-047,399.6,promien_500m
3041,31-069,402.4,promien_500m
3041,31-536,429.9,promien_500m
3041,31-020,436.7,promien_500m
3041,31-537,438.5,promien_500m
3041,31-538,446.5,promien_500m
3041,31-535,457.2,promien_500m
3041,30-960,486.9,promien_500m
3041,30-901,487.5,promien_500m
3041,31-066,488.8,promien_500m
3042,31-057,0.0,promien_500m
3042,31-056,15.3,promien_500m
3042,31-053,66.1,promien_500m
3042,31-058,109.3,promien_500m
3042,31-063,109.3,promien_500m
3042,31-060,119.3,promien_500m
3042,31-055,120.1,promien_500m
3042,31-059,138.0,promien_500m
3042,31-052,154.4,promien_500m
3042,31-050,184.2,promien_500m
3042,31-054,201.9,promien_500m
3042,31-045,206.2,promien_500m
3042,31-062,239.5,promien_500m
3042,31-061,243.2,promien_500m
3042,30-052,249.6,promien_500m
3042,31-035,258.6,promien_500m
3042,31-039,266.0,promien_500m
3042,31-051,269.4,promien_500m
3042,31-038,271.2,promien_500m
3042,31-132,276.8,promien_500m
3042,31-036,302.6,promien_500m
3042,31-068,319.5,promien_500m
3042,31-065,325.1,promien_500m
3042,31-064,333.1,promien_500m
3042,31-070,340.5,promien_500m
3042,31-031,346.8,promien_500m
3042,31-020,377.0,promien_500m
3042,31-032,380.6,promien_500m
3042,31-071,383.2,promien_500m
3042,31-066,400.2,promien_500m
3042,30-960,418.6,promien_500m
3042,30-058,420.4,promien_500m
3042,31-049,428.3,promien_500m
3042,31-069,439.2,promien_500m
3042,31-067,443.4,promien_500m
3042,31-048,451.4,promien_500m
3042,30-527,461.9,promien_500m
3042,31-536,469.9,promien_500m
3042,31-534,490.2,promien_500m
3043,31-056,0.0,promien_500m
3043,31-057,11.9,promien_500m
3043,31-058,74.1,promien_500m
3043,31-063,74.1,promien_500m
3043,31-053,100.0,promien_500m
3043,31-059,104.9,promien_500m
3043,31-055,117.6,promien_500m
3043,31-060,127.0,promien_500m
3043,31-052,160.8,promien_500m
3043,31-054,185.0,promien_500m
3043,31-050,194.9,promien_500m
3043,31-062,206.1,promien_500m
3043,31-039,232.1,promien_500m
3043,31-061,239.9,promien_500m
3043,31-045,240.5,promien_500m
3043,31-132,253.4,promien_500m
3043,31-051,267.9,promien_500m
3043,30-052,284.9,promien_500m
3043,31-068,285.6,promien_500m
3043,31-038,289.8,promien_500m
3043,31-035,290.3,promien_500m
3043,31-065,296.4,promien_500m
3043,31-064,298.0,promien_500m
3043,31-070,305.5,promien_500m
3043,31-036,326.9,promien_500m
3043,31-071,348.1,promien_500m
3043,31-020,348.9,promien_500m
3043,31-031,369.0,promien_500m
3043,31-066,384.2,promien_500m
3043,30-058,391.8,promien_500m
3043,31-032,392.4,promien_500m
3043,30-960,393.5,promien_500m
3043,31-069,406.2,promien_500m
3043,31-049,414.9,promien_500m
3043,31-067,417.1,promien_500m
3043,31-048,428.2,promien_500m
3043,30-901,475.0,promien_500m
3043,30-527,478.8,promien_500m
3043,31-155,490.4,promien_500m
3043,31-536,498.9,promien_500m
3044,31-056,0.0,promien_500m
3044,31-057,3.7,promien_500m
3044,31-055,45.1,promien_500m
3044,31-063,81.2,promien_500m
3044,31-058,89.0,promien_500m
3044,31-059,90.8,promien_500m
3044,31-054,95.2,promien_500m
3044,31-052,104.0,promien_500m
3044,31-050,134.4,promien_500m
3044,31-053,142.1,promien_500m
3044,31-051,186.9,promien_500m
3044,31-039,188.4,promien_500m
3044,31-062,193.0,promien_500m
3044,31-060,217.0,promien_500m
3044,31-038,240.3,promien_500m
3044,31-068,242.0,promien_500m
3044,31-045,263.1,promien_500m
3044,31-035,269.4,promien_500m
3044,31-070,274.6,promien_500m
3044,31-064,291.0,promien_500m
3044,31-036,301.6,promien_500m
3044,31-132,309.8,promien_500m
3044,31-071,319.0,promien_500m
3044,30-058,319.8,promien_500m
3044,31-049,324.8,promien_500m
3044,31-061,325.5,promien_500m
3044,30-052,328.2,promien_500m
3044,31-032,331.0,promien_500m
3044,31-065,334.8,promien_500m
3044,31-031,335.0,promien_500m
3044,31-048,344.4,promien_500m
3044,31-069,353.2,promien_500m
3044,31-020,387.4,promien_500m
3044,31-047,419.9,promien_500m
3044,30-901,434.9,promien_500m
3044,30-960,439.9,promien_500m
3044,31-066,452.7,promien_500m
3044,31-067,459.8,promien_500m
3044,31-536,486.1,promien_500m
3044,31-537,491.0,promien_500m
3044,31-538,496.7,promien_500m
3045,31-056,0.0,promien_500m
3045,31-063,1.0,promien_500m
3045,31-058,11.1,promien_500m
3045,31-059,43.7,promien_500m
3045,31-055,53.4,promien_500m
3045,31-057,78.3,promien_500m
3045,31-062,132.6,promien_500m
3045,31-054,145.3,promien_500m
3045,31-039,153.7,promien_500m
3045,31-060,167.9,promien_500m
3045,31-053,173.9,promien_500m
3045,31-052,182.9,promien_500m
3045,31-068,207.1,promien_500m
3045,31-050,211.6,promien_500m
3045,31-064,226.0,promien_500m
3045,31-070,227.3,promien_500m
3045,31-132,231.3,promien_500m
3045,31-065,254.7,promien_500m
3045,31-051,261.1,promien_500m
3045,31-061,268.1,promien_500m
3045,31-071,270.3,promien_500m
3045,31-020,307.4,promien_500m
3045,31-045,311.9,promien_500m
3045,31-038,320.3,promien_500m
3045,30-058,321.0,promien_500m
3045,31-069,328.2,promien_500m
3045,31-035,341.7,promien_500m
3045,30-960,359.7,promien_500m
3045,30-052,362.1,promien_500m
3045,31-048,368.2,promien_500m
3045,31-049,368.2,promien_500m
3045,31-036,374.8,promien_500m
3045,31-066,377.2,promien_500m
3045,31-067,379.7,promien_500m
3045,30-901,396.3,promien_500m
3045,31-032,411.2,promien_500m
3045,31-031,411.4,promien_500m
3045,31-155,448.3,promien_500m
3045,31-047,482.7,promien_500m
3046,31-056,0.0,promien_500m
3046,31-062,5.7,promien_500m
3046,31-063,31.5,promien_500m
3046,31-058,37.5,promien_500m
3046,31-059,52.8,promien_500m
3046,31-055,77.3,promien_500m
3046,31-065,86.3,promien_500m
3046,31-064,88.0,promien_500m
3046,31-132,100.0,promien_500m
3046,31-060,100.6,promien_500m
3046,31-020,137.6,promien_500m
3046,31-054,138.1,promien_500m
3046,31-039,164.5,promien_500m
3046,31-070,166.1,promien_500m
3046,31-068,192.5,promien_500m
3046,30-960,194.2,promien_500m
3046,31-071,203.8,promien_500m
3046,31-067,211.1,promien_500m
3046,31-061,216.0,promien_500m
3046,31-057,221.1,promien_500m
3046,31-066,241.1,promien_500m
3046,31-155,277.1,promien_500m
3046,31-069,289.1,promien_500m
3046,31-053,320.4,promien_500m
3046,30-901,332.6,promien_500m
3046,30-058,354.0,promien_500m
3046,31-052,354.4,promien_500m
3046,31-050,375.1,promien_500m
3046,31-051,418.3,promien_500m
3046,31-035,421.0,promien_500m
3046,31-048,439.4,promien_500m
3046,31-049,440.3,promien_500m
3046,31-045,459.0,promien_500m
3046,30-052,490.7,promien_500m
3046,31-038,491.1,promien_500m
3047,31-056,0.0,promien_500m
3047,31-059,49.2,promien_500m
3047,31-058,63.3,promien_500m
3047,31-060,69.6,promien_500m
3047,31-063,86.3,promien_500m
3047,31-057,90.4,promien_500m
3047,31-055,91.8,promien_500m
3047,31-062,128.2,promien_500m
3047,31-132,156.6,promien_500m
3047,31-061,170.0,promien_500m
3047,31-053,183.2,promien_500m
3047,31-065,204.9,promien_500m
3047,31-054,218.0,promien_500m
3047,31-039,221.2,promien_500m
3047,31-064,229.9,promien_500m
3047,31-052,254.3,promien_500m
3047,31-020,256.4,promien_500m
3047,31-068,268.5,promien_500m
3047,31-070,273.5,promien_500m
3047,31-066,289.9,promien_500m
3047,31-050,290.0,promien_500m
3047,30-960,297.6,promien_500m
3047,31-071,310.5,promien_500m
3047,31-045,319.8,promien_500m
3047,31-067,322.2,promien_500m
3047,30-052,348.7,promien_500m
3047,31-051,351.7,promien_500m
3047,31-035,377.9,promien_500m
3047,31-069,384.8,promien_500m
3047,31-038,386.8,promien_500m
3047,31-155,396.8,promien_500m
3047,30-058,404.7,promien_500m
3047,31-036,422.6,promien_500m
3047,30-901,442.8,promien_500m
3047,30-527,449.7,promien_500m
3047,31-048,461.4,promien_500m
3047,31-049,461.6,promien_500m
3047,31-031,465.7,promien_500m
3047,31-032,486.9,promien_500m
3047,30-508,490.1,promien_500m
3047,30-506,493.7,promien_500m
3047,30-529,498.9,promien_500m
3048,31-056,0.0,promien_500m
3048,31-057,6.5,promien_500m
3048,31-053,42.1,promien_500m
3048,31-060,82.9,promien_500m
3048,31-052,89.6,promien_500m
3048,31-045,155.5,promien_500m
3048,30-052,176.7,promien_500m
3048,31-059,180.0,promien_500m
3048,31-055,189.3,promien_500m
3048,31-058,191.2,promien_500m
3048,31-063,191.2,promien_500m
3048,31-035,214.5,promien_500m
3048,31-061,218.3,promien_500m
3048,31-050,225.2,promien_500m
3048,31-036,250.7,promien_500m
3048,31-054,276.7,promien_500m
3048,31-038,281.9,promien_500m
3048,31-062,295.7,promien_500m
3048,31-051,310.4,promien_500m
3048,31-132,311.1,promien_500m
3048,31-031,346.3,promien_500m
3048,31-039,350.9,promien_500m
3048,31-065,369.6,promien_500m
3048,30-527,392.9,promien_500m
3048,31-064,401.9,promien_500m
3048,31-068,404.3,promien_500m
3048,31-032,407.6,promien_500m
3048,31-066,409.5,promien_500m
3048,31-534,416.8,promien_500m
3048,31-020,418.5,promien_500m
3048,31-070,422.3,promien_500m
3048,31-536,435.7,promien_500m
3048,30-960,453.0,promien_500m
3048,30-106,458.3,promien_500m
3048,31-071,463.9,promien_500m
3048,31-067,478.5,promien_500m
3049,31-057,0.0,promien_500m
3049,31-060,22.7,promien_500m
3049,31-052,36.1,promien_500m
3049,31-056,65.2,promien_500m
3049,31-053,65.5,promien_500m
3049,31-061,103.1,promien_500m
3049,30-052,127.1,promien_500m
3049,31-035,145.6,promien_500m
3049,31-045,172.2,promien_500m
3049,31-036,185.5,promien_500m
3049,31-059,247.0,promien_500m
3049,31-055,278.1,promien_500m
3049,30-527,284.0,promien_500m
3049,31-058,308.8,promien_500m
3049,31-063,308.8,promien_500m
3049,31-050,326.9,promien_500m
3049,31-534,337.8,promien_500m
3049,31-536,339.1,promien_500m
3049,31-038,343.3,promien_500m
3049,30-106,348.0,promien_500m
3049,31-062,370.2,promien_500m
3049,31-132,375.5,promien_500m
3049,31-054,392.3,promien_500m
3049,31-051,397.1,promien_500m
3049,31-031,397.7,promien_500m
3049,30-701,409.5,promien_500m
3049,31-066,419.5,promien_500m
3049,30-530,427.8,promien_500m
3049,30-529,432.2,promien_500m
3049,31-065,440.1,promien_500m
3049,30-508,443.1,promien_500m
3049,31-039,469.5,promien_500m
3049,30-506,472.4,promien_500m
3049,31-064,481.1,promien_500m
3049,31-020,482.3,promien_500m
3049,31-032,485.2,promien_500m
3050,31-057,0.0,promien_500m
3050,31-060,1.7,promien_500m
3050,31-052,50.1,promien_500m
3050,31-061,76.9,promien_500m
3050,31-056,93.1,promien_500m
3050,31-053,95.7,promien_500m
3050,31-035,129.2,promien_500m
3050,30-052,154.2,promien_500m
3050,31-045,202.9,promien_500m
3050,31-036,207.3,promien_500m
3050,31-059,242.3,promien_500m
3050,30-527,257.5,promien_500m
3050,31-055,270.7,promien_500m
3050,31-058,319.5,promien_500m
3050,31-063,319.5,promien_500m
3050,30-106,320.9,promien_500m
3050,31-536,344.2,promien_500m
3050,31-534,350.8,promien_500m
3050,31-050,353.8,promien_500m
3050,31-062,363.8,promien_500m
3050,31-132,366.9,promien_500m
3050,31-038,373.9,promien_500m
3050,31-066,392.8,promien_500m
3050,30-529,401.5,promien_500m
3050,30-701,402.3,promien_500m
3050,30-530,404.3,promien_500m
3050,30-508,412.6,promien_500m
3050,31-054,416.0,promien_500m
3050,31-051,426.2,promien_500m
3050,31-031,428.5,promien_500m
3050,31-065,432.2,promien_500m
3050,30-506,441.8,promien_500m
3050,31-064,471.0,promien_500m
3050,31-020,472.2,promien_500m
3050,31-039,479.6,promien_500m
3050,30-960,495.9,promien_500m
3051,31-060,0.0,promien_500m
3051,31-057,1.5,promien_500m
3051,31-056,87.5,promien_500m
3051,31-052,100.5,promien_500m
3051,31-053,108.9,promien_500m
3051,31-061,115.1,promien_500m
3051,31-035,178.2,promien_500m
3051,31-059,186.6,promien_500m
3051,30-052,190.3,promien_500m
3051,31-055,215.1,promien_500m
3051,31-045,219.3,promien_500m
3051,31-036,252.3,promien_500m
3051,31-058,272.9,promien_500m
3051,31-063,272.9,promien_500m
3051,30-527,278.4,promien_500m
3051,31-062,308.1,promien_500m
3051,31-132,311.5,promien_500m
3051,31-050,338.5,promien_500m
3051,30-106,345.8,promien_500m
3051,31-066,360.7,promien_500m
3051,31-065,376.7,promien_500m
3051,31-038,378.6,promien_500m
3051,31-054,390.4,promien_500m
3051,30-529,393.0,promien_500m
3051,31-536,399.8,promien_500m
3051,30-508,401.7,promien_500m
3051,31-534,403.7,promien_500m
3051,31-064,416.1,promien_500m
3051,31-020,417.4,promien_500m
3051,31-051,419.5,promien_500m
3051,30-506,430.5,promien_500m
3051,31-039,431.4,promien_500m
3051,30-530,438.1,promien_500m
3051,31-031,438.1,promien_500m
3051,30-960,442.2,promien_500m
3051,30-701,455.4,promien_500m
3051,31-067,463.0,promien_500m
3051,31-068,483.0,promien_500m
3051,31-070,491.7,promien_500m
3052,31-060,0.0,promien_500m
3052,31-057,29.9,promien_500m
3052,31-056,68.5,promien_500m
3052,31-061,124.2,promien_500m
3052,31-059,144.2,promien_500m
3052,31-052,149.2,promien_500m
3052,31-053,152.8,promien_500m
3052,31-055,169.0,promien_500m
3052,31-035,214.5,promien_500m
3052,30-052,239.2,promien_500m
3052,31-058,248.9,promien_500m
3052,31-063,253.2,promien_500m
3052,31-045,260.2,promien_500m
3052,31-062,262.0,promien_500m
3052,31-132,263.9,promien_500m
3052,30-527,276.5,promien_500m
3052,31-036,302.7,promien_500m
3052,31-066,312.4,promien_500m
3052,31-065,329.5,promien_500m
3052,30-106,353.7,promien_500m
3052,31-050,354.5,promien_500m
3052,31-064,367.3,promien_500m
3052,31-020,368.6,promien_500m
3052,30-529,369.7,promien_500m
3052,30-508,376.4,promien_500m
3052,31-054,386.5,promien_500m
3052,30-960,392.2,promien_500m
3052,30-506,397.5,promien_500m
3052,31-039,406.7,promien_500m
3052,31-038,409.7,promien_500m
3052,31-067,412.7,promien_500m
3052,31-051,441.5,promien_500m
3052,31-536,447.2,promien_500m
3052,30-530,453.3,promien_500m
3052,31-534,453.9,promien_500m
3052,31-068,455.9,promien_500m
3052,31-070,460.9,promien_500m
3052,30-507,463.3,promien_500m
3052,31-031,471.9,promien_500m
3052,30-701,494.0,promien_500m
3052,31-071,496.7,promien_500m
3053,31-060,0.0,promien_500m
3053,31-061,41.6,promien_500m
3053,31-056,69.8,promien_500m
3053,31-059,83.2,promien_500m
3053,31-055,91.2,promien_500m
3053,31-057,102.9,promien_500m
3053,31-062,176.3,promien_500m
3053,31-132,177.7,promien_500m
3053,31-058,211.4,promien_500m
3053,31-066,228.1,promien_500m
3053,31-053,228.5,promien_500m
3053,31-063,232.1,promien_500m
3053,31-052,234.6,promien_500m
3053,31-035,239.0,promien_500m
3053,31-065,243.4,promien_500m
3053,31-064,278.0,promien_500m
3053,31-020,279.3,promien_500m
3053,30-960,301.3,promien_500m
3053,30-527,304.8,promien_500m
3053,31-067,321.4,promien_500m
3053,30-052,326.7,promien_500m
3053,31-045,336.2,promien_500m
3053,30-508,351.5,promien_500m
3053,30-529,352.7,promien_500m
3053,30-506,358.0,promien_500m
3053,31-054,363.7,promien_500m
3053,31-039,365.7,promien_500m
3053,31-050,390.0,promien_500m
3053,31-036,392.7,promien_500m
3053,30-106,393.3,promien_500m
3053,31-070,404.3,promien_500m
3053,31-068,408.7,promien_500m
3053,31-155,409.4,promien_500m
3053,30-507,413.6,promien_500m
3053,31-071,438.1,promien_500m
3053,31-038,467.2,promien_500m
3053,31-051,474.1,promien_500m
3053,30-510,491.5,promien_500m
3053,30-530,497.2,promien_500m
3054,31-060,0.0,promien_500m
3054,31-061,40.1,promien_500m
3054,31-059,57.7,promien_500m
3054,31-056,58.0,promien_500m
3054,31-055,60.4,promien_500m
3054,31-057,119.1,promien_500m
3054,31-062,144.5,promien_500m
3054,31-132,145.9,promien_500m
3054,31-058,190.3,promien_500m
3054,31-063,206.7,promien_500m
3054,31-066,209.6,promien_500m
3054,31-065,211.7,promien_500m
3054,31-053,239.4,promien_500m
3054,31-064,247.5,promien_500m
3054,31-020,248.8,promien_500m
3054,31-035,251.6,promien_500m
3054,31-052,257.4,promien_500m
3054,30-960,272.6,promien_500m
3054,31-067,293.8,promien_500m
3054,30-527,332.3,promien_500m
3054,31-054,337.2,promien_500m
3054,31-039,340.2,promien_500m
3054,30-052,350.0,promien_500m
3054,31-045,353.2,promien_500m
3054,30-508,362.0,promien_500m
3054,30-506,366.1,promien_500m
3054,30-529,368.7,promien_500m
3054,31-070,373.0,promien_500m
3054,31-155,380.7,promien_500m
3054,31-068,382.2,promien_500m
3054,31-050,390.3,promien_500m
3054,31-071,408.9,promien_500m
3054,30-507,416.7,promien_500m
3054,31-036,417.8,promien_500m
3054,30-106,422.1,promien_500m
3054,31-051,468.6,promien_500m
3054,31-038,473.1,promien_500m
3054,30-510,487.2,promien_500m
3054,31-069,490.9,promien_500m
3055,31-056,0.0,promien_500m
3055,31-059,1.9,promien_500m
3055,31-058,47.9,promien_500m
3055,31-063,49.3,promien_500m
3055,31-062,71.2,promien_500m
3055,31-055,82.0,promien_500m
3055,31-060,105.1,promien_500m
3055,31-132,122.9,promien_500m
3055,31-057,143.8,promien_500m
3055,31-065,151.0,promien_500m
3055,31-064,165.5,promien_500m
3055,31-054,177.4,promien_500m
3055,31-039,177.6,promien_500m
3055,31-061,192.9,promien_500m
3055,31-020,203.8,promien_500m
3055,31-070,218.2,promien_500m
3055,31-068,219.5,promien_500m
3055,31-053,242.6,promien_500m
3055,31-071,252.2,promien_500m
3055,30-960,252.6,promien_500m
3055,31-066,271.6,promien_500m
3055,31-067,274.0,promien_500m
3055,31-052,288.7,promien_500m
3055,31-050,320.4,promien_500m
3055,31-069,330.8,promien_500m
3055,31-155,345.5,promien_500m
3055,31-051,368.8,promien_500m
3055,30-058,369.1,promien_500m
3055,31-045,380.8,promien_500m
3055,30-901,384.6,promien_500m
3055,31-035,404.2,promien_500m
3055,30-052,413.1,promien_500m
3055,31-038,427.0,promien_500m
3055,31-048,436.8,promien_500m
3055,31-049,437.3,promien_500m
3055,31-036,471.4,promien_500m
3055,30-527,494.1,promien_500m
3056,31-059,0.0,promien_500m
3056,31-055,21.9,promien_500m
3056,31-056,33.2,promien_500m
3056,31-062,51.4,promien_500m
3056,31-060,57.5,promien_500m
3056,31-132,73.1,promien_500m
3056,31-058,95.0,promien_500m
3056,31-063,95.7,promien_500m
3056,31-065,124.8,promien_500m
3056,31-061,137.1,promien_500m
3056,31-064,164.5,promien_500m
3056,31-057,174.0,promien_500m
3056,31-020,175.3,promien_500m
3056,30-960,214.3,promien_500m
3056,31-066,214.5,promien_500m
3056,31-054,221.3,promien_500m
3056,31-039,231.1,promien_500m
3056,31-067,239.6,promien_500m
3056,31-070,256.7,promien_500m
3056,31-053,263.8,promien_500m
3056,31-068,269.9,promien_500m
3056,31-071,291.4,promien_500m
3056,31-155,315.2,promien_500m
3056,31-052,325.4,promien_500m
3056,31-035,347.6,promien_500m
3056,31-050,371.2,promien_500m
3056,31-069,374.5,promien_500m
3056,31-045,397.8,promien_500m
3056,30-052,418.0,promien_500m
3056,30-901,422.0,promien_500m
3056,31-051,423.8,promien_500m
3056,30-058,425.2,promien_500m
3056,30-508,445.2,promien_500m
3056,30-506,448.0,promien_500m
3056,30-527,449.3,promien_500m
3056,30-529,465.4,promien_500m
3056,31-038,469.8,promien_500m
3056,30-507,484.1,promien_500m
3056,31-036,490.8,promien_500m
3056,31-048,495.8,promien_500m
3056,31-049,496.4,promien_500m
3057,31-059,0.0,promien_500m
3057,31-060,0.3,promien_500m
3057,31-055,21.8,promien_500m
3057,31-062,53.0,promien_500m
3057,31-132,53.5,promien_500m
3057,31-061,74.0,promien_500m
3057,31-056,89.2,promien_500m
3057,31-063,113.4,promien_500m
3057,31-065,117.3,promien_500m
3057,31-066,143.5,promien_500m
3057,31-064,150.9,promien_500m
3057,31-020,152.2,promien_500m
3057,31-058,165.5,promien_500m
3057,30-960,177.8,promien_500m
3057,31-067,201.0,promien_500m
3057,31-057,204.5,promien_500m
3057,31-035,280.8,promien_500m
3057,31-054,281.5,promien_500m
3057,31-155,285.5,promien_500m
3057,31-070,293.9,promien_500m
3057,31-039,300.6,promien_500m
3057,31-053,309.3,promien_500m
3057,31-068,335.2,promien_500m
3057,31-071,346.4,promien_500m
3057,31-052,347.9,promien_500m
3057,30-508,372.4,promien_500m
3057,30-506,374.9,promien_500m
3057,30-529,397.2,promien_500m
3057,30-527,399.9,promien_500m
3057,30-507,408.6,promien_500m
3057,31-069,420.5,promien_500m
3057,31-045,434.7,promien_500m
3057,31-050,435.7,promien_500m
3057,30-052,440.9,promien_500m
3057,30-510,454.7,promien_500m
3057,30-901,472.4,promien_500m
3057,30-058,494.9,promien_500m
3057,30-106,496.0,promien_500m
3057,31-051,496.4,promien_500m
3058,31-060,0.0,promien_500m
3058,31-061,17.5,promien_500m
3058,31-066,80.8,promien_500m
3058,31-059,83.9,promien_500m
3058,31-062,95.8,promien_500m
3058,31-055,106.4,promien_500m
3058,31-063,113.7,promien_500m
3058,31-132,114.8,promien_500m
3058,31-064,147.6,promien_500m
3058,31-065,151.9,promien_500m
3058,31-056,165.8,promien_500m
3058,31-020,172.7,promien_500m
3058,30-960,176.0,promien_500m
3058,31-067,188.5,promien_500m
3058,31-035,206.1,promien_500m
3058,31-058,248.2,promien_500m
3058,31-057,248.8,promien_500m
3058,31-155,279.1,promien_500m
3058,30-508,291.3,promien_500m
3058,30-506,293.4,promien_500m
3058,30-529,322.4,promien_500m
3058,30-507,324.1,promien_500m
3058,30-527,328.8,promien_500m
3058,31-070,351.2,promien_500m
3058,31-054,357.8,promien_500m
3058,31-053,368.7,promien_500m
3058,30-510,372.6,promien_500m
3058,31-039,382.3,promien_500m
3058,31-052,383.1,promien_500m
3058,31-068,407.5,promien_500m
3058,31-071,418.1,promien_500m
3058,30-509,447.5,promien_500m
3058,30-106,452.6,promien_500m
3058,30-116,463.9,promien_500m
3058,30-518,472.9,promien_500m
3058,30-052,475.1,promien_500m
3058,31-069,476.4,promien_500m
3058,31-045,482.8,promien_500m
3059,31-061,0.0,promien_500m
3059,31-060,12.6,promien_500m
3059,31-066,88.9,promien_500m
3059,31-059,101.4,promien_500m
3059,31-062,120.1,promien_500m
3059,31-055,125.4,promien_500m
3059,31-132,142.6,promien_500m
3059,31-063,143.2,promien_500m
3059,31-064,167.9,promien_500m
3059,31-056,172.3,promien_500m
3059,31-035,181.2,promien_500m
3059,31-065,182.1,promien_500m
3059,31-020,202.7,promien_500m
3059,30-960,204.1,promien_500m
3059,31-067,214.8,promien_500m
3059,31-057,242.5,promien_500m
3059,30-508,267.0,promien_500m
3059,30-506,269.5,promien_500m
3059,31-058,270.9,promien_500m
3059,30-529,294.7,promien_500m
3059,30-527,300.4,promien_500m
3059,31-155,304.0,promien_500m
3059,30-507,305.5,promien_500m
3059,30-510,363.1,promien_500m
3059,31-053,365.8,promien_500m
3059,31-052,370.4,promien_500m
3059,31-070,380.8,promien_500m
3059,31-054,383.9,promien_500m
3059,31-039,405.8,promien_500m
3059,30-106,422.8,promien_500m
3059,30-509,430.2,promien_500m
3059,31-068,434.9,promien_500m
3059,31-071,445.7,promien_500m
3059,30-518,446.4,promien_500m
3059,30-116,460.8,promien_500m
3059,30-052,462.9,promien_500m
3059,31-045,475.8,promien_500m
3059,30-551,492.1,promien_500m
3059,30-531,497.6,promien_500m
306,31-023,0.0,promien_500m
306,31-024,38.7,promien_500m
306,31-020,59.2,promien_500m
306,31-028,101.7,promien_500m
306,31-033,107.8,promien_500m
306,31-027,108.6,promien_500m
306,31-019,115.7,promien_500m
306,31-109,115.8,promien_500m
306,31-015,125.6,promien_500m
306,31-045,125.6,promien_500m
306,31-156,142.9,promien_500m
306,31-021,158.5,promien_500m
306,31-022,166.2,promien_500m
306,31-025,171.5,promien_500m
306,31-034,173.9,promien_500m
306,31-154,191.4,promien_500m
306,31-508,199.1,promien_500m
306,31-017,206.0,promien_500m
306,31-018,215.0,promien_500m
306,31-026,236.5,promien_500m
306,31-042,237.8,promien_500m
306,31-143,243.0,promien_500m
306,31-041,253.4,promien_500m
306,31-157,255.3,promien_500m
306,31-013,273.8,promien_500m
306,31-016,281.7,promien_500m
306,31-029,293.7,promien_500m
306,31-014,306.6,promien_500m
306,31-503,344.8,promien_500m
306,31-012,347.4,promien_500m
306,31-501,347.6,promien_500m
306,31-504,351.2,promien_500m
306,31-150,363.1,promien_500m
306,30-014,371.2,promien_500m
306,31-043,382.8,promien_500m
306,31-007,398.3,promien_500m
306,31-147,410.4,promien_500m
306,31-072,417.9,promien_500m
306,31-146,420.6,promien_500m
306,31-510,427.2,promien_500m
306,31-011,429.1,promien_500m
306,31-502,429.1,promien_500m
306,31-010,433.0,promien_500m
306,31-038,435.9,promien_500m
306,31-134,439.2,promien_500m
306,31-149,443.3,promien_500m
306,31-046,443.4,promien_500m
306,31-155,443.9,promien_500m
306,31-141,451.0,promien_500m
306,31-030,456.7,promien_500m
306,31-008,459.0,promien_500m
306,31-505,462.5,promien_500m
306,31-142,482.6,promien_500m
306,31-032,484.7,promien_500m
306,31-002,488.5,promien_500m
306,31-006,489.6,promien_500m
3060,31-061,0.0,promien_500m
3060,31-060,27.2,promien_500m
3060,31-066,80.8,promien_500m
3060,31-059,124.2,promien_500m
3060,31-062,126.8,promien_500m
3060,31-055,148.1,promien_500m
3060,31-063,156.7,promien_500m
3060,31-035,161.8,promien_500m
3060,31-132,163.5,promien_500m
3060,31-064,169.4,promien_500m
3060,31-056,193.0,promien_500m
3060,31-065,199.2,promien_500m
3060,30-960,214.2,promien_500m
3060,31-020,217.2,promien_500m
3060,31-067,220.7,promien_500m
3060,30-508,244.5,promien_500m
3060,30-506,246.9,promien_500m
3060,31-057,255.4,promien_500m
3060,30-529,273.6,promien_500m
3060,30-527,280.0,promien_500m
3060,30-507,282.9,promien_500m
3060,31-058,293.6,promien_500m
3060,31-155,307.7,promien_500m
3060,30-510,343.1,promien_500m
3060,31-052,377.5,promien_500m
3060,31-053,381.8,promien_500m
3060,31-070,399.6,promien_500m
3060,31-054,405.8,promien_500m
3060,30-509,407.8,promien_500m
3060,30-106,410.7,promien_500m
3060,30-518,424.6,promien_500m
3060,31-039,428.4,promien_500m
3060,30-116,443.4,promien_500m
3060,31-068,456.1,promien_500m
3060,31-071,466.8,promien_500m
3060,30-551,471.3,promien_500m
3060,30-052,472.8,promien_500m
3060,30-531,477.4,promien_500m
3060,30-535,484.7,promien_500m
3060,31-045,489.2,promien_500m
3060,30-512,490.5,promien_500m
3061,31-060,0.0,promien_500m
3061,31-066,8.6,promien_500m
3061,31-062,11.0,promien_500m
3061,31-064,55.2,promien_500m
3061,31-061,58.1,promien_500m
3061,31-063,66.0,promien_500m
3061,31-067,103.9,promien_500m
3061,30-960,105.0,promien_500m
3061,31-065,118.8,promien_500m
3061,31-020,125.2,promien_500m
3061,31-132,125.6,promien_500m
3061,31-059,134.3,promien_500m
3061,31-055,140.7,promien_500m
3061,31-056,190.8,promien_500m
3061,31-155,191.2,promien_500m
3061,31-035,199.1,promien_500m
3061,31-058,269.8,promien_500m
3061,30-507,303.8,promien_500m
3061,30-506,309.3,promien_500m
3061,30-508,309.5,promien_500m
3061,31-070,322.1,promien_500m
3061,30-510,332.8,promien_500m
3061,31-057,335.5,promien_500m
3061,30-529,357.4,promien_500m
3061,31-054,359.9,promien_500m
3061,30-527,368.2,promien_500m
3061,31-039,398.0,promien_500m
3061,31-068,399.1,promien_500m
3061,30-116,404.2,promien_500m
3061,31-071,405.2,promien_500m
3061,30-331,428.2,promien_500m
3061,30-509,431.4,promien_500m
3061,31-069,440.2,promien_500m
3061,30-512,446.8,promien_500m
3061,31-053,449.2,promien_500m
3061,30-502,452.1,promien_500m
3061,31-052,473.5,promien_500m
3061,30-518,496.8,promien_500m
3062,31-062,0.0,promien_500m
3062,31-056,17.1,promien_500m
3062,31-063,17.4,promien_500m
3062,31-064,54.1,promien_500m
3062,31-058,60.5,promien_500m
3062,31-065,70.9,promien_500m
3062,31-059,76.7,promien_500m
3062,31-055,96.0,promien_500m
3062,31-132,102.1,promien_500m
3062,31-060,115.0,promien_500m
3062,31-020,118.8,promien_500m
3062,31-054,125.6,promien_500m
3062,31-070,135.6,promien_500m
3062,31-039,164.3,promien_500m
3062,31-068,173.1,promien_500m
3062,30-960,179.1,promien_500m
3062,31-071,183.9,promien_500m
3062,31-067,189.6,promien_500m
3062,31-061,237.6,promien_500m
3062,31-066,240.0,promien_500m
3062,31-155,253.3,promien_500m
3062,31-057,253.7,promien_500m
3062,31-069,262.5,promien_500m
3062,30-901,308.7,promien_500m
3062,30-058,343.4,promien_500m
3062,31-053,353.2,promien_500m
3062,31-052,381.2,promien_500m
3062,31-050,397.3,promien_500m
3062,31-035,428.9,promien_500m
3062,31-051,438.0,promien_500m
3062,31-048,438.9,promien_500m
3062,31-049,440.0,promien_500m
3062,31-045,492.2,promien_500m
3063,31-062,0.0,promien_500m
3063,31-132,13.8,promien_500m
3063,31-060,18.9,promien_500m
3063,31-065,28.5,promien_500m
3063,31-063,43.2,promien_500m
3063,31-055,52.0,promien_500m
3063,31-059,57.4,promien_500m
3063,31-064,60.0,promien_500m
3063,31-020,61.2,promien_500m
3063,31-056,86.2,promien_500m
3063,30-960,93.3,promien_500m
3063,31-066,117.5,promien_500m
3063,31-067,120.5,promien_500m
3063,31-061,140.4,promien_500m
3063,31-058,159.8,promien_500m
3063,31-155,198.0,promien_500m
3063,31-070,226.8,promien_500m
3063,31-054,249.1,promien_500m
3063,31-039,286.1,promien_500m
3063,31-057,290.8,promien_500m
3063,31-068,291.7,promien_500m
3063,31-071,301.6,promien_500m
3063,31-035,306.4,promien_500m
3063,31-069,351.5,promien_500m
3063,31-053,383.7,promien_500m
3063,30-508,406.1,promien_500m
3063,30-506,407.3,promien_500m
3063,30-507,415.3,promien_500m
3063,30-901,417.0,promien_500m
3063,31-052,434.4,promien_500m
3063,30-529,444.1,promien_500m
3063,30-510,444.5,promien_500m
3063,30-527,451.8,promien_500m
3063,30-058,466.5,promien_500m
3063,31-050,485.2,promien_500m
3063,30-331,498.2,promien_500m
3064,31-066,0.0,promien_500m
3064,31-061,14.8,promien_500m
3064,31-062,62.1,promien_500m
3064,31-060,74.7,promien_500m
3064,31-064,86.0,promien_500m
3064,31-067,94.9,promien_500m
3064,31-035,105.8,promien_500m
3064,31-063,146.6,promien_500m
3064,30-960,167.9,promien_500m
3064,30-507,205.7,promien_500m
3064,31-155,207.1,promien_500m
3064,31-065,213.5,promien_500m
3064,31-020,215.8,promien_500m
3064,30-508,216.0,promien_500m
3064,31-132,225.7,promien_500m
3064,31-059,227.6,promien_500m
3064,30-506,228.5,promien_500m
3064,30-510,232.2,promien_500m
3064,31-055,238.7,promien_500m
3064,31-056,290.8,promien_500m
3064,30-529,302.5,promien_500m
3064,30-116,307.9,promien_500m
3064,30-527,317.1,promien_500m
3064,30-509,335.3,promien_500m
3064,30-512,352.3,promien_500m
3064,30-331,358.3,promien_500m
3064,30-502,366.2,promien_500m
3064,31-058,370.4,promien_500m
3064,31-057,404.8,promien_500m
3064,31-070,411.5,promien_500m
3064,30-518,422.4,promien_500m
3064,30-504,425.9,promien_500m
3064,30-520,453.9,promien_500m
3064,31-054,455.0,promien_500m
3064,31-071,455.1,promien_500m
3064,31-518,470.5,promien_500m
3064,30-551,488.7,promien_500m
3064,30-533,494.4,promien_500m
3064,31-068,495.3,promien_500m
3064,31-039,498.1,promien_500m
3065,31-066,0.0,promien_500m
3065,31-035,38.8,promien_500m
3065,31-061,75.2,promien_500m
3065,31-067,94.8,promien_500m
3065,30-507,119.5,promien_500m
3065,30-508,127.7,promien_500m
3065,30-510,143.4,promien_500m
3065,31-062,150.4,promien_500m
3065,31-064,153.3,promien_500m
3065,31-060,153.4,promien_500m
3065,30-506,159.0,promien_500m
3065,30-116,230.2,promien_500m
3065,31-063,232.1,promien_500m
3065,30-960,247.7,promien_500m
3065,30-509,248.5,promien_500m
3065,31-155,261.2,promien_500m
3065,30-529,268.5,promien_500m
3065,30-512,277.2,promien_500m
3065,30-527,286.1,promien_500m
3065,31-065,301.5,promien_500m
3065,30-502,301.6,promien_500m
3065,31-020,302.9,promien_500m
3065,30-331,304.6,promien_500m
3065,31-059,311.8,promien_500m
3065,31-132,314.6,promien_500m
3065,31-055,325.2,promien_500m
3065,30-504,339.9,promien_500m
3065,30-518,351.9,promien_500m
3065,30-520,365.6,promien_500m
3065,31-056,378.5,promien_500m
3065,31-518,396.0,promien_500m
3065,30-533,425.0,promien_500m
3065,30-519,427.3,promien_500m
3065,30-513,427.6,promien_500m
3065,30-551,436.0,promien_500m
3065,30-523,440.3,promien_500m
3065,30-534,446.2,promien_500m
3065,30-531,449.8,promien_500m
3065,30-535,453.6,promien_500m
3065,30-503,454.5,promien_500m
3065,31-058,458.7,promien_500m
3065,31-057,465.2,promien_500m
3065,30-521,496.1,promien_500m
3065,31-070,496.5,promien_500m
3066,31-061,0.0,promien_500m
3066,31-060,57.4,promien_500m
3066,31-066,60.2,promien_500m
3066,31-035,110.7,promien_500m
3066,31-062,115.7,promien_500m
3066,31-064,154.7,promien_500m
3066,31-063,177.6,promien_500m
3066,31-059,178.5,promien_500m
3066,30-508,200.6,promien_500m
3066,31-067,201.7,promien_500m
3066,31-055,201.9,promien_500m
3066,30-506,202.0,promien_500m
3066,31-132,205.8,promien_500m
3066,30-960,222.3,promien_500m
3066,31-065,227.6,promien_500m
3066,30-507,228.5,promien_500m
3066,31-020,237.6,promien_500m
3066,30-529,241.7,promien_500m
3066,30-527,251.5,promien_500m
3066,31-056,251.7,promien_500m
3066,30-510,284.2,promien_500m
3066,31-155,293.3,promien_500m
3066,31-057,308.8,promien_500m
3066,31-058,342.8,promien_500m
3066,30-509,352.1,promien_500m
3066,30-116,386.2,promien_500m
3066,30-518,386.2,promien_500m
3066,30-106,413.0,promien_500m
3066,31-052,423.5,promien_500m
3066,31-070,430.2,promien_500m
3066,30-512,433.6,promien_500m
3066,31-053,438.0,promien_500m
3066,30-551,438.9,promien_500m
3066,30-504,444.4,promien_500m
3066,30-531,448.1,promien_500m
3066,31-054,449.3,promien_500m
3066,30-535,453.6,promien_500m
3066,31-518,456.4,promien_500m
3066,30-331,456.8,promien_500m
3066,30-502,457.6,promien_500m
3066,30-533,463.1,promien_500m
3066,30-534,469.8,promien_500m
3066,31-039,476.8,promien_500m
3066,31-068,496.1,promien_500m
3067,31-061,0.0,promien_500m
3067,31-060,56.8,promien_500m
3067,31-066,59.9,promien_500m
3067,31-035,67.9,promien_500m
3067,30-508,153.8,promien_500m
3067,30-506,157.2,promien_500m
3067,30-529,177.0,promien_500m
3067,30-527,183.5,promien_500m
3067,31-062,193.0,promien_500m
3067,30-507,208.5,promien_500m
3067,31-059,215.7,promien_500m
3067,31-064,231.8,promien_500m
3067,31-055,234.9,promien_500m
3067,31-063,247.2,promien_500m
3067,31-132,260.1,promien_500m
3067,31-067,267.2,promien_500m
3067,31-056,267.7,promien_500m
3067,31-057,287.1,promien_500m
3067,31-065,293.7,promien_500m
3067,30-510,296.5,promien_500m
3067,30-960,297.6,promien_500m
3067,31-020,308.1,promien_500m
3067,30-518,328.8,promien_500m
3067,30-509,333.5,promien_500m
3067,30-106,336.2,promien_500m
3067,31-155,369.9,promien_500m
3067,30-551,374.6,promien_500m
3067,30-531,381.0,promien_500m
3067,31-052,382.2,promien_500m
3067,31-058,386.1,promien_500m
3067,30-535,388.1,promien_500m
3067,30-533,407.1,promien_500m
3067,31-053,409.5,promien_500m
3067,30-534,411.2,promien_500m
3067,31-518,412.8,promien_500m
3067,30-116,413.3,promien_500m
3067,30-504,423.3,promien_500m
3067,30-530,433.4,promien_500m
3067,30-500,449.0,promien_500m
3067,30-512,461.9,promien_500m
3067,30-519,480.9,promien_500m
3067,30-052,486.7,promien_500m
3067,30-502,493.5,promien_500m
3067,31-070,495.3,promien_500m
3067,30-547,498.0,promien_500m
3068,31-060,0.0,promien_500m
3068,31-061,3.9,promien_500m
3068,31-035,53.3,promien_500m
3068,31-066,124.6,promien_500m
3068,30-527,156.4,promien_500m
3068,30-508,162.6,promien_500m
3068,30-529,162.9,promien_500m
3068,30-506,178.5,promien_500m
3068,31-059,239.2,promien_500m
3068,30-507,247.8,promien_500m
3068,31-057,248.7,promien_500m
3068,31-055,249.4,promien_500m
3068,31-056,259.5,promien_500m
3068,31-062,259.8,promien_500m
3068,30-106,269.1,promien_500m
3068,31-132,296.0,promien_500m
3068,31-063,299.8,promien_500m
3068,31-064,300.0,promien_500m
3068,30-518,318.0,promien_500m
3068,31-052,323.4,promien_500m
3068,31-065,340.1,promien_500m
3068,31-067,341.0,promien_500m
3068,30-531,347.4,promien_500m
3068,30-551,350.7,promien_500m
3068,30-510,352.9,promien_500m
3068,30-960,356.5,promien_500m
3068,31-020,360.2,promien_500m
3068,31-053,360.7,promien_500m
3068,30-535,361.6,promien_500m
3068,30-509,365.6,promien_500m
3068,30-530,369.6,promien_500m
3068,30-534,392.7,promien_500m
3068,30-533,393.5,promien_500m
3068,31-058,396.0,promien_500m
3068,30-500,413.2,promien_500m
3068,31-518,416.1,promien_500m
3068,30-052,430.6,promien_500m
3068,31-155,439.0,promien_500m
3068,30-547,441.5,promien_500m
3068,30-504,451.5,promien_500m
3068,31-045,471.5,promien_500m
3068,30-116,473.8,promien_500m
3068,31-036,477.5,promien_500m
3068,30-519,490.9,promien_500m
3069,31-060,0.0,promien_500m
3069,31-061,1.8,promien_500m
3069,31-035,153.8,promien_500m
3069,31-056,155.5,promien_500m
3069,31-059,155.5,promien_500m
3069,31-055,156.9,promien_500m
3069,31-057,158.0,promien_500m
3069,31-066,188.5,promien_500m
3069,31-062,220.3,promien_500m
3069,31-132,220.7,promien_500m
3069,30-527,235.8,promien_500m
3069,31-063,249.9,promien_500m
3069,31-052,264.5,promien_500m
3069,30-508,266.1,promien_500m
3069,30-529,266.7,promien_500m
3069,30-506,275.4,promien_500m
3069,31-065,277.3,promien_500m
3069,31-053,282.7,promien_500m
3069,31-064,283.0,promien_500m
3069,31-058,294.3,promien_500m
3069,31-020,305.0,promien_500m
3069,30-960,314.5,promien_500m
3069,31-067,328.0,promien_500m
3069,30-106,328.7,promien_500m
3069,30-507,335.9,promien_500m
3069,30-052,364.3,promien_500m
3069,31-045,391.0,promien_500m
3069,31-155,418.5,promien_500m
3069,31-036,421.7,promien_500m
3069,30-518,422.0,promien_500m
3069,30-510,424.6,promien_500m
3069,30-530,433.1,promien_500m
3069,31-054,437.2,promien_500m
3069,30-531,442.2,promien_500m
3069,31-039,443.4,promien_500m
3069,30-551,452.2,promien_500m
3069,30-509,459.5,promien_500m
3069,31-070,461.2,promien_500m
3069,30-535,462.2,promien_500m
3069,31-050,469.8,promien_500m
3069,31-068,484.5,promien_500m
3069,30-534,495.4,promien_500m
3069,30-533,497.0,promien_500m
307,31-002,0.0,promien_500m
307,31-004,9.9,promien_500m
307,31-101,19.6,promien_500m
307,31-003,95.6,promien_500m
307,31-109,132.4,promien_500m
307,31-102,160.9,promien_500m
307,31-103,163.1,promien_500m
307,31-001,163.8,promien_500m
307,31-005,192.5,promien_500m
307,31-007,209.3,promien_500m
307,31-044,209.8,promien_500m
307,31-042,217.9,promien_500m
307,31-107,226.0,promien_500m
307,31-006,236.8,promien_500m
307,31-043,242.4,promien_500m
307,31-108,251.0,promien_500m
307,31-008,289.8,promien_500m
307,31-105,304.9,promien_500m
307,31-010,315.8,promien_500m
307,31-046,327.0,promien_500m
307,31-048,337.0,promien_500m
307,31-113,344.8,promien_500m
307,31-110,347.6,promien_500m
307,31-104,355.3,promien_500m
307,31-041,388.0,promien_500m
307,31-510,388.5,promien_500m
307,31-047,390.0,promien_500m
307,31-114,400.1,promien_500m
307,31-049,433.4,promien_500m
307,31-009,437.3,promien_500m
307,31-111,465.5,promien_500m
307,30-960,465.9,promien_500m
307,31-068,467.7,promien_500m
307,31-069,468.1,promien_500m
307,31-106,475.3,promien_500m
307,30-301,484.1,promien_500m
307,31-112,489.4,promien_500m
307,31-118,492.1,promien_500m
307,31-038,494.5,promien_500m
307,31-013,498.2,promien_500m
3070,31-061,0.0,promien_500m
3070,31-035,25.4,promien_500m
3070,31-066,46.7,promien_500m
3070,30-508,67.5,promien_500m
3070,30-506,68.0,promien_500m
3070,31-060,101.2,promien_500m
3070,30-507,106.7,promien_500m
3070,30-529,125.5,promien_500m
3070,30-527,141.2,promien_500m
3070,30-510,206.9,promien_500m
3070,31-062,225.4,promien_500m
3070,30-509,231.6,promien_500m
3070,31-067,243.4,promien_500m
3070,30-518,254.9,promien_500m
3070,31-064,258.9,promien_500m
3070,31-059,307.2,promien_500m
3070,31-063,307.8,promien_500m
3070,30-551,313.4,promien_500m
3070,30-504,321.7,promien_500m
3070,31-518,321.8,promien_500m
3070,30-531,325.4,promien_500m
3070,30-116,327.7,promien_500m
3070,30-535,329.4,promien_500m
3070,30-533,329.6,promien_500m
3070,31-055,330.3,promien_500m
3070,30-960,337.6,promien_500m
3070,30-534,338.4,promien_500m
3070,31-132,340.5,promien_500m
3070,30-106,351.8,promien_500m
3070,31-065,358.6,promien_500m
3070,31-020,366.7,promien_500m
3070,31-056,367.6,promien_500m
3070,30-512,380.2,promien_500m
3070,31-155,384.3,promien_500m
3070,30-519,385.7,promien_500m
3070,31-057,386.2,promien_500m
3070,30-500,399.7,promien_500m
3070,30-520,400.9,promien_500m
3070,30-530,406.7,promien_500m
3070,30-523,417.8,promien_500m
3070,30-502,418.4,promien_500m
3070,30-331,434.2,promien_500m
3070,30-538,464.4,promien_500m
3070,31-052,470.1,promien_500m
3070,31-058,476.1,promien_500m
3070,30-547,481.5,promien_500m
3070,31-538,487.7,promien_500m
3071,31-061,0.0,promien_500m
3071,31-060,6.7,promien_500m
3071,31-035,20.5,promien_500m
3071,30-527,89.8,promien_500m
3071,30-508,92.3,promien_500m
3071,30-529,92.8,promien_500m
3071,31-066,117.2,promien_500m
3071,30-506,118.2,promien_500m
3071,30-507,195.1,promien_500m
3071,30-518,247.5,promien_500m
3071,30-106,248.6,promien_500m
3071,30-551,283.6,promien_500m
3071,30-531,286.9,promien_500m
3071,31-062,289.5,promien_500m
3071,30-535,295.6,promien_500m
3071,31-059,302.3,promien_500m
3071,30-509,304.1,promien_500m
3071,30-510,312.6,promien_500m
3071,31-057,315.6,promien_500m
3071,31-055,315.7,promien_500m
3071,30-533,323.6,promien_500m
3071,30-534,324.0,promien_500m
3071,31-064,326.8,promien_500m
3071,31-056,330.2,promien_500m
3071,30-530,335.4,promien_500m
3071,31-067,345.2,promien_500m
3071,31-518,345.2,promien_500m
3071,31-063,346.1,promien_500m
3071,30-500,352.3,promien_500m
3071,31-132,353.8,promien_500m
3071,31-052,372.9,promien_500m
3071,30-504,387.6,promien_500m
3071,31-065,391.4,promien_500m
3071,30-960,396.5,promien_500m
3071,30-547,400.1,promien_500m
3071,31-020,407.0,promien_500m
3071,30-519,421.0,promien_500m
3071,31-053,421.4,promien_500m
3071,30-116,429.7,promien_500m
3071,30-523,456.3,promien_500m
3071,31-155,462.8,promien_500m
3071,31-058,465.4,promien_500m
3071,30-538,473.4,promien_500m
3071,30-536,476.6,promien_500m
3071,30-520,483.0,promien_500m
3071,30-052,484.9,promien_500m
3071,30-512,488.0,promien_500m
3072,31-066,0.0,promien_500m
3072,31-035,41.4,promien_500m
3072,30-507,79.9,promien_500m
3072,30-508,82.0,promien_500m
3072,31-067,88.8,promien_500m
3072,30-510,93.0,promien_500m
3072,31-061,120.7,promien_500m
3072,30-506,139.3,promien_500m
3072,30-116,183.6,promien_500m
3072,31-064,189.6,promien_500m
3072,31-062,200.0,promien_500m
3072,30-509,203.1,promien_500m
3072,31-060,204.5,promien_500m
3072,30-512,231.6,promien_500m
3072,30-502,261.1,promien_500m
3072,30-331,271.1,promien_500m
3072,30-529,271.8,promien_500m
3072,31-063,279.5,promien_500m
3072,30-527,290.8,promien_500m
3072,30-960,291.9,promien_500m
3072,31-155,292.6,promien_500m
3072,30-504,295.9,promien_500m
3072,30-520,314.5,promien_500m
3072,30-518,322.0,promien_500m
3072,31-065,349.6,promien_500m
3072,31-020,350.9,promien_500m
3072,31-059,363.1,promien_500m
3072,31-518,364.2,promien_500m
3072,31-132,364.9,promien_500m
3072,31-055,376.5,promien_500m
3072,30-519,378.4,promien_500m
3072,30-513,381.0,promien_500m
3072,30-523,395.4,promien_500m
3072,30-533,397.0,promien_500m
3072,30-503,408.6,promien_500m
3072,30-551,421.8,promien_500m
3072,30-534,425.0,promien_500m
3072,31-056,429.7,promien_500m
3072,30-531,436.2,promien_500m
3072,30-535,439.8,promien_500m
3072,30-521,444.8,promien_500m
3072,30-332,467.2,promien_500m
3072,30-525,471.3,promien_500m
3073,31-067,0.0,promien_500m
3073,31-066,28.0,promien_500m
3073,30-510,92.1,promien_500m
3073,30-116,112.5,promien_500m
3073,30-331,143.3,promien_500m
3073,30-512,144.9,promien_500m
3073,30-502,146.9,promien_500m
3073,30-508,147.2,promien_500m
3073,30-507,167.7,promien_500m
3073,31-035,174.2,promien_500m
3073,31-064,202.8,promien_500m
3073,31-061,232.2,promien_500m
3073,30-509,254.5,promien_500m
3073,31-062,257.1,promien_500m
3073,30-506,258.0,promien_500m
3073,31-155,269.0,promien_500m
3073,30-513,289.3,promien_500m
3073,31-060,294.1,promien_500m
3073,30-520,299.4,promien_500m
3073,30-503,312.6,promien_500m
3073,30-960,314.2,promien_500m
3073,31-063,318.8,promien_500m
3073,30-504,319.9,promien_500m
3073,30-332,339.1,promien_500m
3073,31-065,346.9,promien_500m
3073,31-020,381.6,promien_500m
3073,30-519,387.9,promien_500m
3073,30-521,398.7,promien_500m
3073,30-529,399.7,promien_500m
3073,30-518,410.6,promien_500m
3073,31-132,418.4,promien_500m
3073,30-527,421.3,promien_500m
3073,30-523,423.9,promien_500m
3073,31-518,441.2,promien_500m
3073,31-059,441.3,promien_500m
3073,31-055,447.4,promien_500m
3073,30-515,459.0,promien_500m
3073,30-302,469.3,promien_500m
3073,30-525,470.5,promien_500m
3073,30-533,486.4,promien_500m
3073,31-056,493.7,promien_500m
3074,31-067,0.0,promien_500m
3074,31-066,56.5,promien_500m
3074,31-064,126.7,promien_500m
3074,30-510,174.1,promien_500m
3074,31-035,183.4,promien_500m
3074,31-155,185.0,promien_500m
3074,30-331,187.6,promien_500m
3074,31-061,187.9,promien_500m
3074,31-062,190.6,promien_500m
3074,30-116,196.6,promien_500m
3074,30-508,205.2,promien_500m
3074,30-502,209.9,promien_500m
3074,30-507,215.2,promien_500m
3074,30-512,221.1,promien_500m
3074,31-060,232.4,promien_500m
3074,30-960,234.7,promien_500m
3074,31-063,244.0,promien_500m
3074,31-065,272.6,promien_500m
3074,30-506,289.7,promien_500m
3074,31-020,302.0,promien_500m
3074,30-509,321.1,promien_500m
3074,31-132,345.4,promien_500m
3074,30-513,365.2,promien_500m
3074,31-059,378.2,promien_500m
3074,31-055,380.7,promien_500m
3074,30-332,382.0,promien_500m
3074,30-520,382.1,promien_500m
3074,30-503,386.2,promien_500m
3074,30-504,401.7,promien_500m
3074,30-529,417.6,promien_500m
3074,31-056,423.1,promien_500m
3074,31-071,427.2,promien_500m
3074,30-527,435.8,promien_500m
3074,30-302,449.1,promien_500m
3074,31-058,460.9,promien_500m
3074,30-518,464.4,promien_500m
3074,30-519,468.0,promien_500m
3074,31-070,468.2,promien_500m
3074,31-054,479.9,promien_500m
3074,30-521,482.4,promien_500m
3075,31-067,0.0,promien_500m
3075,31-066,60.4,promien_500m
3075,31-064,125.9,promien_500m
3075,31-155,135.1,promien_500m
3075,30-331,168.4,promien_500m
3075,31-065,196.6,promien_500m
3075,31-062,202.1,promien_500m
3075,30-960,217.7,promien_500m
3075,31-061,231.4,promien_500m
3075,30-502,233.0,promien_500m
3075,31-063,238.4,promien_500m
3075,30-510,242.7,promien_500m
3075,31-060,248.4,promien_500m
3075,31-035,257.4,promien_500m
3075,30-512,258.1,promien_500m
3075,30-116,258.2,promien_500m
3075,31-020,280.9,promien_500m
3075,30-508,284.2,promien_500m
3075,30-507,294.9,promien_500m
3075,31-132,339.2,promien_500m
3075,31-071,357.1,promien_500m
3075,30-506,367.6,promien_500m
3075,30-332,373.3,promien_500m
3075,31-055,383.4,promien_500m
3075,31-059,384.9,promien_500m
3075,30-302,385.7,promien_500m
3075,30-509,399.1,promien_500m
3075,30-513,401.4,promien_500m
3075,31-070,414.4,promien_500m
3075,30-503,417.2,promien_500m
3075,31-056,418.1,promien_500m
3075,31-054,424.4,promien_500m
3075,31-058,429.4,promien_500m
3075,30-307,444.3,promien_500m
3075,30-520,448.4,promien_500m
3075,30-504,454.3,promien_500m
3075,30-529,489.5,promien_500m
3075,31-069,498.5,promien_500m
3076,31-066,0.0,promien_500m
3076,31-067,2.6,promien_500m
3076,31-155,57.3,promien_500m
3076,31-064,104.2,promien_500m
3076,31-065,128.4,promien_500m
3076,30-960,161.1,promien_500m
3076,31-062,171.9,promien_500m
3076,31-063,189.8,promien_500m
3076,31-020,217.0,promien_500m
3076,30-331,217.2,promien_500m
3076,31-060,221.6,promien_500m
3076,31-061,233.7,promien_500m
3076,31-071,280.3,promien_500m
3076,31-132,284.9,promien_500m
3076,31-035,295.6,promien_500m
3076,30-502,313.1,promien_500m
3076,30-510,319.4,promien_500m
3076,31-070,332.5,promien_500m
3076,31-055,334.4,promien_500m
3076,30-116,337.7,promien_500m
3076,31-059,337.9,promien_500m
3076,30-512,339.7,promien_500m
3076,31-054,342.5,promien_500m
3076,30-508,348.7,promien_500m
3076,30-507,354.0,promien_500m
3076,31-058,355.0,promien_500m
3076,31-056,358.4,promien_500m
3076,30-302,369.4,promien_500m
3076,30-307,404.7,promien_500m
3076,30-506,414.5,promien_500m
3076,31-069,416.8,promien_500m
3076,30-332,437.1,promien_500m
3076,31-068,461.2,promien_500m
3076,30-509,465.9,promien_500m
3076,31-039,479.8,promien_500m
3076,30-513,482.6,promien_500m
3076,30-503,495.9,promien_500m
3077,31-066,0.0,promien_500m
3077,31-067,45.9,promien_500m
3077,31-065,85.2,promien_500m
3077,31-155,111.2,promien_500m
3077,30-331,173.9,promien_500m
3077,31-064,178.6,promien_500m
3077,30-960,224.2,promien_500m
3077,31-062,242.9,promien_500m
3077,31-063,251.2,promien_500m
3077,31-071,253.6,promien_500m
3077,31-020,270.7,promien_500m
3077,31-060,294.5,promien_500m
3077,30-302,295.8,promien_500m
3077,31-061,307.6,promien_500m
3077,30-502,313.2,promien_500m
3077,30-307,335.8,promien_500m
3077,31-070,338.2,promien_500m
3077,31-132,345.5,promien_500m
3077,31-054,346.1,promien_500m
3077,30-512,347.9,promien_500m
3077,30-510,353.8,promien_500m
3077,31-035,362.5,promien_500m
3077,30-116,365.2,promien_500m
3077,31-058,390.5,promien_500m
3077,31-055,397.5,promien_500m
3077,30-508,398.4,promien_500m
3077,30-332,401.7,promien_500m
3077,31-059,402.1,promien_500m
3077,30-507,408.3,promien_500m
3077,31-069,412.7,promien_500m
3077,31-056,412.8,promien_500m
3077,30-506,476.8,promien_500m
3077,30-513,484.1,promien_500m
3077,30-503,486.1,promien_500m
3077,31-068,487.4,promien_500m
3078,31-066,0.0,promien_500m
3078,31-064,2.8,promien_500m
3078,31-067,42.8,promien_500m
3078,31-062,52.4,promien_500m
3078,31-060,98.6,promien_500m
3078,30-960,99.0,promien_500m
3078,31-063,101.7,promien_500m
3078,31-061,103.3,promien_500m
3078,31-155,109.6,promien_500m
3078,31-065,152.7,promien_500m
3078,31-020,165.5,promien_500m
3078,31-035,189.5,promien_500m
3078,31-132,202.9,promien_500m
3078,31-059,240.0,promien_500m
3078,31-055,240.2,promien_500m
3078,30-507,275.6,promien_500m
3078,30-508,279.6,promien_500m
3078,31-056,280.8,promien_500m
3078,30-510,286.2,promien_500m
3078,30-506,315.5,promien_500m
3078,30-331,317.1,promien_500m
3078,30-116,325.4,promien_500m
3078,31-058,326.1,promien_500m
3078,31-070,349.3,promien_500m
3078,30-502,352.2,promien_500m
3078,31-071,361.4,promien_500m
3078,30-512,362.3,promien_500m
3078,31-054,376.1,promien_500m
3078,30-529,399.9,promien_500m
3078,30-509,400.4,promien_500m
3078,30-527,414.6,promien_500m
3078,31-068,444.4,promien_500m
3078,31-057,447.7,promien_500m
3078,31-069,449.1,promien_500m
3078,31-039,453.6,promien_500m
3078,30-504,493.4,promien_500m
3078,30-520,496.5,promien_500m
3079,31-066,0.0,promien_500m
3079,31-064,22.6,promien_500m
3079,31-067,29.8,promien_500m
3079,31-155,63.8,promien_500m
3079,31-062,94.2,promien_500m
3079,30-960,101.0,promien_500m
3079,31-063,120.3,promien_500m
3079,31-065,135.1,promien_500m
3079,31-060,139.9,promien_500m
3079,31-061,153.8,promien_500m
3079,31-020,166.7,promien_500m
3079,31-132,221.1,promien_500m
3079,31-035,231.9,promien_500m
3079,31-055,265.6,promien_500m
3079,31-059,267.5,promien_500m
3079,30-331,284.7,promien_500m
3079,31-056,300.6,promien_500m
3079,30-510,306.5,promien_500m
3079,30-507,309.7,promien_500m
3079,30-508,310.6,promien_500m
3079,31-071,320.2,promien_500m
3079,31-058,323.2,promien_500m
3079,30-116,332.8,promien_500m
3079,31-070,333.2,promien_500m
3079,30-502,340.3,promien_500m
3079,31-054,349.5,promien_500m
3079,30-506,356.4,promien_500m
3079,30-512,357.1,promien_500m
3079,31-069,424.7,promien_500m
3079,30-509,429.3,promien_500m
3079,31-068,437.3,promien_500m
3079,30-529,448.3,promien_500m
3079,31-039,450.3,promien_500m
3079,30-302,450.7,promien_500m
3079,30-527,463.4,promien_500m
3079,30-307,480.8,promien_500m
3079,31-057,485.6,promien_500m
3079,30-332,491.4,promien_500m
3080,31-064,0.0,promien_500m
3080,31-062,19.2,promien_500m
3080,31-067,24.3,promien_500m
3080,30-960,40.7,promien_500m
3080,31-066,40.8,promien_500m
3080,31-063,44.0,promien_500m
3080,31-060,74.3,promien_500m
3080,31-065,100.6,promien_500m
3080,31-155,104.3,promien_500m
3080,31-020,105.1,promien_500m
3080,31-061,125.2,promien_500m
3080,31-132,145.7,promien_500m
3080,31-055,188.2,promien_500m
3080,31-059,189.8,promien_500m
3080,31-056,225.1,promien_500m
3080,31-035,232.7,promien_500m
3080,31-058,265.6,promien_500m
3080,31-070,291.7,promien_500m
3080,30-507,326.5,promien_500m
3080,31-054,326.7,promien_500m
3080,31-071,330.1,promien_500m
3080,30-508,332.8,promien_500m
3080,30-510,342.1,promien_500m
3080,30-506,357.6,promien_500m
3080,30-331,362.3,promien_500m
3080,31-068,384.5,promien_500m
3080,30-116,386.1,promien_500m
3080,31-039,393.0,promien_500m
3080,31-069,396.7,promien_500m
3080,30-502,409.9,promien_500m
3080,31-057,409.9,promien_500m
3080,30-512,422.2,promien_500m
3080,30-529,424.7,promien_500m
3080,30-527,437.6,promien_500m
3080,30-509,454.1,promien_500m
3080,30-901,483.7,promien_500m
3081,31-067,0.0,promien_500m
3081,30-960,29.2,promien_500m
3081,31-064,30.4,promien_500m
3081,31-065,41.7,promien_500m
3081,31-155,53.4,promien_500m
3081,31-063,55.2,promien_500m
3081,31-066,60.4,promien_500m
3081,31-062,72.3,promien_500m
3081,31-020,78.4,promien_500m
3081,31-060,126.0,promien_500m
3081,31-132,149.2,promien_500m
3081,31-061,191.8,promien_500m
3081,31-055,201.6,promien_500m
3081,31-059,206.8,promien_500m
3081,31-056,219.8,promien_500m
3081,31-058,227.7,promien_500m
3081,31-070,239.7,promien_500m
3081,31-054,264.0,promien_500m
3081,31-071,264.2,promien_500m
3081,31-035,296.9,promien_500m
3081,31-069,336.9,promien_500m
3081,31-068,341.4,promien_500m
3081,31-039,354.8,promien_500m
3081,30-331,355.8,promien_500m
3081,30-507,387.3,promien_500m
3081,30-508,391.8,promien_500m
3081,30-510,398.2,promien_500m
3081,30-506,422.9,promien_500m
3081,30-116,428.0,promien_500m
3081,30-901,428.5,promien_500m
3081,30-502,433.8,promien_500m
3081,31-057,438.5,promien_500m
3081,30-512,452.4,promien_500m
3081,30-302,457.7,promien_500m
3081,30-307,474.0,promien_500m
3081,30-529,491.1,promien_500m
3082,31-064,0.0,promien_500m
3082,31-063,2.2,promien_500m
3082,30-960,5.8,promien_500m
3082,31-067,26.7,promien_500m
3082,31-020,31.5,promien_500m
3082,31-065,41.6,promien_500m
3082,31-062,47.9,promien_500m
3082,31-060,84.0,promien_500m
3082,31-132,93.1,promien_500m
3082,31-066,103.8,promien_500m
3082,31-155,104.6,promien_500m
3082,31-055,145.7,promien_500m
3082,31-059,151.2,promien_500m
3082,31-056,166.0,promien_500m
3082,31-061,173.7,promien_500m
3082,31-058,192.1,promien_500m
3082,31-070,219.6,promien_500m
3082,31-054,264.7,promien_500m
3082,31-071,292.8,promien_500m
3082,31-035,299.0,promien_500m
3082,31-068,310.8,promien_500m
3082,31-039,319.5,promien_500m
3082,31-069,330.0,promien_500m
3082,31-057,383.9,promien_500m
3082,30-507,396.4,promien_500m
3082,30-508,403.9,promien_500m
3082,30-331,410.1,promien_500m
3082,30-901,413.0,promien_500m
3082,30-510,414.7,promien_500m
3082,30-506,419.8,promien_500m
3082,30-116,459.3,promien_500m
3082,30-529,473.3,promien_500m
3082,31-053,477.0,promien_500m
3082,30-502,477.1,promien_500m
3082,30-527,484.2,promien_500m
3082,30-058,492.0,promien_500m
3082,30-512,492.1,promien_500m
3083,31-063,0.0,promien_500m
3083,31-062,18.6,promien_500m
3083,31-064,24.0,promien_500m
3083,30-960,27.1,promien_500m
3083,31-065,38.9,promien_500m
3083,31-020,40.0,promien_500m
3083,31-060,51.7,promien_500m
3083,31-067,51.8,promien_500m
3083,31-132,72.8,promien_500m
3083,31-066,85.6,promien_500m
3083,31-055,120.7,promien_500m
3083,31-059,124.6,promien_500m
3083,31-155,135.2,promien_500m
3083,31-061,144.9,promien_500m
3083,31-056,152.7,promien_500m
3083,31-058,198.8,promien_500m
3083,31-070,236.2,promien_500m
3083,31-035,281.4,promien_500m
3083,31-054,288.1,promien_500m
3083,31-068,320.3,promien_500m
3083,31-071,324.4,promien_500m
3083,31-039,325.4,promien_500m
3083,31-069,352.0,promien_500m
3083,31-057,355.0,promien_500m
3083,30-507,381.4,promien_500m
3083,30-508,390.5,promien_500m
3083,30-506,397.2,promien_500m
3083,30-510,403.7,promien_500m
3083,30-331,429.3,promien_500m
3083,30-901,430.5,promien_500m
3083,30-529,445.7,promien_500m
3083,31-053,452.1,promien_500m
3083,30-527,456.0,promien_500m
3083,30-116,457.2,promien_500m
3083,30-502,484.0,promien_500m
3083,30-512,495.4,promien_500m
3083,31-052,498.6,promien_500m
3084,31-065,0.0,promien_500m
3084,31-067,27.5,promien_500m
3084,31-064,44.8,promien_500m
3084,31-020,73.5,promien_500m
3084,30-960,85.7,promien_500m
3084,31-155,86.4,promien_500m
3084,31-063,101.0,promien_500m
3084,31-062,107.3,promien_500m
3084,31-066,138.4,promien_500m
3084,31-070,148.6,promien_500m
3084,31-058,158.3,promien_500m
3084,31-132,161.9,promien_500m
3084,31-054,170.2,promien_500m
3084,31-060,178.1,promien_500m
3084,31-056,192.2,promien_500m
3084,31-071,192.2,promien_500m
3084,31-055,215.1,promien_500m
3084,31-059,219.4,promien_500m
3084,31-069,242.8,promien_500m
3084,31-068,261.6,promien_500m
3084,31-061,274.4,promien_500m
3084,31-039,280.7,promien_500m
3084,30-901,336.3,promien_500m
3084,31-035,389.4,promien_500m
3084,30-331,405.2,promien_500m
3084,31-057,432.1,promien_500m
3084,30-302,434.7,promien_500m
3084,30-058,438.7,promien_500m
3084,30-307,441.3,promien_500m
3084,30-507,481.3,promien_500m
3084,30-508,486.0,promien_500m
3084,30-510,491.2,promien_500m
3085,31-065,0.0,promien_500m
3085,31-020,0.7,promien_500m
3085,31-064,12.5,promien_500m
3085,31-062,36.6,promien_500m
3085,31-063,38.0,promien_500m
3085,30-960,64.9,promien_500m
3085,31-067,67.6,promien_500m
3085,31-132,79.0,promien_500m
3085,31-060,104.2,promien_500m
3085,31-056,124.6,promien_500m
3085,31-055,131.9,promien_500m
3085,31-155,132.5,promien_500m
3085,31-058,133.2,promien_500m
3085,31-059,137.3,promien_500m
3085,31-066,158.6,promien_500m
3085,31-070,163.3,promien_500m
3085,31-061,214.9,promien_500m
3085,31-054,221.2,promien_500m
3085,31-068,251.8,promien_500m
3085,31-071,259.5,promien_500m
3085,31-039,260.6,promien_500m
3085,31-069,279.4,promien_500m
3085,31-035,354.0,promien_500m
3085,31-057,356.1,promien_500m
3085,30-901,357.6,promien_500m
3085,30-058,432.9,promien_500m
3085,31-053,451.4,promien_500m
3085,30-507,453.0,promien_500m
3085,30-331,453.9,promien_500m
3085,30-508,461.3,promien_500m
3085,30-506,470.0,promien_500m
3085,30-510,472.9,promien_500m
3085,31-052,498.7,promien_500m
3086,31-064,0.0,promien_500m
3086,31-063,9.5,promien_500m
3086,31-062,21.4,promien_500m
3086,31-065,37.9,promien_500m
3086,31-020,59.5,promien_500m
3086,31-058,74.6,promien_500m
3086,31-056,96.2,promien_500m
3086,31-132,105.3,promien_500m
3086,31-070,106.4,promien_500m
3086,31-067,114.7,promien_500m
3086,30-960,124.9,promien_500m
3086,31-059,136.0,promien_500m
3086,31-060,141.4,promien_500m
3086,31-055,143.4,promien_500m
3086,31-054,169.1,promien_500m
3086,31-155,174.0,promien_500m
3086,31-068,191.6,promien_500m
3086,31-071,199.3,promien_500m
3086,31-039,201.6,promien_500m
3086,31-066,212.8,promien_500m
3086,31-069,228.5,promien_500m
3086,31-061,263.6,promien_500m
3086,30-901,300.4,promien_500m
3086,31-057,338.3,promien_500m
3086,30-058,372.8,promien_500m
3086,31-035,412.5,promien_500m
3086,31-053,437.5,promien_500m
3086,31-052,467.1,promien_500m
3086,31-050,480.0,promien_500m
3086,31-048,488.3,promien_500m
3086,31-049,489.7,promien_500m
3086,30-331,498.4,promien_500m
3087,31-064,0.0,promien_500m
3087,31-065,6.6,promien_500m
3087,31-063,8.1,promien_500m
3087,31-058,22.6,promien_500m
3087,31-070,33.8,promien_500m
3087,31-062,52.0,promien_500m
3087,31-054,107.4,promien_500m
3087,31-068,113.4,promien_500m
3087,31-071,119.9,promien_500m
3087,31-056,121.0,promien_500m
3087,31-039,130.0,promien_500m
3087,31-020,139.8,promien_500m
3087,31-055,140.0,promien_500m
3087,31-069,160.2,promien_500m
3087,31-059,167.6,promien_500m
3087,31-132,175.6,promien_500m
3087,31-067,177.5,promien_500m
3087,30-960,203.9,promien_500m
3087,31-060,208.1,promien_500m
3087,30-901,221.0,promien_500m
3087,31-155,236.3,promien_500m
3087,31-066,283.2,promien_500m
3087,30-058,294.2,promien_500m
3087,31-061,332.8,promien_500m
3087,31-057,343.8,promien_500m
3087,31-048,414.8,promien_500m
3087,31-049,418.2,promien_500m
3087,31-050,432.8,promien_500m
3087,31-053,442.4,promien_500m
3087,31-052,446.8,promien_500m
3087,31-001,462.6,promien_500m
3087,31-044,467.1,promien_500m
3087,31-051,478.4,promien_500m
3087,31-035,493.7,promien_500m
3088,31-065,0.0,promien_500m
3088,31-070,37.5,promien_500m
3088,31-064,54.1,promien_500m
3088,31-054,68.7,promien_500m
3088,31-063,86.6,promien_500m
3088,31-058,110.1,promien_500m
3088,31-062,115.1,promien_500m
3088,31-067,131.1,promien_500m
3088,31-069,132.1,promien_500m
3088,31-071,132.7,promien_500m
3088,31-020,149.5,promien_500m
3088,31-068,171.8,promien_500m
3088,30-960,191.5,promien_500m
3088,31-155,193.5,promien_500m
3088,31-056,194.4,promien_500m
3088,31-039,199.5,promien_500m
3088,31-132,217.9,promien_500m
3088,31-055,222.5,promien_500m
3088,30-901,225.1,promien_500m
3088,31-059,245.1,promien_500m
3088,31-066,247.4,promien_500m
3088,31-060,253.2,promien_500m
3088,30-058,337.5,promien_500m
3088,31-061,367.5,promien_500m
3088,31-057,428.7,promien_500m
3088,30-307,440.7,promien_500m
3088,30-302,444.3,promien_500m
3088,31-048,455.4,promien_500m
3088,31-049,475.9,promien_500m
3088,31-001,480.9,promien_500m
3088,31-044,486.7,promien_500m
3088,30-331,492.2,promien_500m
3088,31-035,496.6,promien_500m
3088,30-301,497.6,promien_500m
3089,31-065,0.0,promien_500m
3089,31-070,11.2,promien_500m
3089,31-054,19.9,promien_500m
3089,31-071,52.0,promien_500m
3089,31-069,55.1,promien_500m
3089,31-064,142.4,promien_500m
3089,31-062,162.3,promien_500m
3089,30-901,173.3,promien_500m
3089,31-063,178.3,promien_500m
3089,31-058,195.2,promien_500m
3089,31-067,197.7,promien_500m
3089,31-068,199.3,promien_500m
3089,31-039,234.6,promien_500m
3089,31-020,254.7,promien_500m
3089,31-155,268.5,promien_500m
3089,31-055,280.4,promien_500m
3089,31-066,281.0,promien_500m
3089,30-960,286.2,promien_500m
3089,31-056,293.8,promien_500m
3089,30-058,324.6,promien_500m
3089,31-132,324.9,promien_500m
3089,31-059,336.0,promien_500m
3089,31-060,360.3,promien_500m
3089,30-302,366.5,promien_500m
3089,30-307,377.6,promien_500m
3089,30-301,390.6,promien_500m
3089,31-001,393.4,promien_500m
3089,31-048,422.8,promien_500m
3089,31-044,434.9,promien_500m
3089,31-061,471.4,promien_500m
3089,31-049,474.6,promien_500m
3089,31-003,497.0,promien_500m
3090,31-071,0.0,promien_500m
3090,31-070,45.5,promien_500m
3090,31-065,60.7,promien_500m
3090,31-069,138.7,promien_500m
3090,31-054,174.6,promien_500m
3090,30-302,220.2,promien_500m
3090,31-066,223.9,promien_500m
3090,30-307,226.1,promien_500m
3090,31-067,227.1,promien_500m
3090,30-901,275.9,promien_500m
3090,31-064,276.8,promien_500m
3090,30-301,314.1,promien_500m
3090,31-155,315.0,promien_500m
3090,31-062,317.4,promien_500m
3090,31-063,323.7,promien_500m
3090,31-058,344.1,promien_500m
3090,31-068,352.6,promien_500m
3090,30-308,353.0,promien_500m
3090,30-960,361.9,promien_500m
3090,31-020,363.1,promien_500m
3090,31-039,385.2,promien_500m
3090,31-001,391.5,promien_500m
3090,30-311,410.0,promien_500m
3090,30-337,421.5,promien_500m
3090,31-056,434.4,promien_500m
3090,31-055,435.5,promien_500m
3090,30-331,444.1,promien_500m
3090,31-132,445.2,promien_500m
3090,30-304,453.0,promien_500m
3090,30-058,454.3,promien_500m
3090,31-060,469.2,promien_500m
3090,30-312,478.5,promien_500m
3090,31-059,483.2,promien_500m
3090,30-305,495.4,promien_500m
3090,31-109,499.3,promien_500m
3091,31-071,0.0,promien_500m
3091,31-065,11.1,promien_500m
3091,31-070,74.2,promien_500m
3091,31-054,133.4,promien_500m
3091,31-067,147.2,promien_500m
3091,31-069,157.7,promien_500m
3091,31-066,176.9,promien_500m
3091,31-064,199.6,promien_500m
3091,31-155,235.1,promien_500m
3091,31-063,259.6,promien_500m
3091,30-307,269.7,promien_500m
3091,31-062,270.3,promien_500m
3091,30-302,276.9,promien_500m
3091,30-901,278.8,promien_500m
3091,31-058,282.6,promien_500m
3091,31-020,282.9,promien_500m
3091,30-960,289.6,promien_500m
3091,31-068,313.1,promien_500m
3091,31-039,350.0,promien_500m
3091,31-056,364.3,promien_500m
3091,31-132,367.3,promien_500m
3091,31-055,385.5,promien_500m
3091,31-060,388.6,promien_500m
3091,30-301,390.5,promien_500m
3091,31-059,409.7,promien_500m
3091,30-331,419.1,promien_500m
3091,30-308,425.7,promien_500m
3091,30-058,441.9,promien_500m
3091,31-001,450.0,promien_500m
3091,30-311,463.5,promien_500m
3091,31-061,475.2,promien_500m
3091,30-337,489.7,promien_500m
3092,31-065,0.0,promien_500m
3092,31-071,51.0,promien_500m
3092,31-070,62.3,promien_500m
3092,31-054,65.4,promien_500m
3092,31-064,120.5,promien_500m
3092,31-067,124.1,promien_500m
3092,31-069,128.7,promien_500m
3092,31-063,173.0,promien_500m
3092,31-062,189.9,promien_500m
3092,31-058,196.4,promien_500m
3092,31-155,199.2,promien_500m
3092,31-020,209.5,promien_500m
3092,31-066,214.7,promien_500m
3092,30-960,228.6,promien_500m
3092,31-068,238.3,promien_500m
3092,30-901,245.4,promien_500m
3092,31-039,272.6,promien_500m
3092,31-056,278.6,promien_500m
3092,31-132,288.6,promien_500m
3092,31-055,303.0,promien_500m
3092,31-060,316.9,promien_500m
3092,31-059,325.8,promien_500m
3092,30-307,355.1,promien_500m
3092,30-302,359.6,promien_500m
3092,30-058,384.5,promien_500m
3092,31-061,417.9,promien_500m
3092,30-301,439.9,promien_500m
3092,30-331,451.5,promien_500m
3092,31-001,463.2,promien_500m
3092,31-048,490.1,promien_500m
311,31-011,0.0,promien_500m
311,31-133,17.8,promien_500m
311,31-009,39.9,promien_500m
311,31-118,86.8,promien_500m
311,31-131,112.8,promien_500m
311,31-128,116.0,promien_500m
311,31-010,116.9,promien_500m
311,31-012,130.8,promien_500m
311,31-123,135.2,promien_500m
311,31-014,139.6,promien_500m
311,31-008,150.9,promien_500m
311,31-116,192.2,promien_500m
311,31-124,204.2,promien_500m
311,30-014,211.9,promien_500m
311,31-140,217.9,promien_500m
311,31-015,233.5,promien_500m
311,31-016,235.4,promien_500m
311,31-018,238.6,promien_500m
311,31-013,239.1,promien_500m
311,31-113,240.2,promien_500m
311,31-134,244.4,promien_500m
311,31-007,246.7,promien_500m
311,31-144,259.8,promien_500m
311,31-042,272.2,promien_500m
311,31-114,292.4,promien_500m
311,31-045,295.0,promien_500m
311,31-017,299.2,promien_500m
311,31-135,307.5,promien_500m
311,31-139,314.4,promien_500m
311,31-020,317.9,promien_500m
311,31-143,321.7,promien_500m
311,31-022,337.3,promien_500m
311,31-034,350.6,promien_500m
311,31-005,351.6,promien_500m
311,31-021,360.0,promien_500m
311,31-109,373.7,promien_500m
311,31-510,376.8,promien_500m
311,31-110,380.5,promien_500m
311,31-115,389.9,promien_500m
311,31-127,390.4,promien_500m
311,31-019,402.5,promien_500m
311,31-142,402.9,promien_500m
311,31-141,410.5,promien_500m
311,31-136,422.0,promien_500m
311,31-724,434.3,promien_500m
311,31-006,434.9,promien_500m
311,31-004,437.6,promien_500m
311,31-146,437.7,promien_500m
311,31-041,437.8,promien_500m
311,31-150,439.1,promien_500m
311,31-126,444.4,promien_500m
311,31-002,444.7,promien_500m
311,31-147,451.1,promien_500m
311,31-024,454.4,promien_500m
311,31-121,464.8,promien_500m
311,31-043,472.1,promien_500m
311,31-108,479.9,promien_500m
311,31-130,486.0,promien_500m
311,31-107,493.3,promien_500m
311,31-027,497.8,promien_500m
3301,31-139,0.0,promien_500m
3301,31-140,23.0,promien_500m
3301,31-159,36.3,promien_500m
3301,31-162,67.3,promien_500m
3301,30-007,83.5,promien_500m
3301,30-035,86.0,promien_500m
3301,31-158,93.3,promien_500m
3301,31-137,116.7,promien_500m
3301,30-037,132.1,promien_500m
3301,30-034,137.1,promien_500m
3301,30-015,155.0,promien_500m
3301,30-018,159.2,promien_500m
3301,30-036,160.9,promien_500m
3301,30-019,161.3,promien_500m
3301,31-261,162.2,promien_500m
3301,31-161,166.7,promien_500m
3301,31-138,177.6,promien_500m
3301,31-045,194.7,promien_500m
3301,30-038,195.0,promien_500m
3301,31-136,218.2,promien_500m
3301,31-160,234.5,promien_500m
3301,30-033,241.7,promien_500m
3301,31-145,242.1,promien_500m
3301,30-003,254.6,promien_500m
3301,31-142,259.8,promien_500m
3301,30-139,266.4,promien_500m
3301,31-141,293.6,promien_500m
3301,31-130,303.5,promien_500m
3301,31-128,320.5,promien_500m
3301,31-146,331.2,promien_500m
3301,30-039,341.7,promien_500m
3301,30-004,361.6,promien_500m
3301,30-074,374.1,promien_500m
3301,31-153,375.2,promien_500m
3301,31-120,376.3,promien_500m
3301,30-078,388.1,promien_500m
3301,31-147,389.9,promien_500m
3301,31-135,399.2,promien_500m
3301,30-045,412.6,promien_500m
3301,31-148,420.7,promien_500m
3301,31-127,425.1,promien_500m
3301,30-006,441.1,promien_500m
3301,30-043,441.9,promien_500m
3301,31-126,443.0,promien_500m
3301,31-144,449.4,promien_500m
3301,30-002,463.3,promien_500m
3301,30-529,476.6,promien_500m
3301,31-131,482.3,promien_500m
3301,31-152,489.9,promien_500m
3301,30-009,492.7,promien_500m
3301,30-047,493.9,promien_500m
3301,30-040,497.5,promien_500m
3302,31-162,0.0,promien_500m
3302,31-139,4.9,promien_500m
3302,31-140,19.2,promien_500m
3302,31-161,76.6,promien_500m
3302,31-158,80.0,promien_500m
3302,31-137,85.9,promien_500m
3302,31-159,101.0,promien_500m
3302,30-007,163.6,promien_500m
3302,31-142,169.1,promien_500m
3302,30-035,171.4,promien_500m
3302,30-139,181.1,promien_500m
3302,31-136,188.0,promien_500m
3302,31-160,188.4,promien_500m
3302,30-018,193.8,promien_500m
3302,30-019,197.2,promien_500m
3302,31-138,201.5,promien_500m
3302,31-141,211.0,promien_500m
3302,31-145,212.5,promien_500m
3302,30-036,215.0,promien_500m
3302,30-037,217.7,promien_500m
3302,31-261,219.2,promien_500m
3302,30-034,227.3,promien_500m
3302,30-015,232.0,promien_500m
3302,31-146,278.1,promien_500m
3302,30-038,278.9,promien_500m
3302,31-045,283.4,promien_500m
3302,30-003,284.3,promien_500m
3302,31-130,284.8,promien_500m
3302,31-153,299.6,promien_500m
3302,31-147,325.9,promien_500m
3302,30-033,332.0,promien_500m
3302,31-135,337.7,promien_500m
3302,30-004,349.2,promien_500m
3302,31-128,354.7,promien_500m
3302,31-148,361.7,promien_500m
3302,31-144,362.1,promien_500m
3302,31-152,408.3,promien_500m
3302,31-120,416.3,promien_500m
3302,30-039,422.9,promien_500m
3302,31-126,439.0,promien_500m
3302,30-002,446.2,promien_500m
3302,31-127,446.2,promien_500m
3302,30-006,455.7,promien_500m
3302,30-074,457.6,promien_500m
3302,31-131,460.3,promien_500m
3302,30-078,475.1,promien_500m
3302,31-143,477.6,promien_500m
3302,30-045,486.7,promien_500m
3303,31-139,0.0,promien_500m
3303,31-161,15.0,promien_500m
3303,31-137,48.4,promien_500m
3303,31-162,66.2,promien_500m
3303,30-139,79.5,promien_500m
3303,31-140,84.1,promien_500m
3303,31-142,84.1,promien_500m
3303,31-136,131.9,promien_500m
3303,31-158,132.1,promien_500m
3303,31-159,162.4,promien_500m
3303,31-141,172.8,promien_500m
3303,31-160,187.4,promien_500m
3303,31-138,226.9,promien_500m
3303,31-130,232.4,promien_500m
3303,31-135,241.7,promien_500m
3303,31-146,248.1,promien_500m
3303,31-144,261.8,promien_500m
3303,31-145,264.9,promien_500m
3303,30-007,265.9,promien_500m
3303,30-035,271.9,promien_500m
3303,31-153,273.6,promien_500m
3303,30-018,289.0,promien_500m
3303,30-019,292.7,promien_500m
3303,31-147,297.3,promien_500m
3303,31-045,297.7,promien_500m
3303,30-037,299.1,promien_500m
3303,30-036,312.3,promien_500m
3303,31-261,319.8,promien_500m
3303,30-034,324.2,promien_500m
3303,30-038,334.1,promien_500m
3303,30-015,334.4,promien_500m
3303,31-128,349.6,promien_500m
3303,31-148,360.7,promien_500m
3303,31-152,361.5,promien_500m
3303,30-003,373.4,promien_500m
3303,31-131,375.1,promien_500m
3303,31-143,375.8,promien_500m
3303,30-004,406.3,promien_500m
3303,31-126,407.5,promien_500m
3303,30-033,418.0,promien_500m
3303,31-134,430.9,promien_500m
3303,31-120,432.4,promien_500m
3303,31-127,437.4,promien_500m
3303,31-150,444.0,promien_500m
3303,30-002,492.9,promien_500m
3303,30-039,493.4,promien_500m
3304,31-139,0.0,promien_500m
3304,31-140,3.3,promien_500m
3304,31-137,22.2,promien_500m
3304,30-139,34.3,promien_500m
3304,31-136,100.9,promien_500m
3304,31-161,107.7,promien_500m
3304,31-142,109.3,promien_500m
3304,31-135,111.9,promien_500m
3304,31-144,146.6,promien_500m
3304,31-130,168.7,promien_500m
3304,31-162,177.1,promien_500m
3304,31-045,182.6,promien_500m
3304,31-141,214.5,promien_500m
3304,31-158,222.5,promien_500m
3304,31-131,246.6,promien_500m
3304,31-143,250.5,promien_500m
3304,31-159,255.2,promien_500m
3304,31-146,262.6,promien_500m
3304,31-160,276.4,promien_500m
3304,31-147,276.9,promien_500m
3304,31-134,294.4,promien_500m
3304,31-138,294.6,promien_500m
3304,31-153,311.9,promien_500m
3304,31-128,324.4,promien_500m
3304,31-148,340.7,promien_500m
3304,31-152,351.3,promien_500m
3304,31-145,370.0,promien_500m
3304,31-133,371.2,promien_500m
3304,31-150,373.8,promien_500m
3304,31-126,375.3,promien_500m
3304,30-007,399.5,promien_500m
3304,30-038,402.1,promien_500m
3304,30-035,403.1,promien_500m
3304,30-037,407.7,promien_500m
3304,31-015,415.6,promien_500m
3304,31-127,419.3,promien_500m
3304,31-034,425.0,promien_500m
3304,31-012,425.1,promien_500m
3304,30-018,425.6,promien_500m
3304,31-014,428.7,promien_500m
3304,30-019,429.3,promien_500m
3304,31-149,430.2,promien_500m
3304,31-124,432.8,promien_500m
3304,30-036,449.2,promien_500m
3304,30-034,450.0,promien_500m
3304,31-261,456.7,promien_500m
3304,31-120,462.1,promien_500m
3304,30-015,468.7,promien_500m
3304,30-033,468.9,promien_500m
3304,31-011,469.8,promien_500m
3305,31-139,0.0,promien_500m
3305,31-140,6.7,promien_500m
3305,31-135,57.1,promien_500m
3305,31-137,84.0,promien_500m
3305,31-144,84.8,promien_500m
3305,30-139,106.0,promien_500m
3305,31-136,108.6,promien_500m
3305,31-142,113.8,promien_500m
3305,31-045,135.1,promien_500m
3305,31-130,166.1,promien_500m
3305,31-161,173.3,promien_500m
3305,31-131,183.0,promien_500m
3305,31-143,190.0,promien_500m
3305,31-134,223.4,promien_500m
3305,31-141,226.0,promien_500m
3305,31-162,243.1,promien_500m
3305,31-146,281.9,promien_500m
3305,31-147,282.3,promien_500m
3305,31-158,282.5,promien_500m
3305,31-133,299.5,promien_500m
3305,31-159,315.9,promien_500m
3305,31-128,317.8,promien_500m
3305,31-148,333.8,promien_500m
3305,31-160,334.7,promien_500m
3305,31-138,344.7,promien_500m
3305,31-015,345.7,promien_500m
3305,31-150,352.9,promien_500m
3305,31-153,353.7,promien_500m
3305,31-012,354.5,promien_500m
3305,31-152,356.4,promien_500m
3305,31-126,358.1,promien_500m
3305,31-034,366.7,promien_500m
3305,31-124,376.8,promien_500m
3305,31-145,379.2,promien_500m
3305,31-014,384.1,promien_500m
3305,31-149,390.5,promien_500m
3305,31-011,398.0,promien_500m
3305,31-127,414.2,promien_500m
3305,30-038,448.8,promien_500m
3305,31-016,452.4,promien_500m
3305,30-007,465.2,promien_500m
3305,30-037,469.5,promien_500m
3305,30-035,472.6,promien_500m
3305,31-020,474.5,promien_500m
3305,31-123,476.7,promien_500m
3305,31-120,483.7,promien_500m
3305,30-018,497.3,promien_500m
3306,31-139,0.0,promien_500m
3306,31-140,10.4,promien_500m
3306,31-135,13.4,promien_500m
3306,31-144,28.5,promien_500m
3306,31-045,115.0,promien_500m
3306,31-142,125.9,promien_500m
3306,31-136,126.5,promien_500m
3306,31-131,129.6,promien_500m
3306,31-143,134.2,promien_500m
3306,31-137,144.6,promien_500m
3306,31-134,155.5,promien_500m
3306,30-139,175.4,promien_500m
3306,31-130,185.7,promien_500m
3306,31-141,217.9,promien_500m
3306,31-133,230.0,promien_500m
3306,31-161,240.4,promien_500m
3306,31-015,278.4,promien_500m
3306,31-012,286.8,promien_500m
3306,31-146,295.9,promien_500m
3306,31-147,304.4,promien_500m
3306,31-162,309.6,promien_500m
3306,31-034,315.9,promien_500m
3306,31-128,317.1,promien_500m
3306,31-124,328.1,promien_500m
3306,31-011,328.5,promien_500m
3306,31-148,341.8,promien_500m
3306,31-150,344.6,promien_500m
3306,31-158,345.1,promien_500m
3306,31-145,346.6,promien_500m
3306,31-014,350.1,promien_500m
3306,31-126,354.4,promien_500m
3306,31-149,360.7,promien_500m
3306,31-152,375.0,promien_500m
3306,31-159,378.2,promien_500m
3306,31-160,394.2,promien_500m
3306,31-138,395.2,promien_500m
3306,31-016,396.1,promien_500m
3306,31-127,397.1,promien_500m
3306,31-153,402.6,promien_500m
3306,31-020,412.7,promien_500m
3306,31-123,426.4,promien_500m
3306,31-009,459.0,promien_500m
3306,31-118,461.4,promien_500m
3306,30-014,472.5,promien_500m
3306,31-157,486.3,promien_500m
3306,31-018,496.7,promien_500m
3306,30-038,499.5,promien_500m
3307,31-139,0.0,promien_500m
3307,31-140,2.9,promien_500m
3307,31-144,21.4,promien_500m
3307,31-135,61.4,promien_500m
3307,31-131,61.9,promien_500m
3307,31-134,69.9,promien_500m
3307,31-143,92.3,promien_500m
3307,31-045,116.6,promien_500m
3307,31-133,133.9,promien_500m
3307,31-136,170.9,promien_500m
3307,31-015,192.5,promien_500m
3307,31-142,192.7,promien_500m
3307,31-012,199.2,promien_500m
3307,31-137,229.6,promien_500m
3307,31-011,231.9,promien_500m
3307,31-130,234.2,promien_500m
3307,31-141,238.5,promien_500m
3307,31-128,251.8,promien_500m
3307,31-124,265.1,promien_500m
3307,31-034,270.6,promien_500m
3307,30-139,272.4,promien_500m
3307,31-146,300.9,promien_500m
3307,31-014,307.5,promien_500m
3307,31-147,332.4,promien_500m
3307,31-145,333.2,promien_500m
3307,31-016,335.2,promien_500m
3307,31-161,337.3,promien_500m
3307,31-020,338.6,promien_500m
3307,31-149,351.0,promien_500m
3307,31-123,357.0,promien_500m
3307,31-126,357.6,promien_500m
3307,31-009,364.6,promien_500m
3307,31-150,365.0,promien_500m
3307,31-127,370.7,promien_500m
3307,31-118,374.4,promien_500m
3307,30-014,381.1,promien_500m
3307,31-148,385.3,promien_500m
3307,31-162,406.2,promien_500m
3307,31-018,420.6,promien_500m
3307,31-010,428.3,promien_500m
3307,31-152,429.0,promien_500m
3307,31-158,439.5,promien_500m
3307,31-116,452.3,promien_500m
3307,31-157,455.1,promien_500m
3307,31-017,460.4,promien_500m
3307,31-159,464.4,promien_500m
3307,31-138,466.6,promien_500m
3307,31-008,475.1,promien_500m
3307,31-153,485.9,promien_500m
3307,31-160,486.1,promien_500m
3307,31-013,489.6,promien_500m
3307,30-048,494.0,promien_500m
3308,31-140,0.0,promien_500m
3308,31-144,8.0,promien_500m
3308,31-131,17.9,promien_500m
3308,31-134,40.3,promien_500m
3308,31-139,52.0,promien_500m
3308,31-133,60.7,promien_500m
3308,31-143,93.4,promien_500m
3308,31-135,115.5,promien_500m
3308,31-015,134.4,promien_500m
3308,31-012,138.3,promien_500m
3308,31-045,152.4,promien_500m
3308,31-011,158.8,promien_500m
3308,31-136,220.9,promien_500m
3308,31-128,223.7,promien_500m
3308,31-142,225.6,promien_500m
3308,31-124,238.4,promien_500m
3308,31-014,240.3,promien_500m
3308,31-034,249.4,promien_500m
3308,31-141,258.8,promien_500m
3308,31-020,287.4,promien_500m
3308,31-130,290.6,promien_500m
3308,31-009,296.7,promien_500m
3308,31-016,297.6,promien_500m
3308,31-137,297.7,promien_500m
3308,31-146,300.4,promien_500m
3308,30-014,312.3,promien_500m
3308,31-118,316.0,promien_500m
3308,31-123,319.1,promien_500m
3308,31-147,326.3,promien_500m
3308,31-145,335.4,promien_500m
3308,31-150,340.4,promien_500m
3308,30-139,345.9,promien_500m
3308,31-010,354.9,promien_500m
3308,31-149,355.6,promien_500m
3308,31-018,359.0,promien_500m
3308,31-127,368.0,promien_500m
3308,31-126,381.4,promien_500m
3308,31-116,398.3,promien_500m
3308,31-008,409.1,promien_500m
3308,31-161,410.2,promien_500m
3308,31-017,410.8,promien_500m
3308,31-013,417.8,promien_500m
3308,31-148,426.2,promien_500m
3308,31-157,437.1,promien_500m
3308,31-021,455.5,promien_500m
3308,31-022,459.8,promien_500m
3308,31-152,475.4,promien_500m
3308,31-162,478.8,promien_500m
3308,31-042,485.9,promien_500m
3308,31-113,488.1,promien_500m
3308,31-114,498.6,promien_500m
3309,31-133,0.0,promien_500m
3309,31-131,35.5,promien_500m
3309,31-012,46.8,promien_500m
3309,31-011,50.4,promien_500m
3309,31-140,59.5,promien_500m
3309,31-134,86.9,promien_500m
3309,31-015,94.8,promien_500m
3309,31-144,101.0,promien_500m
3309,31-014,138.2,promien_500m
3309,31-143,159.6,promien_500m
3309,31-139,163.9,promien_500m
3309,31-009,199.4,promien_500m
3309,31-135,209.4,promien_500m
3309,30-014,214.9,promien_500m
3309,31-128,218.3,promien_500m
3309,31-034,232.7,promien_500m
3309,31-118,234.0,promien_500m
3309,31-020,235.6,promien_500m
3309,31-124,237.0,promien_500m
3309,31-045,241.1,promien_500m
3309,31-010,243.1,promien_500m
3309,31-016,246.1,promien_500m
3309,31-123,254.7,promien_500m
3309,31-142,263.9,promien_500m
3309,31-141,273.6,promien_500m
3309,31-018,274.4,promien_500m
3309,31-146,308.1,promien_500m
3309,31-013,310.8,promien_500m
3309,31-008,313.8,promien_500m
3309,31-136,314.3,promien_500m
3309,31-116,328.9,promien_500m
3309,31-150,329.6,promien_500m
3309,31-147,330.1,promien_500m
3309,31-017,339.4,promien_500m
3309,31-022,365.4,promien_500m
3309,31-145,368.8,promien_500m
3309,31-042,375.5,promien_500m
3309,31-130,386.8,promien_500m
3309,31-149,386.9,promien_500m
3309,31-021,389.0,promien_500m
3309,31-127,389.3,promien_500m
3309,31-113,400.0,promien_500m
3309,31-137,404.6,promien_500m
3309,31-007,407.5,promien_500m
3309,31-126,426.6,promien_500m
3309,31-019,428.5,promien_500m
3309,31-114,430.2,promien_500m
3309,31-157,432.3,promien_500m
3309,31-109,441.1,promien_500m
3309,30-139,457.7,promien_500m
3309,31-156,465.5,promien_500m
3309,31-024,483.0,promien_500m
3309,31-005,488.7,promien_500m
3309,31-510,490.6,promien_500m
3309,31-724,499.2,promien_500m
3310,31-133,0.0,promien_500m
3310,31-131,39.6,promien_500m
3310,31-011,42.4,promien_500m
3310,31-012,81.6,promien_500m
3310,31-009,123.2,promien_500m
3310,31-140,127.1,promien_500m
3310,31-014,145.8,promien_500m
3310,31-128,148.1,promien_500m
3310,31-118,155.2,promien_500m
3310,31-015,165.8,promien_500m
3310,31-134,165.8,promien_500m
3310,31-144,169.2,promien_500m
3310,31-123,177.7,promien_500m
3310,31-010,198.7,promien_500m
3310,31-124,201.4,promien_500m
3310,30-014,221.8,promien_500m
3310,31-139,222.9,promien_500m
3310,31-135,235.1,promien_500m
3310,31-008,237.2,promien_500m
3310,31-143,238.2,promien_500m
3310,31-116,251.7,promien_500m
3310,31-016,258.5,promien_500m
3310,31-018,269.4,promien_500m
3310,31-045,270.0,promien_500m
3310,31-020,286.0,promien_500m
3310,31-013,290.0,promien_500m
3310,31-034,298.4,promien_500m
3310,31-113,322.1,promien_500m
3310,31-007,330.0,promien_500m
3310,31-142,338.2,promien_500m
3310,31-017,339.7,promien_500m
3310,31-042,341.8,promien_500m
3310,31-136,341.8,promien_500m
3310,31-141,347.2,promien_500m
3310,31-114,352.5,promien_500m
3310,31-127,357.2,promien_500m
3310,31-022,366.8,promien_500m
3310,31-146,379.4,promien_500m
3310,31-150,393.3,promien_500m
3310,31-147,398.4,promien_500m
3310,31-021,400.0,promien_500m
3310,31-126,403.3,promien_500m
3310,31-130,410.6,promien_500m
3310,31-005,437.0,promien_500m
3310,31-019,441.1,promien_500m
3310,31-724,442.0,promien_500m
3310,31-115,444.1,promien_500m
3310,31-145,445.4,promien_500m
3310,31-137,445.6,promien_500m
3310,31-510,451.6,promien_500m
3310,31-109,462.4,promien_500m
3310,31-149,463.0,promien_500m
3310,31-110,465.6,promien_500m
3310,31-121,472.6,promien_500m
3310,31-041,493.1,promien_500m
3310,30-048,494.2,promien_500m
3310,31-024,494.4,promien_500m
3310,31-157,498.1,promien_500m
3311,31-131,0.0,promien_500m
3311,31-133,1.3,promien_500m
3311,31-134,5.2,promien_500m
3311,31-144,40.9,promien_500m
3311,31-015,54.9,promien_500m
3311,31-140,55.5,promien_500m
3311,31-012,59.5,promien_500m
3311,31-143,76.8,promien_500m
3311,31-011,110.3,promien_500m
3311,31-139,114.2,promien_500m
3311,31-014,170.1,promien_500m
3311,31-034,179.9,promien_500m
3311,31-142,192.5,promien_500m
3311,31-135,194.7,promien_500m
3311,31-141,203.3,promien_500m
3311,31-020,208.2,promien_500m
3311,31-016,223.6,promien_500m
3311,31-045,231.8,promien_500m
3311,31-146,241.4,promien_500m
3311,30-014,241.8,promien_500m
3311,31-147,268.1,promien_500m
3311,31-150,273.9,promien_500m
3311,31-128,274.9,promien_500m
3311,31-009,282.0,promien_500m
3311,31-018,282.2,promien_500m
3311,31-124,290.0,promien_500m
3311,31-145,291.4,promien_500m
3311,31-136,299.9,promien_500m
3311,31-010,304.2,promien_500m
3311,31-149,310.3,promien_500m
3311,31-118,317.1,promien_500m
3311,31-017,331.6,promien_500m
3311,31-123,336.0,promien_500m
3311,31-013,354.1,promien_500m
3311,31-130,368.8,promien_500m
3311,31-137,370.0,promien_500m
3311,31-157,372.3,promien_500m
3311,31-021,376.5,promien_500m
3311,31-022,380.4,promien_500m
3311,31-008,395.9,promien_500m
3311,30-139,402.1,promien_500m
3311,31-116,410.1,promien_500m
3311,31-148,421.4,promien_500m
3311,31-156,426.0,promien_500m
3311,31-019,426.5,promien_500m
3311,31-042,427.8,promien_500m
3311,31-109,431.4,promien_500m
3311,31-127,432.2,promien_500m
3311,31-126,457.3,promien_500m
3311,31-161,461.6,promien_500m
3311,31-152,474.8,promien_500m
3311,31-024,477.5,promien_500m
3311,31-113,482.9,promien_500m
3311,31-007,490.3,promien_500m
3312,31-134,0.0,promien_500m
3312,31-034,31.2,promien_500m
3312,31-143,31.7,promien_500m
3312,31-142,44.0,promien_500m
3312,31-015,46.2,promien_500m
3312,31-141,52.4,promien_500m
3312,31-146,87.9,promien_500m
3312,31-016,92.2,promien_500m
3312,31-014,92.9,promien_500m
3312,31-147,114.7,promien_500m
3312,31-144,117.5,promien_500m
3312,31-012,118.5,promien_500m
3312,31-133,120.3,promien_500m
3312,31-150,122.2,promien_500m
3312,31-020,124.9,promien_500m
3312,31-131,147.9,promien_500m
3312,31-145,155.1,promien_500m
3312,31-149,170.0,promien_500m
3312,31-140,202.5,promien_500m
3312,31-018,207.4,promien_500m
3312,31-139,217.7,promien_500m
3312,31-011,218.7,promien_500m
3312,31-157,219.6,promien_500m
3312,31-017,230.7,promien_500m
3312,30-014,250.6,promien_500m
3312,31-021,266.4,promien_500m
3312,31-135,288.5,promien_500m
3312,31-156,290.8,promien_500m
3312,31-045,295.5,promien_500m
3312,31-022,297.4,promien_500m
3312,31-019,318.2,promien_500m
3312,31-109,338.5,promien_500m
3312,31-148,339.8,promien_500m
3312,31-010,362.3,promien_500m
3312,31-013,363.4,promien_500m
3312,31-024,371.6,promien_500m
3312,31-152,383.0,promien_500m
3312,31-009,384.5,promien_500m
3312,31-136,398.2,promien_500m
3312,31-155,402.5,promien_500m
3312,31-128,428.5,promien_500m
3312,31-154,435.0,promien_500m
3312,30-139,441.0,promien_500m
3312,31-023,441.6,promien_500m
3312,31-118,441.9,promien_500m
3312,31-124,443.6,promien_500m
3312,31-137,443.9,promien_500m
3312,31-153,452.9,promien_500m
3312,31-042,454.4,promien_500m
3312,31-123,472.3,promien_500m
3312,31-130,477.6,promien_500m
3312,31-161,485.4,promien_500m
3312,31-027,492.8,promien_500m
3313,31-134,0.0,promien_500m
3313,31-144,6.5,promien_500m
3313,31-131,9.0,promien_500m
3313,31-140,32.6,promien_500m
3313,31-133,44.7,promien_500m
3313,31-143,57.4,promien_500m
3313,31-139,70.5,promien_500m
3313,31-015,95.6,promien_500m
3313,31-012,102.2,promien_500m
3313,31-011,148.3,promien_500m
3313,31-135,155.5,promien_500m
3313,31-142,187.2,promien_500m
3313,31-045,195.8,promien_500m
3313,31-034,201.8,promien_500m
3313,31-014,211.0,promien_500m
3313,31-141,215.3,promien_500m
3313,31-020,244.9,promien_500m
3313,31-016,250.9,promien_500m
3313,31-146,254.1,promien_500m
3313,31-136,261.0,promien_500m
3313,31-128,266.5,promien_500m
3313,31-147,280.8,promien_500m
3313,31-124,281.5,promien_500m
3313,30-014,285.9,promien_500m
3313,31-145,291.7,promien_500m
3313,31-150,292.8,promien_500m
3313,31-009,308.9,promien_500m
3313,31-149,311.6,promien_500m
3313,31-018,325.2,promien_500m
3313,31-137,326.5,promien_500m
3313,31-130,328.2,promien_500m
3313,31-118,339.1,promien_500m
3313,31-010,344.8,promien_500m
3313,31-123,351.0,promien_500m
3313,30-139,358.9,promien_500m
3313,31-017,368.0,promien_500m
3313,31-157,389.6,promien_500m
3313,31-013,397.7,promien_500m
3313,31-148,398.9,promien_500m
3313,31-021,412.0,promien_500m
3313,31-127,414.9,promien_500m
3313,31-161,419.2,promien_500m
3313,31-022,420.0,promien_500m
3313,31-008,423.1,promien_500m
3313,31-116,425.3,promien_500m
3313,31-126,428.4,promien_500m
3313,31-152,451.3,promien_500m
3313,31-156,454.7,promien_500m
3313,31-019,467.2,promien_500m
3313,31-109,470.4,promien_500m
3313,31-042,470.6,promien_500m
3313,31-162,486.0,promien_500m
3314,31-144,0.0,promien_500m
3314,31-134,15.1,promien_500m
3314,31-139,31.6,promien_500m
3314,31-140,36.9,promien_500m
3314,31-143,47.4,promien_500m
3314,31-131,51.7,promien_500m
3314,31-133,90.9,promien_500m
3314,31-135,113.3,promien_500m
3314,31-015,137.9,promien_500m
3314,31-012,145.8,promien_500m
3314,31-045,170.2,promien_500m
3314,31-142,175.1,promien_500m
3314,31-011,193.4,promien_500m
3314,31-141,206.0,promien_500m
3314,31-034,216.6,promien_500m
3314,31-136,228.7,promien_500m
3314,31-014,251.5,promien_500m
3314,31-146,257.0,promien_500m
3314,31-128,274.7,promien_500m
3314,31-016,277.4,promien_500m
3314,31-020,280.8,promien_500m
3314,31-137,283.5,promien_500m
3314,31-147,284.5,promien_500m
3314,31-124,289.1,promien_500m
3314,31-145,289.7,promien_500m
3314,31-130,292.3,promien_500m
3314,31-149,309.2,promien_500m
3314,31-150,309.8,promien_500m
3314,30-139,312.7,promien_500m
3314,30-014,331.4,promien_500m
3314,31-009,346.7,promien_500m
3314,31-018,363.2,promien_500m
3314,31-118,370.2,promien_500m
3314,31-148,371.2,promien_500m
3314,31-123,372.9,promien_500m
3314,31-161,373.2,promien_500m
3314,31-010,390.4,promien_500m
3314,31-017,402.3,promien_500m
3314,31-157,403.2,promien_500m
3314,31-126,409.5,promien_500m
3314,31-127,410.4,promien_500m
3314,31-152,420.5,promien_500m
3314,31-162,440.2,promien_500m
3314,31-013,443.9,promien_500m
3314,31-021,445.1,promien_500m
3314,31-116,453.1,promien_500m
3314,31-022,457.9,promien_500m
3314,31-008,460.2,promien_500m
3314,31-158,467.9,promien_500m
3314,31-156,480.1,promien_500m
3314,31-153,498.5,promien_500m
3315,31-144,0.0,promien_500m
3315,31-139,18.5,promien_500m
3315,31-140,43.6,promien_500m
3315,31-143,51.6,promien_500m
3315,31-134,66.4,promien_500m
3315,31-135,70.0,promien_500m
3315,31-131,104.9,promien_500m
3315,31-133,144.6,promien_500m
3315,31-142,154.6,promien_500m
3315,31-045,159.2,promien_500m
3315,31-015,188.2,promien_500m
3315,31-141,191.4,promien_500m
3315,31-012,197.0,promien_500m
3315,31-136,200.8,promien_500m
3315,31-137,235.6,promien_500m
3315,31-034,236.4,promien_500m
3315,31-011,247.5,promien_500m
3315,31-146,254.8,promien_500m
3315,30-139,258.8,promien_500m
3315,31-130,259.6,promien_500m
3315,31-147,286.7,promien_500m
3315,31-145,289.1,promien_500m
3315,31-014,290.3,promien_500m
3315,31-128,298.9,promien_500m
3315,31-149,306.3,promien_500m
3315,31-016,309.7,promien_500m
3315,31-124,312.4,promien_500m
3315,31-161,319.0,promien_500m
3315,31-150,319.6,promien_500m
3315,31-020,322.5,promien_500m
3315,31-148,338.4,promien_500m
3315,31-152,383.4,promien_500m
3315,30-014,383.7,promien_500m
3315,31-162,386.0,promien_500m
3315,31-009,396.1,promien_500m
3315,31-126,399.4,promien_500m
3315,31-123,403.0,promien_500m
3315,31-018,406.2,promien_500m
3315,31-118,413.2,promien_500m
3315,31-158,414.2,promien_500m
3315,31-157,416.7,promien_500m
3315,31-127,418.1,promien_500m
3315,31-017,441.5,promien_500m
3315,31-010,444.6,promien_500m
3315,31-153,450.1,promien_500m
3315,31-160,457.3,promien_500m
3315,31-159,469.2,promien_500m
3315,31-021,482.5,promien_500m
3315,31-138,482.5,promien_500m
3315,31-116,493.5,promien_500m
3315,31-013,497.4,promien_500m
3316,31-144,0.0,promien_500m
3316,31-143,34.5,promien_500m
3316,31-139,66.6,promien_500m
3316,31-142,85.2,promien_500m
3316,31-140,105.8,promien_500m
3316,31-134,107.6,promien_500m
3316,31-141,113.6,promien_500m
3316,31-135,119.8,promien_500m
3316,31-131,166.4,promien_500m
3316,31-146,184.8,promien_500m
3316,31-133,192.0,promien_500m
3316,31-034,208.7,promien_500m
3316,31-136,214.1,promien_500m
3316,31-015,216.2,promien_500m
3316,31-147,219.2,promien_500m
3316,31-045,226.5,promien_500m
3316,31-145,229.4,promien_500m
3316,31-014,232.8,promien_500m
3316,31-012,233.7,promien_500m
3316,30-139,235.0,promien_500m
3316,31-137,238.8,promien_500m
3316,31-150,240.6,promien_500m
3316,31-149,243.7,promien_500m
3316,31-148,256.6,promien_500m
3316,31-161,283.5,promien_500m
3316,31-016,297.3,promien_500m
3316,31-152,302.5,promien_500m
3316,31-130,303.0,promien_500m
3316,31-011,303.1,promien_500m
3316,31-020,326.7,promien_500m
3316,31-162,347.2,promien_500m
3316,31-158,365.6,promien_500m
3316,31-157,370.4,promien_500m
3316,31-153,378.3,promien_500m
3316,31-128,380.6,promien_500m
3316,31-124,394.1,promien_500m
3316,31-160,401.9,promien_500m
3316,31-018,411.2,promien_500m
3316,30-014,417.1,promien_500m
3316,31-017,437.1,promien_500m
3316,31-126,465.1,promien_500m
3316,31-009,465.9,promien_500m
3316,31-021,467.3,promien_500m
3316,31-159,471.4,promien_500m
3316,31-155,472.2,promien_500m
3316,31-156,482.4,promien_500m
3316,31-123,484.6,promien_500m
3316,31-118,490.0,promien_500m
3316,31-127,495.2,promien_500m
3316,31-010,495.8,promien_500m
3317,31-143,0.0,promien_500m
3317,31-144,31.9,promien_500m
3317,31-134,56.6,promien_500m
3317,31-142,78.3,promien_500m
3317,31-139,109.1,promien_500m
3317,31-141,110.4,promien_500m
3317,31-131,118.6,promien_500m
3317,31-140,132.9,promien_500m
3317,31-133,134.0,promien_500m
3317,31-034,142.6,promien_500m
3317,31-015,143.1,promien_500m
3317,31-135,163.2,promien_500m
3317,31-146,163.6,promien_500m
3317,31-012,166.0,promien_500m
3317,31-014,194.6,promien_500m
3317,31-147,194.6,promien_500m
3317,31-145,195.3,promien_500m
3317,31-149,213.6,promien_500m
3317,31-016,225.1,promien_500m
3317,31-150,236.5,promien_500m
3317,31-011,244.8,promien_500m
3317,31-020,251.3,promien_500m
3317,31-045,254.4,promien_500m
3317,31-136,284.0,promien_500m
3317,31-148,285.9,promien_500m
3317,30-139,310.2,promien_500m
3317,31-137,311.0,promien_500m
3317,31-157,319.7,promien_500m
3317,31-018,335.8,promien_500m
3317,31-152,339.8,promien_500m
3317,30-014,344.8,promien_500m
3317,31-130,353.8,promien_500m
3317,31-161,359.0,promien_500m
3317,31-017,363.4,promien_500m
3317,31-128,371.3,promien_500m
3317,31-124,385.8,promien_500m
3317,31-021,398.6,promien_500m
3317,31-156,417.5,promien_500m
3317,31-009,418.2,promien_500m
3317,31-162,422.2,promien_500m
3317,31-153,427.5,promien_500m
3317,31-022,428.3,promien_500m
3317,31-010,430.8,promien_500m
3317,31-158,437.3,promien_500m
3317,31-019,450.6,promien_500m
3317,31-118,451.8,promien_500m
3317,31-155,458.0,promien_500m
3317,31-013,464.4,promien_500m
3317,31-123,465.1,promien_500m
3317,31-109,471.2,promien_500m
3317,31-160,471.9,promien_500m
3317,31-126,495.3,promien_500m
3318,31-143,0.0,promien_500m
3318,31-134,35.0,promien_500m
3318,31-144,37.9,promien_500m
3318,31-142,55.9,promien_500m
3318,31-141,83.4,promien_500m
3318,31-034,86.2,promien_500m
3318,31-015,113.2,promien_500m
3318,31-146,119.0,promien_500m
3318,31-131,136.2,promien_500m
3318,31-133,136.5,promien_500m
3318,31-147,145.3,promien_500m
3318,31-014,148.7,promien_500m
3318,31-145,152.4,promien_500m
3318,31-012,153.7,promien_500m
3318,31-139,158.9,promien_500m
3318,31-140,171.2,promien_500m
3318,31-016,171.5,promien_500m
3318,31-149,172.6,promien_500m
3318,31-150,181.1,promien_500m
3318,31-020,204.9,promien_500m
3318,31-135,219.1,promien_500m
3318,31-011,242.3,promien_500m
3318,31-157,266.4,promien_500m
3318,31-148,285.6,promien_500m
3318,31-018,288.4,promien_500m
3318,31-045,305.4,promien_500m
3318,31-017,311.7,promien_500m
3318,30-014,315.4,promien_500m
3318,31-136,319.4,promien_500m
3318,31-152,335.6,promien_500m
3318,31-021,343.3,promien_500m
3318,30-139,359.7,promien_500m
3318,31-156,361.3,promien_500m
3318,31-137,364.6,promien_500m
3318,31-022,378.8,promien_500m
3318,31-019,395.8,promien_500m
3318,31-161,404.1,promien_500m
3318,31-128,405.9,promien_500m
3318,31-130,409.8,promien_500m
3318,31-010,414.1,promien_500m
3318,31-109,419.5,promien_500m
3318,31-124,420.8,promien_500m
3318,31-155,420.8,promien_500m
3318,31-009,422.7,promien_500m
3318,31-013,432.9,promien_500m
3318,31-153,439.6,promien_500m
3318,31-024,448.4,promien_500m
3318,31-118,460.5,promien_500m
3318,31-162,465.2,promien_500m
3318,31-158,472.5,promien_500m
3318,31-123,481.3,promien_500m
3318,31-154,488.3,promien_500m
3319,31-142,0.0,promien_500m
3319,31-143,1.6,promien_500m
3319,31-141,3.6,promien_500m
3319,31-034,30.6,promien_500m
3319,31-146,31.7,promien_500m
3319,31-134,32.5,promien_500m
3319,31-147,58.8,promien_500m
3319,31-014,71.0,promien_500m
3319,31-145,79.9,promien_500m
3319,31-144,92.7,promien_500m
3319,31-150,94.7,promien_500m
3319,31-149,96.3,promien_500m
3319,31-015,107.6,promien_500m
3319,31-016,116.6,promien_500m
3319,31-157,175.1,promien_500m
3319,31-020,177.2,promien_500m
3319,31-133,192.1,promien_500m
3319,31-012,193.3,promien_500m
3319,31-131,211.2,promien_500m
3319,31-018,245.8,promien_500m
3319,31-139,250.1,promien_500m
3319,31-140,255.4,promien_500m
3319,31-017,256.7,promien_500m
3319,31-045,260.2,promien_500m
3319,31-021,266.2,promien_500m
3319,31-148,271.1,promien_500m
3319,31-156,279.4,promien_500m
3319,31-011,292.6,promien_500m
3319,31-135,308.3,promien_500m
3319,31-152,314.4,promien_500m
3319,30-014,318.6,promien_500m
3319,31-019,325.8,promien_500m
3319,31-022,329.8,promien_500m
3319,31-155,339.1,promien_500m
3319,31-109,362.0,promien_500m
3319,31-136,363.8,promien_500m
3319,31-024,369.9,promien_500m
3319,31-153,378.3,promien_500m
3319,31-154,397.3,promien_500m
3319,31-013,426.2,promien_500m
3319,30-139,427.0,promien_500m
3319,31-010,435.1,promien_500m
3319,31-137,437.5,promien_500m
3319,31-023,448.1,promien_500m
3319,31-009,459.4,promien_500m
3319,31-161,460.7,promien_500m
3319,31-128,488.2,promien_500m
3319,31-130,498.6,promien_500m
3320,31-142,0.0,promien_500m
3320,31-141,2.3,promien_500m
3320,31-143,30.0,promien_500m
3320,31-146,33.1,promien_500m
3320,31-144,52.2,promien_500m
3320,31-145,64.7,promien_500m
3320,31-014,66.0,promien_500m
3320,31-147,67.3,promien_500m
3320,31-149,83.1,promien_500m
3320,31-134,89.4,promien_500m
3320,31-034,89.9,promien_500m
3320,31-150,116.8,promien_500m
3320,31-015,166.5,promien_500m
3320,31-016,176.5,promien_500m
3320,31-157,203.2,promien_500m
3320,31-148,216.6,promien_500m
3320,31-139,222.7,promien_500m
3320,31-133,224.8,promien_500m
3320,31-131,229.2,promien_500m
3320,31-012,236.9,promien_500m
3320,31-020,237.5,promien_500m
3320,31-045,255.5,promien_500m
3320,31-152,259.0,promien_500m
3320,31-140,260.5,promien_500m
3320,31-135,284.5,promien_500m
3320,31-136,305.5,promien_500m
3320,31-018,306.7,promien_500m
3320,31-017,316.0,promien_500m
3320,31-021,317.5,promien_500m
3320,31-156,326.8,promien_500m
3320,31-011,328.4,promien_500m
3320,31-155,329.1,promien_500m
3320,31-153,348.8,promien_500m
3320,30-014,374.1,promien_500m
3320,30-139,377.4,promien_500m
3320,31-019,381.7,promien_500m
3320,31-022,390.8,promien_500m
3320,31-137,391.4,promien_500m
3320,31-161,399.2,promien_500m
3320,31-024,418.1,promien_500m
3320,31-109,421.7,promien_500m
3320,31-154,425.2,promien_500m
3320,31-158,451.7,promien_500m
3320,31-162,461.6,promien_500m
3320,31-130,470.9,promien_500m
3320,31-160,479.4,promien_500m
3320,31-013,484.7,promien_500m
3320,31-010,485.6,promien_500m
3320,31-057,489.6,promien_500m
3320,31-128,497.5,promien_500m
3321,31-141,0.0,promien_500m
3321,31-142,4.1,promien_500m
3321,31-146,28.7,promien_500m
3321,31-143,43.0,promien_500m
3321,31-144,45.8,promien_500m
3321,31-147,60.4,promien_500m
3321,31-145,63.4,promien_500m
3321,31-014,67.1,promien_500m
3321,31-149,79.0,promien_500m
3321,31-134,105.9,promien_500m
3321,31-034,106.9,promien_500m
3321,31-150,120.5,promien_500m
3321,31-015,183.5,promien_500m
3321,31-016,191.3,promien_500m
3321,31-148,199.7,promien_500m
3321,31-157,209.4,promien_500m
3321,31-139,213.8,promien_500m
3321,31-133,238.3,promien_500m
3321,31-131,239.9,promien_500m
3321,31-152,242.5,promien_500m
3321,31-012,251.8,promien_500m
3321,31-045,252.1,promien_500m
3321,31-020,254.5,promien_500m
3321,31-140,265.7,promien_500m
3321,31-135,284.6,promien_500m
3321,31-136,291.7,promien_500m
3321,31-155,321.9,promien_500m
3321,31-018,322.3,promien_500m
3321,31-021,329.4,promien_500m
3321,31-017,330.8,promien_500m
3321,31-156,337.5,promien_500m
3321,31-153,337.9,promien_500m
3321,31-011,342.6,promien_500m
3321,30-139,367.9,promien_500m
3321,31-137,383.3,promien_500m
3321,31-161,383.3,promien_500m
3321,30-014,391.0,promien_500m
3321,31-019,395.1,promien_500m
3321,31-022,406.5,promien_500m
3321,31-024,428.9,promien_500m
3321,31-154,429.9,promien_500m
3321,31-109,436.6,promien_500m
3321,31-158,437.0,promien_500m
3321,31-162,448.8,promien_500m
3321,31-160,464.2,promien_500m
3321,31-130,469.0,promien_500m
3321,31-057,481.6,promien_500m
3322,31-141,0.0,promien_500m
3322,31-142,9.4,promien_500m
3322,31-146,40.8,promien_500m
3322,31-144,63.2,promien_500m
3322,31-147,78.5,promien_500m
3322,31-148,87.5,promien_500m
3322,31-150,94.4,promien_500m
3322,31-152,138.0,promien_500m
3322,31-139,141.4,promien_500m
3322,31-143,153.0,promien_500m
3322,31-136,154.3,promien_500m
3322,31-149,163.6,promien_500m
3322,31-145,170.4,promien_500m
3322,31-014,186.3,promien_500m
3322,31-153,230.1,promien_500m
3322,31-134,232.6,promien_500m
3322,31-161,240.5,promien_500m
3322,31-034,247.2,promien_500m
3322,31-140,255.2,promien_500m
3322,30-139,269.5,promien_500m
3322,31-135,270.4,promien_500m
3322,31-137,295.7,promien_500m
3322,31-158,298.2,promien_500m
3322,31-045,310.2,promien_500m
3322,31-015,319.9,promien_500m
3322,31-131,320.1,promien_500m
3322,31-162,321.5,promien_500m
3322,31-157,322.9,promien_500m
3322,31-160,323.0,promien_500m
3322,31-155,325.4,promien_500m
3322,31-016,332.5,promien_500m
3322,31-133,335.5,promien_500m
3322,31-012,360.9,promien_500m
3322,31-020,394.5,promien_500m
3322,31-130,426.3,promien_500m
3322,31-011,445.2,promien_500m
3322,31-156,449.2,promien_500m
3322,31-021,463.1,promien_500m
3322,31-018,465.1,promien_500m
3322,31-017,472.4,promien_500m
3322,31-057,481.1,promien_500m
3323,31-141,0.0,promien_500m
3323,31-142,5.1,promien_500m
3323,31-146,50.9,promien_500m
3323,31-144,67.4,promien_500m
3323,31-147,80.7,promien_500m
3323,31-148,90.2,promien_500m
3323,31-150,105.0,promien_500m
3323,31-139,131.6,promien_500m
3323,31-152,136.2,promien_500m
3323,31-136,142.0,promien_500m
3323,31-143,154.9,promien_500m
3323,31-149,176.4,promien_500m
3323,31-145,183.2,promien_500m
3323,31-014,198.8,promien_500m
3323,31-153,224.2,promien_500m
3323,31-161,229.7,promien_500m
3323,31-134,240.6,promien_500m
3323,31-140,248.0,promien_500m
3323,31-034,256.9,promien_500m
3323,30-139,257.3,promien_500m
3323,31-135,264.8,promien_500m
3323,31-137,284.1,promien_500m
3323,31-158,285.9,promien_500m
3323,31-162,308.5,promien_500m
3323,31-160,311.2,promien_500m
3323,31-131,322.6,promien_500m
3323,31-045,322.7,promien_500m
3323,31-015,327.8,promien_500m
3323,31-155,334.5,promien_500m
3323,31-157,335.9,promien_500m
3323,31-133,338.9,promien_500m
3323,31-016,344.0,promien_500m
3323,31-012,366.0,promien_500m
3323,31-020,403.9,promien_500m
3323,31-130,417.1,promien_500m
3323,31-011,449.2,promien_500m
3323,31-156,461.8,promien_500m
3323,31-021,475.5,promien_500m
3323,31-018,476.0,promien_500m
3323,31-017,483.8,promien_500m
3323,31-057,490.2,promien_500m
3323,31-159,497.5,promien_500m
3324,31-142,0.0,promien_500m
3324,31-141,2.9,promien_500m
3324,31-136,42.3,promien_500m
3324,31-146,48.2,promien_500m
3324,31-147,53.3,promien_500m
3324,31-139,69.4,promien_500m
3324,31-148,125.1,promien_500m
3324,31-152,127.2,promien_500m
3324,31-144,131.0,promien_500m
3324,31-161,134.5,promien_500m
3324,31-153,164.6,promien_500m
3324,31-150,178.0,promien_500m
3324,31-158,186.2,promien_500m
3324,30-139,197.7,promien_500m
3324,31-160,211.8,promien_500m
3324,31-162,216.0,promien_500m
3324,31-143,224.4,promien_500m
3324,31-140,226.7,promien_500m
3324,31-137,230.1,promien_500m
3324,31-149,264.6,promien_500m
3324,31-135,275.1,promien_500m
3324,31-145,282.0,promien_500m
3324,31-014,298.3,promien_500m
3324,31-134,323.5,promien_500m
3324,31-034,352.7,promien_500m
3324,31-045,366.1,promien_500m
3324,31-155,384.1,promien_500m
3324,31-131,384.8,promien_500m
3324,31-130,389.2,promien_500m
3324,31-159,400.7,promien_500m
3324,31-133,407.7,promien_500m
3324,31-015,413.5,promien_500m
3324,31-157,432.6,promien_500m
3324,31-012,442.9,promien_500m
3324,30-004,443.1,promien_500m
3324,31-016,443.4,promien_500m
3324,30-002,458.5,promien_500m
3324,30-018,461.0,promien_500m
3324,30-003,470.0,promien_500m
3324,30-007,476.3,promien_500m
3324,30-019,482.0,promien_500m
3324,31-138,489.4,promien_500m
3324,31-020,497.9,promien_500m
3325,31-142,0.0,promien_500m
3325,31-141,0.5,promien_500m
3325,31-136,30.2,promien_500m
3325,31-161,50.1,promien_500m
3325,31-146,54.0,promien_500m
3325,31-139,59.1,promien_500m
3325,31-158,76.9,promien_500m
3325,31-153,96.0,promien_500m
3325,31-147,103.7,promien_500m
3325,31-160,104.6,promien_500m
3325,31-162,125.0,promien_500m
3325,31-152,162.7,promien_500m
3325,30-139,165.3,promien_500m
3325,31-148,171.7,promien_500m
3325,31-137,205.7,promien_500m
3325,31-145,206.7,promien_500m
3325,31-144,209.3,promien_500m
3325,31-140,214.4,promien_500m
3325,31-150,279.1,promien_500m
3325,31-159,298.3,promien_500m
3325,31-135,314.0,promien_500m
3325,31-143,317.8,promien_500m
3325,30-018,353.9,promien_500m
3325,30-004,356.4,promien_500m
3325,30-003,367.7,promien_500m
3325,30-007,369.0,promien_500m
3325,31-149,369.2,promien_500m
3325,30-019,374.3,promien_500m
3325,30-002,382.0,promien_500m
3325,31-130,383.0,promien_500m
3325,31-045,391.5,promien_500m
3325,30-036,397.0,promien_500m
3325,31-014,407.7,promien_500m
3325,31-155,408.0,promien_500m
3325,31-134,408.9,promien_500m
3325,30-035,416.3,promien_500m
3325,31-261,419.4,promien_500m
3325,31-138,426.8,promien_500m
3325,31-131,436.8,promien_500m
3325,30-015,454.9,promien_500m
3325,31-034,458.9,promien_500m
3325,30-037,477.3,promien_500m
3325,30-034,478.3,promien_500m
3325,31-133,493.1,promien_500m
3326,31-141,0.0,promien_500m
3326,31-161,0.5,promien_500m
3326,31-158,8.0,promien_500m
3326,31-142,18.7,promien_500m
3326,31-160,42.6,promien_500m
3326,31-136,43.2,promien_500m
3326,31-162,68.4,promien_500m
3326,31-146,81.7,promien_500m
3326,31-153,96.2,promien_500m
3326,31-139,106.2,promien_500m
3326,31-147,124.2,promien_500m
3326,31-145,147.4,promien_500m
3326,30-139,172.6,promien_500m
3326,31-148,190.4,promien_500m
3326,31-152,196.6,promien_500m
3326,31-137,212.7,promien_500m
3326,31-140,226.6,promien_500m
3326,31-159,236.9,promien_500m
3326,31-144,266.6,promien_500m
3326,30-018,287.4,promien_500m
3326,30-007,301.5,promien_500m
3326,30-004,301.7,promien_500m
3326,30-003,306.1,promien_500m
3326,30-019,306.5,promien_500m
3326,30-036,329.2,promien_500m
3326,31-150,343.9,promien_500m
3326,30-002,344.0,promien_500m
3326,31-135,345.7,promien_500m
3326,31-261,352.7,promien_500m
3326,30-035,356.8,promien_500m
3326,31-143,380.9,promien_500m
3326,30-015,389.3,promien_500m
3326,31-130,393.8,promien_500m
3326,31-155,396.3,promien_500m
3326,31-138,396.6,promien_500m
3326,30-034,420.0,promien_500m
3326,31-045,420.5,promien_500m
3326,30-037,426.1,promien_500m
3326,31-149,436.9,promien_500m
3326,30-006,438.4,promien_500m
3326,31-134,467.4,promien_500m
3326,31-131,475.6,promien_500m
3326,31-014,476.9,promien_500m
3326,30-038,489.0,promien_500m
3327,31-158,0.0,promien_500m
3327,31-160,14.8,promien_500m
3327,31-161,25.8,promien_500m
3327,31-162,45.7,promien_500m
3327,31-141,46.3,promien_500m
3327,31-142,64.2,promien_500m
3327,31-136,81.4,promien_500m
3327,31-146,95.3,promien_500m
3327,31-145,109.5,promien_500m
3327,31-153,113.4,promien_500m
3327,31-139,124.1,promien_500m
3327,31-147,140.7,promien_500m
3327,31-148,184.7,promien_500m
3327,31-159,190.4,promien_500m
3327,30-139,191.8,promien_500m
3327,31-140,204.6,promien_500m
3327,31-137,220.3,promien_500m
3327,31-152,229.0,promien_500m
3327,30-018,243.3,promien_500m
3327,30-007,256.2,promien_500m
3327,30-019,260.9,promien_500m
3327,30-003,266.6,promien_500m
3327,30-004,266.7,promien_500m
3327,30-036,283.5,promien_500m
3327,31-261,307.6,promien_500m
3327,31-144,308.1,promien_500m
3327,30-035,318.6,promien_500m
3327,30-002,324.4,promien_500m
3327,30-015,345.6,promien_500m
3327,31-135,372.7,promien_500m
3327,31-138,381.6,promien_500m
3327,30-034,382.3,promien_500m
3327,31-150,387.9,promien_500m
3327,31-155,392.9,promien_500m
3327,30-037,394.4,promien_500m
3327,30-006,397.8,promien_500m
3327,31-130,406.0,promien_500m
3327,31-143,424.6,promien_500m
3327,31-045,444.3,promien_500m
3327,30-038,456.4,promien_500m
3327,30-033,482.2,promien_500m
3327,31-149,483.1,promien_500m
3327,30-009,490.8,promien_500m
3328,31-158,0.0,promien_500m
3328,31-162,12.8,promien_500m
3328,31-160,39.3,promien_500m
3328,31-161,79.6,promien_500m
3328,31-145,80.4,promien_500m
3328,31-139,105.9,promien_500m
3328,31-159,112.8,promien_500m
3328,31-141,125.7,promien_500m
3328,31-146,131.6,promien_500m
3328,31-142,142.2,promien_500m
3328,31-136,153.4,promien_500m
3328,31-140,166.4,promien_500m
3328,30-018,166.8,promien_500m
3328,30-007,176.5,promien_500m
3328,31-153,179.2,promien_500m
3328,30-019,180.9,promien_500m
3328,31-147,184.1,promien_500m
3328,30-036,203.5,promien_500m
3328,31-148,216.0,promien_500m
3328,30-003,220.4,promien_500m
3328,30-004,220.7,promien_500m
3328,31-261,227.7,promien_500m
3328,31-137,229.2,promien_500m
3328,30-139,230.5,promien_500m
3328,30-035,248.9,promien_500m
3328,30-015,267.2,promien_500m
3328,31-152,301.2,promien_500m
3328,30-002,307.0,promien_500m
3328,30-034,312.7,promien_500m
3328,30-037,334.7,promien_500m
3328,30-006,344.6,promien_500m
3328,31-138,352.1,promien_500m
3328,31-144,374.8,promien_500m
3328,31-045,389.6,promien_500m
3328,30-038,392.0,promien_500m
3328,30-033,402.6,promien_500m
3328,31-155,406.4,promien_500m
3328,31-135,414.4,promien_500m
3328,31-130,416.8,promien_500m
3328,30-009,429.2,promien_500m
3328,31-150,467.6,promien_500m
3328,30-010,485.8,promien_500m
3328,31-143,493.6,promien_500m
3329,31-158,0.0,promien_500m
3329,31-159,23.5,promien_500m
3329,30-018,52.2,promien_500m
3329,31-139,56.5,promien_500m
3329,30-007,61.4,promien_500m
3329,30-019,65.1,promien_500m
3329,31-145,81.0,promien_500m
3329,31-162,81.2,promien_500m
3329,30-036,87.4,promien_500m
3329,31-160,95.0,promien_500m
3329,31-261,111.6,promien_500m
3329,30-003,124.5,promien_500m
3329,30-015,156.0,promien_500m
3329,31-140,156.0,promien_500m
3329,30-035,163.9,promien_500m
3329,31-146,175.2,promien_500m
3329,31-161,187.6,promien_500m
3329,30-004,199.2,promien_500m
3329,30-034,223.3,promien_500m
3329,31-141,241.8,promien_500m
3329,31-137,250.1,promien_500m
3329,31-147,250.3,promien_500m
3329,31-142,257.6,promien_500m
3329,31-136,265.8,promien_500m
3329,30-037,266.4,promien_500m
3329,30-033,287.3,promien_500m
3329,31-153,288.4,promien_500m
3329,31-148,288.9,promien_500m
3329,30-006,291.4,promien_500m
3329,30-002,301.1,promien_500m
3329,31-045,307.6,promien_500m
3329,30-038,310.4,promien_500m
3329,30-139,314.8,promien_500m
3329,31-138,338.0,promien_500m
3329,30-009,354.0,promien_500m
3329,30-010,389.2,promien_500m
3329,31-152,411.6,promien_500m
3329,31-130,448.4,promien_500m
3329,31-155,450.8,promien_500m
3329,30-011,451.0,promien_500m
3329,30-020,463.0,promien_500m
3329,30-039,469.1,promien_500m
3329,31-144,478.2,promien_500m
3329,31-128,482.9,promien_500m
3329,30-074,487.3,promien_500m
3329,31-135,491.0,promien_500m
3329,30-078,494.6,promien_500m
3330,31-145,0.0,promien_500m
3330,31-160,23.6,promien_500m
3330,31-158,36.8,promien_500m
3330,31-159,46.8,promien_500m
3330,31-146,50.7,promien_500m
3330,30-018,87.1,promien_500m
3330,30-003,109.5,promien_500m
3330,30-004,109.7,promien_500m
3330,31-162,115.9,promien_500m
3330,31-147,119.7,promien_500m
3330,31-161,151.0,promien_500m
3330,31-148,163.3,promien_500m
3330,30-019,175.5,promien_500m
3330,30-007,180.1,promien_500m
3330,31-139,180.1,promien_500m
3330,30-002,196.3,promien_500m
3330,31-153,199.1,promien_500m
3330,30-036,199.8,promien_500m
3330,31-141,200.6,promien_500m
3330,31-261,218.5,promien_500m
3330,31-142,220.7,promien_500m
3330,30-006,238.5,promien_500m
3330,31-136,240.9,promien_500m
3330,30-015,259.6,promien_500m
3330,31-140,261.6,promien_500m
3330,30-035,293.3,promien_500m
3330,31-152,314.6,promien_500m
3330,31-155,321.6,promien_500m
3330,30-009,331.6,promien_500m
3330,31-137,334.7,promien_500m
3330,30-139,339.5,promien_500m
3330,30-034,353.5,promien_500m
3330,30-033,390.9,promien_500m
3330,30-037,395.6,promien_500m
3330,30-010,406.0,promien_500m
3330,30-001,430.6,promien_500m
3330,31-045,438.1,promien_500m
3330,30-038,440.9,promien_500m
3330,31-138,446.9,promien_500m
3330,31-144,467.6,promien_500m
3330,30-011,497.4,promien_500m
3331,31-160,0.0,promien_500m
3331,31-145,4.9,promien_500m
3331,31-158,43.6,promien_500m
3331,31-146,60.9,promien_500m
3331,31-159,83.4,promien_500m
3331,31-162,95.1,promien_500m
3331,31-161,110.1,promien_500m
3331,31-147,115.7,promien_500m
3331,30-018,131.7,promien_500m
3331,31-148,145.1,promien_500m
3331,30-003,149.3,promien_500m
3331,30-004,149.4,promien_500m
3331,31-141,156.4,promien_500m
3331,31-153,160.5,promien_500m
3331,31-142,176.9,promien_500m
3331,31-139,184.4,promien_500m
3331,31-136,197.9,promien_500m
3331,30-007,202.3,promien_500m
3331,30-019,205.3,promien_500m
3331,30-002,224.8,promien_500m
3331,30-036,225.0,promien_500m
3331,31-261,246.1,promien_500m
3331,31-140,248.5,promien_500m
3331,31-152,278.0,promien_500m
3331,30-006,280.7,promien_500m
3331,30-015,299.1,promien_500m
3331,30-139,302.6,promien_500m
3331,30-035,304.7,promien_500m
3331,31-137,314.7,promien_500m
3331,31-155,324.2,promien_500m
3331,30-034,366.5,promien_500m
3331,30-009,375.7,promien_500m
3331,30-037,400.9,promien_500m
3331,30-033,421.7,promien_500m
3331,31-144,424.4,promien_500m
3331,31-138,435.1,promien_500m
3331,30-001,443.5,promien_500m
3331,31-045,448.8,promien_500m
3331,30-010,450.4,promien_500m
3331,30-038,451.5,promien_500m
3331,31-150,467.0,promien_500m
3331,31-135,486.2,promien_500m
3332,31-160,0.0,promien_500m
3332,31-161,38.6,promien_500m
3332,31-158,42.5,promien_500m
3332,31-146,50.0,promien_500m
3332,31-145,60.4,promien_500m
3332,31-141,86.0,promien_500m
3332,31-153,92.8,promien_500m
3332,31-147,94.8,promien_500m
3332,31-162,101.3,promien_500m
3332,31-142,107.5,promien_500m
3332,31-148,130.7,promien_500m
3332,31-136,131.7,promien_500m
3332,31-159,149.2,promien_500m
3332,31-139,176.9,promien_500m
3332,30-018,206.3,promien_500m
3332,30-004,212.7,promien_500m
3332,31-152,215.9,promien_500m
3332,30-003,218.3,promien_500m
3332,31-140,250.0,promien_500m
3332,30-139,251.6,promien_500m
3332,30-007,257.0,promien_500m
3332,30-019,260.4,promien_500m
3332,30-002,264.1,promien_500m
3332,31-137,280.0,promien_500m
3332,30-036,282.0,promien_500m
3332,31-261,305.1,promien_500m
3332,31-155,335.5,promien_500m
3332,30-035,340.1,promien_500m
3332,30-006,351.0,promien_500m
3332,30-015,351.5,promien_500m
3332,31-144,354.9,promien_500m
3332,31-150,395.6,promien_500m
3332,30-034,403.8,promien_500m
3332,30-037,426.0,promien_500m
3332,31-135,430.9,promien_500m
3332,31-138,431.2,promien_500m
3332,30-009,448.7,promien_500m
3332,31-130,465.9,promien_500m
3332,31-143,467.1,promien_500m
3332,30-001,467.6,promien_500m
3332,31-045,481.2,promien_500m
3332,30-033,481.9,promien_500m
3332,30-038,483.6,promien_500m
3332,31-149,499.2,promien_500m
3333,31-162,0.0,promien_500m
3333,31-158,27.9,promien_500m
3333,31-139,42.6,promien_500m
3333,31-161,75.7,promien_500m
3333,31-140,86.9,promien_500m
3333,31-159,90.5,promien_500m
3333,31-160,116.5,promien_500m
3333,31-145,141.1,promien_500m
3333,31-137,155.7,promien_500m
3333,30-007,156.4,promien_500m
3333,31-142,159.9,promien_500m
3333,30-018,160.1,promien_500m
3333,30-019,164.0,promien_500m
3333,31-141,166.7,promien_500m
3333,31-136,169.6,promien_500m
3333,30-036,185.5,promien_500m
3333,30-035,189.5,promien_500m
3333,31-261,200.6,promien_500m
3333,30-139,201.6,promien_500m
3333,31-146,211.0,promien_500m
3333,30-015,231.3,promien_500m
3333,30-003,238.3,promien_500m
3333,31-153,243.8,promien_500m
3333,30-034,252.5,promien_500m
3333,31-147,260.4,promien_500m
3333,30-037,263.2,promien_500m
3333,31-138,273.1,promien_500m
3333,30-004,280.2,promien_500m
3333,31-148,294.3,promien_500m
3333,31-045,322.7,promien_500m
3333,30-038,324.8,promien_500m
3333,31-130,352.5,promien_500m
3333,31-152,360.3,promien_500m
3333,30-033,364.8,promien_500m
3333,31-144,370.6,promien_500m
3333,30-002,375.0,promien_500m
3333,31-135,377.4,promien_500m
3333,30-006,392.8,promien_500m
3333,31-128,425.9,promien_500m
3333,30-009,464.4,promien_500m
3333,30-039,473.2,promien_500m
3333,31-155,485.4,promien_500m
3333,31-120,486.8,promien_500m
3333,31-143,489.5,promien_500m
3334,31-162,0.0,promien_500m
3334,31-161,22.7,promien_500m
3334,31-139,37.6,promien_500m
3334,31-158,39.9,promien_500m
3334,31-142,82.9,promien_500m
3334,31-136,93.4,promien_500m
3334,31-160,94.8,promien_500m
3334,31-141,104.3,promien_500m
3334,31-140,121.7,promien_500m
3334,30-139,137.9,promien_500m
3334,31-137,143.7,promien_500m
3334,31-159,167.4,promien_500m
3334,31-145,172.9,promien_500m
3334,31-146,181.7,promien_500m
3334,31-153,195.8,promien_500m
3334,31-147,224.5,promien_500m
3334,30-007,231.6,promien_500m
3334,30-018,233.9,promien_500m
3334,30-019,238.6,promien_500m
3334,30-036,260.7,promien_500m
3334,30-035,261.6,promien_500m
3334,31-148,270.4,promien_500m
3334,31-261,277.3,promien_500m
3334,31-138,295.6,promien_500m
3334,31-144,296.1,promien_500m
3334,31-152,301.6,promien_500m
3334,30-003,305.2,promien_500m
3334,30-015,308.3,promien_500m
3334,30-004,314.3,promien_500m
3334,31-135,321.1,promien_500m
3334,30-037,322.9,promien_500m
3334,30-034,323.0,promien_500m
3334,31-130,328.7,promien_500m
3334,30-038,385.1,promien_500m
3334,31-045,385.3,promien_500m
3334,30-002,397.6,promien_500m
3334,31-143,415.4,promien_500m
3334,31-150,430.5,promien_500m
3334,30-033,432.6,promien_500m
3334,31-128,437.2,promien_500m
3334,30-006,438.1,promien_500m
3334,31-131,456.0,promien_500m
3334,31-155,477.0,promien_500m
3334,31-134,488.8,promien_500m
3335,31-161,0.0,promien_500m
3335,31-162,8.3,promien_500m
3335,31-142,33.8,promien_500m
3335,31-136,50.3,promien_500m
3335,31-158,56.8,promien_500m
3335,31-139,60.8,promien_500m
3335,31-141,83.7,promien_500m
3335,30-139,100.1,promien_500m
3335,31-160,107.1,promien_500m
3335,31-137,128.5,promien_500m
3335,31-140,152.1,promien_500m
3335,31-146,160.5,promien_500m
3335,31-153,183.9,promien_500m
3335,31-145,198.6,promien_500m
3335,31-147,208.5,promien_500m
3335,31-159,216.6,promien_500m
3335,31-144,247.1,promien_500m
3335,31-148,274.0,promien_500m
3335,31-152,275.6,promien_500m
3335,30-007,281.1,promien_500m
3335,30-018,283.1,promien_500m
3335,31-135,283.9,promien_500m
3335,30-019,288.1,promien_500m
3335,30-035,306.6,promien_500m
3335,30-036,310.2,promien_500m
3335,31-138,312.0,promien_500m
3335,31-130,313.3,promien_500m
3335,31-261,326.6,promien_500m
3335,30-003,349.4,promien_500m
3335,30-004,349.5,promien_500m
3335,31-045,352.7,promien_500m
3335,30-015,356.7,promien_500m
3335,30-037,360.0,promien_500m
3335,31-143,366.4,promien_500m
3335,30-034,366.5,promien_500m
3335,31-150,386.0,promien_500m
3335,30-038,416.4,promien_500m
3335,31-131,418.1,promien_500m
3335,30-002,418.3,promien_500m
3335,31-128,439.2,promien_500m
3335,31-134,441.4,promien_500m
3335,31-149,472.3,promien_500m
3335,30-033,473.9,promien_500m
3335,30-006,476.9,promien_500m
3335,31-155,482.3,promien_500m
3335,31-126,494.2,promien_500m
3335,31-014,495.9,promien_500m
3336,31-161,0.0,promien_500m
3336,31-153,3.5,promien_500m
3336,31-146,16.9,promien_500m
3336,31-147,32.2,promien_500m
3336,31-160,50.6,promien_500m
3336,31-141,51.8,promien_500m
3336,31-158,79.1,promien_500m
3336,31-142,88.3,promien_500m
3336,31-148,105.4,promien_500m
3336,31-136,121.6,promien_500m
3336,31-152,122.4,promien_500m
3336,31-145,123.6,promien_500m
3336,31-162,152.9,promien_500m
3336,31-139,163.8,promien_500m
3336,31-159,221.1,promien_500m
3336,30-139,257.8,promien_500m
3336,30-004,259.7,promien_500m
3336,30-002,278.7,promien_500m
3336,30-018,285.5,promien_500m
3336,30-003,289.2,promien_500m
3336,31-137,299.9,promien_500m
3336,31-150,304.0,promien_500m
3336,31-155,308.0,promien_500m
3336,31-144,309.2,promien_500m
3336,31-140,312.0,promien_500m
3336,30-007,350.6,promien_500m
3336,30-019,354.2,promien_500m
3336,30-036,375.9,promien_500m
3336,31-261,399.2,promien_500m
3336,31-143,409.2,promien_500m
3336,31-149,411.3,promien_500m
3336,30-006,416.1,promien_500m
3336,31-135,418.0,promien_500m
3336,30-035,426.8,promien_500m
3336,30-015,444.4,promien_500m
3336,30-001,465.5,promien_500m
3336,31-014,468.5,promien_500m
3336,31-130,479.5,promien_500m
3336,31-138,488.0,promien_500m
3336,30-034,490.7,promien_500m
3336,31-045,495.1,promien_500m
3337,31-153,0.0,promien_500m
3337,31-148,1.8,promien_500m
3337,31-152,24.2,promien_500m
3337,31-155,113.7,promien_500m
3337,31-147,144.4,promien_500m
3337,31-146,200.8,promien_500m
3337,31-161,211.0,promien_500m
3337,31-141,249.5,promien_500m
3337,31-150,249.5,promien_500m
3337,30-002,262.9,promien_500m
3337,31-160,267.1,promien_500m
3337,31-142,295.5,promien_500m
3337,31-136,296.0,promien_500m
3337,30-004,300.9,promien_500m
3337,31-145,303.4,promien_500m
3337,31-158,316.7,promien_500m
3337,31-149,343.8,promien_500m
3337,31-154,349.7,promien_500m
3337,31-139,352.0,promien_500m
3337,30-001,360.8,promien_500m
3337,31-045,365.0,promien_500m
3337,31-057,377.2,promien_500m
3337,31-159,377.5,promien_500m
3337,31-162,391.0,promien_500m
3337,31-144,401.4,promien_500m
3337,30-003,408.8,promien_500m
3337,30-018,426.6,promien_500m
3337,31-014,448.0,promien_500m
3337,30-139,469.6,promien_500m
3337,31-143,482.8,promien_500m
3337,31-157,491.8,promien_500m
3338,31-153,0.0,promien_500m
3338,31-152,34.7,promien_500m
3338,31-148,37.5,promien_500m
3338,31-147,81.4,promien_500m
3338,31-146,116.6,promien_500m
3338,31-161,122.9,promien_500m
3338,31-141,170.5,promien_500m
3338,31-160,179.5,promien_500m
3338,31-155,201.5,promien_500m
3338,31-145,220.6,promien_500m
3338,31-142,221.6,promien_500m
3338,31-136,227.5,promien_500m
3338,31-158,228.8,promien_500m
3338,30-002,240.3,promien_500m
3338,31-150,253.8,promien_500m
3338,30-004,260.5,promien_500m
3338,31-139,278.4,promien_500m
3338,31-159,302.2,promien_500m
3338,31-162,303.7,promien_500m
3338,30-003,356.7,promien_500m
3338,30-018,357.7,promien_500m
3338,31-149,364.4,promien_500m
3338,31-144,370.5,promien_500m
3338,30-139,391.7,promien_500m
3338,30-001,394.2,promien_500m
3338,31-045,417.1,promien_500m
3338,31-137,431.9,promien_500m
3338,31-154,433.9,promien_500m
3338,31-140,439.9,promien_500m
3338,31-014,451.8,promien_500m
3338,31-057,454.8,promien_500m
3338,31-143,456.3,promien_500m
3338,30-006,458.3,promien_500m
3338,30-007,480.5,promien_500m
3338,30-019,483.6,promien_500m
3339,31-153,0.0,promien_500m
3339,31-152,43.6,promien_500m
3339,31-155,50.1,promien_500m
3339,31-148,62.9,promien_500m
3339,31-147,192.8,promien_500m
3339,31-150,216.2,promien_500m
3339,31-146,250.4,promien_500m
3339,31-141,267.6,promien_500m
3339,31-161,280.6,promien_500m
3339,31-154,295.9,promien_500m
3339,31-057,305.8,promien_500m
3339,31-045,312.1,promien_500m
3339,30-002,312.3,promien_500m
3339,31-149,318.6,promien_500m
3339,31-142,337.7,promien_500m
3339,31-160,338.6,promien_500m
3339,31-136,343.3,promien_500m
3339,30-004,362.9,promien_500m
3339,30-001,363.8,promien_500m
3339,31-145,374.1,promien_500m
3339,31-158,385.2,promien_500m
3339,31-139,401.0,promien_500m
3339,31-144,416.8,promien_500m
3339,31-014,433.1,promien_500m
3339,31-157,445.1,promien_500m
3339,31-159,450.2,promien_500m
3339,31-162,457.8,promien_500m
3339,31-404,464.2,promien_500m
3339,31-156,472.3,promien_500m
3339,30-003,474.2,promien_500m
3339,31-401,482.1,promien_500m
3339,31-143,489.1,promien_500m
3339,30-018,497.7,promien_500m
3340,31-153,0.0,promien_500m
3340,31-152,34.3,promien_500m
3340,31-148,53.7,promien_500m
3340,31-155,59.9,promien_500m
3340,31-147,182.0,promien_500m
3340,31-150,208.8,promien_500m
3340,31-146,238.8,promien_500m
3340,31-141,255.5,promien_500m
3340,31-161,273.2,promien_500m
3340,31-045,307.2,promien_500m
3340,31-154,307.3,promien_500m
3340,31-057,307.8,promien_500m
3340,31-149,309.1,promien_500m
3340,30-002,316.8,promien_500m
3340,31-142,325.9,promien_500m
3340,31-160,331.9,promien_500m
3340,31-136,332.1,promien_500m
3340,30-004,364.3,promien_500m
3340,31-145,371.7,promien_500m
3340,30-001,374.2,promien_500m
3340,31-158,377.3,promien_500m
3340,31-139,389.9,promien_500m
3340,31-144,404.8,promien_500m
3340,31-014,422.7,promien_500m
3340,31-157,439.2,promien_500m
3340,31-159,447.0,promien_500m
3340,31-162,449.3,promien_500m
3340,31-156,468.0,promien_500m
3340,30-003,474.8,promien_500m
3340,31-404,475.8,promien_500m
3340,31-143,477.3,promien_500m
3340,31-401,493.8,promien_500m
3340,30-018,495.8,promien_500m
3341,31-153,0.0,promien_500m
3341,31-155,1.0,promien_500m
3341,31-152,93.2,promien_500m
3341,31-148,110.8,promien_500m
3341,31-150,170.7,promien_500m
3341,31-057,214.4,promien_500m
3341,31-154,226.5,promien_500m
3341,31-045,256.8,promien_500m
3341,31-147,260.3,promien_500m
3341,31-146,302.1,promien_500m
3341,31-149,307.5,promien_500m
3341,31-141,309.3,promien_500m
3341,31-161,372.7,promien_500m
3341,30-002,387.6,promien_500m
3341,31-157,388.4,promien_500m
3341,30-001,390.7,promien_500m
3341,31-142,396.3,promien_500m
3341,31-156,407.9,promien_500m
3341,31-404,412.7,promien_500m
3341,31-136,414.7,promien_500m
3341,31-145,414.7,promien_500m
3341,31-014,429.7,promien_500m
3341,31-160,431.9,promien_500m
3341,31-401,433.4,promien_500m
3341,30-004,449.3,promien_500m
3341,31-144,452.1,promien_500m
3341,31-139,472.1,promien_500m
3341,31-158,475.7,promien_500m
3341,31-001,477.2,promien_500m
3341,31-403,489.7,promien_500m
3341,31-143,496.8,promien_500m
3342,31-153,0.0,promien_500m
3342,31-155,13.7,promien_500m
3342,31-152,92.7,promien_500m
3342,31-148,103.7,promien_500m
3342,31-150,158.8,promien_500m
3342,31-057,203.0,promien_500m
3342,31-154,221.8,promien_500m
3342,31-045,244.4,promien_500m
3342,31-147,258.9,promien_500m
3342,31-149,298.4,promien_500m
3342,31-146,300.0,promien_500m
3342,31-141,306.7,promien_500m
3342,31-157,375.8,promien_500m
3342,31-161,379.4,promien_500m
3342,31-156,395.0,promien_500m
3342,31-142,395.2,promien_500m
3342,30-002,400.2,promien_500m
3342,30-001,401.2,promien_500m
3342,31-145,406.4,promien_500m
3342,31-136,416.3,promien_500m
3342,31-404,417.2,promien_500m
3342,31-014,421.0,promien_500m
3342,31-401,438.3,promien_500m
3342,31-160,439.1,promien_500m
3342,31-144,447.9,promien_500m
3342,30-004,461.1,promien_500m
3342,31-001,468.4,promien_500m
3342,31-139,473.2,promien_500m
3342,31-158,481.6,promien_500m
3342,31-143,485.8,promien_500m
3342,31-403,498.0,promien_500m
3343,31-148,0.0,promien_500m
3343,31-147,23.8,promien_500m
3343,31-153,41.6,promien_500m
3343,31-146,65.3,promien_500m
3343,31-145,109.3,promien_500m
3343,31-160,117.1,promien_500m
3343,31-161,122.9,promien_500m
3343,30-004,130.2,promien_500m
3343,30-002,136.2,promien_500m
3343,31-152,157.8,promien_500m
3343,31-155,167.4,promien_500m
3343,31-159,180.5,promien_500m
3343,31-158,197.7,promien_500m
3343,31-141,199.6,promien_500m
3343,30-003,223.0,promien_500m
3343,30-018,227.7,promien_500m
3343,31-142,235.5,promien_500m
3343,31-162,267.3,promien_500m
3343,31-136,270.3,promien_500m
3343,31-139,314.2,promien_500m
3343,30-001,315.0,promien_500m
3343,30-006,324.1,promien_500m
3343,30-019,371.4,promien_500m
3343,31-150,381.4,promien_500m
3343,30-007,383.0,promien_500m
3343,30-036,403.2,promien_500m
3343,30-139,403.3,promien_500m
3343,30-015,412.3,promien_500m
3343,31-140,419.5,promien_500m
3343,31-261,421.7,promien_500m
3343,31-137,443.5,promien_500m
3343,30-009,444.2,promien_500m
3343,31-144,453.4,promien_500m
3343,30-035,490.1,promien_500m
3343,31-149,495.4,promien_500m
3343,31-154,497.0,promien_500m
3344,31-148,0.0,promien_500m
3344,31-153,32.2,promien_500m
3344,31-147,67.6,promien_500m
3344,31-152,95.1,promien_500m
3344,31-155,123.0,promien_500m
3344,31-146,127.6,promien_500m
3344,30-002,137.0,promien_500m
3344,31-161,154.1,promien_500m
3344,30-004,160.8,promien_500m
3344,31-145,161.6,promien_500m
3344,31-160,176.6,promien_500m
3344,31-141,226.6,promien_500m
3344,31-159,244.2,promien_500m
3344,31-158,247.3,promien_500m
3344,30-003,265.0,promien_500m
3344,31-142,273.6,promien_500m
3344,30-018,286.3,promien_500m
3344,30-001,296.9,promien_500m
3344,31-136,302.2,promien_500m
3344,31-162,323.7,promien_500m
3344,31-139,342.9,promien_500m
3344,31-150,356.9,promien_500m
3344,30-006,366.9,promien_500m
3344,31-154,432.0,promien_500m
3344,30-019,435.4,promien_500m
3344,30-139,443.2,promien_500m
3344,30-007,448.4,promien_500m
3344,31-144,462.3,promien_500m
3344,31-149,465.8,promien_500m
3344,30-036,468.6,promien_500m
3344,30-015,469.0,promien_500m
3344,31-140,478.3,promien_500m
3344,31-137,485.3,promien_500m
3344,31-261,487.0,promien_500m
3344,30-009,492.1,promien_500m
3344,31-403,497.8,promien_500m
3345,31-148,0.0,promien_500m
3345,31-152,12.2,promien_500m
3345,31-153,69.7,promien_500m
3345,31-155,85.2,promien_500m
3345,31-147,172.1,promien_500m
3345,30-002,184.3,promien_500m
3345,31-146,228.8,promien_500m
3345,30-004,241.2,promien_500m
3345,31-161,241.7,promien_500m
3345,31-145,258.9,promien_500m
3345,30-001,274.4,promien_500m
3345,31-160,283.3,promien_500m
3345,31-141,301.5,promien_500m
3345,31-154,320.3,promien_500m
3345,31-150,338.3,promien_500m
3345,31-158,345.1,promien_500m
3345,31-159,352.5,promien_500m
3345,31-142,354.8,promien_500m
3345,30-003,355.6,promien_500m
3345,31-136,361.2,promien_500m
3345,30-018,393.1,promien_500m
3345,31-139,412.0,promien_500m
3345,31-162,422.2,promien_500m
3345,31-057,422.4,promien_500m
3345,31-149,432.2,promien_500m
3345,31-045,439.8,promien_500m
3345,31-403,452.7,promien_500m
3345,30-006,453.3,promien_500m
3345,31-404,471.9,promien_500m
3345,31-401,484.5,promien_500m
3345,31-144,487.6,promien_500m
3346,31-152,0.0,promien_500m
3346,31-148,13.2,promien_500m
3346,31-153,34.5,promien_500m
3346,31-155,92.3,promien_500m
3346,31-147,187.0,promien_500m
3346,30-002,224.1,promien_500m
3346,31-146,227.5,promien_500m
3346,31-161,236.6,promien_500m
3346,30-004,274.6,promien_500m
3346,31-160,286.4,promien_500m
3346,31-141,288.6,promien_500m
3346,31-145,289.2,promien_500m
3346,31-150,297.4,promien_500m
3346,30-001,307.8,promien_500m
3346,31-154,318.0,promien_500m
3346,31-142,338.0,promien_500m
3346,31-136,340.7,promien_500m
3346,31-158,342.3,promien_500m
3346,31-159,375.2,promien_500m
3346,30-003,387.3,promien_500m
3346,31-057,390.1,promien_500m
3346,31-149,391.6,promien_500m
3346,31-139,394.4,promien_500m
3346,31-045,399.9,promien_500m
3346,30-018,417.4,promien_500m
3346,31-162,418.6,promien_500m
3346,31-144,454.3,promien_500m
3346,31-404,476.9,promien_500m
3346,31-403,486.9,promien_500m
3346,30-006,487.3,promien_500m
3346,31-401,491.2,promien_500m
3346,31-014,498.8,promien_500m
3347,31-153,0.0,promien_500m
3347,31-148,0.4,promien_500m
3347,31-152,17.3,promien_500m
3347,31-155,111.4,promien_500m
3347,31-147,137.9,promien_500m
3347,31-146,198.7,promien_500m
3347,31-161,217.2,promien_500m
3347,31-150,229.4,promien_500m
3347,31-141,237.0,promien_500m
3347,31-160,275.5,promien_500m
3347,30-002,284.7,promien_500m
3347,31-136,289.1,promien_500m
3347,31-142,289.1,promien_500m
3347,31-145,315.6,promien_500m
3347,30-004,321.6,promien_500m
3347,31-158,321.9,promien_500m
3347,31-149,322.2,promien_500m
3347,31-045,344.0,promien_500m
3347,31-139,346.3,promien_500m
3347,31-154,351.8,promien_500m
3347,31-057,361.6,promien_500m
3347,30-001,378.3,promien_500m
3347,31-144,385.4,promien_500m
3347,31-159,392.8,promien_500m
3347,31-162,394.8,promien_500m
3347,31-014,427.3,promien_500m
3347,30-003,428.6,promien_500m
3347,30-018,443.6,promien_500m
3347,31-143,465.1,promien_500m
3347,30-139,466.3,promien_500m
3347,31-157,470.1,promien_500m
3348,31-152,0.0,promien_500m
3348,31-148,27.8,promien_500m
3348,31-153,67.5,promien_500m
3348,31-147,78.2,promien_500m
3348,31-146,122.7,promien_500m
3348,31-150,140.2,promien_500m
3348,31-141,143.6,promien_500m
3348,31-155,171.6,promien_500m
3348,31-161,206.4,promien_500m
3348,31-142,209.0,promien_500m
3348,31-136,219.8,promien_500m
3348,31-149,244.5,promien_500m
3348,31-160,269.1,promien_500m
3348,31-139,277.6,promien_500m
3348,31-144,292.5,promien_500m
3348,31-158,298.4,promien_500m
3348,31-045,300.0,promien_500m
3348,31-145,319.7,promien_500m
3348,31-014,340.2,promien_500m
3348,30-002,355.5,promien_500m
3348,31-162,362.4,promien_500m
3348,31-057,363.9,promien_500m
3348,31-143,371.6,promien_500m
3348,30-004,381.4,promien_500m
3348,30-139,404.3,promien_500m
3348,31-157,411.6,promien_500m
3348,31-159,414.6,promien_500m
3348,31-154,417.9,promien_500m
3348,31-137,437.1,promien_500m
3348,31-140,439.1,promien_500m
3348,31-034,441.1,promien_500m
3348,31-134,442.3,promien_500m
3348,31-156,457.6,promien_500m
3348,30-001,471.7,promien_500m
3348,30-003,473.9,promien_500m
3348,30-018,474.2,promien_500m
3348,31-135,482.4,promien_500m
3348,31-016,493.9,promien_500m
3349,31-152,0.0,promien_500m
3349,31-148,10.4,promien_500m
3349,31-147,12.1,promien_500m
3349,31-146,56.6,promien_500m
3349,31-141,67.0,promien_500m
3349,31-150,76.0,promien_500m
3349,31-153,122.6,promien_500m
3349,31-142,146.3,promien_500m
3349,31-136,179.2,promien_500m
3349,31-149,192.3,promien_500m
3349,31-161,206.0,promien_500m
3349,31-144,216.4,promien_500m
3349,31-139,230.1,promien_500m
3349,31-155,233.0,promien_500m
3349,31-145,251.0,promien_500m
3349,31-014,272.3,promien_500m
3349,31-045,283.4,promien_500m
3349,31-160,284.2,promien_500m
3349,31-158,292.0,promien_500m
3349,31-143,294.8,promien_500m
3349,31-162,351.4,promien_500m
3349,30-139,358.2,promien_500m
3349,31-157,360.9,promien_500m
3349,31-134,367.2,promien_500m
3349,31-034,367.5,promien_500m
3349,31-057,381.0,promien_500m
3349,31-140,386.3,promien_500m
3349,31-137,390.6,promien_500m
3349,31-135,415.4,promien_500m
3349,30-002,419.7,promien_500m
3349,31-016,426.0,promien_500m
3349,31-156,429.7,promien_500m
3349,30-004,435.6,promien_500m
3349,31-154,438.8,promien_500m
3349,31-015,444.5,promien_500m
3349,31-159,445.9,promien_500m
3349,31-131,472.8,promien_500m
3349,31-133,486.5,promien_500m
3350,31-148,0.0,promien_500m
3350,31-147,6.1,promien_500m
3350,31-146,10.2,promien_500m
3350,31-141,10.9,promien_500m
3350,31-152,47.3,promien_500m
3350,31-150,53.4,promien_500m
3350,31-142,106.2,promien_500m
3350,31-149,153.4,promien_500m
3350,31-144,158.1,promien_500m
3350,31-153,164.3,promien_500m
3350,31-136,166.7,promien_500m
3350,31-145,201.5,promien_500m
3350,31-139,201.8,promien_500m
3350,31-161,220.4,promien_500m
3350,31-014,222.3,promien_500m
3350,31-143,235.5,promien_500m
3350,31-155,249.0,promien_500m
3350,31-045,277.1,promien_500m
3350,31-158,298.9,promien_500m
3350,31-160,307.7,promien_500m
3350,31-134,308.7,promien_500m
3350,31-034,311.6,promien_500m
3350,31-157,328.2,promien_500m
3350,30-139,330.6,promien_500m
3350,31-162,346.5,promien_500m
3350,31-140,346.7,promien_500m
3350,31-137,362.1,promien_500m
3350,31-135,365.4,promien_500m
3350,31-016,375.9,promien_500m
3350,31-015,388.3,promien_500m
3350,31-057,403.3,promien_500m
3350,31-131,413.9,promien_500m
3350,31-156,416.4,promien_500m
3350,31-133,427.3,promien_500m
3350,31-012,447.3,promien_500m
3350,31-154,455.3,promien_500m
3350,31-020,458.1,promien_500m
3350,30-002,472.1,promien_500m
3350,31-159,477.4,promien_500m
3350,30-004,481.0,promien_500m
3350,31-021,487.6,promien_500m
3351,31-148,0.0,promien_500m
3351,31-152,37.6,promien_500m
3351,31-150,47.6,promien_500m
3351,31-147,56.5,promien_500m
3351,31-153,102.3,promien_500m
3351,31-146,103.2,promien_500m
3351,31-141,106.4,promien_500m
3351,31-149,139.4,promien_500m
3351,31-155,160.1,promien_500m
3351,31-142,196.8,promien_500m
3351,31-045,210.1,promien_500m
3351,31-145,224.3,promien_500m
3351,31-144,241.0,promien_500m
3351,31-014,243.4,promien_500m
3351,31-136,249.7,promien_500m
3351,31-161,279.5,promien_500m
3351,31-139,294.3,promien_500m
3351,31-143,301.1,promien_500m
3351,31-157,306.4,promien_500m
3351,31-057,311.1,promien_500m
3351,31-034,352.8,promien_500m
3351,31-160,354.9,promien_500m
3351,31-134,355.7,promien_500m
3351,31-156,360.0,promien_500m
3351,31-158,365.8,promien_500m
3351,31-154,367.2,promien_500m
3351,31-016,395.3,promien_500m
3351,30-139,423.2,promien_500m
3351,31-162,425.1,promien_500m
3351,31-015,426.4,promien_500m
3351,31-140,440.9,promien_500m
3351,31-137,455.2,promien_500m
3351,31-135,457.9,promien_500m
3351,30-002,460.2,promien_500m
3351,31-021,483.1,promien_500m
3351,30-004,486.9,promien_500m
3351,31-131,487.6,promien_500m
3351,31-020,494.2,promien_500m
3351,31-133,494.6,promien_500m
3352,31-146,0.0,promien_500m
3352,31-145,5.4,promien_500m
3352,31-147,25.0,promien_500m
3352,31-159,63.1,promien_500m
3352,31-160,67.0,promien_500m
3352,31-148,81.2,promien_500m
3352,30-004,85.7,promien_500m
3352,30-003,116.7,promien_500m
3352,30-018,117.0,promien_500m
3352,31-161,130.4,promien_500m
3352,31-158,130.6,promien_500m
3352,30-002,140.2,promien_500m
3352,31-153,144.0,promien_500m
3352,31-162,191.7,promien_500m
3352,31-141,216.0,promien_500m
3352,31-155,229.1,promien_500m
3352,30-006,235.9,promien_500m
3352,31-142,237.7,promien_500m
3352,30-019,254.2,promien_500m
3352,31-152,258.3,promien_500m
3352,31-136,263.5,promien_500m
3352,30-007,273.4,promien_500m
3352,31-139,273.8,promien_500m
3352,30-036,291.4,promien_500m
3352,30-015,301.1,promien_500m
3352,31-261,308.2,promien_500m
3352,31-140,345.0,promien_500m
3352,30-001,347.1,promien_500m
3352,30-009,347.1,promien_500m
3352,30-139,383.9,promien_500m
3352,30-035,386.5,promien_500m
3352,31-137,406.5,promien_500m
3352,30-010,444.0,promien_500m
3352,30-034,448.3,promien_500m
3352,31-150,469.0,promien_500m
3352,30-033,475.2,promien_500m
3352,31-144,481.0,promien_500m
3352,30-037,489.7,promien_500m
3353,31-146,0.0,promien_500m
3353,31-147,5.7,promien_500m
3353,31-153,22.4,promien_500m
3353,31-161,31.3,promien_500m
3353,31-160,44.8,promien_500m
3353,31-148,52.2,promien_500m
3353,31-145,86.8,promien_500m
3353,31-158,108.5,promien_500m
3353,31-141,111.6,promien_500m
3353,31-152,137.6,promien_500m
3353,31-142,142.2,promien_500m
3353,31-136,176.9,promien_500m
3353,31-159,180.0,promien_500m
3353,31-162,185.1,promien_500m
3353,30-004,200.5,promien_500m
3353,30-002,218.9,promien_500m
3353,31-139,222.8,promien_500m
3353,30-018,242.8,promien_500m
3353,30-003,244.5,promien_500m
3353,31-155,258.2,promien_500m
3353,30-139,310.1,promien_500m
3353,31-150,340.2,promien_500m
3353,30-007,342.2,promien_500m
3353,31-140,342.6,promien_500m
3353,30-019,345.4,promien_500m
3353,31-137,351.2,promien_500m
3353,30-006,365.6,promien_500m
3353,30-036,365.8,promien_500m
3353,31-144,368.9,promien_500m
3353,31-261,387.5,promien_500m
3353,30-001,407.5,promien_500m
3353,30-015,424.7,promien_500m
3353,30-035,433.5,promien_500m
3353,31-149,452.7,promien_500m
3353,31-143,467.3,promien_500m
3353,31-135,475.7,promien_500m
3353,30-009,476.9,promien_500m
3353,30-034,497.0,promien_500m
3354,31-147,0.0,promien_500m
3354,31-146,5.4,promien_500m
3354,31-153,10.0,promien_500m
3354,31-161,30.8,promien_500m
3354,31-148,48.9,promien_500m
3354,31-160,56.3,promien_500m
3354,31-145,100.2,promien_500m
3354,31-141,108.5,promien_500m
3354,31-158,116.4,promien_500m
3354,31-152,124.1,promien_500m
3354,31-142,144.4,promien_500m
3354,31-136,178.9,promien_500m
3354,31-159,192.5,promien_500m
3354,31-162,193.4,promien_500m
3354,30-004,206.1,promien_500m
3354,31-139,222.0,promien_500m
3354,30-002,222.7,promien_500m
3354,31-155,253.1,promien_500m
3354,30-018,255.0,promien_500m
3354,30-003,256.3,promien_500m
3354,30-139,313.4,promien_500m
3354,31-150,328.3,promien_500m
3354,31-140,352.2,promien_500m
3354,31-137,355.3,promien_500m
3354,30-007,355.7,promien_500m
3354,30-019,358.9,promien_500m
3354,31-144,365.2,promien_500m
3354,30-006,375.9,promien_500m
3354,30-036,379.3,promien_500m
3354,31-261,401.0,promien_500m
3354,30-001,407.3,promien_500m
3354,30-015,437.3,promien_500m
3354,31-149,441.4,promien_500m
3354,30-035,446.0,promien_500m
3354,31-143,461.3,promien_500m
3354,31-135,476.1,promien_500m
3354,30-009,488.2,promien_500m
3355,31-146,0.0,promien_500m
3355,31-147,4.1,promien_500m
3355,31-153,19.3,promien_500m
3355,31-161,22.3,promien_500m
3355,31-141,53.4,promien_500m
3355,31-160,85.6,promien_500m
3355,31-152,86.2,promien_500m
3355,31-148,100.4,promien_500m
3355,31-142,106.5,promien_500m
3355,31-158,113.7,promien_500m
3355,31-136,131.7,promien_500m
3355,31-145,152.5,promien_500m
3355,31-139,169.4,promien_500m
3355,31-162,184.7,promien_500m
3355,31-159,249.5,promien_500m
3355,31-150,271.5,promien_500m
3355,30-004,271.6,promien_500m
3355,30-139,274.5,promien_500m
3355,30-002,286.6,promien_500m
3355,31-155,296.3,promien_500m
3355,31-144,302.7,promien_500m
3355,30-018,313.5,promien_500m
3355,30-003,316.1,promien_500m
3355,31-137,316.5,promien_500m
3355,31-140,325.9,promien_500m
3355,31-149,381.3,promien_500m
3355,30-007,386.7,promien_500m
3355,30-019,390.2,promien_500m
3355,31-143,396.3,promien_500m
3355,30-036,411.9,promien_500m
3355,31-135,424.5,promien_500m
3355,31-261,435.1,promien_500m
3355,30-006,439.5,promien_500m
3355,31-014,442.7,promien_500m
3355,30-035,462.4,promien_500m
3355,30-001,463.7,promien_500m
3355,31-045,478.5,promien_500m
3355,30-015,480.6,promien_500m
3355,31-130,494.5,promien_500m
3355,31-134,495.1,promien_500m
3356,31-147,0.0,promien_500m
3356,31-146,1.6,promien_500m
3356,31-153,47.0,promien_500m
3356,31-141,48.8,promien_500m
3356,31-152,57.1,promien_500m
3356,31-161,63.3,promien_500m
3356,31-148,69.2,promien_500m
3356,31-142,94.9,promien_500m
3356,31-136,98.5,promien_500m
3356,31-160,140.1,promien_500m
3356,31-139,151.4,promien_500m
3356,31-158,152.7,promien_500m
3356,31-145,211.6,promien_500m
3356,31-162,214.0,promien_500m
3356,31-150,214.3,promien_500m
3356,31-144,254.0,promien_500m
3356,30-139,268.8,promien_500m
3356,31-155,306.5,promien_500m
3356,31-137,306.6,promien_500m
3356,31-159,308.9,promien_500m
3356,31-140,313.7,promien_500m
3356,31-149,322.1,promien_500m
3356,30-004,326.8,promien_500m
3356,30-002,337.2,promien_500m
3356,31-143,345.2,promien_500m
3356,30-018,373.0,promien_500m
3356,30-003,375.8,promien_500m
3356,31-014,383.1,promien_500m
3356,31-135,391.8,promien_500m
3356,31-045,427.9,promien_500m
3356,30-007,435.1,promien_500m
3356,30-019,438.8,promien_500m
3356,31-134,442.3,promien_500m
3356,31-034,457.1,promien_500m
3356,30-036,461.0,promien_500m
3356,31-130,481.2,promien_500m
3356,31-261,484.7,promien_500m
3356,31-157,496.7,promien_500m
3356,30-006,499.0,promien_500m
3357,31-146,0.0,promien_500m
3357,31-147,7.0,promien_500m
3357,31-141,38.2,promien_500m
3357,31-148,63.6,promien_500m
3357,31-153,67.3,promien_500m
3357,31-152,67.6,promien_500m
3357,31-161,82.7,promien_500m
3357,31-136,83.7,promien_500m
3357,31-142,83.7,promien_500m
3357,31-139,140.5,promien_500m
3357,31-160,167.9,promien_500m
3357,31-158,168.1,promien_500m
3357,31-150,188.2,promien_500m
3357,31-144,225.4,promien_500m
3357,31-162,228.2,promien_500m
3357,31-145,241.6,promien_500m
3357,30-139,263.4,promien_500m
3357,31-149,292.8,promien_500m
3357,31-137,298.1,promien_500m
3357,31-140,303.8,promien_500m
3357,31-155,309.1,promien_500m
3357,31-143,315.3,promien_500m
3357,31-159,339.1,promien_500m
3357,31-014,351.7,promien_500m
3357,30-004,358.5,promien_500m
3357,30-002,367.6,promien_500m
3357,31-135,370.3,promien_500m
3357,30-018,403.4,promien_500m
3357,30-003,406.5,promien_500m
3357,31-045,407.1,promien_500m
3357,31-134,410.7,promien_500m
3357,31-034,425.1,promien_500m
3357,30-007,456.9,promien_500m
3357,30-019,461.1,promien_500m
3357,31-157,468.0,promien_500m
3357,31-130,469.4,promien_500m
3357,31-131,479.8,promien_500m
3357,30-036,483.5,promien_500m
3357,31-015,497.8,promien_500m
3357,31-057,498.8,promien_500m
3358,31-147,0.0,promien_500m
3358,31-146,8.8,promien_500m
3358,31-152,35.9,promien_500m
3358,31-148,36.3,promien_500m
3358,31-141,51.3,promien_500m
3358,31-153,84.5,promien_500m
3358,31-142,95.1,promien_500m
3358,31-136,107.4,promien_500m
3358,31-161,133.4,promien_500m
3358,31-150,137.2,promien_500m
3358,31-139,163.5,promien_500m
3358,31-144,207.5,promien_500m
3358,31-158,217.2,promien_500m
3358,31-160,218.0,promien_500m
3358,31-149,243.6,promien_500m
3358,31-162,275.7,promien_500m
3358,31-155,286.5,promien_500m
3358,31-145,287.4,promien_500m
3358,30-139,291.0,promien_500m
3358,31-143,293.2,promien_500m
3358,31-014,307.5,promien_500m
3358,31-137,323.6,promien_500m
3358,31-140,324.3,promien_500m
3358,31-045,357.2,promien_500m
3358,31-135,371.7,promien_500m
3358,31-134,377.2,promien_500m
3358,31-159,387.2,promien_500m
3358,31-034,387.5,promien_500m
3358,30-002,396.7,promien_500m
3358,30-004,396.8,promien_500m
3358,31-157,418.2,promien_500m
3358,30-018,451.3,promien_500m
3358,30-003,453.8,promien_500m
3358,31-057,455.7,promien_500m
3358,31-016,460.8,promien_500m
3358,31-131,460.9,promien_500m
3358,31-015,463.6,promien_500m
3358,31-133,478.2,promien_500m
3358,31-130,487.9,promien_500m
3358,31-156,499.9,promien_500m
3359,31-141,0.0,promien_500m
3359,31-146,7.6,promien_500m
3359,31-147,10.8,promien_500m
3359,31-148,12.9,promien_500m
3359,31-152,63.3,promien_500m
3359,31-150,68.4,promien_500m
3359,31-142,83.4,promien_500m
3359,31-144,139.1,promien_500m
3359,31-136,149.2,promien_500m
3359,31-149,160.5,promien_500m
3359,31-153,168.1,promien_500m
3359,31-139,179.1,promien_500m
3359,31-145,200.0,promien_500m
3359,31-161,211.1,promien_500m
3359,31-014,220.0,promien_500m
3359,31-143,221.3,promien_500m
3359,31-155,271.5,promien_500m
3359,31-158,285.8,promien_500m
3359,31-045,292.9,promien_500m
3359,31-134,296.9,promien_500m
3359,31-160,300.2,promien_500m
3359,31-034,303.3,promien_500m
3359,30-139,308.1,promien_500m
3359,31-140,323.0,promien_500m
3359,31-162,329.1,promien_500m
3359,31-157,336.0,promien_500m
3359,31-137,339.5,promien_500m
3359,31-135,342.2,promien_500m
3359,31-016,373.4,promien_500m
3359,31-015,379.9,promien_500m
3359,31-131,396.0,promien_500m
3359,31-133,410.3,promien_500m
3359,31-057,426.3,promien_500m
3359,31-156,431.7,promien_500m
3359,31-012,432.5,promien_500m
3359,31-020,450.6,promien_500m
3359,31-159,472.8,promien_500m
3359,31-154,477.3,promien_500m
3359,30-002,479.2,promien_500m
3359,30-004,483.6,promien_500m
3359,31-130,485.1,promien_500m
3359,31-021,490.4,promien_500m
3360,31-146,0.0,promien_500m
3360,31-147,6.0,promien_500m
3360,31-150,8.8,promien_500m
3360,31-141,40.0,promien_500m
3360,31-148,74.8,promien_500m
3360,31-149,80.0,promien_500m
3360,31-142,80.4,promien_500m
3360,31-144,113.7,promien_500m
3360,31-152,115.1,promien_500m
3360,31-145,116.6,promien_500m
3360,31-014,137.4,promien_500m
3360,31-143,168.9,promien_500m
3360,31-045,223.6,promien_500m
3360,31-136,223.9,promien_500m
3360,31-139,226.0,promien_500m
3360,31-034,229.8,promien_500m
3360,31-134,230.8,promien_500m
3360,31-153,231.9,promien_500m
3360,31-155,244.4,promien_500m
3360,31-157,252.5,promien_500m
3360,31-016,291.0,promien_500m
3360,31-161,294.9,promien_500m
3360,31-015,307.0,promien_500m
3360,31-140,334.9,promien_500m
3360,31-135,344.8,promien_500m
3360,31-131,355.3,promien_500m
3360,30-139,357.2,promien_500m
3360,31-133,362.1,promien_500m
3360,31-156,363.0,promien_500m
3360,31-158,365.7,promien_500m
3360,31-020,375.6,promien_500m
3360,31-012,377.9,promien_500m
3360,31-137,383.8,promien_500m
3360,31-160,383.9,promien_500m
3360,31-057,399.5,promien_500m
3360,31-162,400.4,promien_500m
3360,31-021,405.3,promien_500m
3360,31-018,427.7,promien_500m
3360,31-017,428.7,promien_500m
3360,31-154,436.6,promien_500m
3360,31-011,467.7,promien_500m
3360,31-019,479.6,promien_500m
3360,31-024,491.7,promien_500m
3361,31-146,0.0,promien_500m
3361,31-147,3.5,promien_500m
3361,31-145,31.1,promien_500m
3361,31-149,31.8,promien_500m
3361,31-142,31.9,promien_500m
3361,31-141,32.0,promien_500m
3361,31-014,50.8,promien_500m
3361,31-150,64.3,promien_500m
3361,31-144,96.8,promien_500m
3361,31-143,104.4,promien_500m
3361,31-034,147.2,promien_500m
3361,31-134,150.1,promien_500m
3361,31-148,153.5,promien_500m
3361,31-157,183.1,promien_500m
3361,31-045,196.3,promien_500m
3361,31-152,199.6,promien_500m
3361,31-016,204.5,promien_500m
3361,31-015,223.4,promien_500m
3361,31-139,248.2,promien_500m
3361,31-155,259.9,promien_500m
3361,31-153,274.7,promien_500m
3361,31-020,290.8,promien_500m
3361,31-136,293.6,promien_500m
3361,31-133,298.9,promien_500m
3361,31-131,303.1,promien_500m
3361,31-012,308.6,promien_500m
3361,31-140,322.4,promien_500m
3361,31-021,324.8,promien_500m
3361,31-156,326.2,promien_500m
3361,31-135,338.7,promien_500m
3361,31-018,341.0,promien_500m
3361,31-017,342.9,promien_500m
3361,31-161,373.6,promien_500m
3361,31-154,393.5,promien_500m
3361,30-139,396.7,promien_500m
3361,31-019,397.0,promien_500m
3361,31-011,401.8,promien_500m
3361,31-024,416.6,promien_500m
3361,31-137,417.0,promien_500m
3361,31-057,418.7,promien_500m
3361,31-022,424.1,promien_500m
3361,30-014,435.9,promien_500m
3361,31-158,437.6,promien_500m
3361,31-109,447.9,promien_500m
3361,31-160,460.1,promien_500m
3361,31-162,461.4,promien_500m
3362,31-147,0.0,promien_500m
3362,31-146,4.0,promien_500m
3362,31-014,22.2,promien_500m
3362,31-141,29.6,promien_500m
3362,31-145,34.8,promien_500m
3362,31-149,35.5,promien_500m
3362,31-150,37.9,promien_500m
3362,31-142,55.8,promien_500m
3362,31-143,62.9,promien_500m
3362,31-034,83.1,promien_500m
3362,31-134,91.4,promien_500m
3362,31-016,118.8,promien_500m
3362,31-157,123.3,promien_500m
3362,31-144,131.8,promien_500m
3362,31-015,144.6,promien_500m
3362,31-045,195.8,promien_500m
3362,31-020,212.8,promien_500m
3362,31-148,231.3,promien_500m
3362,31-021,244.9,promien_500m
3362,31-012,246.9,promien_500m
3362,31-156,250.7,promien_500m
3362,31-133,254.8,promien_500m
3362,31-018,255.5,promien_500m
3362,31-017,257.4,promien_500m
3362,31-155,274.9,promien_500m
3362,31-131,275.5,promien_500m
3362,31-152,282.9,promien_500m
3362,31-139,301.5,promien_500m
3362,31-019,314.2,promien_500m
3362,31-140,318.9,promien_500m
3362,31-153,318.9,promien_500m
3362,31-022,338.4,promien_500m
3362,31-024,342.1,promien_500m
3362,31-154,346.0,promien_500m
3362,31-011,354.0,promien_500m
3362,31-135,360.4,promien_500m
3362,31-109,362.7,promien_500m
3362,30-014,363.0,promien_500m
3362,31-136,373.0,promien_500m
3362,31-023,429.8,promien_500m
3362,31-057,443.5,promien_500m
3362,30-139,455.7,promien_500m
3362,31-161,456.7,promien_500m
3362,31-013,462.8,promien_500m
3362,31-137,470.8,promien_500m
3362,31-010,484.7,promien_500m
3362,31-033,496.0,promien_500m
3363,31-150,0.0,promien_500m
3363,31-147,14.7,promien_500m
3363,31-146,19.5,promien_500m
3363,31-148,43.6,promien_500m
3363,31-141,68.9,promien_500m
3363,31-149,81.0,promien_500m
3363,31-152,88.6,promien_500m
3363,31-142,113.8,promien_500m
3363,31-145,136.9,promien_500m
3363,31-144,150.3,promien_500m
3363,31-014,157.9,promien_500m
3363,31-153,195.1,promien_500m
3363,31-143,204.1,promien_500m
3363,31-045,210.3,promien_500m
3363,31-155,212.0,promien_500m
3363,31-136,231.8,promien_500m
3363,31-139,250.4,promien_500m
3363,31-157,255.3,promien_500m
3363,31-034,258.9,promien_500m
3363,31-134,261.0,promien_500m
3363,31-161,292.8,promien_500m
3363,31-016,311.8,promien_500m
3363,31-015,335.6,promien_500m
3363,31-156,349.2,promien_500m
3363,31-140,367.2,promien_500m
3363,31-057,367.3,promien_500m
3363,31-158,369.1,promien_500m
3363,31-135,378.7,promien_500m
3363,30-139,379.0,promien_500m
3363,31-160,380.6,promien_500m
3363,31-131,391.9,promien_500m
3363,31-133,397.6,promien_500m
3363,31-020,403.0,promien_500m
3363,31-137,407.6,promien_500m
3363,31-154,410.7,promien_500m
3363,31-162,411.1,promien_500m
3363,31-012,412.7,promien_500m
3363,31-021,416.8,promien_500m
3363,31-017,446.9,promien_500m
3363,31-018,448.5,promien_500m
3363,31-019,492.8,promien_500m
3363,31-024,498.0,promien_500m
3364,31-150,0.0,promien_500m
3364,31-149,16.5,promien_500m
3364,31-147,47.3,promien_500m
3364,31-148,76.6,promien_500m
3364,31-146,90.5,promien_500m
3364,31-145,116.2,promien_500m
3364,31-045,130.3,promien_500m
3364,31-014,130.7,promien_500m
3364,31-141,132.4,promien_500m
3364,31-142,137.4,promien_500m
3364,31-152,147.6,promien_500m
3364,31-155,154.5,promien_500m
3364,31-153,161.3,promien_500m
3364,31-157,185.4,promien_500m
3364,31-144,197.1,promien_500m
3364,31-143,212.7,promien_500m
3364,31-034,249.1,promien_500m
3364,31-134,254.6,promien_500m
3364,31-156,269.1,promien_500m
3364,31-016,275.8,promien_500m
3364,31-057,310.6,promien_500m
3364,31-136,311.8,promien_500m
3364,31-015,313.6,promien_500m
3364,31-139,323.4,promien_500m
3364,31-154,338.1,promien_500m
3364,31-021,359.0,promien_500m
3364,31-161,369.4,promien_500m
3364,31-020,381.8,promien_500m
3364,31-017,401.2,promien_500m
3364,31-018,408.5,promien_500m
3364,31-133,411.2,promien_500m
3364,31-012,415.5,promien_500m
3364,31-131,416.4,promien_500m
3364,31-140,423.8,promien_500m
3364,31-024,431.5,promien_500m
3364,31-135,435.4,promien_500m
3364,31-019,436.9,promien_500m
3364,31-158,448.0,promien_500m
3364,31-160,454.9,promien_500m
3364,30-139,455.4,promien_500m
3364,31-137,482.3,promien_500m
3364,31-022,486.5,promien_500m
3364,31-162,491.2,promien_500m
3365,31-150,0.0,promien_500m
3365,31-149,3.5,promien_500m
3365,31-147,63.3,promien_500m
3365,31-045,90.3,promien_500m
3365,31-148,109.0,promien_500m
3365,31-145,115.6,promien_500m
3365,31-146,116.3,promien_500m
3365,31-014,124.0,promien_500m
3365,31-155,134.7,promien_500m
3365,31-157,147.5,promien_500m
3365,31-141,156.0,promien_500m
3365,31-142,156.1,promien_500m
3365,31-153,158.3,promien_500m
3365,31-152,186.2,promien_500m
3365,31-143,194.0,promien_500m
3365,31-144,219.2,promien_500m
3365,31-156,229.6,promien_500m
3365,31-034,243.5,promien_500m
3365,31-134,250.6,promien_500m
3365,31-016,253.9,promien_500m
3365,31-057,293.8,promien_500m
3365,31-015,299.2,promien_500m
3365,31-154,305.0,promien_500m
3365,31-021,325.6,promien_500m
3365,31-136,351.9,promien_500m
3365,31-139,354.7,promien_500m
3365,31-020,367.0,promien_500m
3365,31-017,373.5,promien_500m
3365,31-018,383.6,promien_500m
3365,31-024,393.8,promien_500m
3365,31-012,400.6,promien_500m
3365,31-019,404.0,promien_500m
3365,31-161,410.5,promien_500m
3365,31-133,411.9,promien_500m
3365,31-131,424.6,promien_500m
3365,31-140,445.8,promien_500m
3365,31-022,459.1,promien_500m
3365,31-135,459.9,promien_500m
3365,31-109,469.7,promien_500m
3365,31-158,488.8,promien_500m
3365,30-139,491.2,promien_500m
3365,31-023,493.6,promien_500m
3365,31-160,495.8,promien_500m
3366,31-150,0.0,promien_500m
3366,31-045,10.6,promien_500m
3366,31-149,51.9,promien_500m
3366,31-157,85.4,promien_500m
3366,31-155,89.1,promien_500m
3366,31-147,134.7,promien_500m
3366,31-156,149.6,promien_500m
3366,31-014,156.2,promien_500m
3366,31-143,158.9,promien_500m
3366,31-145,160.6,promien_500m
3366,31-148,161.6,promien_500m
3366,31-153,164.6,promien_500m
3366,31-146,174.7,promien_500m
3366,31-141,212.3,promien_500m
3366,31-142,216.7,promien_500m
3366,31-154,232.3,promien_500m
3366,31-016,236.7,promien_500m
3366,31-152,255.6,promien_500m
3366,31-057,259.8,promien_500m
3366,31-034,261.1,promien_500m
3366,31-015,268.3,promien_500m
3366,31-134,276.9,promien_500m
3366,31-021,279.5,promien_500m
3366,31-144,282.2,promien_500m
3366,31-024,332.0,promien_500m
3366,31-017,342.1,promien_500m
3366,31-019,357.2,promien_500m
3366,31-018,359.2,promien_500m
3366,31-020,361.4,promien_500m
3366,31-012,395.4,promien_500m
3366,31-022,426.5,promien_500m
3366,31-139,428.4,promien_500m
3366,31-109,428.9,promien_500m
3366,31-023,432.3,promien_500m
3366,31-136,432.5,promien_500m
3366,31-133,440.2,promien_500m
3366,31-505,458.1,promien_500m
3366,31-033,460.0,promien_500m
3366,31-131,462.4,promien_500m
3366,31-001,469.8,promien_500m
3366,31-508,486.6,promien_500m
3366,31-161,489.6,promien_500m
3367,31-150,0.0,promien_500m
3367,31-149,3.8,promien_500m
3367,31-157,39.6,promien_500m
3367,31-147,78.2,promien_500m
3367,31-045,84.0,promien_500m
3367,31-143,84.9,promien_500m
3367,31-014,103.3,promien_500m
3367,31-145,112.0,promien_500m
3367,31-146,121.6,promien_500m
3367,31-155,152.7,promien_500m
3367,31-141,154.5,promien_500m
3367,31-016,158.2,promien_500m
3367,31-142,178.0,promien_500m
3367,31-156,180.3,promien_500m
3367,31-034,187.7,promien_500m
3367,31-015,195.8,promien_500m
3367,31-134,209.0,promien_500m
3367,31-021,214.4,promien_500m
3367,31-148,220.3,promien_500m
3367,31-154,236.8,promien_500m
3367,31-153,240.2,promien_500m
3367,31-144,244.2,promien_500m
3367,31-017,268.3,promien_500m
3367,31-020,282.6,promien_500m
3367,31-018,282.9,promien_500m
3367,31-024,284.1,promien_500m
3367,31-019,292.9,promien_500m
3367,31-152,294.7,promien_500m
3367,31-012,316.6,promien_500m
3367,31-057,336.2,promien_500m
3367,31-022,353.5,promien_500m
3367,31-109,360.5,promien_500m
3367,31-133,369.9,promien_500m
3367,31-023,383.2,promien_500m
3367,31-131,396.3,promien_500m
3367,31-139,404.4,promien_500m
3367,31-033,425.9,promien_500m
3367,30-014,437.3,promien_500m
3367,31-136,438.5,promien_500m
3367,31-140,443.0,promien_500m
3367,31-011,459.2,promien_500m
3367,31-135,481.8,promien_500m
3367,31-505,482.4,promien_500m
3368,31-150,0.0,promien_500m
3368,31-157,27.4,promien_500m
3368,31-149,31.9,promien_500m
3368,31-143,47.5,promien_500m
3368,31-147,54.6,promien_500m
3368,31-146,82.3,promien_500m
3368,31-014,90.8,promien_500m
3368,31-145,101.9,promien_500m
3368,31-016,108.8,promien_500m
3368,31-141,118.4,promien_500m
3368,31-045,133.9,promien_500m
3368,31-034,143.5,promien_500m
3368,31-142,143.7,promien_500m
3368,31-015,153.4,promien_500m
3368,31-134,170.3,promien_500m
3368,31-156,171.2,promien_500m
3368,31-021,179.6,promien_500m
3368,31-155,195.3,promien_500m
3368,31-017,223.5,promien_500m
3368,31-144,228.4,promien_500m
3368,31-020,232.6,promien_500m
3368,31-018,235.6,promien_500m
3368,31-154,247.7,promien_500m
3368,31-019,256.9,promien_500m
3368,31-148,257.1,promien_500m
3368,31-024,262.3,promien_500m
3368,31-012,266.6,promien_500m
3368,31-153,288.9,promien_500m
3368,31-022,309.1,promien_500m
3368,31-109,320.0,promien_500m
3368,31-152,322.4,promien_500m
3368,31-133,326.9,promien_500m
3368,31-131,356.5,promien_500m
3368,31-023,358.3,promien_500m
3368,31-057,385.4,promien_500m
3368,30-014,387.4,promien_500m
3368,31-139,395.8,promien_500m
3368,31-140,406.8,promien_500m
3368,31-011,410.4,promien_500m
3368,31-033,411.5,promien_500m
3368,31-136,448.7,promien_500m
3368,31-135,458.4,promien_500m
3368,31-013,472.0,promien_500m
3368,31-027,484.2,promien_500m
3369,31-157,0.0,promien_500m
3369,31-143,31.3,promien_500m
3369,31-150,40.5,promien_500m
3369,31-149,70.8,promien_500m
3369,31-156,108.0,promien_500m
3369,31-016,113.5,promien_500m
3369,31-147,117.7,promien_500m
3369,31-015,128.2,promien_500m
3369,31-045,132.6,promien_500m
3369,31-021,135.2,promien_500m
3369,31-146,144.4,promien_500m
3369,31-014,161.6,promien_500m
3369,31-155,165.3,promien_500m
3369,31-145,172.6,promien_500m
3369,31-141,175.2,promien_500m
3369,31-154,180.3,promien_500m
3369,31-034,193.6,promien_500m
3369,31-024,199.7,promien_500m
3369,31-017,202.4,promien_500m
3369,31-142,206.5,promien_500m
3369,31-019,213.1,promien_500m
3369,31-018,224.4,promien_500m
3369,31-134,227.5,promien_500m
3369,31-020,245.6,promien_500m
3369,31-012,278.7,promien_500m
3369,31-109,284.7,promien_500m
3369,31-022,284.8,promien_500m
3369,31-023,298.6,promien_500m
3369,31-144,298.6,promien_500m
3369,31-148,302.4,promien_500m
3369,31-153,307.9,promien_500m
3369,31-033,344.1,promien_500m
3369,31-133,372.8,promien_500m
3369,31-057,375.9,promien_500m
3369,31-152,379.2,promien_500m
3369,30-014,393.5,promien_500m
3369,31-131,407.8,promien_500m
3369,31-011,433.0,promien_500m
3369,31-505,441.5,promien_500m
3369,31-027,441.6,promien_500m
3369,31-026,447.8,promien_500m
3369,31-025,454.4,promien_500m
3369,31-028,454.5,promien_500m
3369,31-140,462.8,promien_500m
3369,31-139,466.5,promien_500m
3369,31-013,469.7,promien_500m
3369,31-504,470.1,promien_500m
3369,31-042,492.2,promien_500m
3370,31-149,0.0,promien_500m
3370,31-150,23.9,promien_500m
3370,31-147,26.0,promien_500m
3370,31-014,39.0,promien_500m
3370,31-145,42.2,promien_500m
3370,31-146,59.1,promien_500m
3370,31-141,94.5,promien_500m
3370,31-142,105.7,promien_500m
3370,31-157,107.8,promien_500m
3370,31-143,127.7,promien_500m
3370,31-045,128.2,promien_500m
3370,31-034,156.2,promien_500m
3370,31-134,164.5,promien_500m
3370,31-016,169.5,promien_500m
3370,31-144,170.1,promien_500m
3370,31-148,179.6,promien_500m
3370,31-155,207.1,promien_500m
3370,31-015,210.3,promien_500m
3370,31-152,240.2,promien_500m
3370,31-153,246.3,promien_500m
3370,31-156,251.8,promien_500m
3370,31-021,262.7,promien_500m
3370,31-020,278.3,promien_500m
3370,31-017,296.8,promien_500m
3370,31-018,302.6,promien_500m
3370,31-012,312.1,promien_500m
3370,31-154,313.8,promien_500m
3370,31-139,327.5,promien_500m
3370,31-133,327.7,promien_500m
3370,31-019,338.8,promien_500m
3370,31-131,346.3,promien_500m
3370,31-024,346.6,promien_500m
3370,31-136,366.1,promien_500m
3370,31-057,371.1,promien_500m
3370,31-022,381.6,promien_500m
3370,31-140,385.7,promien_500m
3370,31-109,398.0,promien_500m
3370,31-135,410.5,promien_500m
3370,31-011,427.2,promien_500m
3370,30-014,430.7,promien_500m
3370,31-161,440.0,promien_500m
3370,31-023,442.8,promien_500m
3370,30-139,476.4,promien_500m
3370,31-033,494.4,promien_500m
3370,31-137,496.6,promien_500m
4,31-512,0.0,promien_500m
4,31-503,12.5,promien_500m
4,31-505,48.3,promien_500m
4,31-511,64.6,promien_500m
4,31-506,123.8,promien_500m
4,31-501,129.4,promien_500m
4,31-504,141.1,promien_500m
4,31-509,198.7,promien_500m
4,31-510,218.0,promien_500m
4,31-516,232.9,promien_500m
4,31-034,251.6,promien_500m
4,31-531,292.2,promien_500m
4,31-508,339.7,promien_500m
4,31-514,361.4,promien_500m
4,31-547,378.6,promien_500m
4,31-154,423.6,promien_500m
4,31-549,439.8,promien_500m
4,31-529,442.1,promien_500m
4,31-025,445.3,promien_500m
4,31-026,463.6,promien_500m
4,31-530,470.9,promien_500m
4,31-542,490.9,promien_500m
4,31-539,492.2,promien_500m
4,31-001,494.0,promien_500m
4,31-525,495.1,promien_500m
5,31-504,0.0,promien_500m
5,31-511,41.7,promien_500m
5,31-505,42.1,promien_500m
5,31-512,57.2,promien_500m
5,31-503,83.4,promien_500m
5,31-506,162.5,promien_500m
5,31-510,163.1,promien_500m
5,31-508,170.5,promien_500m
5,31-501,194.5,promien_500m
5,31-509,200.0,promien_500m
5,31-154,205.1,promien_500m
5,31-034,245.8,promien_500m
5,31-025,287.8,promien_500m
5,31-026,293.8,promien_500m
5,31-001,359.4,promien_500m
5,31-033,403.7,promien_500m
5,31-404,414.8,promien_500m
5,31-156,429.4,promien_500m
5,31-531,434.4,promien_500m
5,31-529,444.9,promien_500m
5,31-516,445.4,promien_500m
5,31-155,457.5,promien_500m
5,31-530,462.7,promien_500m
5,31-024,476.5,promien_500m
5,31-023,495.6,promien_500m
501,30-303,0.0,promien_500m
501,30-319,10.1,promien_500m
501,30-307,36.0,promien_500m
501,30-305,67.4,promien_500m
501,30-318,104.6,promien_500m
501,30-302,106.8,promien_500m
501,30-105,154.6,promien_500m
501,30-304,156.0,promien_500m
501,30-301,168.4,promien_500m
501,30-317,198.7,promien_500m
501,30-306,205.2,promien_500m
501,31-044,210.1,promien_500m
501,31-109,228.0,promien_500m
501,30-102,286.0,promien_500m
501,31-105,307.1,promien_500m
501,30-103,311.9,promien_500m
501,31-101,315.9,promien_500m
501,31-111,323.0,promien_500m
501,30-308,325.8,promien_500m
501,30-101,327.2,promien_500m
501,30-108,345.5,promien_500m
501,30-324,345.9,promien_500m
501,31-001,374.0,promien_500m
501,30-337,381.3,promien_500m
501,31-069,416.2,promien_500m
501,30-328,430.3,promien_500m
501,31-106,438.7,promien_500m
501,30-114,450.4,promien_500m
501,30-323,452.4,promien_500m
501,30-106,456.1,promien_500m
501,30-327,475.7,promien_500m
501,30-107,477.0,promien_500m
501,31-156,479.3,promien_500m
502,30-303,0.0,promien_500m
502,30-302,42.1,promien_500m
502,30-307,43.3,promien_500m
502,30-319,82.3,promien_500m
502,30-301,87.1,promien_500m
502,30-105,124.1,promien_500m
502,31-044,126.4,promien_500m
502,30-305,152.3,promien_500m
502,30-304,154.6,promien_500m
502,31-109,159.1,promien_500m
502,30-318,197.3,promien_500m
502,31-105,216.8,promien_500m
502,31-101,224.1,promien_500m
502,30-102,230.6,promien_500m
502,31-111,235.2,promien_500m
502,30-101,240.8,promien_500m
502,30-103,277.2,promien_500m
502,30-306,288.1,promien_500m
502,30-317,288.5,promien_500m
502,31-001,291.9,promien_500m
502,30-108,351.7,promien_500m
502,31-106,359.2,promien_500m
502,31-069,365.1,promien_500m
502,30-308,375.1,promien_500m
502,31-107,423.5,promien_500m
502,30-324,430.1,promien_500m
502,30-337,435.3,promien_500m
502,31-103,454.7,promien_500m
502,31-003,457.1,promien_500m
502,31-102,463.9,promien_500m
502,31-108,474.4,promien_500m
502,30-106,486.3,promien_500m
502,30-107,487.3,promien_500m
502,30-114,488.5,promien_500m
502,31-156,489.1,promien_500m
502,31-104,493.6,promien_500m
503,30-301,0.0,promien_500m
503,31-044,15.2,promien_500m
503,30-303,31.3,promien_500m
503,30-302,31.6,promien_500m
503,31-109,72.7,promien_500m
503,30-307,102.9,promien_500m
503,30-105,147.2,promien_500m
503,31-101,151.1,promien_500m
503,31-105,159.5,promien_500m
503,30-304,165.9,promien_500m
503,31-001,173.2,promien_500m
503,31-111,186.9,promien_500m
503,30-101,196.8,promien_500m
503,30-319,200.6,promien_500m
503,30-305,242.3,promien_500m
503,30-102,259.4,promien_500m
503,31-069,277.9,promien_500m
503,30-318,303.2,promien_500m
503,31-106,307.7,promien_500m
503,30-103,323.9,promien_500m
503,31-003,338.6,promien_500m
503,31-107,364.1,promien_500m
503,31-102,372.2,promien_500m
503,30-306,375.1,promien_500m
503,31-103,386.7,promien_500m
503,30-308,396.4,promien_500m
503,30-317,405.1,promien_500m
503,31-108,420.7,promien_500m
503,31-104,423.3,promien_500m
503,30-108,435.8,promien_500m
503,31-071,474.5,promien_500m
503,30-337,476.6,promien_500m
503,31-070,485.1,promien_500m
504,30-301,0.0,promien_500m
504,30-307,45.2,promien_500m
504,31-109,47.3,promien_500m
504,30-302,53.3,promien_500m
504,30-304,54.3,promien_500m
504,31-044,103.6,promien_500m
504,30-303,125.8,promien_500m
504,31-001,177.1,promien_500m
504,30-305,178.4,promien_500m
504,30-319,183.7,promien_500m
504,31-069,198.8,promien_500m
504,31-101,223.7,promien_500m
504,30-308,269.2,promien_500m
504,30-318,278.0,promien_500m
504,30-105,282.1,promien_500m
504,31-105,292.4,promien_500m
504,30-306,309.3,promien_500m
504,31-111,321.4,promien_500m
504,30-101,331.5,promien_500m
504,31-071,350.8,promien_500m
504,30-337,358.8,promien_500m
504,31-070,364.1,promien_500m
504,31-003,374.8,promien_500m
504,30-102,382.6,promien_500m
504,30-317,400.9,promien_500m
504,31-106,437.6,promien_500m
504,30-103,440.7,promien_500m
504,30-311,454.2,promien_500m
504,31-102,480.0,promien_500m
504,31-107,492.2,promien_500m
504,30-960,499.2,promien_500m
505,30-301,0.0,promien_500m
505,30-304,13.9,promien_500m
505,30-307,41.8,promien_500m
505,30-302,77.2,promien_500m
505,31-109,91.4,promien_500m
505,30-305,134.9,promien_500m
505,30-303,141.2,promien_500m
505,31-044,147.4,promien_500m
505,30-319,169.2,promien_500m
505,31-001,205.7,promien_500m
505,31-069,211.9,promien_500m
505,30-308,222.9,promien_500m
505,30-318,254.7,promien_500m
505,31-101,268.7,promien_500m
505,30-306,274.2,promien_500m
505,30-337,311.8,promien_500m
505,30-105,312.2,promien_500m
505,31-071,330.0,promien_500m
505,31-105,335.6,promien_500m
505,31-070,345.5,promien_500m
505,31-111,363.1,promien_500m
505,30-101,372.8,promien_500m
505,30-317,380.1,promien_500m
505,30-311,408.0,promien_500m
505,30-102,413.1,promien_500m
505,31-003,413.7,promien_500m
505,30-103,467.4,promien_500m
505,30-312,474.0,promien_500m
505,31-106,482.1,promien_500m
506,30-307,0.0,promien_500m
506,30-303,24.1,promien_500m
506,30-319,31.2,promien_500m
506,30-305,68.7,promien_500m
506,30-302,69.3,promien_500m
506,30-304,93.2,promien_500m
506,30-301,109.7,promien_500m
506,30-318,130.5,promien_500m
506,31-044,173.4,promien_500m
506,31-109,177.1,promien_500m
506,30-105,198.8,promien_500m
506,30-306,202.3,promien_500m
506,30-317,246.2,promien_500m
506,30-308,288.1,promien_500m
506,31-105,303.7,promien_500m
506,31-101,308.5,promien_500m
506,30-102,316.4,promien_500m
506,31-111,324.1,promien_500m
506,31-001,325.2,promien_500m
506,30-101,330.3,promien_500m
506,30-337,345.9,promien_500m
506,30-103,355.4,promien_500m
506,31-069,356.1,promien_500m
506,30-324,397.4,promien_500m
506,30-108,402.9,promien_500m
506,31-106,450.1,promien_500m
506,30-311,465.2,promien_500m
506,31-071,474.4,promien_500m
506,30-328,481.4,promien_500m
506,31-070,491.6,promien_500m
506,30-313,495.4,promien_500m
507,30-319,0.0,promien_500m
507,30-305,16.6,promien_500m
507,30-318,26.8,promien_500m
507,30-303,68.6,promien_500m
507,30-307,97.1,promien_500m
507,30-317,116.8,promien_500m
507,30-306,136.6,promien_500m
507,30-105,184.7,promien_500m
507,30-302,191.2,promien_500m
507,30-304,199.8,promien_500m
507,30-301,227.7,promien_500m
507,30-324,268.8,promien_500m
507,31-044,296.8,promien_500m
507,30-308,300.9,promien_500m
507,31-109,306.7,promien_500m
507,30-337,350.5,promien_500m
507,30-102,351.5,promien_500m
507,30-328,352.4,promien_500m
507,30-103,358.4,promien_500m
507,30-108,358.6,promien_500m
507,30-323,388.9,promien_500m
507,30-327,392.6,promien_500m
507,31-105,394.0,promien_500m
507,31-101,403.5,promien_500m
507,31-111,408.1,promien_500m
507,30-101,411.5,promien_500m
507,30-326,411.6,promien_500m
507,30-114,426.0,promien_500m
507,30-313,434.9,promien_500m
507,30-106,439.7,promien_500m
507,31-001,454.8,promien_500m
507,30-311,473.5,promien_500m
507,30-107,476.9,promien_500m
507,31-069,480.2,promien_500m
507,31-156,482.5,promien_500m
508,30-305,0.0,promien_500m
508,30-319,33.1,promien_500m
508,30-318,38.4,promien_500m
508,30-307,44.2,promien_500m
508,30-303,76.4,promien_500m
508,30-306,100.7,promien_500m
508,30-304,138.4,promien_500m
508,30-317,170.3,promien_500m
508,30-302,176.2,promien_500m
508,30-301,179.1,promien_500m
508,30-308,235.0,promien_500m
508,30-105,245.2,promien_500m
508,31-109,275.4,promien_500m
508,31-044,279.1,promien_500m
508,30-337,287.1,promien_500m
508,30-324,316.8,promien_500m
508,30-102,390.3,promien_500m
508,30-313,399.9,promien_500m
508,30-328,401.9,promien_500m
508,31-105,405.1,promien_500m
508,30-103,409.8,promien_500m
508,30-311,410.7,promien_500m
508,31-101,411.7,promien_500m
508,31-001,418.2,promien_500m
508,30-108,423.1,promien_500m
508,31-111,423.2,promien_500m
508,31-069,426.0,promien_500m
508,30-101,428.3,promien_500m
508,30-327,432.5,promien_500m
508,30-326,434.0,promien_500m
508,30-323,445.3,promien_500m
508,30-312,452.5,promien_500m
508,30-114,495.5,promien_500m
509,30-305,0.0,promien_500m
509,30-307,52.5,promien_500m
509,30-318,77.5,promien_500m
509,30-306,85.7,promien_500m
509,30-304,89.2,promien_500m
509,30-308,113.2,promien_500m
509,30-319,127.1,promien_500m
509,30-302,134.7,promien_500m
509,30-337,166.1,promien_500m
509,30-301,169.4,promien_500m
509,30-317,175.2,promien_500m
509,30-303,179.0,promien_500m
509,30-311,289.7,promien_500m
509,31-109,298.3,promien_500m
509,30-313,313.6,promien_500m
509,31-044,326.2,promien_500m
509,30-312,334.3,promien_500m
509,31-069,365.1,promien_500m
509,30-105,365.9,promien_500m
509,30-324,376.4,promien_500m
509,30-314,402.7,promien_500m
509,31-001,403.2,promien_500m
509,31-071,411.1,promien_500m
509,31-070,438.5,promien_500m
509,30-326,450.3,promien_500m
509,31-926,456.4,promien_500m
509,30-328,468.7,promien_500m
509,31-101,473.7,promien_500m
509,30-327,482.0,promien_500m
509,31-105,486.8,promien_500m
510,30-307,0.0,promien_500m
510,30-304,7.1,promien_500m
510,30-305,23.3,promien_500m
510,30-302,64.1,promien_500m
510,30-301,84.8,promien_500m
510,30-308,112.6,promien_500m
510,30-319,143.8,promien_500m
510,30-318,155.3,promien_500m
510,30-306,167.2,promien_500m
510,30-337,180.0,promien_500m
510,30-303,184.5,promien_500m
510,31-109,230.5,promien_500m
510,30-317,258.8,promien_500m
510,31-044,274.7,promien_500m
510,31-069,283.2,promien_500m
510,30-311,290.9,promien_500m
510,31-001,319.8,promien_500m
510,31-071,339.5,promien_500m
510,30-312,349.2,promien_500m
510,31-070,363.0,promien_500m
510,30-313,370.7,promien_500m
510,30-105,377.3,promien_500m
510,31-101,407.9,promien_500m
510,30-314,440.6,promien_500m
510,31-105,451.9,promien_500m
510,30-324,454.8,promien_500m
510,31-111,476.7,promien_500m
510,30-101,485.0,promien_500m
510,30-102,492.8,promien_500m
511,30-307,0.0,promien_500m
511,30-308,23.2,promien_500m
511,30-302,25.5,promien_500m
511,30-305,59.7,promien_500m
511,30-304,74.3,promien_500m
511,30-301,105.3,promien_500m
511,30-337,121.5,promien_500m
511,30-306,191.0,promien_500m
511,30-311,208.0,promien_500m
511,30-318,220.0,promien_500m
511,30-319,236.9,promien_500m
511,31-069,245.1,promien_500m
511,30-317,270.9,promien_500m
511,31-071,271.3,promien_500m
511,30-312,274.2,promien_500m
511,30-303,279.1,promien_500m
511,31-109,286.3,promien_500m
511,31-070,303.4,promien_500m
511,31-001,326.5,promien_500m
511,30-313,338.4,promien_500m
511,31-044,346.8,promien_500m
511,30-314,382.8,promien_500m
511,31-065,413.8,promien_500m
511,31-101,458.6,promien_500m
511,30-334,464.1,promien_500m
511,30-105,471.4,promien_500m
512,30-307,0.0,promien_500m
512,30-304,37.6,promien_500m
512,30-305,39.9,promien_500m
512,30-319,65.3,promien_500m
512,30-301,84.1,promien_500m
512,30-303,94.7,promien_500m
512,30-302,119.3,promien_500m
512,30-318,137.6,promien_500m
512,30-306,160.7,promien_500m
512,31-109,191.6,promien_500m
512,30-308,202.1,promien_500m
512,31-044,212.6,promien_500m
512,30-337,262.1,promien_500m
512,30-317,269.7,promien_500m
512,30-105,285.7,promien_500m
512,31-001,323.3,promien_500m
512,31-069,324.3,promien_500m
512,31-101,365.4,promien_500m
512,31-105,374.0,promien_500m
512,30-311,379.3,promien_500m
512,31-111,397.0,promien_500m
512,30-102,402.5,promien_500m
512,30-101,404.4,promien_500m
512,31-071,407.3,promien_500m
512,30-324,418.1,promien_500m
512,31-070,426.2,promien_500m
512,30-313,428.1,promien_500m
512,30-312,433.4,promien_500m
512,30-103,442.4,promien_500m
512,30-108,483.7,promien_500m
513,30-306,0.0,promien_500m
513,30-308,4.8,promien_500m
513,30-337,36.9,promien_500m
513,30-305,38.3,promien_500m
513,30-317,56.6,promien_500m
513,30-313,86.7,promien_500m
513,30-312,125.4,promien_500m
513,30-311,155.6,promien_500m
513,30-314,169.6,promien_500m
513,30-307,172.8,promien_500m
513,30-318,173.3,promien_500m
513,30-302,173.4,promien_500m
513,31-926,282.9,promien_500m
513,30-324,284.4,promien_500m
513,30-304,286.6,promien_500m
513,30-334,290.2,promien_500m
513,30-301,348.4,promien_500m
513,30-315,351.6,promien_500m
513,30-319,356.6,promien_500m
513,30-326,368.1,promien_500m
513,30-346,381.2,promien_500m
513,30-303,410.9,promien_500m
513,30-316,438.8,promien_500m
513,31-071,452.4,promien_500m
513,30-347,461.9,promien_500m
513,30-327,466.2,promien_500m
513,31-069,477.2,promien_500m
514,30-317,0.0,promien_500m
514,30-308,8.3,promien_500m
514,30-306,40.0,promien_500m
514,30-337,52.0,promien_500m
514,30-313,52.7,promien_500m
514,30-318,105.5,promien_500m
514,30-305,107.8,promien_500m
514,30-312,157.0,promien_500m
514,30-314,183.0,promien_500m
514,30-311,214.1,promien_500m
514,31-926,218.7,promien_500m
514,30-307,226.3,promien_500m
514,30-324,227.4,promien_500m
514,30-302,241.0,promien_500m
514,30-315,285.7,promien_500m
514,30-326,299.1,promien_500m
514,30-334,303.9,promien_500m
514,30-346,323.5,promien_500m
514,30-304,332.5,promien_500m
514,30-319,358.9,promien_500m
514,30-316,396.0,promien_500m
514,30-301,398.8,promien_500m
514,30-347,399.1,promien_500m
514,30-327,403.1,promien_500m
514,30-303,425.2,promien_500m
514,30-336,442.9,promien_500m
514,30-328,453.1,promien_500m
514,30-320,488.4,promien_500m
515,30-306,0.0,promien_500m
515,30-305,12.3,promien_500m
515,30-317,29.2,promien_500m
515,30-318,81.0,promien_500m
515,30-308,124.6,promien_500m
515,30-307,177.0,promien_500m
515,30-337,194.0,promien_500m
515,30-319,203.5,promien_500m
515,30-313,204.0,promien_500m
515,30-304,238.0,promien_500m
515,30-302,266.8,promien_500m
515,30-324,268.4,promien_500m
515,30-303,273.9,promien_500m
515,30-312,292.9,promien_500m
515,30-311,298.4,promien_500m
515,30-326,306.1,promien_500m
515,31-926,312.4,promien_500m
515,30-301,314.4,promien_500m
515,30-314,331.5,promien_500m
515,30-328,366.9,promien_500m
515,30-327,368.2,promien_500m
515,30-315,372.2,promien_500m
515,30-105,394.2,promien_500m
515,30-323,440.0,promien_500m
515,30-346,440.4,promien_500m
515,31-109,442.4,promien_500m
515,30-334,454.8,promien_500m
515,31-044,461.9,promien_500m
515,30-336,469.2,promien_500m
515,30-347,491.0,promien_500m
515,31-069,499.3,promien_500m
516,30-306,0.0,promien_500m
516,30-317,29.9,promien_500m
516,30-305,39.2,promien_500m
516,30-308,52.3,promien_500m
516,30-318,106.6,promien_500m
516,30-337,124.1,promien_500m
516,30-313,143.0,promien_500m
516,30-307,158.9,promien_500m
516,30-312,215.3,promien_500m
516,30-311,230.6,promien_500m
516,30-302,239.8,promien_500m
516,30-304,250.4,promien_500m
516,30-314,255.4,promien_500m
516,30-319,272.6,promien_500m
516,31-926,287.3,promien_500m
516,30-324,289.8,promien_500m
516,30-301,320.9,promien_500m
516,30-326,329.1,promien_500m
516,30-303,335.8,promien_500m
516,30-315,352.2,promien_500m
516,30-334,378.4,promien_500m
516,30-346,404.5,promien_500m
516,30-327,407.0,promien_500m
516,30-328,427.3,promien_500m
516,30-105,471.5,promien_500m
516,30-347,472.1,promien_500m
516,31-109,473.1,promien_500m
516,30-336,481.3,promien_500m
516,31-069,485.1,promien_500m
516,30-316,485.2,promien_500m
516,31-071,486.2,promien_500m
517,30-305,0.0,promien_500m
517,30-306,29.6,promien_500m
517,30-318,74.0,promien_500m
517,30-317,90.5,promien_500m
517,30-307,117.8,promien_500m
517,30-308,128.8,promien_500m
517,30-337,155.7,promien_500m
517,30-304,177.9,promien_500m
517,30-319,187.3,promien_500m
517,30-302,205.4,promien_500m
517,30-313,234.7,promien_500m
517,30-303,244.7,promien_500m
517,30-301,253.2,promien_500m
517,30-311,269.3,promien_500m
517,30-312,293.0,promien_500m
517,30-324,327.9,promien_500m
517,30-314,339.4,promien_500m
517,31-926,365.2,promien_500m
517,30-326,367.8,promien_500m
517,31-109,389.1,promien_500m
517,30-105,400.3,promien_500m
517,31-044,413.5,promien_500m
517,30-328,416.4,promien_500m
517,30-327,422.4,promien_500m
517,30-315,427.2,promien_500m
517,31-069,438.1,promien_500m
517,30-334,458.1,promien_500m
517,31-071,464.6,promien_500m
517,30-323,483.4,promien_500m
517,30-346,489.1,promien_500m
517,31-001,490.4,promien_500m
518,30-305,0.0,promien_500m
518,30-306,34.0,promien_500m
518,30-337,55.0,promien_500m
518,30-308,61.8,promien_500m
518,30-307,82.6,promien_500m
518,30-317,108.1,promien_500m
518,30-311,161.3,promien_500m
518,30-302,166.7,promien_500m
518,30-313,177.6,promien_500m
518,30-318,180.1,promien_500m
518,30-312,190.6,promien_500m
518,30-304,194.3,promien_500m
518,30-314,251.2,promien_500m
518,30-301,257.2,promien_500m
518,30-319,277.9,promien_500m
518,30-303,330.2,promien_500m
518,30-334,360.2,promien_500m
518,31-926,360.8,promien_500m
518,30-324,369.8,promien_500m
518,31-071,398.6,promien_500m
518,31-069,402.3,promien_500m
518,30-326,416.6,promien_500m
518,31-109,425.1,promien_500m
518,30-315,427.1,promien_500m
518,31-070,447.4,promien_500m
518,30-346,467.0,promien_500m
518,31-044,467.5,promien_500m
518,31-065,483.0,promien_500m
518,31-001,490.0,promien_500m
518,30-327,493.7,promien_500m
519,30-318,0.0,promien_500m
519,30-306,7.0,promien_500m
519,30-317,48.1,promien_500m
519,30-305,93.7,promien_500m
519,30-319,128.1,promien_500m
519,30-324,193.1,promien_500m
519,30-307,200.2,promien_500m
519,30-308,216.7,promien_500m
519,30-303,222.4,promien_500m
519,30-304,263.4,promien_500m
519,30-337,264.6,promien_500m
519,30-326,277.7,promien_500m
519,30-328,284.4,promien_500m
519,30-313,292.4,promien_500m
519,30-105,292.8,promien_500m
519,30-327,296.6,promien_500m
519,30-302,320.0,promien_500m
519,30-301,332.1,promien_500m
519,30-323,346.3,promien_500m
519,31-926,357.8,promien_500m
519,30-312,398.0,promien_500m
519,30-311,401.7,promien_500m
519,30-315,407.5,promien_500m
519,30-314,433.5,promien_500m
519,31-109,434.6,promien_500m
519,31-044,439.3,promien_500m
519,30-114,444.2,promien_500m
519,30-336,447.9,promien_500m
519,30-108,470.8,promien_500m
519,30-346,492.1,promien_500m
520,30-305,0.0,promien_500m
520,30-317,1.5,promien_500m
520,30-318,22.1,promien_500m
520,30-306,31.3,promien_500m
520,30-308,91.1,promien_500m
520,30-337,141.2,promien_500m
520,30-313,166.6,promien_500m
520,30-324,217.4,promien_500m
520,30-307,234.3,promien_500m
520,30-326,246.9,promien_500m
520,30-319,248.0,promien_500m
520,31-926,250.7,promien_500m
520,30-312,285.8,promien_500m
520,30-304,302.2,promien_500m
520,30-315,309.0,promien_500m
520,30-314,314.6,promien_500m
520,30-327,317.8,promien_500m
520,30-311,321.1,promien_500m
520,30-302,327.2,promien_500m
520,30-303,327.3,promien_500m
520,30-328,337.0,promien_500m
520,30-301,377.6,promien_500m
520,30-346,381.2,promien_500m
520,30-336,407.2,promien_500m
520,30-105,417.4,promien_500m
520,30-323,418.7,promien_500m
520,30-347,427.0,promien_500m
520,30-334,435.1,promien_500m
520,30-316,483.2,promien_500m
520,30-320,499.1,promien_500m
521,30-318,0.0,promien_500m
521,30-317,19.9,promien_500m
521,30-305,43.9,promien_500m
521,30-306,75.4,promien_500m
521,30-308,99.4,promien_500m
521,30-337,142.3,promien_500m
521,30-324,166.1,promien_500m
521,30-313,182.7,promien_500m
521,30-326,197.2,promien_500m
521,31-926,227.7,promien_500m
521,30-319,243.5,promien_500m
521,30-327,266.5,promien_500m
521,30-315,279.8,promien_500m
521,30-307,284.1,promien_500m
521,30-328,292.8,promien_500m
521,30-312,319.4,promien_500m
521,30-314,342.6,promien_500m
521,30-304,345.3,promien_500m
521,30-303,348.5,promien_500m
521,30-336,360.0,promien_500m
521,30-346,361.8,promien_500m
521,30-311,367.2,promien_500m
521,30-302,375.7,promien_500m
521,30-323,378.3,promien_500m
521,30-347,393.3,promien_500m
521,30-105,407.2,promien_500m
521,30-301,423.5,promien_500m
521,30-334,459.3,promien_500m
521,30-320,461.6,promien_500m
521,30-316,473.8,promien_500m
522,30-318,0.0,promien_500m
522,30-308,32.8,promien_500m
522,30-337,38.4,promien_500m
522,30-324,40.5,promien_500m
522,31-926,51.2,promien_500m
522,30-313,83.9,promien_500m
522,30-315,104.6,promien_500m
522,30-317,104.8,promien_500m
522,30-326,119.7,promien_500m
522,30-346,185.7,promien_500m
522,30-305,186.2,promien_500m
522,30-312,200.6,promien_500m
522,30-306,219.7,promien_500m
522,30-347,224.6,promien_500m
522,30-336,253.5,promien_500m
522,30-327,262.2,promien_500m
522,30-314,275.8,promien_500m
522,30-320,301.2,promien_500m
522,30-316,307.0,promien_500m
522,30-328,364.7,promien_500m
522,30-334,386.7,promien_500m
522,30-311,388.8,promien_500m
522,30-319,394.8,promien_500m
522,30-307,408.5,promien_500m
522,31-045,416.4,promien_500m
522,30-302,429.9,promien_500m
522,30-323,455.5,promien_500m
522,30-304,497.8,promien_500m
523,30-308,0.0,promien_500m
523,30-337,7.1,promien_500m
523,30-318,27.6,promien_500m
523,30-317,52.6,promien_500m
523,30-313,55.7,promien_500m
523,31-926,103.2,promien_500m
523,30-324,114.6,promien_500m
523,30-305,141.5,promien_500m
523,30-306,150.1,promien_500m
523,30-315,169.1,promien_500m
523,30-312,180.4,promien_500m
523,30-326,188.7,promien_500m
523,30-346,224.4,promien_500m
523,30-314,231.6,promien_500m
523,30-347,287.7,promien_500m
523,30-311,315.7,promien_500m
523,30-327,315.8,promien_500m
523,30-316,324.9,promien_500m
523,30-336,328.0,promien_500m
523,30-334,337.8,promien_500m
523,30-307,338.6,promien_500m
523,30-302,354.6,promien_500m
523,30-320,371.0,promien_500m
523,30-319,394.5,promien_500m
523,30-328,396.7,promien_500m
523,30-304,434.6,promien_500m
523,30-303,486.4,promien_500m
523,30-323,487.7,promien_500m
523,31-045,489.4,promien_500m
524,30-318,0.0,promien_500m
524,30-326,40.4,promien_500m
524,30-324,42.2,promien_500m
524,30-308,46.4,promien_500m
524,31-926,143.6,promien_500m
524,30-337,149.0,promien_500m
524,30-327,151.4,promien_500m
524,30-317,157.4,promien_500m
524,30-315,161.7,promien_500m
524,30-336,192.0,promien_500m
524,30-313,194.7,promien_500m
524,30-305,200.4,promien_500m
524,30-306,232.7,promien_500m
524,30-347,248.8,promien_500m
524,30-328,257.3,promien_500m
524,30-346,264.2,promien_500m
524,30-320,301.3,promien_500m
524,30-319,301.6,promien_500m
524,30-312,306.4,promien_500m
524,30-323,346.9,promien_500m
524,30-314,369.6,promien_500m
524,30-316,390.8,promien_500m
524,31-045,396.9,promien_500m
524,30-307,448.3,promien_500m
524,30-105,460.5,promien_500m
524,30-311,476.9,promien_500m
524,30-114,490.7,promien_500m
524,30-303,496.3,promien_500m
524,30-334,497.4,promien_500m
525,30-324,0.0,promien_500m
525,30-308,27.1,promien_500m
525,30-318,40.3,promien_500m
525,30-326,58.6,promien_500m
525,31-926,66.3,promien_500m
525,30-315,70.7,promien_500m
525,30-337,83.5,promien_500m
525,30-313,154.5,promien_500m
525,30-347,165.8,promien_500m
525,30-346,173.4,promien_500m
525,30-336,174.5,promien_500m
525,30-317,178.3,promien_500m
525,30-327,210.5,promien_500m
525,30-312,218.5,promien_500m
525,30-320,233.3,promien_500m
525,30-305,248.3,promien_500m
525,30-314,278.6,promien_500m
525,30-306,292.0,promien_500m
525,30-316,301.1,promien_500m
525,31-045,341.5,promien_500m
525,30-328,341.6,promien_500m
525,30-319,392.2,promien_500m
525,30-323,429.3,promien_500m
525,30-334,446.7,promien_500m
525,30-311,467.9,promien_500m
525,30-307,483.3,promien_500m
526,30-326,0.0,promien_500m
526,30-318,1.7,promien_500m
526,30-324,12.3,promien_500m
526,30-308,58.0,promien_500m
526,30-315,137.6,promien_500m
526,31-926,139.5,promien_500m
526,30-327,140.5,promien_500m
526,30-336,146.6,promien_500m
526,30-337,151.1,promien_500m
526,30-317,197.4,promien_500m
526,30-313,211.1,promien_500m
526,30-347,211.6,promien_500m
526,30-346,238.3,promien_500m
526,30-305,245.7,promien_500m
526,30-320,256.6,promien_500m
526,30-328,268.9,promien_500m
526,30-306,279.0,promien_500m
526,30-312,289.9,promien_500m
526,30-319,328.2,promien_500m
526,30-314,343.3,promien_500m
526,31-045,350.5,promien_500m
526,30-323,356.9,promien_500m
526,30-316,371.1,promien_500m
526,30-105,479.7,promien_500m
526,30-322,482.9,promien_500m
526,30-307,492.6,promien_500m
527,30-324,0.0,promien_500m
527,30-326,0.4,promien_500m
527,30-318,44.6,promien_500m
527,30-327,57.0,promien_500m
527,30-317,128.8,promien_500m
527,30-308,145.5,promien_500m
527,30-328,163.5,promien_500m
527,30-336,169.3,promien_500m
527,30-319,229.2,promien_500m
527,31-926,240.4,promien_500m
527,30-315,243.7,promien_500m
527,30-306,247.5,promien_500m
527,30-337,248.1,promien_500m
527,30-323,251.2,promien_500m
527,30-305,253.7,promien_500m
527,30-313,293.8,promien_500m
527,30-347,309.0,promien_500m
527,30-320,333.3,promien_500m
527,30-346,341.7,promien_500m
527,30-105,374.3,promien_500m
527,30-312,395.9,promien_500m
527,30-114,396.9,promien_500m
527,31-045,410.5,promien_500m
527,30-322,433.7,promien_500m
527,30-314,448.1,promien_500m
527,30-316,477.2,promien_500m
527,30-307,479.6,promien_500m
527,30-303,483.9,promien_500m
528,30-318,0.0,promien_500m
528,30-324,5.4,promien_500m
528,30-327,39.0,promien_500m
528,30-328,61.9,promien_500m
528,30-317,93.6,promien_500m
528,30-326,94.9,promien_500m
528,30-319,130.7,promien_500m
528,30-323,152.1,promien_500m
528,30-336,237.0,promien_500m
528,30-306,239.5,promien_500m
528,30-308,241.7,promien_500m
528,30-105,270.1,promien_500m
528,30-305,289.1,promien_500m
528,30-114,295.3,promien_500m
528,31-926,339.0,promien_500m
528,30-337,341.6,promien_500m
528,30-315,347.5,promien_500m
528,30-313,380.2,promien_500m
528,30-322,392.8,promien_500m
528,30-347,411.5,promien_500m
528,30-320,426.9,promien_500m
528,30-303,433.3,promien_500m
528,30-106,436.1,promien_500m
528,30-307,445.1,promien_500m
528,30-346,445.4,promien_500m
528,31-045,487.4,promien_500m
528,30-108,498.8,promien_500m
528,30-312,498.9,promien_500m
529,30-318,0.0,promien_500m
529,30-324,44.7,promien_500m
529,30-317,48.1,promien_500m
529,30-326,93.8,promien_500m
529,30-327,143.0,promien_500m
529,30-308,144.8,promien_500m
529,30-306,153.4,promien_500m
529,30-305,170.7,promien_500m
529,30-328,177.9,promien_500m
529,30-319,196.5,promien_500m
529,30-337,226.8,promien_500m
529,31-926,244.6,promien_500m
529,30-336,261.6,promien_500m
529,30-313,267.0,promien_500m
529,30-323,268.5,promien_500m
529,30-315,271.8,promien_500m
529,30-105,358.2,promien_500m
529,30-347,359.6,promien_500m
529,30-346,373.0,promien_500m
529,30-307,386.4,promien_500m
529,30-312,393.0,promien_500m
529,30-303,397.4,promien_500m
529,30-114,403.7,promien_500m
529,30-320,403.7,promien_500m
529,30-304,444.2,promien_500m
529,30-314,445.4,promien_500m
529,30-302,488.8,promien_500m
529,31-045,491.0,promien_500m
529,30-311,491.3,promien_500m
529,30-316,497.9,promien_500m
530,30-327,0.0,promien_500m
530,30-328,41.8,promien_500m
530,30-324,69.0,promien_500m
530,30-326,85.9,promien_500m
530,30-318,114.9,promien_500m
530,30-336,154.3,promien_500m
530,30-323,154.9,promien_500m
530,30-319,177.3,promien_500m
530,30-317,209.6,promien_500m
530,30-322,282.8,promien_500m
530,30-308,292.4,promien_500m
530,30-105,298.8,promien_500m
530,30-114,299.7,promien_500m
530,30-306,360.6,promien_500m
530,30-315,363.5,promien_500m
530,31-926,377.0,promien_500m
530,30-320,384.3,promien_500m
530,30-337,390.7,promien_500m
530,30-305,395.6,promien_500m
530,31-045,396.1,promien_500m
530,30-347,398.9,promien_500m
530,30-346,440.4,promien_500m
530,30-313,444.1,promien_500m
530,30-106,466.0,promien_500m
530,30-312,497.9,promien_500m
531,30-328,0.0,promien_500m
531,30-327,26.8,promien_500m
531,30-323,136.0,promien_500m
531,30-336,141.9,promien_500m
531,30-322,145.4,promien_500m
531,30-324,205.9,promien_500m
531,30-326,206.1,promien_500m
531,30-319,231.4,promien_500m
531,30-318,240.6,promien_500m
531,30-114,268.5,promien_500m
531,30-105,304.3,promien_500m
531,30-317,328.4,promien_500m
531,31-045,370.8,promien_500m
531,30-320,371.2,promien_500m
531,30-308,418.7,promien_500m
531,30-206,430.1,promien_500m
531,30-106,438.1,promien_500m
531,30-329,443.7,promien_500m
531,30-315,457.1,promien_500m
531,30-203,464.8,promien_500m
531,30-347,465.6,promien_500m
531,30-201,485.6,promien_500m
531,31-926,487.2,promien_500m
531,30-212,492.1,promien_500m
531,30-306,493.7,promien_500m
532,30-336,0.0,promien_500m
532,30-327,8.4,promien_500m
532,30-328,87.8,promien_500m
532,30-326,143.3,promien_500m
532,30-322,181.6,promien_500m
532,30-324,192.0,promien_500m
532,31-045,225.0,promien_500m
532,30-320,225.5,promien_500m
532,30-323,275.5,promien_500m
532,30-318,285.4,promien_500m
532,30-347,329.1,promien_500m
532,30-319,345.6,promien_500m
532,30-315,347.7,promien_500m
532,30-308,360.0,promien_500m
532,30-317,388.2,promien_500m
532,31-926,396.9,promien_500m
532,30-312,400.1,promien_500m
532,30-346,407.1,promien_500m
532,30-329,412.6,promien_500m
532,30-114,419.0,promien_500m
532,30-337,437.7,promien_500m
532,30-105,445.1,promien_500m
532,30-374,483.4,promien_500m
533,30-328,0.0,promien_500m
533,30-327,39.7,promien_500m
533,30-323,104.3,promien_500m
533,30-324,129.9,promien_500m
533,30-319,154.5,promien_500m
533,30-318,169.6,promien_500m
533,30-326,174.7,promien_500m
533,30-336,186.3,promien_500m
533,30-322,206.8,promien_500m
533,30-114,234.6,promien_500m
533,30-105,245.9,promien_500m
533,30-317,251.1,promien_500m
533,30-308,382.3,promien_500m
533,30-106,412.7,promien_500m
533,30-306,423.1,promien_500m
533,31-045,424.7,promien_500m
533,30-320,425.2,promien_500m
533,30-315,449.0,promien_500m
533,30-206,465.5,promien_500m
533,31-926,466.1,promien_500m
533,30-305,473.0,promien_500m
533,30-347,477.5,promien_500m
533,30-337,480.9,promien_500m
533,31-117,487.9,promien_500m
533,30-201,490.7,promien_500m
533,30-203,492.8,promien_500m
534,30-323,0.0,promien_500m
534,30-328,10.3,promien_500m
534,30-319,80.0,promien_500m
534,30-324,88.0,promien_500m
534,30-114,91.0,promien_500m
534,30-105,100.0,promien_500m
534,30-327,159.4,promien_500m
534,30-318,210.5,promien_500m
534,30-317,214.7,promien_500m
534,30-322,242.5,promien_500m
534,30-106,270.2,promien_500m
534,30-326,287.9,promien_500m
534,30-336,333.0,promien_500m
534,30-107,354.9,promien_500m
534,31-117,360.5,promien_500m
534,30-117,380.6,promien_500m
534,30-109,393.7,promien_500m
534,30-108,397.4,promien_500m
534,31-156,400.6,promien_500m
534,30-201,402.8,promien_500m
534,30-306,428.3,promien_500m
534,30-110,431.5,promien_500m
534,30-206,434.1,promien_500m
534,30-103,435.0,promien_500m
534,30-203,444.8,promien_500m
534,30-212,455.2,promien_500m
534,30-308,472.3,promien_500m
534,30-303,477.6,promien_500m
534,30-202,479.5,promien_500m
534,30-305,484.2,promien_500m
535,30-319,0.0,promien_500m
535,30-317,27.7,promien_500m
535,30-324,67.6,promien_500m
535,30-105,103.4,promien_500m
535,30-318,123.8,promien_500m
535,30-328,136.5,promien_500m
535,30-323,145.4,promien_500m
535,30-327,190.0,promien_500m
535,30-114,206.5,promien_500m
535,30-306,243.4,promien_500m
535,30-305,260.3,promien_500m
535,30-106,273.2,promien_500m
535,30-303,273.6,promien_500m
535,30-326,289.0,promien_500m
535,30-108,300.2,promien_500m
535,30-307,337.1,promien_500m
535,30-103,338.8,promien_500m
535,30-107,349.3,promien_500m
535,31-156,366.9,promien_500m
535,30-308,402.0,promien_500m
535,30-302,415.7,promien_500m
535,30-336,436.9,promien_500m
535,30-102,437.9,promien_500m
535,30-304,442.7,promien_500m
535,30-110,454.2,promien_500m
535,30-337,459.5,promien_500m
535,30-322,462.7,promien_500m
535,30-301,471.2,promien_500m
535,30-109,475.9,promien_500m
535,31-117,476.9,promien_500m
535,31-002,482.1,promien_500m
536,30-009,0.0,promien_500m
536,30-010,66.8,promien_500m
536,30-006,142.8,promien_500m
536,30-002,185.0,promien_500m
536,30-011,198.2,promien_500m
536,30-016,218.0,promien_500m
536,30-003,224.0,promien_500m
536,31-045,226.0,promien_500m
536,30-015,239.9,promien_500m
536,30-020,296.8,promien_500m
536,30-019,309.5,promien_500m
536,30-014,351.5,promien_500m
536,31-261,378.1,promien_500m
536,31-202,388.9,promien_500m
536,30-018,395.7,promien_500m
536,30-012,396.3,promien_500m
536,30-036,404.4,promien_500m
536,30-004,415.5,promien_500m
536,30-001,429.8,promien_500m
536,30-033,447.7,promien_500m
536,31-159,460.3,promien_500m
536,31-861,472.7,promien_500m
536,31-146,476.9,promien_500m
536,31-145,486.6,promien_500m
537,30-009,0.0,promien_500m
537,30-010,35.2,promien_500m
537,30-006,100.9,promien_500m
537,30-011,147.1,promien_500m
537,30-003,148.6,promien_500m
537,30-015,161.8,promien_500m
537,30-002,232.6,promien_500m
537,30-016,247.6,promien_500m
537,30-019,249.8,promien_500m
537,30-020,256.5,promien_500m
537,31-045,298.9,promien_500m
537,30-014,312.1,promien_500m
537,30-018,325.8,promien_500m
537,30-036,326.6,promien_500m
537,30-004,361.1,promien_500m
537,30-033,371.4,promien_500m
537,31-159,400.2,promien_500m
537,30-012,406.5,promien_500m
537,31-146,421.8,promien_500m
537,31-261,424.4,promien_500m
537,31-145,433.8,promien_500m
537,30-035,436.9,promien_500m
537,30-007,450.6,promien_500m
537,31-158,454.4,promien_500m
537,31-202,464.0,promien_500m
537,30-001,469.5,promien_500m
537,31-147,487.5,promien_500m
538,30-009,0.0,promien_500m
538,30-010,4.3,promien_500m
538,30-006,22.4,promien_500m
538,30-015,62.1,promien_500m
538,30-003,65.7,promien_500m
538,30-011,134.0,promien_500m
538,30-019,159.4,promien_500m
538,30-020,222.2,promien_500m
538,30-036,228.4,promien_500m
538,30-018,243.4,promien_500m
538,30-002,252.5,promien_500m
538,30-033,276.2,promien_500m
538,30-014,288.6,promien_500m
538,30-004,306.2,promien_500m
538,30-016,311.3,promien_500m
538,31-159,323.0,promien_500m
538,31-261,323.2,promien_500m
538,30-035,338.3,promien_500m
538,30-007,351.2,promien_500m
538,31-145,354.5,promien_500m
538,31-158,358.4,promien_500m
538,31-146,362.8,promien_500m
538,31-045,397.2,promien_500m
538,31-160,427.6,promien_500m
538,30-034,441.0,promien_500m
538,30-012,441.8,promien_500m
538,31-139,443.3,promien_500m
538,31-147,443.8,promien_500m
538,31-162,484.8,promien_500m
538,30-043,486.4,promien_500m
538,30-021,497.8,promien_500m
539,31-521,0.0,promien_500m
539,31-516,46.9,promien_500m
539,31-429,105.2,promien_500m
539,31-518,114.3,promien_500m
539,31-517,132.9,promien_500m
539,31-515,134.5,promien_500m
539,31-519,139.8,promien_500m
539,31-432,186.9,promien_500m
539,31-428,189.0,promien_500m
539,31-514,198.8,promien_500m
539,30-731,201.2,promien_500m
539,31-513,212.2,promien_500m
539,31-463,236.4,promien_500m
539,31-510,262.4,promien_500m
539,31-524,328.6,promien_500m
539,31-431,346.2,promien_500m
539,31-523,349.7,promien_500m
539,31-462,405.7,promien_500m
539,31-435,415.8,promien_500m
539,31-436,463.3,promien_500m
540,30-079,0.0,promien_500m
540,30-017,36.3,promien_500m
540,30-011,97.9,promien_500m
540,30-023,100.2,promien_500m
540,30-014,187.0,promien_500m
540,30-012,187.4,promien_500m
540,30-085,206.5,promien_500m
540,31-158,210.6,promien_500m
540,30-075,225.5,promien_500m
540,30-076,270.5,promien_500m
540,30-043,293.9,promien_500m
540,31-302,297.6,promien_500m
540,30-022,333.5,promien_500m
540,30-212,354.2,promien_500m
540,31-303,357.6,promien_500m
540,30-019,366.7,promien_500m
540,31-334,377.6,promien_500m
540,31-305,383.9,promien_500m
540,31-045,403.7,promien_500m
540,31-306,437.0,promien_500m
540,31-307,445.4,promien_500m
540,30-074,481.1,promien_500m
541,30-017,0.0,promien_500m
541,31-158,55.6,promien_500m
541,30-079,96.7,promien_500m
541,31-302,121.9,promien_500m
541,30-085,134.1,promien_500m
541,30-011,175.4,promien_500m
541,31-303,180.6,promien_500m
541,30-212,185.4,promien_500m
541,31-305,228.6,promien_500m
541,31-045,230.9,promien_500m
541,30-012,246.1,promien_500m
541,31-306,271.1,promien_500m
541,30-023,284.0,promien_500m
541,31-334,286.5,promien_500m
541,31-307,303.1,promien_500m
541,30-306,321.1,promien_500m
541,30-014,341.3,promien_500m
541,31-214,358.9,promien_500m
541,31-308,374.0,promien_500m
541,30-076,376.4,promien_500m
541,30-075,388.2,promien_500m
541,31-363,393.3,promien_500m
541,31-309,438.6,promien_500m
541,30-043,480.2,promien_500m
541,31-328,483.7,promien_500m
541,31-310,495.4,promien_500m
541,30-022,499.2,promien_500m
543,30-011,0.0,promien_500m
543,30-017,8.7,promien_500m
543,30-012,13.9,promien_500m
543,30-014,86.4,promien_500m
543,30-079,128.8,promien_500m
543,30-023,135.9,promien_500m
543,30-075,139.2,promien_500m
543,30-022,220.5,promien_500m
543,31-302,278.8,promien_500m
543,30-019,291.4,promien_500m
543,31-334,304.4,promien_500m
543,31-158,345.6,promien_500m
543,30-043,349.5,promien_500m
543,30-016,378.5,promien_500m
543,30-085,379.9,promien_500m
543,31-303,390.7,promien_500m
543,31-045,412.8,promien_500m
543,30-076,421.9,promien_500m
543,31-279,422.9,promien_500m
543,30-212,475.2,promien_500m
543,30-021,478.1,promien_500m
543,30-010,486.2,promien_500m
543,30-074,488.7,promien_500m
544,30-011,0.0,promien_500m
544,30-010,84.3,promien_500m
544,30-016,88.5,promien_500m
544,30-020,113.7,promien_500m
544,30-014,118.4,promien_500m
544,30-012,127.7,promien_500m
544,30-019,202.9,promien_500m
544,30-015,203.6,promien_500m
544,30-009,214.5,promien_500m
544,30-006,229.2,promien_500m
544,31-045,289.8,promien_500m
544,30-022,302.2,promien_500m
544,30-021,353.0,promien_500m
544,30-036,356.6,promien_500m
544,30-035,374.4,promien_500m
544,30-003,379.4,promien_500m
544,30-033,386.2,promien_500m
544,30-023,413.2,promien_500m
544,30-043,418.1,promien_500m
544,30-075,427.6,promien_500m
544,31-261,468.6,promien_500m
544,30-017,469.3,promien_500m
544,30-002,486.6,promien_500m
544,30-042,490.2,promien_500m
545,30-016,0.0,promien_500m
545,30-011,5.7,promien_500m
545,30-010,26.3,promien_500m
545,30-012,101.8,promien_500m
545,31-045,179.6,promien_500m
545,30-009,188.5,promien_500m
545,30-020,243.6,promien_500m
545,30-014,249.5,promien_500m
545,30-006,311.1,promien_500m
545,30-015,323.6,promien_500m
545,30-019,329.3,promien_500m
545,31-261,339.4,promien_500m
545,30-022,362.1,promien_500m
545,31-279,391.5,promien_500m
545,31-302,424.0,promien_500m
545,30-002,445.0,promien_500m
545,30-003,450.5,promien_500m
545,30-017,470.2,promien_500m
545,30-075,475.1,promien_500m
545,30-021,475.9,promien_500m
545,30-036,481.3,promien_500m
545,30-023,488.1,promien_500m
545,30-035,499.4,promien_500m
546,30-011,0.0,promien_500m
546,30-010,0.2,promien_500m
546,30-016,11.3,promien_500m
546,30-012,116.5,promien_500m
546,31-045,145.9,promien_500m
546,30-009,183.9,promien_500m
546,30-020,281.6,promien_500m
546,30-014,290.6,promien_500m
546,31-261,298.4,promien_500m
546,30-006,335.5,promien_500m
546,30-015,357.9,promien_500m
546,31-279,363.4,promien_500m
546,30-019,364.3,promien_500m
546,30-022,395.0,promien_500m
546,31-302,403.7,promien_500m
546,30-002,428.4,promien_500m
546,30-003,469.2,promien_500m
546,30-017,482.0,promien_500m
547,30-010,0.0,promien_500m
547,30-016,37.8,promien_500m
547,30-011,41.6,promien_500m
547,30-009,88.5,promien_500m
547,31-045,177.1,promien_500m
547,30-020,196.4,promien_500m
547,30-012,203.2,promien_500m
547,30-006,208.7,promien_500m
547,30-014,234.8,promien_500m
547,30-015,244.2,promien_500m
547,30-019,261.6,promien_500m
547,30-003,338.8,promien_500m
547,30-002,358.2,promien_500m
547,31-261,365.4,promien_500m
547,30-036,408.2,promien_500m
547,30-022,429.3,promien_500m
547,30-033,445.7,promien_500m
547,30-021,479.5,promien_500m
547,31-202,483.8,promien_500m
547,31-279,491.2,promien_500m
547,30-035,497.1,promien_500m
548,30-010,0.0,promien_500m
548,30-009,65.4,promien_500m
548,30-011,77.5,promien_500m
548,30-006,124.4,promien_500m
548,30-016,129.5,promien_500m
548,30-020,172.5,promien_500m
548,30-015,174.5,promien_500m
548,30-019,209.4,promien_500m
548,30-014,224.4,promien_500m
548,31-045,242.0,promien_500m
548,30-003,247.1,promien_500m
548,30-012,278.8,promien_500m
548,30-002,317.8,promien_500m
548,30-036,342.2,promien_500m
548,30-033,382.2,promien_500m
548,31-261,416.8,promien_500m
548,30-018,426.5,promien_500m
548,30-035,451.5,promien_500m
548,30-021,474.0,promien_500m
548,30-022,474.4,promien_500m
548,30-004,480.1,promien_500m
548,31-202,488.9,promien_500m
549,30-023,0.0,promien_500m
549,30-017,67.7,promien_500m
549,30-079,72.6,promien_500m
549,30-075,114.7,promien_500m
549,30-043,129.2,promien_500m
549,30-014,137.9,promien_500m
549,30-012,141.4,promien_500m
549,30-022,193.5,promien_500m
549,30-011,207.3,promien_500m
549,30-019,219.6,promien_500m
549,30-076,225.8,promien_500m
549,30-074,328.1,promien_500m
549,30-085,352.4,promien_500m
549,30-035,370.1,promien_500m
549,31-158,376.5,promien_500m
549,30-021,400.6,promien_500m
549,30-078,407.0,promien_500m
549,30-052,453.5,promien_500m
549,30-042,456.4,promien_500m
549,31-302,459.2,promien_500m
549,30-053,463.9,promien_500m
549,30-081,484.1,promien_500m
550,30-079,0.0,promien_500m
550,30-074,11.1,promien_500m
550,30-075,33.4,promien_500m
550,30-078,36.8,promien_500m
550,30-081,64.9,promien_500m
550,30-053,85.3,promien_500m
550,30-076,104.7,promien_500m
550,30-052,119.3,promien_500m
550,30-040,189.3,promien_500m
550,30-082,200.0,promien_500m
550,30-057,204.6,promien_500m
550,30-045,205.8,promien_500m
550,30-017,222.8,promien_500m
550,30-012,242.6,promien_500m
550,30-043,254.7,promien_500m
550,31-045,271.2,promien_500m
550,30-069,271.8,promien_500m
550,30-042,288.3,promien_500m
550,30-019,308.8,promien_500m
550,30-023,312.1,promien_500m
550,30-077,320.9,promien_500m
550,30-048,329.1,promien_500m
550,30-148,368.0,promien_500m
550,30-035,378.0,promien_500m
550,30-051,382.7,promien_500m
550,30-080,394.4,promien_500m
550,30-058,397.0,promien_500m
550,30-054,426.0,promien_500m
550,30-021,452.5,promien_500m
550,31-987,456.5,promien_500m
550,30-022,482.1,promien_500m
550,30-046,485.4,promien_500m
550,30-014,490.2,promien_500m
550,30-084,494.1,promien_500m
550,30-056,499.0,promien_500m
551,30-079,0.0,promien_500m
551,30-075,29.7,promien_500m
551,30-076,32.7,promien_500m
551,30-074,61.1,promien_500m
551,30-017,109.3,promien_500m
551,30-078,114.6,promien_500m
551,30-043,131.3,promien_500m
551,30-012,153.0,promien_500m
551,30-023,167.9,promien_500m
551,30-053,176.0,promien_500m
551,30-081,200.3,promien_500m
551,30-052,205.4,promien_500m
551,30-019,223.0,promien_500m
551,30-082,248.3,promien_500m
551,30-040,297.9,promien_500m
551,30-042,305.3,promien_500m
551,30-077,311.4,promien_500m
551,30-035,331.6,promien_500m
551,30-045,334.8,promien_500m
551,31-045,342.1,promien_500m
551,30-057,351.5,promien_500m
551,30-014,365.8,promien_500m
551,30-022,368.6,promien_500m
551,30-069,396.1,promien_500m
551,30-148,396.2,promien_500m
551,30-021,403.9,promien_500m
551,30-048,441.4,promien_500m
551,30-011,478.2,promien_500m
552,30-079,0.0,promien_500m
552,30-023,31.0,promien_500m
552,30-075,72.6,promien_500m
552,30-043,77.1,promien_500m
552,30-017,87.1,promien_500m
552,30-076,96.4,promien_500m
552,30-012,170.1,promien_500m
552,30-074,216.4,promien_500m
552,30-019,224.0,promien_500m
552,30-078,270.8,promien_500m
552,30-014,278.2,promien_500m
552,30-022,294.6,promien_500m
552,30-053,321.5,promien_500m
552,30-011,348.7,promien_500m
552,30-052,357.9,promien_500m
552,30-082,360.5,promien_500m
552,30-077,361.3,promien_500m
552,30-081,367.2,promien_500m
552,30-085,370.0,promien_500m
552,30-035,373.6,promien_500m
552,30-042,411.0,promien_500m
552,31-158,411.3,promien_500m
552,30-021,431.0,promien_500m
552,31-045,444.2,promien_500m
552,30-040,446.3,promien_500m
552,30-148,467.6,promien_500m
552,30-045,498.0,promien_500m
553,30-009,0.0,promien_500m
553,30-010,17.5,promien_500m
553,31-045,57.2,promien_500m
553,31-261,96.2,promien_500m
553,30-016,175.9,promien_500m
553,30-002,180.1,promien_500m
553,31-202,203.3,promien_500m
553,31-861,235.5,promien_500m
553,30-006,285.4,promien_500m
553,30-011,302.2,promien_500m
553,31-201,394.7,promien_500m
553,30-012,396.3,promien_500m
553,30-001,426.9,promien_500m
553,31-271,440.0,promien_500m
553,31-200,461.0,promien_500m
553,31-279,468.0,promien_500m
553,31-272,479.3,promien_500m
553,30-020,496.8,promien_500m
554,30-010,0.0,promien_500m
554,31-045,43.5,promien_500m
554,30-016,55.4,promien_500m
554,31-261,106.5,promien_500m
554,30-009,110.6,promien_500m
554,30-011,194.8,promien_500m
554,30-012,261.5,promien_500m
554,30-002,314.3,promien_500m
554,31-202,330.1,promien_500m
554,31-279,340.6,promien_500m
554,31-861,342.0,promien_500m
554,30-006,392.9,promien_500m
554,31-271,421.9,promien_500m
554,31-302,426.9,promien_500m
554,31-201,433.7,promien_500m
554,31-272,438.9,promien_500m
554,30-020,455.3,promien_500m
554,30-014,484.3,promien_500m
554,30-015,499.1,promien_500m
555,30-009,0.0,promien_500m
555,30-010,12.3,promien_500m
555,30-002,111.7,promien_500m
555,31-045,123.6,promien_500m
555,31-261,124.9,promien_500m
555,31-202,142.1,promien_500m
555,31-861,197.8,promien_500m
555,30-006,239.4,promien_500m
555,30-016,240.8,promien_500m
555,30-001,358.1,promien_500m
555,30-011,361.8,promien_500m
555,31-201,394.6,promien_500m
555,31-200,434.4,promien_500m
555,30-012,465.9,promien_500m
555,31-271,467.3,promien_500m
555,30-003,482.6,promien_500m
555,31-215,483.1,promien_500m
556,30-009,0.0,promien_500m
556,30-002,88.4,promien_500m
556,30-010,117.2,promien_500m
556,30-006,139.3,promien_500m
556,31-045,154.6,promien_500m
556,31-202,226.6,promien_500m
556,31-261,244.0,promien_500m
556,30-016,280.2,promien_500m
556,31-861,309.6,promien_500m
556,30-011,313.0,promien_500m
556,30-001,334.8,promien_500m
556,30-003,358.5,promien_500m
556,30-015,392.1,promien_500m
556,30-020,438.8,promien_500m
556,30-012,456.7,promien_500m
556,30-019,466.3,promien_500m
556,30-014,489.9,promien_500m
557,30-009,0.0,promien_500m
557,30-006,79.6,promien_500m
557,30-002,121.8,promien_500m
557,30-010,132.0,promien_500m
557,30-003,218.9,promien_500m
557,31-045,247.2,promien_500m
557,30-015,253.1,promien_500m
557,30-011,255.1,promien_500m
557,30-016,277.1,promien_500m
557,31-202,353.6,promien_500m
557,30-020,358.3,promien_500m
557,30-019,363.2,promien_500m
557,30-001,366.4,promien_500m
557,31-261,378.5,promien_500m
557,30-018,390.1,promien_500m
557,30-004,390.5,promien_500m
557,30-014,413.5,promien_500m
557,30-036,437.6,promien_500m
557,31-159,440.5,promien_500m
557,31-861,445.2,promien_500m
557,31-146,451.5,promien_500m
557,31-145,457.8,promien_500m
557,30-012,458.9,promien_500m
557,30-033,484.3,promien_500m
557,31-147,495.7,promien_500m
557,31-155,495.7,promien_500m
558,30-009,0.0,promien_500m
558,30-006,40.1,promien_500m
558,30-010,78.9,promien_500m
558,30-003,89.1,promien_500m
558,30-015,120.3,promien_500m
558,30-002,169.3,promien_500m
558,30-011,206.0,promien_500m
558,30-019,244.4,promien_500m
558,30-018,258.4,promien_500m
558,30-004,279.9,promien_500m
558,30-020,315.3,promien_500m
558,30-036,317.5,promien_500m
558,31-159,322.2,promien_500m
558,30-016,331.0,promien_500m
558,31-146,341.0,promien_500m
558,31-145,352.4,promien_500m
558,31-045,364.5,promien_500m
558,30-033,368.0,promien_500m
558,30-014,371.1,promien_500m
558,31-261,380.9,promien_500m
558,31-158,396.7,promien_500m
558,30-007,401.5,promien_500m
558,31-147,404.2,promien_500m
558,30-035,425.6,promien_500m
558,30-001,431.6,promien_500m
558,31-160,440.1,promien_500m
558,31-155,457.2,promien_500m
558,31-148,466.4,promien_500m
558,31-202,484.6,promien_500m
558,31-139,485.2,promien_500m
558,30-012,488.0,promien_500m
559,30-002,0.0,promien_500m
559,30-001,58.2,promien_500m
559,30-010,119.3,promien_500m
559,30-006,144.0,promien_500m
559,31-202,144.8,promien_500m
559,30-009,182.4,promien_500m
559,30-003,347.3,promien_500m
559,31-403,357.6,promien_500m
559,31-155,360.8,promien_500m
559,31-861,363.3,promien_500m
559,31-261,380.3,promien_500m
559,31-215,408.3,promien_500m
559,31-045,430.3,promien_500m
559,31-516,444.1,promien_500m
559,31-201,445.6,promien_500m
559,30-004,451.2,promien_500m
559,31-148,481.3,promien_500m
559,31-147,488.2,promien_500m
559,30-015,494.8,promien_500m
560,31-429,0.0,promien_500m
560,31-463,42.0,promien_500m
560,31-517,69.8,promien_500m
560,31-428,97.0,promien_500m
560,31-521,149.6,promien_500m
560,31-462,205.9,promien_500m
560,31-516,235.9,promien_500m
560,31-435,239.3,promien_500m
560,30-731,240.6,promien_500m
560,31-518,248.3,promien_500m
560,31-431,271.4,promien_500m
560,31-436,305.1,promien_500m
560,31-519,315.9,promien_500m
560,31-432,316.0,promien_500m
560,31-155,317.2,promien_500m
560,31-524,333.5,promien_500m
560,31-464,345.1,promien_500m
560,31-515,436.9,promien_500m
560,30-436,442.7,promien_500m
560,31-523,462.7,promien_500m
560,31-513,482.0,promien_500m
560,31-444,484.7,promien_500m
560,31-465,494.1,promien_500m
561,31-429,0.0,promien_500m
561,31-428,9.2,promien_500m
561,31-431,52.0,promien_500m
561,31-432,62.6,promien_500m
561,31-519,129.1,promien_500m
561,31-435,157.0,promien_500m
561,31-521,158.7,promien_500m
561,31-436,181.6,promien_500m
561,31-517,215.9,promien_500m
561,31-463,262.9,promien_500m
561,31-462,269.6,promien_500m
561,31-465,287.7,promien_500m
561,31-516,301.3,promien_500m
561,30-436,327.4,promien_500m
561,31-510,378.2,promien_500m
561,31-515,386.3,promien_500m
561,30-731,397.7,promien_500m
561,31-518,409.5,promien_500m
561,31-514,419.4,promien_500m
561,31-464,482.6,promien_500m
562,31-432,0.0,promien_500m
562,31-431,5.9,promien_500m
562,31-435,71.3,promien_500m
562,31-428,77.4,promien_500m
562,31-519,91.9,promien_500m
562,31-436,130.8,promien_500m
562,31-521,132.0,promien_500m
562,31-465,161.8,promien_500m
562,31-429,162.8,promien_500m
562,30-436,278.3,promien_500m
562,31-462,347.5,promien_500m
562,31-517,391.6,promien_500m
562,31-510,406.4,promien_500m
562,31-463,410.5,promien_500m
562,31-516,465.2,promien_500m
562,31-471,474.3,promien_500m
562,31-411,479.7,promien_500m
562,31-515,485.2,promien_500m
562,31-514,499.6,promien_500m
563,31-432,0.0,promien_500m
563,31-428,7.4,promien_500m
563,31-519,29.0,promien_500m
563,31-429,29.1,promien_500m
563,31-521,71.8,promien_500m
563,31-431,136.9,promien_500m
563,31-435,259.8,promien_500m
563,31-517,263.0,promien_500m
563,31-510,264.7,promien_500m
563,31-516,280.2,promien_500m
563,31-436,290.2,promien_500m
563,31-515,292.8,promien_500m
563,31-514,317.3,promien_500m
563,31-518,338.1,promien_500m
563,31-465,350.3,promien_500m
563,31-463,351.7,promien_500m
563,31-462,383.1,promien_500m
563,30-731,393.8,promien_500m
563,30-436,423.3,promien_500m
563,31-513,426.5,promien_500m
564,31-519,0.0,promien_500m
564,31-432,29.7,promien_500m
564,31-428,78.5,promien_500m
564,31-521,107.3,promien_500m
564,31-431,118.8,promien_500m
564,31-429,144.2,promien_500m
564,31-435,193.5,promien_500m
564,31-510,264.2,promien_500m
564,31-436,271.8,promien_500m
564,31-465,303.6,promien_500m
564,31-516,353.3,promien_500m
564,31-515,358.6,promien_500m
564,31-514,365.1,promien_500m
564,31-517,377.6,promien_500m
564,30-436,414.2,promien_500m
564,31-518,420.4,promien_500m
564,31-462,435.9,promien_500m
564,31-463,447.2,promien_500m
564,31-513,463.6,promien_500m
564,31-413,481.8,promien_500m
565,31-521,0.0,promien_500m
565,31-519,3.2,promien_500m
565,31-510,56.2,promien_500m
565,31-514,223.4,promien_500m
565,31-432,224.6,promien_500m
565,31-516,241.0,promien_500m
565,31-428,251.8,promien_500m
565,31-429,253.1,promien_500m
565,31-515,269.6,promien_500m
565,31-513,298.1,promien_500m
565,31-431,324.5,promien_500m
565,31-518,347.0,promien_500m
565,31-435,349.9,promien_500m
565,31-345,383.9,promien_500m
565,31-413,433.1,promien_500m
565,31-436,439.6,promien_500m
565,31-517,457.7,promien_500m
566,31-521,0.0,promien_500m
566,31-519,23.5,promien_500m
566,31-432,120.5,promien_500m
566,31-431,189.9,promien_500m
566,31-435,192.4,promien_500m
566,31-510,192.8,promien_500m
566,31-428,211.9,promien_500m
566,31-429,270.7,promien_500m
566,31-436,285.1,promien_500m
566,31-413,351.1,promien_500m
566,31-514,376.1,promien_500m
566,31-465,376.3,promien_500m
566,31-516,382.3,promien_500m
566,31-345,390.2,promien_500m
566,31-515,399.4,promien_500m
566,31-411,403.1,promien_500m
566,31-513,458.0,promien_500m
566,31-425,469.5,promien_500m
566,31-518,476.1,promien_500m
567,31-519,0.0,promien_500m
567,31-521,38.2,promien_500m
567,31-510,135.9,promien_500m
567,31-432,154.6,promien_500m
567,31-428,176.0,promien_500m
567,31-429,195.3,promien_500m
567,31-431,248.9,promien_500m
567,31-514,265.1,promien_500m
567,31-516,267.6,promien_500m
567,31-515,284.6,promien_500m
567,31-435,284.7,promien_500m
567,31-513,352.2,promien_500m
567,31-518,362.2,promien_500m
567,31-436,399.6,promien_500m
567,31-345,433.6,promien_500m
567,31-465,434.9,promien_500m
567,31-517,435.7,promien_500m
567,31-413,442.0,promien_500m
568,31-510,0.0,promien_500m
568,31-521,45.6,promien_500m
568,31-514,89.6,promien_500m
568,31-519,92.6,promien_500m
568,31-513,148.5,promien_500m
568,31-516,156.5,promien_500m
568,31-515,193.3,promien_500m
568,31-518,263.7,promien_500m
568,31-429,329.7,promien_500m
568,31-432,333.3,promien_500m
568,31-428,337.0,promien_500m
568,31-517,373.0,promien_500m
568,31-345,411.3,promien_500m
568,31-045,435.5,promien_500m
568,31-431,471.5,promien_500m
569,31-519,0.0,promien_500m
569,31-521,32.0,promien_500m
569,31-429,86.9,promien_500m
569,31-432,92.9,promien_500m
569,31-428,94.6,promien_500m
569,31-510,147.5,promien_500m
569,31-516,171.8,promien_500m
569,31-515,174.5,promien_500m
569,31-514,190.0,promien_500m
569,31-518,236.2,promien_500m
569,31-431,260.7,promien_500m
569,31-513,297.8,promien_500m
569,31-517,308.9,promien_500m
569,31-435,377.1,promien_500m
569,30-731,377.6,promien_500m
569,31-463,391.5,promien_500m
569,31-436,418.1,promien_500m
569,31-465,470.2,promien_500m
570,31-519,0.0,promien_500m
570,31-521,45.8,promien_500m
570,31-510,82.1,promien_500m
570,31-516,105.0,promien_500m
570,31-514,116.7,promien_500m
570,31-515,116.8,promien_500m
570,31-429,159.2,promien_500m
570,31-432,168.4,promien_500m
570,31-428,170.3,promien_500m
570,31-518,194.3,promien_500m
570,31-513,221.1,promien_500m
570,31-517,302.1,promien_500m
570,31-431,336.6,promien_500m
570,30-731,391.7,promien_500m
570,31-463,421.6,promien_500m
570,31-435,434.3,promien_500m
570,31-524,494.9,promien_500m
570,31-436,495.6,promien_500m
571,31-463,0.0,promien_500m
571,31-521,24.3,promien_500m
571,31-517,49.5,promien_500m
571,31-518,62.8,promien_500m
571,31-429,63.4,promien_500m
571,31-516,83.8,promien_500m
571,30-731,87.0,promien_500m
571,31-462,110.7,promien_500m
571,31-524,143.6,promien_500m
571,31-523,276.7,promien_500m
571,31-428,284.1,promien_500m
571,30-305,338.4,promien_500m
571,31-042,352.9,promien_500m
571,31-513,383.5,promien_500m
571,31-515,384.4,promien_500m
571,31-519,396.8,promien_500m
571,31-155,402.6,promien_500m
571,31-464,407.6,promien_500m
571,31-432,408.2,promien_500m
571,31-435,432.1,promien_500m
571,31-444,437.2,promien_500m
571,31-526,438.1,promien_500m
571,31-431,447.8,promien_500m
571,31-514,468.3,promien_500m
571,31-436,497.0,promien_500m
572,31-463,0.0,promien_500m
572,31-429,18.1,promien_500m
572,31-517,122.8,promien_500m
572,31-428,128.3,promien_500m
572,31-462,138.3,promien_500m
572,31-521,155.0,promien_500m
572,31-518,221.9,promien_500m
572,31-516,230.3,promien_500m
572,30-731,230.7,promien_500m
572,31-155,279.7,promien_500m
572,31-524,285.6,promien_500m
572,31-435,291.4,promien_500m
572,31-464,311.4,promien_500m
572,31-431,337.0,promien_500m
572,31-436,362.4,promien_500m
572,31-519,375.7,promien_500m
572,31-432,380.5,promien_500m
572,31-523,407.2,promien_500m
572,31-444,425.0,promien_500m
572,31-515,465.9,promien_500m
572,30-436,478.9,promien_500m
572,30-305,491.1,promien_500m
572,31-513,497.1,promien_500m
573,31-463,0.0,promien_500m
573,31-462,32.3,promien_500m
573,31-429,126.0,promien_500m
573,31-521,182.0,promien_500m
573,31-517,198.6,promien_500m
573,31-428,215.6,promien_500m
573,31-518,216.6,promien_500m
573,31-524,232.1,promien_500m
573,31-516,242.2,promien_500m
573,30-731,245.2,promien_500m
573,31-155,245.9,promien_500m
573,31-464,252.2,promien_500m
573,31-444,323.6,promien_500m
573,31-523,329.3,promien_500m
573,31-435,374.1,promien_500m
573,30-305,437.5,promien_500m
573,31-431,442.6,promien_500m
573,31-445,450.0,promien_500m
573,31-436,456.7,promien_500m
573,31-042,462.1,promien_500m
573,31-519,475.5,promien_500m
573,31-432,482.0,promien_500m
574,31-462,0.0,promien_500m
574,31-463,12.8,promien_500m
574,31-524,169.7,promien_500m
574,31-517,171.4,promien_500m
574,31-521,207.2,promien_500m
574,31-518,223.4,promien_500m
574,31-429,226.1,promien_500m
574,31-523,232.3,promien_500m
574,31-444,247.9,promien_500m
574,31-464,256.8,promien_500m
574,31-516,261.8,promien_500m
574,30-731,266.6,promien_500m
574,31-155,297.4,promien_500m
574,31-428,331.1,promien_500m
574,31-445,354.8,promien_500m
574,30-305,362.0,promien_500m
574,31-042,392.6,promien_500m
574,31-527,453.9,promien_500m
574,31-526,459.3,promien_500m
574,31-435,486.8,promien_500m
575,31-462,0.0,promien_500m
575,31-463,26.3,promien_500m
575,31-464,73.0,promien_500m
575,31-155,114.0,promien_500m
575,31-444,172.8,promien_500m
575,31-429,264.6,promien_500m
575,31-428,286.0,promien_500m
575,31-517,355.5,promien_500m
575,31-445,355.7,promien_500m
575,31-521,359.0,promien_500m
575,31-524,364.0,promien_500m
575,31-518,388.6,promien_500m
575,31-435,402.6,promien_500m
575,30-719,413.7,promien_500m
575,31-523,417.1,promien_500m
575,31-516,418.3,promien_500m
575,30-731,421.7,promien_500m
575,31-457,467.8,promien_500m
575,31-436,469.0,promien_500m
575,31-465,496.5,promien_500m
576,30-009,0.0,promien_500m
576,30-010,43.9,promien_500m
576,31-045,81.5,promien_500m
576,30-002,159.4,promien_500m
576,31-261,206.6,promien_500m
576,30-006,210.0,promien_500m
576,30-016,221.4,promien_500m
576,31-202,256.4,promien_500m
576,30-011,267.0,promien_500m
576,31-861,320.3,promien_500m
576,30-012,387.8,promien_500m
576,30-003,392.2,promien_500m
576,30-015,397.9,promien_500m
576,30-001,405.8,promien_500m
576,30-020,406.3,promien_500m
576,30-019,446.6,promien_500m
576,30-014,453.6,promien_500m
577,31-559,0.0,promien_500m
577,31-531,64.5,promien_500m
577,31-548,167.8,promien_500m
577,31-552,181.9,promien_500m
577,31-542,307.1,promien_500m
577,31-539,316.4,promien_500m
577,31-560,331.9,promien_500m
577,31-543,345.1,promien_500m
577,31-541,393.5,promien_500m
577,31-564,403.0,promien_500m
577,31-540,408.8,promien_500m
577,31-553,435.8,promien_500m
577,30-705,436.9,promien_500m
577,31-535,439.6,promien_500m
577,31-534,463.9,promien_500m
577,30-701,480.0,promien_500m
578,31-559,0.0,promien_500m
578,31-531,132.5,promien_500m
578,31-548,234.9,promien_500m
578,31-552,236.8,promien_500m
578,31-560,301.0,promien_500m
578,31-539,342.7,promien_500m
578,30-705,364.2,promien_500m
578,31-542,385.2,promien_500m
578,31-543,395.3,promien_500m
578,30-701,402.7,promien_500m
578,31-535,413.7,promien_500m
578,31-540,426.9,promien_500m
578,31-553,459.7,promien_500m
578,31-564,466.2,promien_500m
578,31-534,467.9,promien_500m
578,31-541,469.2,promien_500m
579,31-559,0.0,promien_500m
579,31-539,153.3,promien_500m
579,31-535,163.4,promien_500m
579,30-705,230.4,promien_500m
579,31-534,259.4,promien_500m
579,31-540,288.5,promien_500m
579,30-701,297.1,promien_500m
579,31-536,313.2,promien_500m
579,31-548,321.4,promien_500m
579,31-531,356.2,promien_500m
579,30-702,473.4,promien_500m
579,31-552,477.7,promien_500m
579,30-710,489.2,promien_500m
6,31-512,0.0,promien_500m
6,31-504,16.1,promien_500m
6,31-505,32.6,promien_500m
6,31-511,37.1,promien_500m
6,31-510,96.5,promien_500m
6,31-506,103.5,promien_500m
6,31-508,110.8,promien_500m
6,31-509,130.4,promien_500m
6,31-503,154.7,promien_500m
6,31-154,208.1,promien_500m
6,31-501,257.6,promien_500m
6,31-001,292.5,promien_500m
6,31-034,304.9,promien_500m
6,31-026,341.1,promien_500m
6,31-404,345.9,promien_500m
6,31-025,353.4,promien_500m
6,31-155,419.8,promien_500m
6,31-156,427.5,promien_500m
6,31-516,433.4,promien_500m
6,31-033,454.7,promien_500m
6,31-514,483.8,promien_500m
6,31-531,483.9,promien_500m
601,31-514,0.0,promien_500m
601,31-513,19.3,promien_500m
601,31-515,64.8,promien_500m
601,31-516,94.0,promien_500m
601,31-510,98.5,promien_500m
601,31-518,102.5,promien_500m
601,31-521,117.6,promien_500m
601,31-519,156.5,promien_500m
601,31-517,171.6,promien_500m
601,31-429,368.3,promien_500m
601,31-432,384.4,promien_500m
601,31-428,386.7,promien_500m
601,31-524,406.9,promien_500m
601,31-523,407.2,promien_500m
601,30-731,415.6,promien_500m
601,31-509,448.8,promien_500m
601,31-463,487.0,promien_500m
602,31-516,0.0,promien_500m
602,31-521,5.2,promien_500m
602,31-515,5.6,promien_500m
602,31-514,52.1,promien_500m
602,31-519,57.1,promien_500m
602,31-518,72.1,promien_500m
602,31-510,134.3,promien_500m
602,31-513,134.6,promien_500m
602,31-517,178.9,promien_500m
602,31-429,226.1,promien_500m
602,31-432,246.2,promien_500m
602,31-428,248.5,promien_500m
602,30-731,324.8,promien_500m
602,31-463,377.3,promien_500m
602,31-524,385.7,promien_500m
602,31-523,394.4,promien_500m
602,31-431,429.9,promien_500m
603,31-517,0.0,promien_500m
603,31-521,6.1,promien_500m
603,31-516,13.4,promien_500m
603,30-731,45.6,promien_500m
603,31-518,55.7,promien_500m
603,31-429,112.8,promien_500m
603,31-463,120.8,promien_500m
603,31-524,198.9,promien_500m
603,31-515,226.4,promien_500m
603,31-513,228.7,promien_500m
603,31-523,232.3,promien_500m
603,31-462,263.4,promien_500m
603,31-519,297.2,promien_500m
603,31-514,308.9,promien_500m
603,31-432,323.5,promien_500m
603,31-428,325.1,promien_500m
603,31-042,357.0,promien_500m
603,30-305,361.4,promien_500m
603,31-510,413.4,promien_500m
603,31-431,435.7,promien_500m
603,31-526,445.5,promien_500m
603,31-435,459.8,promien_500m
604,31-514,0.0,promien_500m
604,31-515,33.6,promien_500m
604,31-516,45.3,promien_500m
604,31-513,62.2,promien_500m
604,31-521,72.7,promien_500m
604,31-518,80.5,promien_500m
604,31-510,94.9,promien_500m
604,31-519,109.9,promien_500m
604,31-517,178.6,promien_500m
604,31-429,320.9,promien_500m
604,31-432,335.4,promien_500m
604,31-428,337.8,promien_500m
604,30-731,392.8,promien_500m
604,31-524,407.6,promien_500m
604,31-523,411.5,promien_500m
604,31-463,456.1,promien_500m
604,31-509,496.9,promien_500m
605,31-518,0.0,promien_500m
605,31-515,38.0,promien_500m
605,31-516,41.9,promien_500m
605,31-513,51.4,promien_500m
605,31-517,56.4,promien_500m
605,31-514,98.0,promien_500m
605,31-521,98.1,promien_500m
605,31-519,182.7,promien_500m
605,31-510,235.5,promien_500m
605,30-731,250.4,promien_500m
605,31-429,250.6,promien_500m
605,31-524,263.7,promien_500m
605,31-523,270.0,promien_500m
605,31-463,329.0,promien_500m
605,31-432,331.1,promien_500m
605,31-428,333.5,promien_500m
605,31-042,438.9,promien_500m
605,31-462,447.2,promien_500m
605,30-305,469.7,promien_500m
605,31-525,480.4,promien_500m
606,31-517,0.0,promien_500m
606,31-518,0.0,promien_500m
606,31-516,64.8,promien_500m
606,31-521,120.2,promien_500m
606,30-731,125.6,promien_500m
606,31-524,132.8,promien_500m
606,31-513,138.7,promien_500m
606,31-515,148.4,promien_500m
606,31-523,149.4,promien_500m
606,31-463,217.2,promien_500m
606,31-429,223.9,promien_500m
606,31-514,230.3,promien_500m
606,31-519,301.6,promien_500m
606,31-462,301.8,promien_500m
606,31-042,307.4,promien_500m
606,30-305,330.0,promien_500m
606,31-510,381.0,promien_500m
606,31-432,386.2,promien_500m
606,31-428,388.3,promien_500m
606,31-526,395.0,promien_500m
606,31-525,439.7,promien_500m
607,31-510,0.0,promien_500m
607,31-513,15.1,promien_500m
607,31-514,47.0,promien_500m
607,31-521,132.4,promien_500m
607,31-516,177.3,promien_500m
607,31-515,181.4,promien_500m
607,31-519,199.5,promien_500m
607,31-518,223.3,promien_500m
607,31-517,284.5,promien_500m
607,31-045,412.4,promien_500m
607,31-429,438.7,promien_500m
607,31-509,445.8,promien_500m
607,31-432,450.2,promien_500m
607,31-428,452.2,promien_500m
608,31-513,0.0,promien_500m
608,31-514,5.1,promien_500m
608,31-510,89.4,promien_500m
608,31-515,92.1,promien_500m
608,31-516,125.3,promien_500m
608,31-518,130.7,promien_500m
608,31-521,137.4,promien_500m
608,31-517,180.1,promien_500m
608,31-519,183.8,promien_500m
608,31-429,400.2,promien_500m
608,31-432,415.3,promien_500m
608,31-428,417.6,promien_500m
608,31-523,418.3,promien_500m
608,31-524,420.3,promien_500m
608,31-509,421.8,promien_500m
608,30-731,440.9,promien_500m
608,31-525,497.0,promien_500m
609,31-513,0.0,promien_500m
609,31-515,0.9,promien_500m
609,31-517,32.6,promien_500m
609,31-514,40.2,promien_500m
609,31-518,49.0,promien_500m
609,31-516,132.8,promien_500m
609,31-521,181.6,promien_500m
609,31-510,198.7,promien_500m
609,31-519,240.0,promien_500m
609,31-523,269.3,promien_500m
609,31-524,271.4,promien_500m
609,30-731,318.7,promien_500m
609,31-429,344.5,promien_500m
609,31-463,410.0,promien_500m
609,31-509,410.6,promien_500m
609,31-525,412.2,promien_500m
609,31-432,417.6,promien_500m
609,31-428,420.0,promien_500m
609,31-042,440.3,promien_500m
609,30-305,478.8,promien_500m
609,31-462,496.5,promien_500m
610,31-517,0.0,promien_500m
610,31-518,63.2,promien_500m
610,31-515,78.0,promien_500m
610,31-523,110.7,promien_500m
610,31-524,115.7,promien_500m
610,31-513,124.1,promien_500m
610,31-514,155.6,promien_500m
610,31-516,170.8,promien_500m
610,30-731,236.4,promien_500m
610,31-521,239.6,promien_500m
610,31-042,281.6,promien_500m
610,31-463,316.7,promien_500m
610,30-305,320.5,promien_500m
610,31-525,326.7,promien_500m
610,31-510,340.1,promien_500m
610,31-429,340.9,promien_500m
610,31-526,354.2,promien_500m
610,31-519,357.4,promien_500m
610,31-462,366.3,promien_500m
610,31-509,412.8,promien_500m
610,31-546,455.5,promien_500m
610,31-432,482.7,promien_500m
610,31-428,484.9,promien_500m
611,31-524,0.0,promien_500m
611,31-462,18.0,promien_500m
611,31-463,21.5,promien_500m
611,31-517,37.7,promien_500m
611,31-518,59.3,promien_500m
611,31-523,96.4,promien_500m
611,31-521,151.0,promien_500m
611,30-305,180.0,promien_500m
611,31-516,189.9,promien_500m
611,30-731,195.4,promien_500m
611,31-042,206.8,promien_500m
611,31-429,237.5,promien_500m
611,31-526,280.9,promien_500m
611,31-527,330.1,promien_500m
611,31-444,369.1,promien_500m
611,31-525,392.5,promien_500m
611,31-515,437.1,promien_500m
611,31-513,437.5,promien_500m
611,31-464,443.6,promien_500m
611,31-445,444.4,promien_500m
611,31-428,447.2,promien_500m
611,31-546,462.5,promien_500m
611,31-155,482.6,promien_500m
612,31-523,0.0,promien_500m
612,31-518,51.6,promien_500m
612,31-524,53.2,promien_500m
612,31-515,107.7,promien_500m
612,31-525,137.2,promien_500m
612,31-517,138.3,promien_500m
612,31-042,146.5,promien_500m
612,31-526,165.3,promien_500m
612,30-305,187.2,promien_500m
612,31-513,205.8,promien_500m
612,31-514,226.3,promien_500m
612,31-546,234.3,promien_500m
612,31-521,271.0,promien_500m
612,31-516,315.8,promien_500m
612,31-542,320.2,promien_500m
612,31-545,331.5,promien_500m
612,31-547,334.9,promien_500m
612,31-509,344.7,promien_500m
612,31-463,368.8,promien_500m
612,30-731,374.1,promien_500m
612,31-527,374.1,promien_500m
612,31-462,380.0,promien_500m
612,31-543,396.7,promien_500m
612,31-505,467.2,promien_500m
612,31-429,477.3,promien_500m
612,31-510,477.9,promien_500m
613,30-305,0.0,promien_500m
613,31-524,0.2,promien_500m
613,31-523,1.3,promien_500m
613,31-042,37.7,promien_500m
613,31-526,100.0,promien_500m
613,31-518,108.4,promien_500m
613,31-463,153.6,promien_500m
613,31-517,182.5,promien_500m
613,31-462,182.8,promien_500m
613,31-525,221.8,promien_500m
613,31-527,222.0,promien_500m
613,31-521,290.6,promien_500m
613,31-516,300.5,promien_500m
613,31-546,311.9,promien_500m
613,30-731,313.4,promien_500m
613,31-515,317.6,promien_500m
613,31-545,354.1,promien_500m
613,31-429,382.2,promien_500m
613,31-542,396.9,promien_500m
613,31-513,411.5,promien_500m
613,31-543,433.5,promien_500m
613,31-514,437.3,promien_500m
613,31-547,458.0,promien_500m
613,31-553,462.9,promien_500m
613,31-444,473.0,promien_500m
614,31-514,0.0,promien_500m
614,31-513,9.5,promien_500m
614,31-515,49.0,promien_500m
614,31-518,81.2,promien_500m
614,31-517,99.0,promien_500m
614,31-510,131.4,promien_500m
614,31-516,152.2,promien_500m
614,31-521,189.0,promien_500m
614,31-519,225.3,promien_500m
614,31-523,337.1,promien_500m
614,31-524,341.2,promien_500m
614,30-731,384.5,promien_500m
614,31-429,389.1,promien_500m
614,31-509,394.1,promien_500m
614,31-525,429.8,promien_500m
614,31-432,430.7,promien_500m
614,31-428,433.1,promien_500m
614,31-463,470.2,promien_500m
615,31-515,0.0,promien_500m
615,31-517,26.9,promien_500m
615,31-514,40.0,promien_500m
615,31-513,63.5,promien_500m
615,31-518,113.1,promien_500m
615,31-516,209.5,promien_500m
615,31-523,210.1,promien_500m
615,31-510,228.4,promien_500m
615,31-524,228.4,promien_500m
615,31-521,265.8,promien_500m
615,31-525,322.3,promien_500m
615,31-519,331.0,promien_500m
615,30-731,334.0,promien_500m
615,31-509,339.6,promien_500m
615,31-042,382.9,promien_500m
615,31-429,400.8,promien_500m
615,31-463,422.1,promien_500m
615,30-305,424.5,promien_500m
615,31-526,428.3,promien_500m
615,31-462,481.5,promien_500m
615,31-546,496.8,promien_500m
615,31-432,499.1,promien_500m
616,31-514,0.0,promien_500m
616,31-515,33.8,promien_500m
616,31-518,36.3,promien_500m
616,31-525,57.5,promien_500m
616,31-513,72.9,promien_500m
616,31-509,92.8,promien_500m
616,31-517,142.2,promien_500m
616,31-523,172.8,promien_500m
616,31-516,174.5,promien_500m
616,31-521,218.7,promien_500m
616,31-505,238.0,promien_500m
616,31-526,241.4,promien_500m
616,31-510,272.6,promien_500m
616,31-506,295.4,promien_500m
616,31-542,307.5,promien_500m
616,31-524,307.9,promien_500m
616,31-547,324.9,promien_500m
616,31-546,333.7,promien_500m
616,31-503,375.0,promien_500m
616,31-512,377.1,promien_500m
616,31-042,411.9,promien_500m
616,31-034,412.5,promien_500m
616,30-305,443.5,promien_500m
616,31-501,453.4,promien_500m
616,31-545,468.2,promien_500m
617,31-524,0.0,promien_500m
617,31-042,9.2,promien_500m
617,31-523,43.5,promien_500m
617,30-305,48.3,promien_500m
617,31-526,98.1,promien_500m
617,31-518,112.8,promien_500m
617,31-517,178.7,promien_500m
617,31-463,208.2,promien_500m
617,31-525,212.9,promien_500m
617,31-462,229.8,promien_500m
617,31-515,258.1,promien_500m
617,31-527,265.8,promien_500m
617,31-516,290.5,promien_500m
617,31-521,296.8,promien_500m
617,31-546,300.3,promien_500m
617,30-731,304.4,promien_500m
617,31-545,346.7,promien_500m
617,31-513,352.0,promien_500m
617,31-514,378.2,promien_500m
617,31-542,378.9,promien_500m
617,31-429,386.5,promien_500m
617,31-543,425.4,promien_500m
617,31-547,427.1,promien_500m
617,31-553,486.5,promien_500m
618,31-524,0.0,promien_500m
618,30-305,2.4,promien_500m
618,31-523,5.4,promien_500m
618,31-526,6.8,promien_500m
618,31-042,48.9,promien_500m
618,31-525,130.5,promien_500m
618,31-527,185.9,promien_500m
618,31-518,198.9,promien_500m
618,31-546,220.3,promien_500m
618,31-463,225.0,promien_500m
618,31-545,260.2,promien_500m
618,31-517,263.5,promien_500m
618,31-462,267.3,promien_500m
618,31-515,299.4,promien_500m
618,31-542,302.6,promien_500m
618,31-543,339.5,promien_500m
618,31-547,369.1,promien_500m
618,31-521,380.6,promien_500m
618,31-516,383.9,promien_500m
618,31-553,391.3,promien_500m
618,31-513,397.4,promien_500m
618,30-731,397.7,promien_500m
618,31-514,415.9,promien_500m
618,31-429,473.5,promien_500m
619,31-514,0.0,promien_500m
619,31-515,38.2,promien_500m
619,31-513,62.8,promien_500m
619,31-517,81.9,promien_500m
619,31-518,109.0,promien_500m
619,31-510,180.9,promien_500m
619,31-523,195.4,promien_500m
619,31-509,227.1,promien_500m
619,31-525,236.6,promien_500m
619,31-524,301.8,promien_500m
619,31-516,317.6,promien_500m
619,31-521,366.6,promien_500m
619,31-526,386.3,promien_500m
619,31-505,393.8,promien_500m
619,31-519,415.8,promien_500m
619,31-042,429.1,promien_500m
619,31-506,440.9,promien_500m
619,30-731,441.3,promien_500m
619,31-546,466.6,promien_500m
619,30-305,473.1,promien_500m
619,31-542,480.3,promien_500m
620,31-515,0.0,promien_500m
620,31-517,12.2,promien_500m
620,31-513,22.5,promien_500m
620,31-518,25.5,promien_500m
620,31-514,31.2,promien_500m
620,31-523,110.8,promien_500m
620,31-525,195.3,promien_500m
620,31-524,230.1,promien_500m
620,31-509,239.3,promien_500m
620,31-510,265.5,promien_500m
620,31-526,313.0,promien_500m
620,31-516,321.1,promien_500m
620,31-521,328.4,promien_500m
620,31-042,349.3,promien_500m
620,31-505,387.5,promien_500m
620,31-546,388.0,promien_500m
620,30-305,395.2,promien_500m
620,30-731,409.1,promien_500m
620,31-542,418.7,promien_500m
620,31-506,442.0,promien_500m
620,31-547,442.6,promien_500m
620,31-519,458.5,promien_500m
620,31-463,484.2,promien_500m
621,31-514,0.0,promien_500m
621,31-518,53.7,promien_500m
621,31-525,54.4,promien_500m
621,31-515,60.0,promien_500m
621,31-509,66.0,promien_500m
621,31-513,98.6,promien_500m
621,31-516,155.9,promien_500m
621,31-517,168.7,promien_500m
621,31-523,201.7,promien_500m
621,31-505,212.3,promien_500m
621,31-521,219.3,promien_500m
621,31-510,250.4,promien_500m
621,31-526,252.4,promien_500m
621,31-506,268.2,promien_500m
621,31-542,303.8,promien_500m
621,31-547,316.5,promien_500m
621,31-524,336.4,promien_500m
621,31-546,346.1,promien_500m
621,31-503,349.6,promien_500m
621,31-512,351.0,promien_500m
621,31-034,395.2,promien_500m
621,31-501,430.9,promien_500m
621,31-042,439.3,promien_500m
621,30-305,468.6,promien_500m
621,31-545,481.3,promien_500m
622,31-515,0.0,promien_500m
622,31-518,0.8,promien_500m
622,31-513,16.7,promien_500m
622,31-517,22.0,promien_500m
622,31-514,51.9,promien_500m
622,31-523,83.0,promien_500m
622,31-525,153.3,promien_500m
622,31-509,214.8,promien_500m
622,31-524,216.1,promien_500m
622,31-526,271.3,promien_500m
622,31-516,284.8,promien_500m
622,31-521,286.2,promien_500m
622,31-510,297.7,promien_500m
622,31-042,332.0,promien_500m
622,31-546,348.3,promien_500m
622,31-505,359.9,promien_500m
622,31-542,376.4,promien_500m
622,30-305,377.0,promien_500m
622,31-547,400.3,promien_500m
622,31-506,417.3,promien_500m
622,30-731,429.6,promien_500m
622,31-545,478.1,promien_500m
622,31-503,496.7,promien_500m
622,31-512,499.0,promien_500m
622,31-463,499.3,promien_500m
623,31-518,0.0,promien_500m
623,31-523,24.1,promien_500m
623,31-517,57.3,promien_500m
623,31-515,73.6,promien_500m
623,31-524,79.6,promien_500m
623,31-513,156.6,promien_500m
623,31-514,181.0,promien_500m
623,31-525,193.3,promien_500m
623,31-042,199.3,promien_500m
623,31-526,237.5,promien_500m
623,30-305,244.7,promien_500m
623,31-516,300.4,promien_500m
623,31-546,308.2,promien_500m
623,31-521,315.3,promien_500m
623,30-731,330.1,promien_500m
623,31-509,333.7,promien_500m
623,31-463,369.1,promien_500m
623,31-462,380.5,promien_500m
623,31-542,391.9,promien_500m
623,31-547,398.8,promien_500m
623,31-510,407.5,promien_500m
623,31-545,412.4,promien_500m
623,31-429,437.1,promien_500m
623,31-527,441.1,promien_500m
623,31-505,470.1,promien_500m
623,31-543,476.1,promien_500m
624,31-523,0.0,promien_500m
624,31-525,49.2,promien_500m
624,31-518,50.1,promien_500m
624,31-526,95.2,promien_500m
624,31-515,136.5,promien_500m
624,31-524,137.9,promien_500m
624,31-546,144.0,promien_500m
624,31-521,187.3,promien_500m
624,31-042,189.6,promien_500m
624,30-305,195.2,promien_500m
624,31-517,210.1,promien_500m
624,31-514,217.8,promien_500m
624,31-542,228.0,promien_500m
624,31-513,234.4,promien_500m
624,31-516,237.3,promien_500m
624,31-547,240.7,promien_500m
624,31-545,260.5,promien_500m
624,31-509,313.4,promien_500m
624,31-543,316.7,promien_500m
624,31-527,368.4,promien_500m
624,31-505,412.9,promien_500m
624,31-463,422.7,promien_500m
624,31-462,450.1,promien_500m
624,30-731,467.2,promien_500m
624,31-034,478.9,promien_500m
624,31-553,479.2,promien_500m
624,31-506,482.5,promien_500m
625,31-524,0.0,promien_500m
625,31-523,2.7,promien_500m
625,31-526,35.4,promien_500m
625,30-305,51.2,promien_500m
625,31-525,54.0,promien_500m
625,31-042,125.6,promien_500m
625,31-546,138.7,promien_500m
625,31-545,175.1,promien_500m
625,31-527,181.6,promien_500m
625,31-542,218.1,promien_500m
625,31-518,237.6,promien_500m
625,31-543,254.5,promien_500m
625,31-463,291.7,promien_500m
625,31-547,294.7,promien_500m
625,31-515,313.3,promien_500m
625,31-517,319.8,promien_500m
625,31-521,330.1,promien_500m
625,31-553,332.2,promien_500m
625,31-462,346.3,promien_500m
625,31-516,384.7,promien_500m
625,31-514,395.1,promien_500m
625,31-513,409.1,promien_500m
625,30-731,478.5,promien_500m
625,31-509,498.8,promien_500m
626,31-523,0.0,promien_500m
626,31-525,34.9,promien_500m
626,31-524,56.1,promien_500m
626,31-526,60.9,promien_500m
626,30-305,84.1,promien_500m
626,31-527,100.9,promien_500m
626,31-546,116.9,promien_500m
626,31-042,170.5,promien_500m
626,31-545,170.6,promien_500m
626,31-542,240.0,promien_500m
626,31-463,257.7,promien_500m
626,31-543,258.2,promien_500m
626,31-553,269.8,promien_500m
626,31-518,305.9,promien_500m
626,31-462,330.8,promien_500m
626,31-547,346.2,promien_500m
626,31-517,375.5,promien_500m
626,31-515,395.1,promien_500m
626,31-521,403.8,promien_500m
626,31-516,458.0,promien_500m
626,31-120,461.5,promien_500m
626,31-514,475.5,promien_500m
626,31-513,491.7,promien_500m
627,31-527,0.0,promien_500m
627,31-523,4.2,promien_500m
627,31-525,4.9,promien_500m
627,31-546,112.3,promien_500m
627,31-545,132.2,promien_500m
627,31-524,164.6,promien_500m
627,31-526,169.4,promien_500m
627,30-305,190.8,promien_500m
627,31-553,208.2,promien_500m
627,31-463,221.2,promien_500m
627,31-543,235.9,promien_500m
627,31-042,268.0,promien_500m
627,31-542,308.8,promien_500m
627,31-462,345.0,promien_500m
627,31-518,367.4,promien_500m
627,31-445,403.6,promien_500m
627,31-120,404.4,promien_500m
627,31-517,423.9,promien_500m
627,31-547,435.7,promien_500m
627,31-571,447.2,promien_500m
627,31-444,450.2,promien_500m
628,31-525,0.0,promien_500m
628,31-518,35.6,promien_500m
628,31-523,48.7,promien_500m
628,31-526,51.5,promien_500m
628,31-521,72.1,promien_500m
628,31-514,106.6,promien_500m
628,31-516,115.6,promien_500m
628,31-515,120.2,promien_500m
628,31-546,141.5,promien_500m
628,31-542,156.4,promien_500m
628,31-547,174.5,promien_500m
628,31-513,216.2,promien_500m
628,31-509,216.9,promien_500m
628,31-517,239.2,promien_500m
628,31-524,241.9,promien_500m
628,31-545,276.2,promien_500m
628,31-505,294.7,promien_500m
628,30-305,308.9,promien_500m
628,31-042,312.9,promien_500m
628,31-543,324.0,promien_500m
628,31-034,359.4,promien_500m
628,31-506,365.6,promien_500m
628,31-503,381.1,promien_500m
628,31-512,412.4,promien_500m
628,31-501,446.0,promien_500m
628,31-510,450.8,promien_500m
628,31-527,469.5,promien_500m
628,31-549,472.6,promien_500m
629,31-525,0.0,promien_500m
629,31-526,10.1,promien_500m
629,31-523,23.5,promien_500m
629,31-546,52.0,promien_500m
629,31-518,101.2,promien_500m
629,31-524,133.6,promien_500m
629,31-542,134.2,promien_500m
629,31-521,143.5,promien_500m
629,31-547,149.9,promien_500m
629,31-545,180.9,promien_500m
629,31-516,198.1,promien_500m
629,31-515,205.8,promien_500m
629,30-305,216.5,promien_500m
629,31-514,218.7,promien_500m
629,31-543,231.7,promien_500m
629,31-042,245.5,promien_500m
629,31-517,294.3,promien_500m
629,31-513,301.3,promien_500m
629,31-509,329.9,promien_500m
629,31-527,362.2,promien_500m
629,31-505,395.1,promien_500m
629,31-553,415.1,promien_500m
629,31-034,422.8,promien_500m
629,31-503,452.1,promien_500m
629,31-463,466.9,promien_500m
629,31-506,469.9,promien_500m
629,31-549,485.7,promien_500m
630,31-526,0.0,promien_500m
630,31-525,39.4,promien_500m
630,31-546,44.2,promien_500m
630,31-523,47.4,promien_500m
630,31-521,95.9,promien_500m
630,31-542,99.1,promien_500m
630,31-547,99.5,promien_500m
630,31-518,116.6,promien_500m
630,31-516,148.2,promien_500m
630,31-545,179.4,promien_500m
630,31-514,181.4,promien_500m
630,31-524,185.7,promien_500m
630,31-515,217.6,promien_500m
630,31-543,226.4,promien_500m
630,30-305,275.2,promien_500m
630,31-509,301.1,promien_500m
630,31-042,306.0,promien_500m
630,31-513,310.6,promien_500m
630,31-517,320.5,promien_500m
630,31-505,346.0,promien_500m
630,31-034,363.4,promien_500m
630,31-503,393.6,promien_500m
630,31-527,411.3,promien_500m
630,31-506,423.4,promien_500m
630,31-549,428.2,promien_500m
630,31-553,429.2,promien_500m
630,31-512,455.7,promien_500m
630,31-501,467.1,promien_500m
631,31-525,0.0,promien_500m
631,31-526,10.7,promien_500m
631,31-524,45.3,promien_500m
631,31-523,54.2,promien_500m
631,31-546,59.7,promien_500m
631,31-545,85.5,promien_500m
631,31-542,130.9,promien_500m
631,30-305,140.8,promien_500m
631,31-543,165.0,promien_500m
631,31-527,207.6,promien_500m
631,31-042,214.1,promien_500m
631,31-547,229.5,promien_500m
631,31-518,252.3,promien_500m
631,31-553,271.6,promien_500m
631,31-521,300.5,promien_500m
631,31-515,346.5,promien_500m
631,31-516,353.1,promien_500m
631,31-463,367.4,promien_500m
631,31-514,384.2,promien_500m
631,31-517,393.6,promien_500m
631,31-462,430.2,promien_500m
631,31-513,444.5,promien_500m
631,31-120,446.0,promien_500m
631,31-509,495.5,promien_500m
632,31-525,0.0,promien_500m
632,31-523,38.0,promien_500m
632,31-546,63.0,promien_500m
632,31-545,70.1,promien_500m
632,31-527,71.1,promien_500m
632,31-526,127.6,promien_500m
632,31-524,162.1,promien_500m
632,31-553,163.9,promien_500m
632,31-543,171.4,promien_500m
632,30-305,191.9,promien_500m
632,31-542,237.5,promien_500m
632,31-042,278.0,promien_500m
632,31-463,296.3,promien_500m
632,31-120,358.7,promien_500m
632,31-547,369.7,promien_500m
632,31-462,403.6,promien_500m
632,31-518,403.9,promien_500m
632,31-521,459.4,promien_500m
632,31-445,460.5,promien_500m
632,31-517,468.2,promien_500m
632,31-571,486.4,promien_500m
632,31-515,493.1,promien_500m
633,31-516,0.0,promien_500m
633,31-514,13.3,promien_500m
633,31-509,32.2,promien_500m
633,31-505,68.0,promien_500m
633,31-525,102.8,promien_500m
633,31-506,139.3,promien_500m
633,31-547,145.4,promien_500m
633,31-521,155.3,promien_500m
633,31-518,159.0,promien_500m
633,31-542,170.6,promien_500m
633,31-503,183.7,promien_500m
633,31-512,190.2,promien_500m
633,31-515,207.3,promien_500m
633,31-034,210.8,promien_500m
633,31-526,223.9,promien_500m
633,31-501,250.6,promien_500m
633,31-523,274.3,promien_500m
633,31-513,276.6,promien_500m
633,31-546,305.1,promien_500m
633,31-510,313.5,promien_500m
633,31-517,343.0,promien_500m
633,31-549,367.0,promien_500m
633,31-511,408.9,promien_500m
633,31-531,436.1,promien_500m
633,31-545,447.6,promien_500m
633,31-543,451.4,promien_500m
633,31-524,458.4,promien_500m
634,31-525,0.0,promien_500m
634,31-516,14.6,promien_500m
634,31-542,30.8,promien_500m
634,31-547,60.6,promien_500m
634,31-521,61.7,promien_500m
634,31-526,66.8,promien_500m
634,31-514,83.0,promien_500m
634,31-546,154.7,promien_500m
634,31-509,187.8,promien_500m
634,31-518,190.3,promien_500m
634,31-523,190.3,promien_500m
634,31-505,197.7,promien_500m
634,31-034,203.2,promien_500m
634,31-503,231.0,promien_500m
634,31-515,236.5,promien_500m
634,31-506,269.5,promien_500m
634,31-543,293.0,promien_500m
634,31-545,294.9,promien_500m
634,31-512,299.4,promien_500m
634,31-501,303.8,promien_500m
634,31-549,315.1,promien_500m
634,31-513,332.0,promien_500m
634,31-524,348.6,promien_500m
634,31-517,380.8,promien_500m
634,31-531,428.9,promien_500m
634,30-305,437.6,promien_500m
634,31-541,451.0,promien_500m
634,31-042,460.4,promien_500m
634,31-510,468.0,promien_500m
635,31-525,0.0,promien_500m
635,31-521,9.7,promien_500m
635,31-526,35.9,promien_500m
635,31-516,49.6,promien_500m
635,31-542,63.6,promien_500m
635,31-514,89.0,promien_500m
635,31-547,103.3,promien_500m
635,31-546,114.3,promien_500m
635,31-523,122.5,promien_500m
635,31-518,131.4,promien_500m
635,31-515,194.4,promien_500m
635,31-509,210.7,promien_500m
635,31-505,246.3,promien_500m
635,31-545,256.5,promien_500m
635,31-034,271.3,promien_500m
635,31-524,285.8,promien_500m
635,31-513,293.5,promien_500m
635,31-543,295.6,promien_500m
635,31-503,298.1,promien_500m
635,31-506,323.0,promien_500m
635,31-517,332.7,promien_500m
635,31-512,355.1,promien_500m
635,31-501,369.2,promien_500m
635,30-305,371.6,promien_500m
635,31-549,373.9,promien_500m
635,31-042,392.3,promien_500m
635,31-510,474.2,promien_500m
635,31-531,496.3,promien_500m
636,31-526,0.0,promien_500m
636,31-547,24.0,promien_500m
636,31-542,24.7,promien_500m
636,31-546,39.5,promien_500m
636,31-525,45.5,promien_500m
636,31-521,93.4,promien_500m
636,31-516,127.0,promien_500m
636,31-523,128.6,promien_500m
636,31-514,171.2,promien_500m
636,31-545,179.6,promien_500m
636,31-518,184.1,promien_500m
636,31-543,213.5,promien_500m
636,31-524,249.5,promien_500m
636,31-515,265.5,promien_500m
636,31-509,291.2,promien_500m
636,31-034,298.0,promien_500m
636,31-505,313.2,promien_500m
636,31-503,332.4,promien_500m
636,31-549,345.7,promien_500m
636,30-305,346.6,promien_500m
636,31-513,364.4,promien_500m
636,31-506,385.1,promien_500m
636,31-042,385.2,promien_500m
636,31-517,388.9,promien_500m
636,31-501,409.3,promien_500m
636,31-512,414.3,promien_500m
636,31-553,431.3,promien_500m
636,31-527,457.6,promien_500m
636,31-541,473.0,promien_500m
637,30-106,0.0,promien_500m
637,30-110,2.3,promien_500m
637,30-103,32.9,promien_500m
637,31-002,36.5,promien_500m
637,30-108,44.7,promien_500m
637,31-156,54.3,promien_500m
637,30-107,58.6,promien_500m
637,30-112,101.3,promien_500m
637,30-109,115.2,promien_500m
637,30-105,130.1,promien_500m
637,31-109,155.8,promien_500m
637,31-112,195.2,promien_500m
637,30-102,197.4,promien_500m
637,30-114,210.3,promien_500m
637,30-117,223.1,promien_500m
637,30-111,235.4,promien_500m
637,31-117,255.0,promien_500m
637,30-118,291.1,promien_500m
637,30-119,373.3,promien_500m
637,30-319,379.2,promien_500m
637,30-101,382.4,promien_500m
637,30-323,397.7,promien_500m
637,30-060,399.2,promien_500m
637,30-062,411.4,promien_500m
637,30-063,414.3,promien_500m
637,30-116,414.7,promien_500m
637,30-201,417.6,promien_500m
637,30-328,424.3,promien_500m
637,31-111,438.9,promien_500m
637,30-059,440.5,promien_500m
637,30-303,442.1,promien_500m
637,31-106,454.3,promien_500m
637,30-317,489.8,promien_500m
638,31-546,0.0,promien_500m
638,31-545,16.5,promien_500m
638,31-525,30.3,promien_500m
638,31-553,63.2,promien_500m
638,31-527,95.2,promien_500m
638,31-543,105.8,promien_500m
638,31-523,137.5,promien_500m
638,31-526,204.3,promien_500m
638,31-120,259.1,promien_500m
638,31-542,268.8,promien_500m
638,31-524,269.0,promien_500m
638,30-305,304.3,promien_500m
638,31-463,347.5,promien_500m
638,31-042,390.1,promien_500m
638,31-571,406.7,promien_500m
638,31-547,407.8,promien_500m
638,31-445,413.9,promien_500m
638,31-462,489.7,promien_500m
638,31-572,490.7,promien_500m
638,31-444,494.5,promien_500m
639,31-524,0.0,promien_500m
639,31-523,17.7,promien_500m
639,31-518,40.6,promien_500m
639,31-517,81.3,promien_500m
639,31-042,123.1,promien_500m
639,30-305,155.4,promien_500m
639,31-516,193.0,promien_500m
639,31-526,209.9,promien_500m
639,30-731,213.4,promien_500m
639,31-463,219.7,promien_500m
639,31-515,222.8,promien_500m
639,31-521,230.3,promien_500m
639,31-462,231.7,promien_500m
639,31-513,282.8,promien_500m
639,31-525,286.7,promien_500m
639,31-514,310.2,promien_500m
639,31-429,312.0,promien_500m
639,31-527,376.6,promien_500m
639,31-546,377.7,promien_500m
639,31-545,444.1,promien_500m
639,31-542,464.1,promien_500m
639,31-509,483.1,promien_500m
639,31-519,485.6,promien_500m
639,31-547,491.4,promien_500m
640,31-525,0.0,promien_500m
640,31-514,20.6,promien_500m
640,31-518,23.0,promien_500m
640,31-515,69.0,promien_500m
640,31-516,97.3,promien_500m
640,31-509,109.8,promien_500m
640,31-521,115.5,promien_500m
640,31-523,138.9,promien_500m
640,31-526,150.0,promien_500m
640,31-513,156.8,promien_500m
640,31-542,205.5,promien_500m
640,31-505,209.3,promien_500m
640,31-517,211.7,promien_500m
640,31-547,228.2,promien_500m
640,31-546,243.0,promien_500m
640,31-506,276.1,promien_500m
640,31-524,309.8,promien_500m
640,31-503,332.0,promien_500m
640,31-034,333.2,promien_500m
640,31-512,339.0,promien_500m
640,31-510,343.3,promien_500m
640,31-545,379.4,promien_500m
640,31-042,392.9,promien_500m
640,31-501,394.9,promien_500m
640,30-305,404.4,promien_500m
640,31-543,425.1,promien_500m
640,31-549,476.2,promien_500m
641,31-525,0.0,promien_500m
641,31-521,29.3,promien_500m
641,31-516,38.9,promien_500m
641,31-514,44.5,promien_500m
641,31-526,89.0,promien_500m
641,31-518,94.8,promien_500m
641,31-542,120.5,promien_500m
641,31-523,130.8,promien_500m
641,31-515,141.3,promien_500m
641,31-547,155.2,promien_500m
641,31-509,162.6,promien_500m
641,31-546,168.9,promien_500m
641,31-505,217.7,promien_500m
641,31-513,238.5,promien_500m
641,31-034,280.9,promien_500m
641,31-517,285.2,promien_500m
641,31-506,290.4,promien_500m
641,31-503,300.1,promien_500m
641,31-545,310.4,promien_500m
641,31-524,313.1,promien_500m
641,31-512,331.5,promien_500m
641,31-543,352.6,promien_500m
641,31-501,363.7,promien_500m
641,30-305,388.0,promien_500m
641,31-042,395.3,promien_500m
641,31-549,409.5,promien_500m
641,31-510,414.4,promien_500m
642,31-526,0.0,promien_500m
642,31-546,13.3,promien_500m
642,31-525,27.4,promien_500m
642,31-545,31.1,promien_500m
642,31-542,77.0,promien_500m
642,31-524,100.0,promien_500m
642,31-523,106.7,promien_500m
642,31-543,110.0,promien_500m
642,31-547,193.5,promien_500m
642,30-305,196.0,promien_500m
642,31-527,236.8,promien_500m
642,31-553,246.4,promien_500m
642,31-042,268.4,promien_500m
642,31-518,269.2,promien_500m
642,31-521,288.3,promien_500m
642,31-516,336.8,promien_500m
642,31-515,367.6,promien_500m
642,31-514,373.4,promien_500m
642,31-120,412.0,promien_500m
642,31-463,419.4,promien_500m
642,31-517,438.6,promien_500m
642,31-513,466.0,promien_500m
642,31-462,484.6,promien_500m
642,31-509,493.5,promien_500m
644,31-514,0.0,promien_500m
644,31-515,68.2,promien_500m
644,31-513,68.4,promien_500m
644,31-510,112.6,promien_500m
644,31-517,114.2,promien_500m
644,31-518,142.4,promien_500m
644,31-516,224.8,promien_500m
644,31-521,260.0,promien_500m
644,31-519,297.0,promien_500m
644,31-523,304.7,promien_500m
644,31-509,321.2,promien_500m
644,31-524,344.8,promien_500m
644,31-525,365.4,promien_500m
644,30-731,423.7,promien_500m
644,31-429,450.7,promien_500m
645,31-514,0.0,promien_500m
645,31-513,17.4,promien_500m
645,31-515,69.5,promien_500m
645,31-518,108.2,promien_500m
645,31-517,111.6,promien_500m
645,31-509,154.2,promien_500m
645,31-525,168.5,promien_500m
645,31-523,190.0,promien_500m
645,31-510,206.9,promien_500m
645,31-516,275.4,promien_500m
645,31-505,317.7,promien_500m
645,31-524,323.2,promien_500m
645,31-521,328.9,promien_500m
645,31-526,340.8,promien_500m
645,31-506,365.7,promien_500m
645,31-542,418.7,promien_500m
645,31-546,428.7,promien_500m
645,31-547,435.7,promien_500m
645,31-042,439.5,promien_500m
645,31-512,454.0,promien_500m
645,31-503,455.3,promien_500m
645,30-305,484.0,promien_500m
645,31-519,490.9,promien_500m
646,31-523,0.0,promien_500m
646,31-527,68.5,promien_500m
646,31-463,102.9,promien_500m
646,31-525,134.1,promien_500m
646,31-524,143.4,promien_500m
646,30-305,168.3,promien_500m
646,31-526,197.3,promien_500m
646,31-462,215.5,promien_500m
646,31-042,217.0,promien_500m
646,31-546,218.5,promien_500m
646,31-518,263.7,promien_500m
646,31-545,263.9,promien_500m
646,31-517,305.6,promien_500m
646,31-553,336.6,promien_500m
646,31-543,367.5,promien_500m
646,31-444,369.5,promien_500m
646,31-445,387.3,promien_500m
646,31-542,401.5,promien_500m
646,31-521,417.9,promien_500m
646,31-516,450.1,promien_500m
646,30-731,455.2,promien_500m
646,31-571,475.7,promien_500m
646,31-515,488.0,promien_500m
647,31-523,0.0,promien_500m
647,31-524,20.9,promien_500m
647,31-518,26.7,promien_500m
647,31-517,79.1,promien_500m
647,31-515,127.5,promien_500m
647,31-042,142.0,promien_500m
647,30-305,186.2,promien_500m
647,31-526,192.1,promien_500m
647,31-525,206.9,promien_500m
647,31-513,215.8,promien_500m
647,31-514,240.0,promien_500m
647,31-516,277.3,promien_500m
647,30-731,303.2,promien_500m
647,31-546,303.4,promien_500m
647,31-463,318.1,promien_500m
647,31-521,326.5,promien_500m
647,31-462,327.6,promien_500m
647,31-509,386.1,promien_500m
647,31-527,389.2,promien_500m
647,31-545,389.5,promien_500m
647,31-542,390.0,promien_500m
647,31-547,406.0,promien_500m
647,31-429,407.5,promien_500m
647,31-543,459.0,promien_500m
647,31-510,461.7,promien_500m
648,31-525,0.0,promien_500m
648,31-546,32.4,promien_500m
648,31-526,47.2,promien_500m
648,31-523,53.0,promien_500m
648,31-524,72.2,promien_500m
648,31-542,115.3,promien_500m
648,31-545,119.6,promien_500m
648,31-547,165.9,promien_500m
648,30-305,172.2,promien_500m
648,31-518,173.5,promien_500m
648,31-543,179.4,promien_500m
648,31-521,212.8,promien_500m
648,31-042,225.9,promien_500m
648,31-516,266.2,promien_500m
648,31-515,271.7,promien_500m
648,31-527,293.1,promien_500m
648,31-514,295.5,promien_500m
648,31-553,342.4,promien_500m
648,31-517,350.1,promien_500m
648,31-513,369.9,promien_500m
648,31-509,407.0,promien_500m
648,31-463,421.3,promien_500m
648,31-505,464.1,promien_500m
648,31-462,470.8,promien_500m
648,31-034,474.2,promien_500m
649,31-516,0.0,promien_500m
649,31-521,16.1,promien_500m
649,31-518,52.4,promien_500m
649,31-517,63.6,promien_500m
649,31-515,118.2,promien_500m
649,31-429,131.5,promien_500m
649,30-731,158.9,promien_500m
649,31-513,160.4,promien_500m
649,31-519,189.2,promien_500m
649,31-514,204.3,promien_500m
649,31-463,217.7,promien_500m
649,31-524,258.2,promien_500m
649,31-432,258.8,promien_500m
649,31-428,260.9,promien_500m
649,31-523,277.9,promien_500m
649,31-510,299.9,promien_500m
649,31-462,375.1,promien_500m
649,31-431,411.6,promien_500m
649,31-042,431.4,promien_500m
649,30-305,447.6,promien_500m
649,31-435,468.5,promien_500m
650,31-523,0.0,promien_500m
650,31-524,34.0,promien_500m
650,31-042,70.9,promien_500m
650,31-526,92.4,promien_500m
650,30-305,109.2,promien_500m
650,31-518,116.8,promien_500m
650,31-525,132.5,promien_500m
650,31-517,177.3,promien_500m
650,31-515,186.1,promien_500m
650,31-546,223.4,promien_500m
650,31-513,284.1,promien_500m
650,31-545,293.9,promien_500m
650,31-527,297.4,promien_500m
650,31-463,301.9,promien_500m
650,31-514,304.7,promien_500m
650,31-542,309.7,promien_500m
650,31-521,310.5,promien_500m
650,31-462,326.6,promien_500m
650,31-547,341.3,promien_500m
650,31-516,347.5,promien_500m
650,30-731,367.2,promien_500m
650,31-543,367.3,promien_500m
650,31-509,416.6,promien_500m
650,31-429,461.3,promien_500m
650,31-553,477.6,promien_500m
651,31-515,0.0,promien_500m
651,31-518,16.1,promien_500m
651,31-514,29.7,promien_500m
651,31-525,60.5,promien_500m
651,31-513,75.3,promien_500m
651,31-523,120.4,promien_500m
651,31-517,123.1,promien_500m
651,31-509,141.2,promien_500m
651,31-516,185.3,promien_500m
651,31-521,192.1,promien_500m
651,31-526,194.2,promien_500m
651,31-524,250.0,promien_500m
651,31-505,276.0,promien_500m
651,31-542,282.1,promien_500m
651,31-546,282.4,promien_500m
651,31-547,313.0,promien_500m
651,31-510,336.6,promien_500m
651,31-506,338.5,promien_500m
651,31-042,349.9,promien_500m
651,30-305,379.4,promien_500m
651,31-503,409.7,promien_500m
651,31-512,412.5,promien_500m
651,31-545,414.7,promien_500m
651,31-034,421.3,promien_500m
651,31-543,463.9,promien_500m
651,31-501,477.6,promien_500m
652,31-543,0.0,promien_500m
652,31-542,22.4,promien_500m
652,31-547,169.3,promien_500m
652,31-548,174.8,promien_500m
652,31-553,195.6,promien_500m
652,31-541,206.7,promien_500m
652,31-564,216.0,promien_500m
652,31-549,258.1,promien_500m
652,31-552,355.4,promien_500m
652,31-559,371.5,promien_500m
652,31-545,392.5,promien_500m
652,31-539,406.0,promien_500m
652,31-120,423.5,promien_500m
652,31-034,431.1,promien_500m
652,31-546,460.4,promien_500m
652,31-526,462.1,promien_500m
652,31-531,466.7,promien_500m
652,31-525,496.8,promien_500m
653,31-543,0.0,promien_500m
653,31-548,17.4,promien_500m
653,31-542,66.9,promien_500m
653,31-564,85.2,promien_500m
653,31-552,188.1,promien_500m
653,31-541,218.8,promien_500m
653,31-559,225.0,promien_500m
653,31-547,279.3,promien_500m
653,31-553,282.9,promien_500m
653,31-549,338.7,promien_500m
653,31-531,349.1,promien_500m
653,31-539,372.7,promien_500m
654,31-552,0.0,promien_500m
654,31-559,28.6,promien_500m
654,31-543,93.8,promien_500m
654,31-548,99.1,promien_500m
654,31-531,115.0,promien_500m
654,31-564,175.8,promien_500m
654,31-553,212.2,promien_500m
654,31-542,219.1,promien_500m
654,31-560,278.8,promien_500m
654,31-541,383.6,promien_500m
654,31-566,487.0,promien_500m
655,30-525,0.0,promien_500m
655,30-523,133.6,promien_500m
655,30-526,196.9,promien_500m
655,30-570,199.6,promien_500m
655,30-538,209.0,promien_500m
655,30-519,220.3,promien_500m
655,30-513,252.5,promien_500m
655,30-521,258.6,promien_500m
655,30-504,273.0,promien_500m
655,30-520,305.3,promien_500m
655,31-553,305.3,promien_500m
655,30-560,308.7,promien_500m
655,30-522,324.8,promien_500m
655,30-512,342.1,promien_500m
655,30-515,347.9,promien_500m
655,30-516,369.2,promien_500m
655,31-538,379.3,promien_500m
655,30-509,399.1,promien_500m
655,30-510,423.0,promien_500m
655,30-505,428.0,promien_500m
655,30-524,429.1,promien_500m
655,30-539,434.4,promien_500m
655,30-116,455.3,promien_500m
655,30-503,469.6,promien_500m
655,30-537,469.7,promien_500m
655,30-518,469.8,promien_500m
655,31-518,480.7,promien_500m
655,31-457,481.6,promien_500m
655,30-533,487.9,promien_500m
655,30-535,497.9,promien_500m
656,30-512,0.0,promien_500m
656,30-513,24.8,promien_500m
656,30-503,29.9,promien_500m
656,30-502,31.0,promien_500m
656,30-504,118.9,promien_500m
656,30-331,128.9,promien_500m
656,30-116,140.1,promien_500m
656,31-067,168.8,promien_500m
656,30-332,174.3,promien_500m
656,30-515,175.5,promien_500m
656,30-521,199.3,promien_500m
656,30-510,200.6,promien_500m
656,30-520,212.7,promien_500m
656,30-519,229.6,promien_500m
656,31-066,233.6,promien_500m
656,30-501,264.0,promien_500m
656,30-523,293.5,promien_500m
656,31-553,305.5,promien_500m
656,30-508,323.2,promien_500m
656,30-525,325.8,promien_500m
656,30-509,337.1,promien_500m
656,30-516,345.4,promien_500m
656,30-507,356.8,promien_500m
656,31-035,379.5,promien_500m
656,30-560,404.8,promien_500m
656,30-302,409.4,promien_500m
656,30-505,438.9,promien_500m
656,30-333,442.2,promien_500m
656,30-506,446.0,promien_500m
656,31-061,466.4,promien_500m
656,30-518,476.6,promien_500m
656,31-518,476.6,promien_500m
656,31-064,483.1,promien_500m
656,30-522,497.2,promien_500m
656,30-334,499.3,promien_500m
657,31-542,0.0,promien_500m
657,31-547,25.2,promien_500m
657,31-526,32.4,promien_500m
657,31-525,40.8,promien_500m
657,31-546,88.7,promien_500m
657,31-516,100.0,promien_500m
657,31-521,111.3,promien_500m
657,31-514,170.9,promien_500m
657,31-523,190.7,promien_500m
657,31-543,202.1,promien_500m
657,31-545,221.4,promien_500m
657,31-518,232.2,promien_500m
657,31-034,239.2,promien_500m
657,31-503,276.1,promien_500m
657,31-509,279.4,promien_500m
657,31-505,280.8,promien_500m
657,31-549,282.6,promien_500m
657,31-515,299.8,promien_500m
657,31-524,313.9,promien_500m
657,31-506,345.9,promien_500m
657,31-501,354.5,promien_500m
657,31-512,372.2,promien_500m
657,31-513,398.9,promien_500m
657,31-541,411.5,promien_500m
657,30-305,412.2,promien_500m
657,31-517,435.6,promien_500m
657,31-531,438.0,promien_500m
657,31-553,449.1,promien_500m
657,31-042,451.4,promien_500m
658,31-547,0.0,promien_500m
658,31-542,7.2,promien_500m
658,31-526,20.3,promien_500m
658,31-546,35.6,promien_500m
658,31-525,70.9,promien_500m
658,31-521,132.8,promien_500m
658,31-516,150.5,promien_500m
658,31-545,166.0,promien_500m
658,31-523,167.9,promien_500m
658,31-543,172.5,promien_500m
658,31-514,204.9,promien_500m
658,31-518,228.0,promien_500m
658,31-524,267.2,promien_500m
658,31-034,293.9,promien_500m
658,31-515,309.5,promien_500m
658,31-549,313.2,promien_500m
658,31-509,321.2,promien_500m
658,31-503,331.3,promien_500m
658,31-505,332.0,promien_500m
658,30-305,367.7,promien_500m
658,31-506,399.4,promien_500m
658,31-513,408.5,promien_500m
658,31-501,409.9,promien_500m
658,31-553,410.1,promien_500m
658,31-042,413.7,promien_500m
658,31-512,426.5,promien_500m
658,31-517,432.9,promien_500m
658,31-541,436.5,promien_500m
658,31-527,459.6,promien_500m
658,31-531,485.6,promien_500m
659,31-542,0.0,promien_500m
659,31-546,22.3,promien_500m
659,31-526,59.7,promien_500m
659,31-547,62.3,promien_500m
659,31-545,79.7,promien_500m
659,31-543,108.7,promien_500m
659,31-525,111.1,promien_500m
659,31-523,173.9,promien_500m
659,31-521,196.3,promien_500m
659,31-524,210.1,promien_500m
659,31-516,232.5,promien_500m
659,31-518,248.3,promien_500m
659,31-514,276.7,promien_500m
659,30-305,312.4,promien_500m
659,31-553,326.1,promien_500m
659,31-515,349.7,promien_500m
659,31-549,366.6,promien_500m
659,31-042,371.7,promien_500m
659,31-034,378.4,promien_500m
659,31-527,378.6,promien_500m
659,31-509,397.2,promien_500m
659,31-505,416.1,promien_500m
659,31-503,416.6,promien_500m
659,31-513,444.1,promien_500m
659,31-517,451.0,promien_500m
659,31-120,453.1,promien_500m
659,31-541,471.4,promien_500m
659,31-506,485.1,promien_500m
659,31-501,495.4,promien_500m
660,31-547,0.0,promien_500m
660,31-542,51.9,promien_500m
660,31-525,100.6,promien_500m
660,31-516,104.2,promien_500m
660,31-526,110.6,promien_500m
660,31-546,153.0,promien_500m
660,31-514,162.3,promien_500m
660,31-521,177.1,promien_500m
660,31-543,187.7,promien_500m
660,31-034,192.6,promien_500m
660,31-549,204.5,promien_500m
660,31-503,235.5,promien_500m
660,31-545,268.5,promien_500m
660,31-523,268.9,promien_500m
660,31-505,281.8,promien_500m
660,31-518,305.2,promien_500m
660,31-509,305.9,promien_500m
660,31-501,314.2,promien_500m
660,31-506,333.2,promien_500m
660,31-541,333.9,promien_500m
660,31-512,353.7,promien_500m
660,31-515,365.2,promien_500m
660,31-531,368.6,promien_500m
660,31-524,384.7,promien_500m
660,31-553,439.0,promien_500m
660,31-539,443.6,promien_500m
660,31-513,462.8,promien_500m
660,30-305,485.0,promien_500m
661,31-542,0.0,promien_500m
661,31-547,4.4,promien_500m
661,31-526,89.8,promien_500m
661,31-546,96.6,promien_500m
661,31-543,119.2,promien_500m
661,31-525,121.3,promien_500m
661,31-516,170.9,promien_500m
661,31-545,183.9,promien_500m
661,31-521,191.1,promien_500m
661,31-523,238.8,promien_500m
661,31-514,241.1,promien_500m
661,31-549,253.1,promien_500m
661,31-034,278.5,promien_500m
661,31-518,298.6,promien_500m
661,31-524,321.3,promien_500m
661,31-503,321.4,promien_500m
661,31-505,353.6,promien_500m
661,31-509,360.9,promien_500m
661,31-553,368.5,promien_500m
661,31-541,368.7,promien_500m
661,31-515,375.7,promien_500m
661,31-501,400.2,promien_500m
661,31-506,412.1,promien_500m
661,30-305,423.5,promien_500m
661,31-512,434.9,promien_500m
661,31-531,445.0,promien_500m
661,31-513,475.0,promien_500m
661,31-042,476.2,promien_500m
661,31-527,490.8,promien_500m
661,31-120,498.5,promien_500m
662,31-549,0.0,promien_500m
662,31-547,24.0,promien_500m
662,31-034,99.5,promien_500m
662,31-541,116.9,promien_500m
662,31-542,143.7,promien_500m
662,31-531,178.3,promien_500m
662,31-501,195.2,promien_500m
662,31-539,211.3,promien_500m
662,31-516,213.9,promien_500m
662,31-503,239.8,promien_500m
662,31-543,258.5,promien_500m
662,31-514,267.6,promien_500m
662,31-525,284.5,promien_500m
662,31-526,344.9,promien_500m
662,31-512,351.3,promien_500m
662,31-506,376.1,promien_500m
662,31-505,377.3,promien_500m
662,31-546,381.9,promien_500m
662,31-521,397.5,promien_500m
662,31-548,419.8,promien_500m
662,31-509,426.2,promien_500m
662,31-545,460.0,promien_500m
662,31-553,490.0,promien_500m
663,31-547,0.0,promien_500m
663,31-549,116.0,promien_500m
663,31-542,136.4,promien_500m
663,31-034,158.8,promien_500m
663,31-516,167.2,promien_500m
663,31-525,170.2,promien_500m
663,31-543,172.1,promien_500m
663,31-514,197.6,promien_500m
663,31-526,198.9,promien_500m
663,31-503,231.6,promien_500m
663,31-546,231.7,promien_500m
663,31-541,244.7,promien_500m
663,31-521,264.3,promien_500m
663,31-501,303.3,promien_500m
663,31-531,305.7,promien_500m
663,31-545,319.3,promien_500m
663,31-505,321.6,promien_500m
663,31-506,355.6,promien_500m
663,31-523,357.2,promien_500m
663,31-539,361.4,promien_500m
663,31-509,364.5,promien_500m
663,31-512,368.4,promien_500m
663,31-518,393.7,promien_500m
663,31-553,428.9,promien_500m
663,31-515,450.2,promien_500m
663,31-524,462.5,promien_500m
663,31-548,495.9,promien_500m
664,31-547,0.0,promien_500m
664,31-549,41.1,promien_500m
664,31-542,102.8,promien_500m
664,31-034,158.5,promien_500m
664,31-541,163.5,promien_500m
664,31-543,172.8,promien_500m
664,31-516,228.2,promien_500m
664,31-525,247.4,promien_500m
664,31-514,259.7,promien_500m
664,31-503,264.2,promien_500m
664,31-531,266.0,promien_500m
664,31-501,279.2,promien_500m
664,31-526,280.0,promien_500m
664,31-539,291.7,promien_500m
664,31-546,306.9,promien_500m
664,31-521,346.5,promien_500m
664,31-545,373.1,promien_500m
664,31-505,379.4,promien_500m
664,31-512,398.5,promien_500m
664,31-506,400.2,promien_500m
664,31-553,416.4,promien_500m
664,31-548,420.6,promien_500m
664,31-509,426.4,promien_500m
664,31-523,437.9,promien_500m
664,31-518,476.1,promien_500m
664,31-564,488.6,promien_500m
665,31-543,0.0,promien_500m
665,31-542,50.2,promien_500m
665,31-553,86.3,promien_500m
665,31-547,176.0,promien_500m
665,31-548,247.9,promien_500m
665,31-545,264.0,promien_500m
665,31-120,284.5,promien_500m
665,31-564,303.7,promien_500m
665,31-549,326.8,promien_500m
665,31-541,328.8,promien_500m
665,31-546,351.6,promien_500m
665,31-526,381.0,promien_500m
665,31-525,414.0,promien_500m
665,31-552,451.2,promien_500m
665,31-516,487.2,promien_500m
665,31-034,489.8,promien_500m
666,31-549,0.0,promien_500m
666,31-547,22.9,promien_500m
666,31-541,23.7,promien_500m
666,31-542,85.9,promien_500m
666,31-539,152.7,promien_500m
666,31-034,166.6,promien_500m
666,31-531,177.8,promien_500m
666,31-501,222.4,promien_500m
666,31-543,235.3,promien_500m
666,31-516,304.8,promien_500m
666,31-503,327.2,promien_500m
666,31-548,336.1,promien_500m
666,31-514,360.9,promien_500m
666,31-525,375.7,promien_500m
666,31-512,422.7,promien_500m
666,31-559,425.4,promien_500m
666,31-526,425.8,promien_500m
666,31-564,446.8,promien_500m
666,31-546,454.9,promien_500m
666,31-506,459.3,promien_500m
666,31-505,466.1,promien_500m
666,31-553,474.8,promien_500m
666,31-521,485.5,promien_500m
666,31-552,498.0,promien_500m
667,31-547,0.0,promien_500m
667,31-541,2.6,promien_500m
667,31-542,18.6,promien_500m
667,31-549,44.3,promien_500m
667,31-543,169.5,promien_500m
667,31-539,189.0,promien_500m
667,31-034,232.4,promien_500m
667,31-531,238.7,promien_500m
667,31-548,275.2,promien_500m
667,31-501,289.2,promien_500m
667,31-516,358.3,promien_500m
667,31-559,377.4,promien_500m
667,31-564,379.7,promien_500m
667,31-503,384.4,promien_500m
667,31-514,408.0,promien_500m
667,31-525,410.2,promien_500m
667,31-553,417.4,promien_500m
667,31-552,438.0,promien_500m
667,31-526,443.2,promien_500m
667,31-546,462.9,promien_500m
667,31-512,487.7,promien_500m
667,31-545,498.6,promien_500m
668,31-542,0.0,promien_500m
668,31-547,41.1,promien_500m
668,31-541,53.6,promien_500m
668,31-543,104.3,promien_500m
668,31-549,107.1,promien_500m
668,31-548,245.4,promien_500m
668,31-539,255.7,promien_500m
668,31-034,286.1,promien_500m
668,31-531,308.3,promien_500m
668,31-564,325.9,promien_500m
668,31-553,347.6,promien_500m
668,31-501,354.2,promien_500m
668,31-559,369.7,promien_500m
668,31-516,393.1,promien_500m
668,31-552,407.4,promien_500m
668,31-525,421.1,promien_500m
668,31-503,423.9,promien_500m
668,31-526,432.4,promien_500m
668,31-514,433.6,promien_500m
668,31-546,444.1,promien_500m
668,31-545,450.8,promien_500m
669,31-542,0.0,promien_500m
669,31-543,24.3,promien_500m
669,31-553,124.5,promien_500m
669,31-547,192.5,promien_500m
669,31-548,205.9,promien_500m
669,31-564,237.5,promien_500m
669,31-541,274.9,promien_500m
669,31-549,303.2,promien_500m
669,31-545,339.8,promien_500m
669,31-120,348.5,promien_500m
669,31-552,384.2,promien_500m
669,31-546,419.9,promien_500m
669,31-559,432.1,promien_500m
669,31-526,442.7,promien_500m
669,31-034,473.9,promien_500m
669,31-539,476.3,promien_500m
669,31-525,490.4,promien_500m
670,31-541,0.0,promien_500m
670,31-542,39.8,promien_500m
670,31-549,56.9,promien_500m
670,31-547,59.9,promien_500m
670,31-539,118.0,promien_500m
670,31-531,187.5,promien_500m
670,31-543,192.4,promien_500m
670,31-034,227.2,promien_500m
670,31-501,261.4,promien_500m
670,31-548,269.2,promien_500m
670,31-559,350.7,promien_500m
670,31-516,381.7,promien_500m
670,31-503,401.1,promien_500m
670,31-564,408.0,promien_500m
670,31-552,433.0,promien_500m
670,31-514,440.3,promien_500m
670,31-525,456.4,promien_500m
670,31-553,482.4,promien_500m
670,31-512,483.5,promien_500m
671,31-542,0.0,promien_500m
671,31-541,25.2,promien_500m
671,31-547,33.3,promien_500m
671,31-549,96.0,promien_500m
671,31-543,119.7,promien_500m
671,31-539,225.4,promien_500m
671,31-548,230.6,promien_500m
671,31-034,283.5,promien_500m
671,31-531,286.2,promien_500m
671,31-564,328.2,promien_500m
671,31-501,340.8,promien_500m
671,31-559,345.2,promien_500m
671,31-553,375.2,promien_500m
671,31-552,393.8,promien_500m
671,31-516,402.0,promien_500m
671,31-503,430.3,promien_500m
671,31-525,441.6,promien_500m
671,31-514,447.4,promien_500m
671,31-526,461.0,promien_500m
671,31-546,475.1,promien_500m
671,31-545,487.0,promien_500m
672,31-541,0.0,promien_500m
672,31-542,37.3,promien_500m
672,31-539,94.7,promien_500m
672,31-549,133.0,promien_500m
672,31-547,138.7,promien_500m
672,31-543,165.5,promien_500m
672,31-548,197.8,promien_500m
672,31-531,199.7,promien_500m
672,31-034,282.7,promien_500m
672,31-559,290.8,promien_500m
672,31-501,303.8,promien_500m
672,31-552,382.8,promien_500m
672,31-564,398.9,promien_500m
672,31-516,453.3,promien_500m
672,31-532,460.5,promien_500m
672,31-540,464.5,promien_500m
672,31-503,469.4,promien_500m
673,31-543,0.0,promien_500m
673,31-542,45.1,promien_500m
673,31-548,92.9,promien_500m
673,31-564,139.7,promien_500m
673,31-541,224.2,promien_500m
673,31-553,226.0,promien_500m
673,31-547,234.2,promien_500m
673,31-552,272.6,promien_500m
673,31-559,298.0,promien_500m
673,31-549,298.9,promien_500m
673,31-539,389.0,promien_500m
673,31-531,433.6,promien_500m
673,31-120,460.8,promien_500m
673,31-545,470.2,promien_500m
673,31-034,479.1,promien_500m
674,31-543,0.0,promien_500m
674,31-564,84.9,promien_500m
674,31-548,110.6,promien_500m
674,31-542,113.9,promien_500m
674,31-553,139.4,promien_500m
674,31-552,236.1,promien_500m
674,31-547,346.8,promien_500m
674,31-559,347.9,promien_500m
674,31-541,356.4,promien_500m
674,31-120,376.4,promien_500m
674,31-531,428.6,promien_500m
674,31-549,432.9,promien_500m
674,31-545,476.9,promien_500m
675,31-542,0.0,promien_500m
675,31-541,41.5,promien_500m
675,31-543,63.4,promien_500m
675,31-547,122.4,promien_500m
675,31-548,144.9,promien_500m
675,31-549,164.1,promien_500m
675,31-539,204.5,promien_500m
675,31-559,244.4,promien_500m
675,31-564,279.7,promien_500m
675,31-552,306.8,promien_500m
675,31-531,312.3,promien_500m
675,31-034,355.2,promien_500m
675,31-501,393.9,promien_500m
675,31-553,401.9,promien_500m
675,31-516,492.5,promien_500m
676,31-543,0.0,promien_500m
676,31-564,41.1,promien_500m
676,31-548,82.3,promien_500m
676,31-542,148.1,promien_500m
676,31-553,157.6,promien_500m
676,31-552,193.3,promien_500m
676,31-559,304.1,promien_500m
676,31-541,361.5,promien_500m
676,31-547,380.4,promien_500m
676,31-531,388.9,promien_500m
676,31-120,407.7,promien_500m
676,31-549,456.8,promien_500m
676,31-560,470.7,promien_500m
677,31-541,0.0,promien_500m
677,31-539,58.1,promien_500m
677,31-542,86.8,promien_500m
677,31-548,147.2,promien_500m
677,31-543,170.5,promien_500m
677,31-549,183.3,promien_500m
677,31-547,192.4,promien_500m
677,31-531,219.2,promien_500m
677,31-559,259.8,promien_500m
677,31-034,322.2,promien_500m
677,31-501,336.9,promien_500m
677,31-552,358.5,promien_500m
677,31-564,406.0,promien_500m
677,31-540,412.0,promien_500m
677,31-532,416.2,promien_500m
678,31-542,0.0,promien_500m
678,31-543,14.9,promien_500m
678,31-541,55.3,promien_500m
678,31-548,76.2,promien_500m
678,31-559,168.8,promien_500m
678,31-547,198.1,promien_500m
678,31-539,200.9,promien_500m
678,31-549,235.8,promien_500m
678,31-552,238.1,promien_500m
678,31-564,250.8,promien_500m
678,31-531,356.9,promien_500m
678,31-034,422.1,promien_500m
678,31-553,424.8,promien_500m
678,31-501,453.1,promien_500m
678,31-540,490.1,promien_500m
679,31-543,0.0,promien_500m
679,31-548,13.5,promien_500m
679,31-542,66.8,promien_500m
679,31-564,115.5,promien_500m
679,31-552,152.5,promien_500m
679,31-559,172.2,promien_500m
679,31-541,181.8,promien_500m
679,31-547,281.4,promien_500m
679,31-531,308.9,promien_500m
679,31-539,336.0,promien_500m
679,31-549,336.0,promien_500m
679,31-553,336.1,promien_500m
680,31-548,0.0,promien_500m
680,31-542,30.1,promien_500m
680,31-559,37.0,promien_500m
680,31-541,80.0,promien_500m
680,31-543,119.3,promien_500m
680,31-552,145.2,promien_500m
680,31-539,190.8,promien_500m
680,31-531,229.9,promien_500m
680,31-564,302.6,promien_500m
680,31-547,365.1,promien_500m
680,31-540,374.2,promien_500m
680,31-549,391.1,promien_500m
680,31-532,413.1,promien_500m
681,31-542,0.0,promien_500m
681,31-548,21.2,promien_500m
681,31-543,29.4,promien_500m
681,31-541,75.6,promien_500m
681,31-559,75.6,promien_500m
681,31-552,153.5,promien_500m
681,31-539,224.4,promien_500m
681,31-564,242.9,promien_500m
681,31-531,270.2,promien_500m
681,31-547,291.7,promien_500m
681,31-549,327.1,promien_500m
681,31-540,449.1,promien_500m
681,31-553,467.6,promien_500m
681,31-532,481.4,promien_500m
682,31-548,0.0,promien_500m
682,31-542,24.8,promien_500m
682,31-552,68.5,promien_500m
682,31-543,70.7,promien_500m
682,31-559,96.8,promien_500m
682,31-564,137.6,promien_500m
682,31-541,191.5,promien_500m
682,31-531,219.0,promien_500m
682,31-539,338.2,promien_500m
682,31-553,352.7,promien_500m
682,31-547,354.2,promien_500m
682,31-549,402.6,promien_500m
682,31-560,492.2,promien_500m
683,31-548,0.0,promien_500m
683,31-564,51.2,promien_500m
683,31-552,79.4,promien_500m
683,31-543,81.7,promien_500m
683,31-542,111.2,promien_500m
683,31-559,160.7,promien_500m
683,31-531,246.3,promien_500m
683,31-541,267.2,promien_500m
683,31-553,277.8,promien_500m
683,31-547,384.6,promien_500m
683,31-539,420.8,promien_500m
683,31-549,440.2,promien_500m
683,31-560,444.5,promien_500m
684,31-548,0.0,promien_500m
684,31-564,4.1,promien_500m
684,31-543,61.3,promien_500m
684,31-552,85.7,promien_500m
684,31-542,158.3,promien_500m
684,31-559,193.9,promien_500m
684,31-553,239.6,promien_500m
684,31-531,266.0,promien_500m
684,31-541,310.2,promien_500m
684,31-547,408.7,promien_500m
684,31-560,419.6,promien_500m
684,31-539,465.5,promien_500m
684,31-549,467.0,promien_500m
685,31-548,0.0,promien_500m
685,31-552,34.0,promien_500m
685,31-542,37.0,promien_500m
685,31-559,75.3,promien_500m
685,31-543,105.3,promien_500m
685,31-564,138.2,promien_500m
685,31-531,184.6,promien_500m
685,31-541,210.1,promien_500m
685,31-553,337.2,promien_500m
685,31-539,350.7,promien_500m
685,31-547,389.5,promien_500m
685,31-549,436.9,promien_500m
685,31-560,461.5,promien_500m
686,31-548,0.0,promien_500m
686,31-552,47.0,promien_500m
686,31-564,54.4,promien_500m
686,31-543,78.0,promien_500m
686,31-542,114.6,promien_500m
686,31-559,138.0,promien_500m
686,31-531,216.4,promien_500m
686,31-553,260.1,promien_500m
686,31-541,283.7,promien_500m
686,31-547,414.5,promien_500m
686,31-560,416.8,promien_500m
686,31-539,431.2,promien_500m
686,31-549,469.0,promien_500m
687,31-548,0.0,promien_500m
687,31-564,14.1,promien_500m
687,31-543,46.8,promien_500m
687,31-552,57.7,promien_500m
687,31-542,171.7,promien_500m
687,31-559,185.6,promien_500m
687,31-553,212.5,promien_500m
687,31-531,248.9,promien_500m
687,31-541,333.2,promien_500m
687,31-560,388.9,promien_500m
687,31-547,439.2,promien_500m
687,31-539,486.4,promien_500m
687,31-549,497.2,promien_500m
688,31-543,0.0,promien_500m
688,31-548,11.6,promien_500m
688,31-564,37.5,promien_500m
688,31-552,56.6,promien_500m
688,31-559,146.0,promien_500m
688,31-553,150.7,promien_500m
688,31-542,227.6,promien_500m
688,31-531,257.0,promien_500m
688,31-560,334.3,promien_500m
688,31-541,394.4,promien_500m
688,31-566,474.5,promien_500m
688,31-547,496.9,promien_500m
689,31-559,0.0,promien_500m
689,31-548,27.6,promien_500m
689,31-552,82.8,promien_500m
689,31-531,99.1,promien_500m
689,31-542,116.6,promien_500m
689,31-541,212.5,promien_500m
689,31-543,214.4,promien_500m
689,31-539,276.1,promien_500m
689,31-564,286.9,promien_500m
689,31-540,420.2,promien_500m
689,31-553,435.9,promien_500m
689,31-560,459.8,promien_500m
689,31-532,470.6,promien_500m
689,31-547,484.8,promien_500m
689,31-534,499.7,promien_500m
690,31-552,0.0,promien_500m
690,31-559,6.2,promien_500m
690,31-553,44.1,promien_500m
690,31-543,53.7,promien_500m
690,31-564,71.1,promien_500m
690,31-548,132.6,promien_500m
690,31-560,171.6,promien_500m
690,31-531,273.8,promien_500m
690,31-566,327.6,promien_500m
690,31-542,357.6,promien_500m
690,31-567,387.0,promien_500m
690,31-563,409.4,promien_500m
690,30-567,421.5,promien_500m
691,31-559,0.0,promien_500m
691,31-539,40.0,promien_500m
691,31-548,43.0,promien_500m
691,31-540,170.5,promien_500m
691,31-531,174.8,promien_500m
691,31-532,247.7,promien_500m
691,31-534,257.3,promien_500m
691,31-541,267.7,promien_500m
691,31-542,295.8,promien_500m
691,31-552,339.7,promien_500m
691,31-535,343.5,promien_500m
691,31-543,387.6,promien_500m
691,31-536,445.1,promien_500m
692,31-559,0.0,promien_500m
692,31-548,44.1,promien_500m
692,31-531,137.9,promien_500m
692,31-539,192.4,promien_500m
692,31-552,224.2,promien_500m
692,31-542,244.4,promien_500m
692,31-541,290.8,promien_500m
692,31-540,300.3,promien_500m
692,31-543,345.1,promien_500m
692,31-534,371.8,promien_500m
692,31-535,398.9,promien_500m
692,31-532,418.8,promien_500m
692,31-564,424.5,promien_500m
692,31-560,468.2,promien_500m
692,30-705,498.6,promien_500m
693,31-559,0.0,promien_500m
693,31-531,61.2,promien_500m
693,31-548,81.6,promien_500m
693,31-552,131.5,promien_500m
693,31-542,188.4,promien_500m
693,31-541,272.2,promien_500m
693,31-539,278.4,promien_500m
693,31-543,286.2,promien_500m
693,31-564,333.9,promien_500m
693,31-540,390.7,promien_500m
693,31-560,419.5,promien_500m
693,31-553,444.5,promien_500m
693,31-534,464.1,promien_500m
693,31-532,480.8,promien_500m
693,31-535,486.4,promien_500m
694,31-510,0.0,promien_500m
694,31-509,83.1,promien_500m
694,31-506,174.7,promien_500m
694,31-512,198.7,promien_500m
694,31-505,204.7,promien_500m
694,31-404,214.3,promien_500m
694,31-508,215.0,promien_500m
694,31-514,227.3,promien_500m
694,31-001,228.9,promien_500m
694,31-511,228.9,promien_500m
694,31-504,322.7,promien_500m
694,31-154,355.4,promien_500m
694,31-045,382.8,promien_500m
694,31-503,402.0,promien_500m
694,31-516,414.8,promien_500m
694,31-513,443.4,promien_500m
694,31-525,473.6,promien_500m
694,31-501,481.1,promien_500m
694,31-155,482.6,promien_500m
694,31-518,484.7,promien_500m
694,31-515,494.1,promien_500m
695,31-559,0.0,promien_500m
695,31-531,10.1,promien_500m
695,31-552,59.6,promien_500m
695,31-548,150.5,promien_500m
695,31-543,222.6,promien_500m
695,31-542,242.4,promien_500m
695,31-564,284.5,promien_500m
695,31-560,306.6,promien_500m
695,31-553,329.7,promien_500m
695,31-541,362.8,promien_500m
695,31-539,394.4,promien_500m
696,31-559,0.0,promien_500m
696,31-552,44.5,promien_500m
696,31-543,114.2,promien_500m
696,31-553,137.2,promien_500m
696,31-564,166.6,promien_500m
696,31-560,174.4,promien_500m
696,31-548,177.6,promien_500m
696,31-531,187.0,promien_500m
696,31-542,325.2,promien_500m
696,31-566,388.1,promien_500m
696,31-567,412.7,promien_500m
696,30-567,421.2,promien_500m
696,31-541,490.8,promien_500m
697,31-503,0.0,promien_500m
697,31-504,60.1,promien_500m
697,31-501,93.6,promien_500m
697,31-512,112.3,promien_500m
697,31-505,114.2,promien_500m
697,31-511,121.0,promien_500m
697,31-034,173.2,promien_500m
697,31-025,181.3,promien_500m
697,31-026,200.2,promien_500m
697,31-154,203.2,promien_500m
697,31-506,283.7,promien_500m
697,31-529,301.9,promien_500m
697,31-510,305.2,promien_500m
697,31-508,309.3,promien_500m
697,31-530,317.8,promien_500m
697,31-033,328.7,promien_500m
697,31-531,341.2,promien_500m
697,31-509,345.5,promien_500m
697,31-502,366.2,promien_500m
697,31-156,379.2,promien_500m
697,31-024,419.6,promien_500m
697,31-023,425.0,promien_500m
697,31-516,496.3,promien_500m
697,31-029,497.1,promien_500m
698,31-503,0.0,promien_500m
698,31-512,18.4,promien_500m
698,31-505,42.3,promien_500m
698,31-501,66.9,promien_500m
698,31-506,108.5,promien_500m
698,31-511,142.9,promien_500m
698,31-516,161.0,promien_500m
698,31-034,162.8,promien_500m
698,31-509,189.4,promien_500m
698,31-504,224.3,promien_500m
698,31-531,241.3,promien_500m
698,31-510,283.2,promien_500m
698,31-514,288.6,promien_500m
698,31-547,290.2,promien_500m
698,31-549,352.6,promien_500m
698,31-542,408.9,promien_500m
698,31-525,413.4,promien_500m
698,31-508,419.0,promien_500m
698,31-539,421.2,promien_500m
698,31-541,438.8,promien_500m
698,31-529,458.8,promien_500m
698,31-521,480.6,promien_500m
698,31-518,493.5,promien_500m
699,31-503,0.0,promien_500m
699,31-501,9.6,promien_500m
699,31-034,20.4,promien_500m
699,31-512,55.1,promien_500m
699,31-516,60.3,promien_500m
699,31-506,91.5,promien_500m
699,31-505,113.6,promien_500m
699,31-547,134.6,promien_500m
699,31-514,166.4,promien_500m
699,31-509,180.0,promien_500m
699,31-531,218.4,promien_500m
699,31-549,223.4,promien_500m
699,31-542,261.4,promien_500m
699,31-525,266.2,promien_500m
699,31-511,287.4,promien_500m
699,31-541,347.2,promien_500m
699,31-521,351.0,promien_500m
699,31-539,354.2,promien_500m
699,31-526,367.3,promien_500m
699,31-504,379.2,promien_500m
699,31-510,379.8,promien_500m
699,31-518,405.1,promien_500m
699,31-515,453.2,promien_500m
699,31-546,453.4,promien_500m
699,31-543,492.7,promien_500m
699,31-523,495.4,promien_500m
7,31-512,0.0,promien_500m
7,31-510,35.8,promien_500m
7,31-509,48.9,promien_500m
7,31-511,53.1,promien_500m
7,31-508,53.9,promien_500m
7,31-505,67.4,promien_500m
7,31-506,82.2,promien_500m
7,31-504,97.5,promien_500m
7,31-154,191.6,promien_500m
7,31-001,215.4,promien_500m
7,31-503,236.9,promien_500m
7,31-404,265.2,promien_500m
7,31-501,338.7,promien_500m
7,31-034,368.0,promien_500m
7,31-155,379.5,promien_500m
7,31-026,398.6,promien_500m
7,31-025,426.1,promien_500m
7,31-156,429.3,promien_500m
7,31-514,430.6,promien_500m
7,31-516,445.6,promien_500m
7,31-045,446.7,promien_500m
700,31-503,0.0,promien_500m
700,31-501,4.0,promien_500m
700,31-034,116.3,promien_500m
700,31-512,116.3,promien_500m
700,31-531,122.0,promien_500m
700,31-505,159.5,promien_500m
700,31-506,221.6,promien_500m
700,31-516,232.6,promien_500m
700,31-511,241.5,promien_500m
700,31-504,261.4,promien_500m
700,31-549,285.0,promien_500m
700,31-547,292.5,promien_500m
700,31-509,294.5,promien_500m
700,31-539,315.4,promien_500m
700,31-514,343.1,promien_500m
700,31-541,344.8,promien_500m
700,31-529,375.1,promien_500m
700,31-510,392.8,promien_500m
700,31-530,431.2,promien_500m
700,31-542,432.9,promien_500m
700,31-525,437.9,promien_500m
700,31-502,492.1,promien_500m
700,31-026,495.0,promien_500m
701,31-501,0.0,promien_500m
701,31-034,4.1,promien_500m
701,31-503,63.3,promien_500m
701,31-512,93.8,promien_500m
701,31-531,136.0,promien_500m
701,31-516,141.8,promien_500m
701,31-506,174.3,promien_500m
701,31-547,176.1,promien_500m
701,31-549,192.3,promien_500m
701,31-505,200.2,promien_500m
701,31-514,240.1,promien_500m
701,31-509,258.7,promien_500m
701,31-539,279.3,promien_500m
701,31-541,284.6,promien_500m
701,31-511,303.5,promien_500m
701,31-542,321.6,promien_500m
701,31-525,326.7,promien_500m
701,31-504,362.6,promien_500m
701,31-521,424.6,promien_500m
701,31-526,427.9,promien_500m
701,31-510,438.9,promien_500m
701,31-529,476.8,promien_500m
701,31-518,491.2,promien_500m
702,31-501,0.0,promien_500m
702,31-503,20.5,promien_500m
702,31-034,83.2,promien_500m
702,31-531,97.7,promien_500m
702,31-512,124.0,promien_500m
702,31-505,190.2,promien_500m
702,31-516,221.7,promien_500m
702,31-506,231.1,promien_500m
702,31-549,241.1,promien_500m
702,31-547,252.1,promien_500m
702,31-539,275.9,promien_500m
702,31-511,279.8,promien_500m
702,31-541,302.1,promien_500m
702,31-509,305.0,promien_500m
702,31-504,305.5,promien_500m
702,31-514,324.4,promien_500m
702,31-529,392.2,promien_500m
702,31-542,407.1,promien_500m
702,31-525,412.3,promien_500m
702,31-510,428.7,promien_500m
702,31-530,453.7,promien_500m
703,31-503,0.0,promien_500m
703,31-501,44.0,promien_500m
703,31-512,97.5,promien_500m
703,31-504,142.5,promien_500m
703,31-026,183.0,promien_500m
703,31-511,188.3,promien_500m
703,31-025,196.3,promien_500m
703,31-529,198.0,promien_500m
703,31-530,217.0,promien_500m
703,31-505,220.1,promien_500m
703,31-034,229.7,promien_500m
703,31-531,240.0,promien_500m
703,31-502,271.2,promien_500m
703,31-154,290.0,promien_500m
703,31-506,346.6,promien_500m
703,31-508,356.8,promien_500m
703,31-033,358.6,promien_500m
703,31-510,391.5,promien_500m
703,31-029,425.1,promien_500m
703,31-156,431.5,promien_500m
703,31-509,440.8,promien_500m
703,31-024,447.9,promien_500m
703,31-023,453.1,promien_500m
703,31-539,471.3,promien_500m
704,31-503,0.0,promien_500m
704,31-501,33.4,promien_500m
704,31-512,132.4,promien_500m
704,31-529,141.4,promien_500m
704,31-530,163.7,promien_500m
704,31-531,185.0,promien_500m
704,31-026,185.2,promien_500m
704,31-504,199.6,promien_500m
704,31-025,209.0,promien_500m
704,31-502,222.2,promien_500m
704,31-511,238.5,promien_500m
704,31-034,269.8,promien_500m
704,31-505,281.6,promien_500m
704,31-154,346.1,promien_500m
704,31-033,369.7,promien_500m
704,31-508,372.1,promien_500m
704,31-029,391.7,promien_500m
704,31-506,392.0,promien_500m
704,31-539,418.5,promien_500m
704,31-510,444.5,promien_500m
704,31-532,451.4,promien_500m
704,31-024,465.5,promien_500m
704,31-156,471.0,promien_500m
704,31-023,478.5,promien_500m
704,31-534,480.3,promien_500m
704,31-509,487.8,promien_500m
705,31-501,0.0,promien_500m
705,31-026,53.6,promien_500m
705,31-502,55.1,promien_500m
705,31-034,103.4,promien_500m
705,31-530,105.0,promien_500m
705,31-503,132.9,promien_500m
705,31-529,135.8,promien_500m
705,31-029,152.9,promien_500m
705,31-025,161.0,promien_500m
705,31-033,195.5,promien_500m
705,31-508,232.2,promien_500m
705,31-030,267.1,promien_500m
705,31-024,300.2,promien_500m
705,31-531,304.9,promien_500m
705,31-532,320.0,promien_500m
705,31-027,324.5,promien_500m
705,31-072,329.1,promien_500m
705,31-504,330.5,promien_500m
705,31-537,335.9,promien_500m
705,31-023,353.8,promien_500m
705,31-031,365.1,promien_500m
705,31-512,369.6,promien_500m
705,31-154,383.4,promien_500m
705,31-534,387.0,promien_500m
705,31-028,402.5,promien_500m
705,31-505,403.1,promien_500m
705,31-073,403.2,promien_500m
705,31-156,416.0,promien_500m
705,31-032,439.1,promien_500m
705,31-511,457.9,promien_500m
705,31-538,465.0,promien_500m
705,31-957,482.1,promien_500m
705,31-041,484.1,promien_500m
705,31-038,485.2,promien_500m
705,31-020,495.7,promien_500m
706,31-501,0.0,promien_500m
706,31-530,66.9,promien_500m
706,31-529,69.1,promien_500m
706,31-503,80.5,promien_500m
706,31-502,112.8,promien_500m
706,31-026,113.5,promien_500m
706,31-025,159.2,promien_500m
706,31-531,209.5,promien_500m
706,31-034,229.4,promien_500m
706,31-512,251.7,promien_500m
706,31-029,271.6,promien_500m
706,31-504,276.8,promien_500m
706,31-033,283.9,promien_500m
706,31-508,301.5,promien_500m
706,31-505,339.2,promien_500m
706,31-511,348.8,promien_500m
706,31-154,364.6,promien_500m
706,31-532,370.0,promien_500m
706,31-030,380.0,promien_500m
706,31-024,391.2,promien_500m
706,31-537,404.2,promien_500m
706,31-534,406.3,promien_500m
706,31-023,419.8,promien_500m
706,31-027,428.1,promien_500m
706,31-072,434.6,promien_500m
706,31-156,446.8,promien_500m
706,31-539,447.6,promien_500m
706,31-031,460.1,promien_500m
707,30-003,0.0,promien_500m
707,30-002,2.4,promien_500m
707,30-006,41.3,promien_500m
707,30-004,90.3,promien_500m
707,31-145,150.4,promien_500m
707,31-146,159.8,promien_500m
707,31-159,160.0,promien_500m
707,30-018,165.7,promien_500m
707,31-147,175.4,promien_500m
707,30-009,182.8,promien_500m
707,30-015,224.3,promien_500m
707,31-148,224.3,promien_500m
707,31-155,227.7,promien_500m
707,30-001,236.4,promien_500m
707,31-158,293.0,promien_500m
707,31-160,294.4,promien_500m
707,30-019,299.8,promien_500m
707,30-010,305.3,promien_500m
707,31-153,346.0,promien_500m
707,31-161,373.5,promien_500m
707,30-036,377.5,promien_500m
707,30-007,379.7,promien_500m
707,31-261,382.8,promien_500m
707,31-162,395.1,promien_500m
707,31-152,420.7,promien_500m
707,31-139,424.3,promien_500m
707,30-011,436.3,promien_500m
707,31-141,458.0,promien_500m
707,31-403,461.7,promien_500m
707,30-035,469.5,promien_500m
707,31-142,479.8,promien_500m
707,30-033,484.3,promien_500m
707,31-202,499.9,promien_500m
708,31-503,0.0,promien_500m
708,31-501,1.1,promien_500m
708,31-512,129.9,promien_500m
708,31-529,132.8,promien_500m
708,31-531,143.2,promien_500m
708,31-530,159.6,promien_500m
708,31-026,219.6,promien_500m
708,31-502,221.2,promien_500m
708,31-504,223.7,promien_500m
708,31-025,246.2,promien_500m
708,31-511,254.9,promien_500m
708,31-034,311.8,promien_500m
708,31-505,318.8,promien_500m
708,31-539,376.5,promien_500m
708,31-154,386.9,promien_500m
708,31-506,401.5,promien_500m
708,31-029,401.6,promien_500m
708,31-033,401.8,promien_500m
708,31-508,407.8,promien_500m
708,31-532,425.2,promien_500m
708,31-534,456.6,promien_500m
708,31-510,460.9,promien_500m
708,31-537,490.8,promien_500m
708,31-509,497.6,promien_500m
709,31-501,0.0,promien_500m
709,31-503,80.5,promien_500m
709,31-512,80.6,promien_500m
709,31-531,88.1,promien_500m
709,31-504,219.0,promien_500m
709,31-529,240.8,promien_500m
709,31-511,241.6,promien_500m
709,31-505,243.9,promien_500m
709,31-034,249.7,promien_500m
709,31-530,292.4,promien_500m
709,31-539,313.2,promien_500m
709,31-506,324.6,promien_500m
709,31-502,353.6,promien_500m
709,31-026,365.3,promien_500m
709,31-516,365.5,promien_500m
709,31-549,379.7,promien_500m
709,31-025,388.0,promien_500m
709,31-509,409.2,promien_500m
709,31-541,411.1,promien_500m
709,31-547,412.3,promien_500m
709,31-510,421.5,promien_500m
709,31-154,474.2,promien_500m
709,31-514,481.3,promien_500m
709,31-532,482.7,promien_500m
710,31-502,0.0,promien_500m
710,31-529,38.7,promien_500m
710,31-029,46.9,promien_500m
710,31-034,58.8,promien_500m
710,31-530,70.9,promien_500m
710,31-501,71.0,promien_500m
710,31-026,87.1,promien_500m
710,31-030,144.0,promien_500m
710,31-532,185.7,promien_500m
710,31-072,197.8,promien_500m
710,31-537,206.0,promien_500m
710,31-033,223.6,promien_500m
710,31-031,230.0,promien_500m
710,31-531,246.3,promien_500m
710,31-025,265.5,promien_500m
710,31-503,267.9,promien_500m
710,31-073,273.0,promien_500m
710,31-534,296.4,promien_500m
710,31-508,319.6,promien_500m
710,31-027,327.7,promien_500m
710,31-538,331.5,promien_500m
710,31-032,338.4,promien_500m
710,31-024,350.5,promien_500m
710,31-957,374.3,promien_500m
710,31-028,375.5,promien_500m
710,31-038,391.9,promien_500m
710,31-023,412.6,promien_500m
710,31-041,439.4,promien_500m
710,31-046,452.0,promien_500m
710,31-039,460.9,promien_500m
710,31-504,462.5,promien_500m
710,31-512,488.7,promien_500m
710,31-047,491.5,promien_500m
711,31-155,0.0,promien_500m
711,30-001,93.5,promien_500m
711,31-148,114.6,promien_500m
711,31-152,124.6,promien_500m
711,31-153,200.2,promien_500m
711,30-002,212.7,promien_500m
711,31-154,217.3,promien_500m
711,31-147,254.6,promien_500m
711,31-403,267.7,promien_500m
711,30-004,316.4,promien_500m
711,31-404,321.5,promien_500m
711,31-401,326.5,promien_500m
711,31-145,348.7,promien_500m
711,30-003,391.0,promien_500m
711,31-146,397.8,promien_500m
711,31-045,416.1,promien_500m
711,31-161,431.7,promien_500m
711,31-159,452.1,promien_500m
711,31-160,454.2,promien_500m
711,31-057,462.4,promien_500m
711,31-150,467.8,promien_500m
711,30-006,481.5,promien_500m
711,30-018,496.0,promien_500m
711,31-141,497.8,promien_500m
713,31-502,0.0,promien_500m
713,31-530,3.9,promien_500m
713,31-529,19.4,promien_500m
713,31-501,36.3,promien_500m
713,31-026,157.2,promien_500m
713,31-034,182.5,promien_500m
713,31-029,183.6,promien_500m
713,31-531,209.2,promien_500m
713,31-503,209.7,promien_500m
713,31-532,227.7,promien_500m
713,31-537,258.8,promien_500m
713,31-534,267.2,promien_500m
713,31-030,267.5,promien_500m
713,31-025,271.4,promien_500m
713,31-072,313.1,promien_500m
713,31-033,327.6,promien_500m
713,31-031,329.1,promien_500m
713,31-508,365.5,promien_500m
713,31-512,372.3,promien_500m
713,31-073,389.2,promien_500m
713,31-538,389.5,promien_500m
713,31-539,421.4,promien_500m
713,31-504,422.2,promien_500m
713,31-024,428.8,promien_500m
713,31-027,443.2,promien_500m
713,31-032,474.2,promien_500m
713,31-505,483.5,promien_500m
713,31-023,487.2,promien_500m
713,31-511,487.2,promien_500m
713,31-154,494.8,promien_500m
713,31-028,499.1,promien_500m
714,31-530,0.0,promien_500m
714,31-529,6.0,promien_500m
714,31-502,26.6,promien_500m
714,31-501,66.0,promien_500m
714,31-531,176.2,promien_500m
714,31-026,188.7,promien_500m
714,31-532,203.6,promien_500m
714,31-029,204.8,promien_500m
714,31-034,210.0,promien_500m
714,31-503,218.5,promien_500m
714,31-534,240.8,promien_500m
714,31-537,245.1,promien_500m
714,31-030,275.7,promien_500m
714,31-025,300.9,promien_500m
714,31-072,314.8,promien_500m
714,31-031,330.1,promien_500m
714,31-033,360.7,promien_500m
714,31-512,374.2,promien_500m
714,31-538,377.3,promien_500m
714,31-539,393.6,promien_500m
714,31-073,394.1,promien_500m
714,31-508,398.7,promien_500m
714,31-504,443.2,promien_500m
714,31-024,461.6,promien_500m
714,31-027,473.1,promien_500m
714,31-032,490.1,promien_500m
714,31-511,497.9,promien_500m
715,31-529,0.0,promien_500m
715,31-530,11.6,promien_500m
715,31-502,45.7,promien_500m
715,31-501,88.9,promien_500m
715,31-531,143.1,promien_500m
715,31-532,159.4,promien_500m
715,31-534,197.6,promien_500m
715,31-029,201.9,promien_500m
715,31-537,203.0,promien_500m
715,31-026,209.4,promien_500m
715,31-034,217.2,promien_500m
715,31-030,254.0,promien_500m
715,31-503,259.2,promien_500m
715,31-072,284.2,promien_500m
715,31-031,299.6,promien_500m
715,31-538,335.9,promien_500m
715,31-025,341.5,promien_500m
715,31-073,366.9,promien_500m
715,31-033,380.8,promien_500m
715,31-539,392.8,promien_500m
715,31-512,412.1,promien_500m
715,31-508,430.0,promien_500m
715,31-032,476.1,promien_500m
715,31-027,484.0,promien_500m
715,31-024,485.5,promien_500m
715,31-504,487.4,promien_500m
715,31-957,498.2,promien_500m
716,31-155,0.0,promien_500m
716,30-001,113.0,promien_500m
716,31-148,130.5,promien_500m
716,31-152,130.5,promien_500m
716,31-154,170.2,promien_500m
716,31-153,198.9,promien_500m
716,31-403,249.3,promien_500m
716,30-002,259.6,promien_500m
716,31-404,276.1,promien_500m
716,31-401,282.3,promien_500m
716,31-147,299.8,promien_500m
716,30-004,361.7,promien_500m
716,31-045,369.2,promien_500m
716,31-145,393.5,promien_500m
716,31-057,430.8,promien_500m
716,31-146,436.4,promien_500m
716,30-003,438.0,promien_500m
716,31-150,454.2,promien_500m
716,31-161,461.8,promien_500m
716,31-160,490.5,promien_500m
716,31-159,497.1,promien_500m
718,31-529,0.0,promien_500m
718,31-530,5.2,promien_500m
718,31-502,42.1,promien_500m
718,31-029,92.1,promien_500m
718,31-501,121.2,promien_500m
718,31-034,129.3,promien_500m
718,31-532,135.5,promien_500m
718,31-030,138.8,promien_500m
718,31-537,139.6,promien_500m
718,31-531,167.5,promien_500m
718,31-026,167.8,promien_500m
718,31-072,178.9,promien_500m
718,31-031,194.6,promien_500m
718,31-534,216.2,promien_500m
718,31-073,256.4,promien_500m
718,31-538,270.4,promien_500m
718,31-033,293.1,promien_500m
718,31-503,328.1,promien_500m
718,31-025,344.6,promien_500m
718,31-032,360.9,promien_500m
718,31-957,382.6,promien_500m
718,31-038,389.6,promien_500m
718,31-027,397.9,promien_500m
718,31-508,399.4,promien_500m
718,31-024,430.9,promien_500m
718,31-039,439.6,promien_500m
718,31-028,439.8,promien_500m
718,31-535,479.2,promien_500m
718,31-047,487.1,promien_500m
718,31-041,488.0,promien_500m
718,31-023,491.0,promien_500m
718,31-050,498.7,promien_500m
718,31-046,499.3,promien_500m
719,31-530,0.0,promien_500m
719,31-529,22.9,promien_500m
719,31-502,55.6,promien_500m
719,31-029,69.9,promien_500m
719,31-532,80.2,promien_500m
719,31-537,92.0,promien_500m
719,31-030,96.1,promien_500m
719,31-072,124.7,promien_500m
719,31-031,139.9,promien_500m
719,31-034,143.8,promien_500m
719,31-531,167.5,promien_500m
719,31-501,172.4,promien_500m
719,31-534,193.4,promien_500m
719,31-026,197.1,promien_500m
719,31-073,204.6,promien_500m
719,31-538,220.5,promien_500m
719,31-033,292.1,promien_500m
719,31-032,324.0,promien_500m
719,31-957,338.7,promien_500m
719,31-038,341.4,promien_500m
719,31-503,377.2,promien_500m
719,31-025,378.4,promien_500m
719,31-039,385.8,promien_500m
719,31-027,398.3,promien_500m
719,31-508,431.1,promien_500m
719,31-028,432.9,promien_500m
719,31-047,437.5,promien_500m
719,31-535,439.0,promien_500m
719,31-050,444.3,promien_500m
719,31-024,448.6,promien_500m
719,31-036,458.8,promien_500m
719,31-052,464.0,promien_500m
719,31-041,466.2,promien_500m
719,31-046,476.5,promien_500m
721,31-530,0.0,promien_500m
721,31-537,21.9,promien_500m
721,31-532,38.9,promien_500m
721,31-529,62.6,promien_500m
721,31-029,94.7,promien_500m
721,31-072,117.3,promien_500m
721,31-531,117.4,promien_500m
721,31-534,119.0,promien_500m
721,31-031,130.8,promien_500m
721,31-502,135.7,promien_500m
721,31-030,140.0,promien_500m
721,31-538,152.1,promien_500m
721,31-073,205.1,promien_500m
721,31-034,221.8,promien_500m
721,31-501,233.2,promien_500m
721,31-026,277.0,promien_500m
721,31-032,329.3,promien_500m
721,31-038,343.0,promien_500m
721,31-957,356.4,promien_500m
721,31-535,360.4,promien_500m
721,31-033,363.7,promien_500m
721,31-039,367.4,promien_500m
721,31-036,387.3,promien_500m
721,31-050,420.1,promien_500m
721,31-536,430.1,promien_500m
721,31-047,430.6,promien_500m
721,31-052,431.4,promien_500m
721,31-503,447.2,promien_500m
721,31-051,454.3,promien_500m
721,31-025,458.0,promien_500m
721,31-035,466.0,promien_500m
721,31-027,469.5,promien_500m
721,31-539,489.0,promien_500m
721,31-028,498.7,promien_500m
722,31-530,0.0,promien_500m
722,31-532,17.6,promien_500m
722,31-531,34.9,promien_500m
722,31-537,49.4,promien_500m
722,31-534,69.6,promien_500m
722,31-529,104.8,promien_500m
722,31-501,160.3,promien_500m
722,31-029,177.2,promien_500m
722,31-502,178.1,promien_500m
722,31-538,184.6,promien_500m
722,31-072,198.9,promien_500m
722,31-031,211.7,promien_500m
722,31-030,218.3,promien_500m
722,31-034,274.9,promien_500m
722,31-073,285.9,promien_500m
722,31-026,316.5,promien_500m
722,31-535,351.1,promien_500m
722,31-032,386.2,promien_500m
722,31-036,400.7,promien_500m
722,31-539,406.5,promien_500m
722,31-503,417.2,promien_500m
722,31-038,417.4,promien_500m
722,31-536,418.1,promien_500m
722,31-033,429.4,promien_500m
722,31-540,433.4,promien_500m
722,31-957,438.5,promien_500m
722,31-039,439.1,promien_500m
722,31-050,487.9,promien_500m
722,31-025,489.2,promien_500m
722,31-052,493.2,promien_500m
722,31-051,495.7,promien_500m
723,31-532,0.0,promien_500m
723,31-531,7.0,promien_500m
723,31-534,89.1,promien_500m
723,31-530,123.8,promien_500m
723,31-501,147.1,promien_500m
723,31-537,163.4,promien_500m
723,31-539,212.7,promien_500m
723,31-529,238.1,promien_500m
723,31-540,251.5,promien_500m
723,31-538,277.7,promien_500m
723,31-502,326.2,promien_500m
723,31-535,340.7,promien_500m
723,31-029,378.6,promien_500m
723,31-031,395.4,promien_500m
723,31-072,396.5,promien_500m
723,31-536,398.5,promien_500m
723,31-548,416.6,promien_500m
723,31-030,424.0,promien_500m
723,31-036,435.5,promien_500m
723,31-541,463.4,promien_500m
723,31-503,465.2,promien_500m
723,31-034,466.1,promien_500m
723,31-559,469.3,promien_500m
723,31-073,479.2,promien_500m
723,31-026,485.4,promien_500m
724,31-539,0.0,promien_500m
724,31-531,90.2,promien_500m
724,31-541,136.9,promien_500m
724,31-548,161.4,promien_500m
724,31-532,232.2,promien_500m
724,31-549,261.5,promien_500m
724,31-542,271.6,promien_500m
724,31-540,278.0,promien_500m
724,31-559,288.2,promien_500m
724,31-501,342.3,promien_500m
724,31-547,344.7,promien_500m
724,31-034,345.2,promien_500m
724,31-543,355.0,promien_500m
724,31-530,385.8,promien_500m
724,31-534,424.1,promien_500m
724,31-529,429.1,promien_500m
724,31-503,480.4,promien_500m
724,31-552,495.0,promien_500m
724,31-537,495.2,promien_500m
725,31-539,0.0,promien_500m
725,31-531,76.1,promien_500m
725,31-548,114.4,promien_500m
725,31-541,145.5,promien_500m
725,31-532,161.6,promien_500m
725,31-540,177.6,promien_500m
725,31-559,203.0,promien_500m
725,31-542,273.9,promien_500m
725,31-549,360.2,promien_500m
725,31-501,363.0,promien_500m
725,31-543,372.9,promien_500m
725,31-534,379.8,promien_500m
725,31-530,395.5,promien_500m
725,31-547,427.8,promien_500m
725,31-537,441.6,promien_500m
725,31-034,448.9,promien_500m
725,31-529,465.2,promien_500m
725,31-552,470.7,promien_500m
725,31-535,487.0,promien_500m
726,31-345,0.0,promien_500m
726,31-401,162.0,promien_500m
726,31-425,195.9,promien_500m
726,31-413,241.9,promien_500m
726,31-432,288.5,promien_500m
726,31-510,293.1,promien_500m
726,31-431,296.9,promien_500m
726,31-403,312.5,promien_500m
726,31-521,319.9,promien_500m
726,31-482,343.1,promien_500m
726,31-404,361.9,promien_500m
726,31-045,376.2,promien_500m
726,31-516,437.7,promien_500m
726,31-414,452.7,promien_500m
726,31-411,455.3,promien_500m
726,31-519,462.7,promien_500m
726,31-435,486.5,promien_500m
727,30-011,0.0,promien_500m
727,30-012,28.9,promien_500m
727,30-014,47.5,promien_500m
727,30-017,95.1,promien_500m
727,30-075,121.2,promien_500m
727,30-022,139.0,promien_500m
727,30-023,192.9,promien_500m
727,30-079,203.5,promien_500m
727,30-019,233.6,promien_500m
727,30-016,297.4,promien_500m
727,31-302,326.1,promien_500m
727,30-043,363.2,promien_500m
727,31-334,363.4,promien_500m
727,30-010,399.2,promien_500m
727,30-021,401.9,promien_500m
727,31-279,407.9,promien_500m
727,30-020,413.0,promien_500m
727,30-074,441.9,promien_500m
727,30-035,443.0,promien_500m
727,31-158,452.5,promien_500m
727,31-303,475.9,promien_500m
727,31-261,476.9,promien_500m
727,30-076,482.3,promien_500m
727,30-085,484.6,promien_500m
728,30-017,0.0,promien_500m
728,31-158,24.9,promien_500m
728,31-302,107.2,promien_500m
728,30-085,108.1,promien_500m
728,30-079,115.6,promien_500m
728,31-303,152.0,promien_500m
728,30-212,155.6,promien_500m
728,31-305,196.8,promien_500m
728,30-011,206.5,promien_500m
728,31-045,231.1,promien_500m
728,31-306,240.6,promien_500m
728,30-012,269.0,promien_500m
728,31-307,270.9,promien_500m
728,30-306,294.0,promien_500m
728,30-023,302.9,promien_500m
728,31-334,308.6,promien_500m
728,31-214,333.9,promien_500m
728,31-308,342.6,promien_500m
728,30-014,369.6,promien_500m
728,30-076,370.3,promien_500m
728,31-363,371.6,promien_500m
728,31-309,408.5,promien_500m
728,30-075,415.9,promien_500m
728,31-310,463.5,promien_500m
728,31-328,472.7,promien_500m
728,30-043,496.1,promien_500m
730,31-537,0.0,promien_500m
730,31-534,25.8,promien_500m
730,31-532,31.6,promien_500m
730,31-530,58.2,promien_500m
730,31-531,92.0,promien_500m
730,31-538,98.0,promien_500m
730,31-529,182.3,promien_500m
730,31-031,193.8,promien_500m
730,31-029,202.6,promien_500m
730,31-072,212.4,promien_500m
730,31-501,230.2,promien_500m
730,31-535,250.4,promien_500m
730,31-030,262.4,promien_500m
730,31-502,264.1,promien_500m
730,31-073,286.5,promien_500m
730,31-036,303.2,promien_500m
730,31-536,317.6,promien_500m
730,31-032,327.8,promien_500m
730,31-034,351.9,promien_500m
730,31-540,381.4,promien_500m
730,31-038,389.2,promien_500m
730,31-026,403.1,promien_500m
730,31-039,403.6,promien_500m
730,31-539,414.6,promien_500m
730,31-035,415.3,promien_500m
730,31-051,416.5,promien_500m
730,31-052,430.8,promien_500m
730,31-957,441.0,promien_500m
730,31-050,441.3,promien_500m
730,31-047,469.6,promien_500m
730,31-033,492.4,promien_500m
731,31-537,0.0,promien_500m
731,31-538,31.4,promien_500m
731,31-532,70.9,promien_500m
731,31-530,103.4,promien_500m
731,31-534,108.8,promien_500m
731,31-031,110.6,promien_500m
731,31-529,151.6,promien_500m
731,31-029,159.1,promien_500m
731,31-072,162.2,promien_500m
731,31-531,167.1,promien_500m
731,31-073,220.3,promien_500m
731,31-030,221.6,promien_500m
731,31-535,232.2,promien_500m
731,31-032,244.7,promien_500m
731,31-036,256.4,promien_500m
731,31-502,261.7,promien_500m
731,31-536,302.1,promien_500m
731,31-501,305.9,promien_500m
731,31-038,307.9,promien_500m
731,31-039,320.8,promien_500m
731,31-034,332.6,promien_500m
731,31-051,343.0,promien_500m
731,31-035,347.3,promien_500m
731,31-052,351.0,promien_500m
731,31-050,357.6,promien_500m
731,31-957,370.8,promien_500m
731,31-047,386.5,promien_500m
731,31-026,403.5,promien_500m
731,31-049,442.1,promien_500m
731,31-540,443.1,promien_500m
731,31-033,461.5,promien_500m
731,31-053,480.2,promien_500m
731,31-539,497.3,promien_500m
732,31-538,0.0,promien_500m
732,31-537,39.2,promien_500m
732,31-031,80.9,promien_500m
732,31-532,94.5,promien_500m
732,31-534,165.3,promien_500m
732,31-530,173.8,promien_500m
732,31-535,183.0,promien_500m
732,31-036,187.7,promien_500m
732,31-032,193.9,promien_500m
732,31-072,197.0,promien_500m
732,31-029,199.9,promien_500m
732,31-529,205.0,promien_500m
732,31-073,230.5,promien_500m
732,31-531,232.6,promien_500m
732,31-536,243.8,promien_500m
732,31-030,258.8,promien_500m
732,31-051,274.7,promien_500m
732,31-038,275.0,promien_500m
732,31-035,276.6,promien_500m
732,31-052,288.4,promien_500m
732,31-039,288.5,promien_500m
732,31-050,307.4,promien_500m
732,31-502,322.8,promien_500m
732,31-047,351.2,promien_500m
732,31-957,370.0,promien_500m
732,31-501,371.8,promien_500m
732,31-034,382.8,promien_500m
732,31-049,394.2,promien_500m
732,31-053,408.7,promien_500m
732,31-540,453.5,promien_500m
732,31-026,463.0,promien_500m
732,31-048,468.9,promien_500m
732,31-055,488.8,promien_500m
732,31-033,489.2,promien_500m
732,31-054,492.9,promien_500m
732,31-057,496.1,promien_500m
733,31-537,0.0,promien_500m
733,31-534,25.7,promien_500m
733,31-532,92.2,promien_500m
733,31-538,95.4,promien_500m
733,31-530,128.9,promien_500m
733,31-531,132.9,promien_500m
733,31-535,192.8,promien_500m
733,31-031,221.1,promien_500m
733,31-529,248.3,promien_500m
733,31-536,256.2,promien_500m
733,31-036,260.1,promien_500m
733,31-501,263.9,promien_500m
733,31-029,266.4,promien_500m
733,31-072,272.1,promien_500m
733,31-540,325.4,promien_500m
733,31-030,328.9,promien_500m
733,31-502,335.2,promien_500m
733,31-073,337.5,promien_500m
733,31-032,337.9,promien_500m
733,31-035,391.8,promien_500m
733,31-052,396.4,promien_500m
733,31-539,397.1,promien_500m
733,31-051,401.3,promien_500m
733,31-038,415.6,promien_500m
733,31-034,422.4,promien_500m
733,31-039,429.4,promien_500m
733,31-050,451.2,promien_500m
733,31-026,474.2,promien_500m
733,31-957,488.7,promien_500m
733,31-047,493.5,promien_500m
734,31-534,0.0,promien_500m
734,31-537,26.6,promien_500m
734,31-532,49.1,promien_500m
734,31-531,117.1,promien_500m
734,31-538,140.5,promien_500m
734,31-530,157.0,promien_500m
734,31-535,213.5,promien_500m
734,31-501,242.8,promien_500m
734,31-536,269.0,promien_500m
734,31-031,275.0,promien_500m
734,31-540,276.1,promien_500m
734,31-529,284.6,promien_500m
734,31-036,291.1,promien_500m
734,31-029,309.1,promien_500m
734,31-072,317.7,promien_500m
734,31-539,345.8,promien_500m
734,31-502,358.1,promien_500m
734,31-030,368.8,promien_500m
734,31-073,387.4,promien_500m
734,31-032,390.9,promien_500m
734,31-052,428.2,promien_500m
734,31-035,433.5,promien_500m
734,31-051,447.2,promien_500m
734,31-034,452.6,promien_500m
734,31-038,465.5,promien_500m
734,31-039,483.4,promien_500m
734,31-026,498.0,promien_500m
735,31-532,0.0,promien_500m
735,31-534,10.3,promien_500m
735,31-537,52.8,promien_500m
735,31-531,135.5,promien_500m
735,31-538,139.0,promien_500m
735,31-535,192.1,promien_500m
735,31-540,204.2,promien_500m
735,31-530,230.3,promien_500m
735,31-536,249.7,promien_500m
735,31-501,278.8,promien_500m
735,31-036,300.3,promien_500m
735,31-539,311.0,promien_500m
735,31-031,320.4,promien_500m
735,31-529,348.5,promien_500m
735,31-029,383.2,promien_500m
735,31-072,391.2,promien_500m
735,31-502,422.6,promien_500m
735,31-052,435.0,promien_500m
735,31-030,443.0,promien_500m
735,31-032,443.0,promien_500m
735,31-548,451.0,promien_500m
735,31-035,457.4,promien_500m
735,31-073,458.6,promien_500m
735,31-559,478.0,promien_500m
735,31-051,479.3,promien_500m
736,31-532,0.0,promien_500m
736,31-534,54.3,promien_500m
736,31-537,110.8,promien_500m
736,31-531,119.8,promien_500m
736,31-540,151.0,promien_500m
736,31-538,188.0,promien_500m
736,31-535,207.4,promien_500m
736,31-539,254.7,promien_500m
736,31-530,255.7,promien_500m
736,31-536,278.1,promien_500m
736,31-501,283.5,promien_500m
736,31-036,343.2,promien_500m
736,31-529,370.3,promien_500m
736,31-031,370.6,promien_500m
736,31-548,392.9,promien_500m
736,31-559,422.1,promien_500m
736,31-029,432.7,promien_500m
736,31-072,442.6,promien_500m
736,31-502,446.7,promien_500m
736,31-541,476.3,promien_500m
736,31-052,479.3,promien_500m
736,31-030,490.2,promien_500m
737,31-532,0.0,promien_500m
737,31-531,88.2,promien_500m
737,31-534,107.9,promien_500m
737,31-540,115.8,promien_500m
737,31-537,169.3,promien_500m
737,31-539,195.5,promien_500m
737,31-538,243.0,promien_500m
737,31-535,243.6,promien_500m
737,31-530,261.3,promien_500m
737,31-501,282.9,promien_500m
737,31-536,326.6,promien_500m
737,31-548,336.3,promien_500m
737,31-559,371.4,promien_500m
737,31-529,374.9,promien_500m
737,31-036,398.2,promien_500m
737,31-541,416.7,promien_500m
737,31-031,429.2,promien_500m
737,31-502,462.0,promien_500m
737,31-029,476.3,promien_500m
737,31-072,488.5,promien_500m
738,31-532,0.0,promien_500m
738,31-534,61.9,promien_500m
738,31-540,108.2,promien_500m
738,31-537,123.2,promien_500m
738,31-531,150.9,promien_500m
738,31-535,180.4,promien_500m
738,31-538,184.0,promien_500m
738,31-539,236.5,promien_500m
738,31-536,266.1,promien_500m
738,31-530,302.8,promien_500m
738,31-501,329.2,promien_500m
738,31-036,342.9,promien_500m
738,31-548,364.6,promien_500m
738,31-031,381.1,promien_500m
738,31-559,382.7,promien_500m
738,31-529,419.7,promien_500m
738,31-541,460.8,promien_500m
738,31-029,478.8,promien_500m
738,31-052,480.5,promien_500m
738,31-072,487.4,promien_500m
738,31-502,496.1,promien_500m
739,31-534,0.0,promien_500m
739,31-537,26.1,promien_500m
739,31-532,28.9,promien_500m
739,31-538,89.9,promien_500m
739,31-535,112.8,promien_500m
739,31-536,174.6,promien_500m
739,31-540,192.8,promien_500m
739,31-531,218.0,promien_500m
739,31-036,242.7,promien_500m
739,31-031,279.8,promien_500m
739,31-530,291.5,promien_500m
739,31-539,293.4,promien_500m
739,31-501,361.3,promien_500m
739,31-052,379.9,promien_500m
739,31-529,413.9,promien_500m
739,31-035,418.3,promien_500m
739,31-029,429.9,promien_500m
739,31-032,431.2,promien_500m
739,31-072,434.3,promien_500m
739,31-051,446.1,promien_500m
739,31-038,458.1,promien_500m
739,31-548,460.1,promien_500m
739,31-559,466.3,promien_500m
739,31-073,491.4,promien_500m
739,31-030,492.6,promien_500m
739,31-502,496.6,promien_500m
739,31-053,498.4,promien_500m
740,31-537,0.0,promien_500m
740,31-538,30.2,promien_500m
740,31-534,59.0,promien_500m
740,31-535,98.3,promien_500m
740,31-532,118.2,promien_500m
740,31-536,158.2,promien_500m
740,31-036,177.3,promien_500m
740,31-031,192.8,promien_500m
740,31-530,221.6,promien_500m
740,31-531,229.8,promien_500m
740,31-540,308.6,promien_500m
740,31-052,314.0,promien_500m
740,31-529,321.6,promien_500m
740,31-032,323.5,promien_500m
740,31-035,328.4,promien_500m
740,31-029,331.0,promien_500m
740,31-072,333.6,promien_500m
740,31-051,349.8,promien_500m
740,31-501,355.8,promien_500m
740,31-038,372.2,promien_500m
740,31-073,381.3,promien_500m
740,31-030,393.4,promien_500m
740,31-539,401.1,promien_500m
740,31-502,421.8,promien_500m
740,31-053,429.1,promien_500m
740,31-050,431.1,promien_500m
740,31-039,432.8,promien_500m
740,31-047,486.3,promien_500m
741,31-537,0.0,promien_500m
741,31-534,6.0,promien_500m
741,31-532,65.5,promien_500m
741,31-538,65.6,promien_500m
741,31-535,137.3,promien_500m
741,31-531,189.7,promien_500m
741,31-536,190.3,promien_500m
741,31-530,220.3,promien_500m
741,31-036,226.6,promien_500m
741,31-031,244.7,promien_500m
741,31-540,260.9,promien_500m
741,31-501,323.1,promien_500m
741,31-529,337.5,promien_500m
741,31-029,352.6,promien_500m
741,31-072,356.8,promien_500m
741,31-052,361.8,promien_500m
741,31-539,371.0,promien_500m
741,31-032,374.6,promien_500m
741,31-035,381.4,promien_500m
741,31-051,403.6,promien_500m
741,31-073,414.2,promien_500m
741,31-030,415.2,promien_500m
741,31-038,424.8,promien_500m
741,31-502,427.0,promien_500m
741,31-053,478.5,promien_500m
741,31-039,479.5,promien_500m
741,31-050,482.7,promien_500m
743,31-538,0.0,promien_500m
743,31-535,28.7,promien_500m
743,31-537,35.3,promien_500m
743,31-536,85.6,promien_500m
743,31-534,100.2,promien_500m
743,31-036,119.5,promien_500m
743,31-532,137.0,promien_500m
743,31-031,147.7,promien_500m
743,31-052,254.2,promien_500m
743,31-035,286.2,promien_500m
743,31-530,290.4,promien_500m
743,31-531,298.8,promien_500m
743,31-540,302.8,promien_500m
743,31-032,305.1,promien_500m
743,31-051,314.3,promien_500m
743,31-038,326.4,promien_500m
743,31-053,372.1,promien_500m
743,31-539,376.6,promien_500m
743,31-529,378.3,promien_500m
743,31-072,382.2,promien_500m
743,31-029,382.4,promien_500m
743,31-050,410.1,promien_500m
743,31-073,414.7,promien_500m
743,31-501,427.3,promien_500m
743,31-039,439.0,promien_500m
743,31-030,443.2,promien_500m
743,31-045,446.4,promien_500m
743,30-052,481.2,promien_500m
743,31-047,481.4,promien_500m
743,31-502,485.1,promien_500m
743,31-057,492.0,promien_500m
743,31-055,498.2,promien_500m
744,31-537,0.0,promien_500m
744,31-534,19.4,promien_500m
744,31-538,32.3,promien_500m
744,31-532,38.3,promien_500m
744,31-535,52.7,promien_500m
744,31-536,115.9,promien_500m
744,31-036,193.5,promien_500m
744,31-540,204.0,promien_500m
744,31-031,243.3,promien_500m
744,31-531,275.8,promien_500m
744,31-539,282.3,promien_500m
744,31-530,328.6,promien_500m
744,31-052,330.9,promien_500m
744,31-035,379.5,promien_500m
744,31-032,406.1,promien_500m
744,31-051,410.6,promien_500m
744,31-038,413.5,promien_500m
744,31-501,417.7,promien_500m
744,31-529,440.4,promien_500m
744,31-053,447.6,promien_500m
744,31-029,451.7,promien_500m
744,31-072,454.6,promien_500m
744,31-559,487.1,promien_500m
744,31-548,492.9,promien_500m
745,31-534,0.0,promien_500m
745,31-537,24.7,promien_500m
745,31-532,25.3,promien_500m
745,31-535,51.2,promien_500m
745,31-538,82.8,promien_500m
745,31-540,143.9,promien_500m
745,31-536,147.4,promien_500m
745,31-539,223.6,promien_500m
745,31-036,240.7,promien_500m
745,31-531,259.7,promien_500m
745,31-031,298.9,promien_500m
745,31-530,371.3,promien_500m
745,31-052,375.7,promien_500m
745,31-035,409.8,promien_500m
745,31-559,429.9,promien_500m
745,31-501,434.7,promien_500m
745,31-548,441.5,promien_500m
745,31-038,460.9,promien_500m
745,31-032,464.8,promien_500m
745,31-051,465.4,promien_500m
745,31-053,488.7,promien_500m
745,31-529,490.5,promien_500m
746,31-532,0.0,promien_500m
746,31-534,33.0,promien_500m
746,31-537,66.3,promien_500m
746,31-535,109.9,promien_500m
746,31-538,124.2,promien_500m
746,31-540,127.6,promien_500m
746,31-536,201.3,promien_500m
746,31-531,207.1,promien_500m
746,31-539,232.0,promien_500m
746,31-036,286.1,promien_500m
746,31-031,334.8,promien_500m
746,31-530,346.8,promien_500m
746,31-501,386.6,promien_500m
746,31-548,401.1,promien_500m
746,31-559,401.4,promien_500m
746,31-052,423.2,promien_500m
746,31-035,466.3,promien_500m
746,31-529,466.3,promien_500m
746,31-029,492.5,promien_500m
746,31-032,492.9,promien_500m
746,31-072,497.4,promien_500m
747,31-532,0.0,promien_500m
747,31-540,55.3,promien_500m
747,31-534,55.5,promien_500m
747,31-537,133.1,promien_500m
747,31-535,145.3,promien_500m
747,31-539,154.4,promien_500m
747,31-531,168.9,promien_500m
747,31-538,191.7,promien_500m
747,31-536,250.7,promien_500m
747,31-559,321.5,promien_500m
747,31-548,334.1,promien_500m
747,31-036,348.8,promien_500m
747,31-031,407.7,promien_500m
747,31-530,413.2,promien_500m
747,31-501,438.5,promien_500m
747,31-541,464.2,promien_500m
747,31-052,482.3,promien_500m
748,31-540,0.0,promien_500m
748,31-532,37.8,promien_500m
748,31-531,59.4,promien_500m
748,31-539,69.3,promien_500m
748,31-534,157.0,promien_500m
748,31-548,207.1,promien_500m
748,31-559,210.5,promien_500m
748,31-537,258.9,promien_500m
748,31-535,272.8,promien_500m
748,31-538,315.2,promien_500m
748,31-541,339.6,promien_500m
748,31-536,375.7,promien_500m
748,31-530,424.5,promien_500m
748,31-501,432.1,promien_500m
748,31-542,440.9,promien_500m
748,31-036,475.1,promien_500m
749,31-540,0.0,promien_500m
749,31-532,37.0,promien_500m
749,31-539,60.0,promien_500m
749,31-531,108.2,promien_500m
749,31-534,110.5,promien_500m
749,31-559,218.6,promien_500m
749,31-535,231.4,promien_500m
749,31-537,234.1,promien_500m
749,31-548,238.2,promien_500m
749,31-538,294.4,promien_500m
749,31-536,338.5,promien_500m
749,31-541,382.7,promien_500m
749,31-036,427.7,promien_500m
749,31-530,457.2,promien_500m
749,31-501,470.5,promien_500m
749,31-542,477.3,promien_500m
751,31-535,0.0,promien_500m
751,31-538,2.3,promien_500m
751,31-537,20.6,promien_500m
751,31-536,47.2,promien_500m
751,31-534,73.1,promien_500m
751,31-532,102.9,promien_500m
751,31-036,134.6,promien_500m
751,31-031,199.1,promien_500m
751,31-540,232.5,promien_500m
751,31-052,269.4,promien_500m
751,31-539,298.3,promien_500m
751,31-035,315.1,promien_500m
751,31-531,337.6,promien_500m
751,31-038,354.6,promien_500m
751,31-051,363.0,promien_500m
751,31-530,365.5,promien_500m
751,31-032,370.5,promien_500m
751,31-053,383.4,promien_500m
751,31-045,435.0,promien_500m
751,31-050,445.7,promien_500m
751,30-052,456.9,promien_500m
751,31-529,463.0,promien_500m
751,31-029,468.7,promien_500m
751,31-072,469.3,promien_500m
751,31-501,476.6,promien_500m
752,31-535,0.0,promien_500m
752,31-538,6.3,promien_500m
752,31-536,42.6,promien_500m
752,31-537,59.5,promien_500m
752,31-036,89.4,promien_500m
752,31-534,121.0,promien_500m
752,31-031,138.6,promien_500m
752,31-532,145.4,promien_500m
752,31-052,226.6,promien_500m
752,31-035,272.8,promien_500m
752,31-540,294.5,promien_500m
752,31-051,305.0,promien_500m
752,31-038,307.2,promien_500m
752,31-032,307.8,promien_500m
752,31-530,333.4,promien_500m
752,31-531,338.0,promien_500m
752,31-053,345.1,promien_500m
752,31-539,361.9,promien_500m
752,31-050,393.6,promien_500m
752,31-045,410.7,promien_500m
752,31-529,417.3,promien_500m
752,31-072,417.6,promien_500m
752,31-029,419.3,promien_500m
752,31-073,441.0,promien_500m
752,30-052,442.2,promien_500m
752,31-039,450.5,promien_500m
752,31-057,466.9,promien_500m
752,31-501,469.1,promien_500m
752,31-055,478.1,promien_500m
752,31-030,479.3,promien_500m
752,31-047,489.4,promien_500m
753,31-036,0.0,promien_500m
753,31-535,21.3,promien_500m
753,31-536,33.1,promien_500m
753,31-538,35.8,promien_500m
753,31-537,42.7,promien_500m
753,31-031,55.2,promien_500m
753,31-052,113.4,promien_500m
753,31-035,161.2,promien_500m
753,31-534,190.6,promien_500m
753,31-038,192.1,promien_500m
753,31-051,200.1,promien_500m
753,31-032,219.5,promien_500m
753,31-053,231.5,promien_500m
753,31-532,259.9,promien_500m
753,31-050,280.3,promien_500m
753,31-045,310.9,promien_500m
753,31-057,352.4,promien_500m
753,30-052,353.6,promien_500m
753,31-055,363.1,promien_500m
753,31-039,379.4,promien_500m
753,31-530,388.7,promien_500m
753,31-540,394.7,promien_500m
753,31-054,405.5,promien_500m
753,31-073,408.8,promien_500m
753,31-047,409.5,promien_500m
753,31-056,420.6,promien_500m
753,31-072,421.5,promien_500m
753,31-531,422.0,promien_500m
753,31-049,422.6,promien_500m
753,31-029,427.6,promien_500m
753,31-529,439.0,promien_500m
753,31-060,444.7,promien_500m
753,31-539,451.4,promien_500m
753,31-030,481.7,promien_500m
754,31-536,0.0,promien_500m
754,31-534,31.5,promien_500m
754,31-535,35.3,promien_500m
754,31-036,80.5,promien_500m
754,31-538,124.3,promien_500m
754,31-537,132.9,promien_500m
754,31-035,208.5,promien_500m
754,31-031,211.7,promien_500m
754,31-532,218.0,promien_500m
754,31-052,221.0,promien_500m
754,31-540,254.6,promien_500m
754,31-038,308.2,promien_500m
754,31-053,312.2,promien_500m
754,31-539,313.8,promien_500m
754,31-045,336.4,promien_500m
754,30-052,345.3,promien_500m
754,31-051,351.6,promien_500m
754,31-032,376.4,promien_500m
754,31-060,402.1,promien_500m
754,31-050,407.2,promien_500m
754,30-701,434.4,promien_500m
754,31-057,440.6,promien_500m
754,31-056,445.9,promien_500m
754,31-531,459.8,promien_500m
754,31-055,470.8,promien_500m
754,31-530,481.1,promien_500m
755,31-534,0.0,promien_500m
755,31-535,38.9,promien_500m
755,31-537,59.0,promien_500m
755,31-532,65.6,promien_500m
755,31-540,113.8,promien_500m
755,31-538,114.1,promien_500m
755,31-536,122.7,promien_500m
755,31-539,169.6,promien_500m
755,31-036,238.5,promien_500m
755,31-531,300.8,promien_500m
755,31-031,325.1,promien_500m
755,31-052,373.3,promien_500m
755,31-035,374.8,promien_500m
755,31-559,406.2,promien_500m
755,31-530,453.7,promien_500m
755,31-548,454.0,promien_500m
755,31-038,461.4,promien_500m
755,30-701,475.0,promien_500m
755,31-053,475.8,promien_500m
755,31-051,484.2,promien_500m
755,31-032,498.1,promien_500m
756,31-540,0.0,promien_500m
756,31-532,20.5,promien_500m
756,31-534,49.8,promien_500m
756,31-539,79.3,promien_500m
756,31-531,171.0,promien_500m
756,31-535,172.3,promien_500m
756,31-537,194.0,promien_500m
756,31-538,254.7,promien_500m
756,31-559,260.7,promien_500m
756,31-536,283.6,promien_500m
756,31-548,295.6,promien_500m
756,31-036,364.7,promien_500m
756,31-541,444.7,promien_500m
756,31-031,472.8,promien_500m
756,31-530,484.1,promien_500m
757,31-534,0.0,promien_500m
757,31-539,10.8,promien_500m
757,31-540,43.5,promien_500m
757,31-535,98.6,promien_500m
757,31-559,125.7,promien_500m
757,31-536,177.2,promien_500m
757,31-532,202.1,promien_500m
757,31-531,282.1,promien_500m
757,31-548,322.5,promien_500m
757,31-537,341.1,promien_500m
757,31-036,351.5,promien_500m
757,30-701,359.7,promien_500m
757,31-538,398.1,promien_500m
757,30-705,471.5,promien_500m
758,31-534,0.0,promien_500m
758,31-535,14.6,promien_500m
758,31-540,24.1,promien_500m
758,31-539,91.4,promien_500m
758,31-532,126.6,promien_500m
758,31-536,149.1,promien_500m
758,31-537,194.9,promien_500m
758,31-036,209.7,promien_500m
758,31-538,246.5,promien_500m
758,31-559,296.4,promien_500m
758,31-531,333.5,promien_500m
758,30-701,366.3,promien_500m
758,31-035,420.3,promien_500m
758,31-548,440.3,promien_500m
758,31-031,442.1,promien_500m
758,31-052,462.3,promien_500m
759,31-521,0.0,promien_500m
759,31-510,16.8,promien_500m
759,31-519,35.0,promien_500m
759,31-514,212.1,promien_500m
759,31-432,233.2,promien_500m
759,31-516,237.5,promien_500m
759,31-515,273.6,promien_500m
759,31-513,277.3,promien_500m
759,31-429,287.4,promien_500m
759,31-428,288.1,promien_500m
759,31-518,347.1,promien_500m
759,31-345,360.0,promien_500m
759,31-431,362.1,promien_500m
759,31-435,383.0,promien_500m
759,31-413,431.2,promien_500m
759,31-517,459.0,promien_500m
759,31-436,461.1,promien_500m
760,31-510,65.6,promien_500m
760,31-521,93.6,promien_500m
760,31-345,145.2,promien_500m
760,31-432,187.2,promien_500m
760,31-519,233.4,promien_500m
760,31-431,270.6,promien_500m
760,31-413,295.6,promien_500m
760,31-425,343.6,promien_500m
760,31-401,343.7,promien_500m
760,31-514,362.1,promien_500m
760,31-045,398.1,promien_500m
760,31-513,409.1,promien_500m
760,31-516,427.5,promien_500m
760,31-435,441.7,promien_500m
760,31-404,448.5,promien_500m
760,31-436,448.7,promien_500m
760,31-411,459.1,promien_500m
760,31-515,466.5,promien_500m
760,31-428,474.9,promien_500m
760,31-429,493.9,promien_500m
761,31-401,0.0,promien_500m
761,31-404,2.4,promien_500m
761,31-155,73.3,promien_500m
761,31-403,99.3,promien_500m
761,31-045,116.2,promien_500m
761,31-154,119.6,promien_500m
761,30-001,174.3,promien_500m
761,31-510,331.4,promien_500m
761,31-345,390.1,promien_500m
761,31-153,399.4,promien_500m
761,31-516,427.0,promien_500m
761,31-152,454.7,promien_500m
761,31-001,457.6,promien_500m
761,31-148,473.6,promien_500m
762,31-529,0.0,promien_500m
762,31-502,10.0,promien_500m
762,31-530,18.6,promien_500m
762,31-029,26.9,promien_500m
762,31-030,80.3,promien_500m
762,31-034,88.5,promien_500m
762,31-532,112.3,promien_500m
762,31-072,128.5,promien_500m
762,31-537,137.8,promien_500m
762,31-501,144.8,promien_500m
762,31-026,147.5,promien_500m
762,31-031,155.0,promien_500m
762,31-073,203.5,promien_500m
762,31-531,220.1,promien_500m
762,31-033,237.9,promien_500m
762,31-534,249.0,promien_500m
762,31-538,257.3,promien_500m
762,31-032,294.5,promien_500m
762,31-957,319.6,promien_500m
762,31-025,328.8,promien_500m
762,31-038,330.3,promien_500m
762,31-503,343.1,promien_500m
762,31-027,343.9,promien_500m
762,31-508,380.3,promien_500m
762,31-028,380.9,promien_500m
762,31-039,390.6,promien_500m
762,31-024,393.2,promien_500m
762,31-041,422.4,promien_500m
762,31-047,429.1,promien_500m
762,31-046,433.4,promien_500m
762,31-023,448.2,promien_500m
762,31-050,451.8,promien_500m
762,31-052,477.0,promien_500m
762,31-535,488.6,promien_500m
763,31-536,0.0,promien_500m
763,31-535,53.7,promien_500m
763,31-534,123.9,promien_500m
763,30-701,136.0,promien_500m
763,31-539,171.1,promien_500m
763,31-559,231.8,promien_500m
763,31-036,243.7,promien_500m
763,31-540,247.0,promien_500m
763,31-532,353.1,promien_500m
763,31-052,370.6,promien_500m
763,30-705,378.4,promien_500m
763,31-537,419.1,promien_500m
763,31-035,435.3,promien_500m
763,30-549,436.9,promien_500m
763,30-527,458.3,promien_500m
763,31-538,462.0,promien_500m
763,30-710,476.8,promien_500m
763,31-060,494.3,promien_500m
764,30-002,0.0,promien_500m
764,30-006,78.0,promien_500m
764,30-003,105.7,promien_500m
764,30-001,163.5,promien_500m
764,30-004,187.2,promien_500m
764,31-155,194.0,promien_500m
764,30-009,194.1,promien_500m
764,31-147,232.9,promien_500m
764,31-145,239.2,promien_500m
764,31-148,255.0,promien_500m
764,31-146,257.8,promien_500m
764,31-159,261.7,promien_500m
764,30-018,274.3,promien_500m
764,30-015,315.8,promien_500m
764,30-010,349.7,promien_500m
764,31-403,373.5,promien_500m
764,31-202,393.0,promien_500m
764,31-160,395.1,promien_500m
764,31-158,401.2,promien_500m
764,30-019,406.3,promien_500m
764,31-153,407.5,promien_500m
764,31-152,452.1,promien_500m
764,31-161,460.7,promien_500m
764,30-011,478.2,promien_500m
764,30-036,485.0,promien_500m
764,30-007,488.3,promien_500m
764,31-261,489.6,promien_500m
765,30-527,0.0,promien_500m
765,30-547,56.4,promien_500m
765,30-530,68.6,promien_500m
765,30-549,70.7,promien_500m
765,31-035,139.0,promien_500m
765,30-529,147.4,promien_500m
765,30-106,157.4,promien_500m
765,30-701,163.9,promien_500m
765,30-548,175.1,promien_500m
765,30-550,182.9,promien_500m
765,30-535,186.1,promien_500m
765,31-052,190.3,promien_500m
765,31-061,236.5,promien_500m
765,30-551,252.6,promien_500m
765,31-536,260.1,promien_500m
765,30-534,273.7,promien_500m
765,30-531,283.0,promien_500m
765,30-500,290.2,promien_500m
765,30-536,294.2,promien_500m
765,31-060,298.7,promien_500m
765,31-036,299.2,promien_500m
765,30-702,363.3,promien_500m
765,30-501,365.5,promien_500m
765,30-518,366.6,promien_500m
765,30-532,383.6,promien_500m
765,31-534,408.0,promien_500m
765,30-533,419.2,promien_500m
765,30-506,426.6,promien_500m
765,30-508,434.8,promien_500m
765,30-710,459.1,promien_500m
765,31-057,460.6,promien_500m
765,31-518,487.3,promien_500m
765,30-540,490.0,promien_500m
765,30-537,497.5,promien_500m
766,30-530,0.0,promien_500m
766,30-527,4.8,promien_500m
766,30-106,71.9,promien_500m
766,30-547,95.7,promien_500m
766,31-035,131.5,promien_500m
766,30-529,134.5,promien_500m
766,30-549,146.5,promien_500m
766,30-535,152.8,promien_500m
766,31-061,172.0,promien_500m
766,30-531,212.0,promien_500m
766,30-548,220.7,promien_500m
766,31-060,221.5,promien_500m
766,30-701,225.6,promien_500m
766,30-551,229.6,promien_500m
766,31-052,232.5,promien_500m
766,30-500,234.0,promien_500m
766,30-550,251.4,promien_500m
766,30-534,264.3,promien_500m
766,30-536,288.0,promien_500m
766,30-518,292.4,promien_500m
766,31-536,308.1,promien_500m
766,31-036,335.0,promien_500m
766,30-506,347.4,promien_500m
766,30-508,348.8,promien_500m
766,30-533,349.0,promien_500m
766,30-501,398.7,promien_500m
766,31-518,416.1,promien_500m
766,31-057,416.4,promien_500m
766,30-532,431.2,promien_500m
766,30-507,439.2,promien_500m
766,30-702,443.4,promien_500m
766,31-534,450.5,promien_500m
766,30-509,454.6,promien_500m
766,30-537,459.0,promien_500m
766,30-519,466.5,promien_500m
766,30-538,469.0,promien_500m
766,30-540,479.9,promien_500m
766,31-066,484.3,promien_500m
766,30-523,491.4,promien_500m
766,31-457,494.0,promien_500m
767,30-527,0.0,promien_500m
767,30-547,5.3,promien_500m
767,30-549,60.6,promien_500m
767,30-530,64.1,promien_500m
767,30-529,86.7,promien_500m
767,30-548,120.9,promien_500m
767,30-535,133.9,promien_500m
767,30-550,151.0,promien_500m
767,30-106,154.7,promien_500m
767,30-551,189.8,promien_500m
767,31-035,202.8,promien_500m
767,30-534,209.4,promien_500m
767,30-701,213.3,promien_500m
767,30-536,230.4,promien_500m
767,30-500,246.1,promien_500m
767,30-531,251.9,promien_500m
767,31-052,253.5,promien_500m
767,31-061,272.9,promien_500m
767,30-501,306.9,promien_500m
767,31-536,321.2,promien_500m
767,31-060,323.0,promien_500m
767,30-532,332.3,promien_500m
767,30-518,336.4,promien_500m
767,30-702,349.0,promien_500m
767,31-036,362.5,promien_500m
767,30-533,378.2,promien_500m
767,30-506,402.4,promien_500m
767,30-540,425.7,promien_500m
767,30-508,432.7,promien_500m
767,30-537,440.2,promien_500m
767,31-518,451.7,promien_500m
767,31-534,466.9,promien_500m
767,30-710,467.4,promien_500m
767,30-538,473.5,promien_500m
767,30-539,475.6,promien_500m
767,30-519,486.9,promien_500m
767,31-457,487.4,promien_500m
767,30-507,494.8,promien_500m
767,30-509,495.1,promien_500m
768,31-543,0.0,promien_500m
768,31-553,27.7,promien_500m
768,31-542,166.5,promien_500m
768,31-120,173.4,promien_500m
768,31-545,174.5,promien_500m
768,31-547,229.6,promien_500m
768,31-546,254.8,promien_500m
768,31-548,275.9,promien_500m
768,31-526,302.3,promien_500m
768,31-525,303.7,promien_500m
768,31-564,390.1,promien_500m
768,31-527,407.4,promien_500m
768,31-523,408.3,promien_500m
768,31-549,422.8,promien_500m
768,31-524,431.9,promien_500m
768,31-541,447.1,promien_500m
769,30-549,0.0,promien_500m
769,30-527,29.4,promien_500m
769,30-550,48.3,promien_500m
769,30-548,51.8,promien_500m
769,30-547,61.2,promien_500m
769,30-701,134.1,promien_500m
769,30-529,157.2,promien_500m
769,30-530,184.9,promien_500m
769,30-534,210.6,promien_500m
769,30-551,215.2,promien_500m
769,30-702,225.9,promien_500m
769,30-535,237.1,promien_500m
769,31-035,238.2,promien_500m
769,30-536,256.5,promien_500m
769,31-052,263.9,promien_500m
769,30-532,267.8,promien_500m
769,30-501,273.1,promien_500m
769,30-106,278.5,promien_500m
769,31-536,310.4,promien_500m
769,30-710,346.3,promien_500m
769,30-500,352.3,promien_500m
769,31-036,364.2,promien_500m
769,30-531,367.1,promien_500m
769,31-061,377.2,promien_500m
769,31-534,426.3,promien_500m
769,30-540,435.6,promien_500m
769,31-060,437.6,promien_500m
769,30-528,442.8,promien_500m
769,30-518,453.4,promien_500m
769,30-533,482.1,promien_500m
770,30-549,0.0,promien_500m
770,30-550,3.5,promien_500m
770,30-548,57.5,promien_500m
770,30-527,59.8,promien_500m
770,30-701,119.8,promien_500m
770,30-547,120.9,promien_500m
770,30-702,161.3,promien_500m
770,30-529,177.3,promien_500m
770,30-534,217.7,promien_500m
770,30-532,220.3,promien_500m
770,30-551,221.2,promien_500m
770,30-530,249.4,promien_500m
770,30-501,261.2,promien_500m
770,30-536,273.1,promien_500m
770,31-035,284.6,promien_500m
770,30-710,291.1,promien_500m
770,30-535,291.4,promien_500m
770,31-052,302.3,promien_500m
770,31-536,336.9,promien_500m
770,30-106,342.7,promien_500m
770,31-036,393.9,promien_500m
770,30-528,403.6,promien_500m
770,30-500,405.2,promien_500m
770,30-531,421.0,promien_500m
770,30-540,431.3,promien_500m
770,31-534,431.9,promien_500m
770,31-061,439.9,promien_500m
770,30-703,495.9,promien_500m
771,30-527,0.0,promien_500m
771,30-106,3.5,promien_500m
771,30-530,31.4,promien_500m
771,30-529,99.1,promien_500m
771,30-547,103.9,promien_500m
771,30-535,130.4,promien_500m
771,31-035,147.7,promien_500m
771,31-061,151.8,promien_500m
771,30-531,153.5,promien_500m
771,31-060,174.0,promien_500m
771,30-551,189.7,promien_500m
771,30-500,189.8,promien_500m
771,30-549,208.3,promien_500m
771,30-518,229.3,promien_500m
771,30-534,236.4,promien_500m
771,30-548,261.1,promien_500m
771,30-506,280.1,promien_500m
771,30-536,281.2,promien_500m
771,30-508,282.2,promien_500m
771,30-701,288.0,promien_500m
771,30-533,288.5,promien_500m
771,31-052,290.2,promien_500m
771,30-550,304.8,promien_500m
771,31-518,354.1,promien_500m
771,31-536,366.3,promien_500m
771,30-507,370.2,promien_500m
771,31-036,386.7,promien_500m
771,30-509,390.6,promien_500m
771,31-057,406.9,promien_500m
771,30-519,409.9,promien_500m
771,30-538,419.2,promien_500m
771,30-537,421.3,promien_500m
771,30-501,422.1,promien_500m
771,31-066,423.8,promien_500m
771,30-523,439.0,promien_500m
771,31-457,449.4,promien_500m
771,31-538,461.5,promien_500m
771,30-540,463.6,promien_500m
771,30-532,464.9,promien_500m
771,30-539,485.8,promien_500m
771,31-534,497.5,promien_500m
772,30-527,0.0,promien_500m
772,30-530,13.0,promien_500m
772,30-529,47.0,promien_500m
772,30-106,48.8,promien_500m
772,30-547,66.2,promien_500m
772,30-535,74.4,promien_500m
772,30-531,115.5,promien_500m
772,30-551,136.1,promien_500m
772,30-500,138.1,promien_500m
772,30-534,181.1,promien_500m
772,30-518,198.3,promien_500m
772,31-035,204.2,promien_500m
772,31-061,204.4,promien_500m
772,30-549,206.2,promien_500m
772,31-060,212.8,promien_500m
772,30-536,224.8,promien_500m
772,30-548,232.7,promien_500m
772,30-533,252.6,promien_500m
772,30-506,259.4,promien_500m
772,30-550,287.6,promien_500m
772,30-508,289.1,promien_500m
772,31-518,320.3,promien_500m
772,30-701,323.2,promien_500m
772,31-052,330.3,promien_500m
772,30-507,354.9,promien_500m
772,30-509,360.4,promien_500m
772,30-519,368.6,promien_500m
772,30-537,368.7,promien_500m
772,30-538,371.8,promien_500m
772,30-501,378.1,promien_500m
772,30-523,393.7,promien_500m
772,31-457,398.8,promien_500m
772,31-536,406.0,promien_500m
772,30-540,407.1,promien_500m
772,31-538,413.1,promien_500m
772,30-532,426.8,promien_500m
772,31-036,431.6,promien_500m
772,30-539,431.7,promien_500m
772,31-066,445.3,promien_500m
772,31-057,461.7,promien_500m
772,30-504,477.0,promien_500m
772,30-510,486.5,promien_500m
772,30-702,490.3,promien_500m
773,30-527,0.0,promien_500m
773,30-529,13.9,promien_500m
773,30-506,55.2,promien_500m
773,30-508,70.6,promien_500m
773,31-061,77.8,promien_500m
773,31-060,80.1,promien_500m
773,30-518,91.5,promien_500m
773,31-035,101.2,promien_500m
773,30-551,114.5,promien_500m
773,30-531,120.1,promien_500m
773,30-535,127.0,promien_500m
773,30-507,147.4,promien_500m
773,30-534,156.1,promien_500m
773,30-533,159.5,promien_500m
773,30-500,191.3,promien_500m
773,31-518,195.0,promien_500m
773,30-106,196.2,promien_500m
773,30-530,203.8,promien_500m
773,30-509,209.1,promien_500m
773,31-066,251.5,promien_500m
773,30-519,276.0,promien_500m
773,30-547,284.4,promien_500m
773,30-510,292.9,promien_500m
773,30-504,300.1,promien_500m
773,30-523,310.6,promien_500m
773,30-536,312.4,promien_500m
773,30-538,314.2,promien_500m
773,31-538,346.6,promien_500m
773,30-537,346.9,promien_500m
773,31-457,368.9,promien_500m
773,30-116,390.6,promien_500m
773,30-520,416.6,promien_500m
773,30-539,420.2,promien_500m
773,30-549,427.3,promien_500m
773,31-067,430.2,promien_500m
773,31-062,432.9,promien_500m
773,30-512,437.8,promien_500m
773,31-052,438.8,promien_500m
773,31-057,447.6,promien_500m
773,30-548,448.4,promien_500m
773,31-064,467.4,promien_500m
773,31-059,471.3,promien_500m
773,30-540,471.4,promien_500m
773,30-525,476.9,promien_500m
773,31-055,484.8,promien_500m
773,31-056,494.5,promien_500m
774,30-527,0.0,promien_500m
774,30-529,28.0,promien_500m
774,30-531,52.7,promien_500m
774,30-530,87.4,promien_500m
774,30-106,97.8,promien_500m
774,30-535,105.0,promien_500m
774,30-551,107.5,promien_500m
774,30-518,114.6,promien_500m
774,30-500,116.5,promien_500m
774,31-060,144.8,promien_500m
774,30-534,154.6,promien_500m
774,30-506,161.3,promien_500m
774,30-547,166.0,promien_500m
774,31-061,168.7,promien_500m
774,30-533,176.7,promien_500m
774,30-508,187.1,promien_500m
774,31-035,211.5,promien_500m
774,30-536,238.2,promien_500m
774,31-518,239.0,promien_500m
774,30-507,255.5,promien_500m
774,30-509,273.0,promien_500m
774,30-519,302.0,promien_500m
774,30-549,310.4,promien_500m
774,30-538,322.5,promien_500m
774,30-548,330.6,promien_500m
774,30-523,337.2,promien_500m
774,30-537,339.0,promien_500m
774,31-066,354.2,promien_500m
774,31-457,360.7,promien_500m
774,31-538,361.4,promien_500m
774,30-504,383.7,promien_500m
774,30-510,388.5,promien_500m
774,30-550,390.2,promien_500m
774,31-052,396.4,promien_500m
774,30-539,404.7,promien_500m
774,30-701,406.6,promien_500m
774,30-540,423.5,promien_500m
774,31-057,449.5,promien_500m
774,30-501,454.0,promien_500m
774,31-536,483.0,promien_500m
774,30-116,494.1,promien_500m
774,31-036,498.6,promien_500m
775,30-548,0.0,promien_500m
775,30-527,29.3,promien_500m
775,30-547,34.9,promien_500m
775,30-550,39.3,promien_500m
775,30-529,42.0,promien_500m
775,30-549,80.1,promien_500m
775,30-534,86.7,promien_500m
775,30-551,91.2,promien_500m
775,30-536,137.9,promien_500m
775,30-501,153.3,promien_500m
775,30-532,168.8,promien_500m
775,30-530,191.4,promien_500m
775,30-535,195.9,promien_500m
775,30-702,248.5,promien_500m
775,30-701,248.7,promien_500m
775,30-106,299.2,promien_500m
775,30-500,302.0,promien_500m
775,30-540,311.5,promien_500m
775,30-531,319.9,promien_500m
775,31-035,344.6,promien_500m
775,30-528,347.5,promien_500m
775,31-052,379.2,promien_500m
775,30-537,400.2,promien_500m
775,30-710,412.4,promien_500m
775,30-539,412.7,promien_500m
775,30-518,416.3,promien_500m
775,30-533,419.4,promien_500m
775,31-536,431.8,promien_500m
775,31-061,435.1,promien_500m
775,30-570,457.0,promien_500m
775,30-538,470.5,promien_500m
775,31-457,475.1,promien_500m
775,30-009,475.6,promien_500m
775,31-060,475.8,promien_500m
775,31-036,483.5,promien_500m
775,30-506,489.7,promien_500m
775,30-127,491.6,promien_500m
775,30-568,496.8,promien_500m
776,30-549,0.0,promien_500m
776,30-550,0.4,promien_500m
776,30-548,52.7,promien_500m
776,30-532,74.6,promien_500m
776,30-702,115.1,promien_500m
776,30-529,123.9,promien_500m
776,30-551,139.8,promien_500m
776,30-527,145.5,promien_500m
776,30-501,158.1,promien_500m
776,30-534,169.5,promien_500m
776,30-547,178.2,promien_500m
776,30-701,194.1,promien_500m
776,30-535,211.9,promien_500m
776,30-536,219.6,promien_500m
776,30-528,256.2,promien_500m
776,30-710,310.7,promien_500m
776,30-540,318.0,promien_500m
776,30-530,335.8,promien_500m
776,30-009,357.3,promien_500m
776,30-703,365.1,promien_500m
776,30-127,377.6,promien_500m
776,30-570,403.4,promien_500m
776,30-553,426.1,promien_500m
776,31-035,429.4,promien_500m
776,30-106,438.0,promien_500m
776,30-500,443.0,promien_500m
776,30-533,448.9,promien_500m
776,31-052,449.4,promien_500m
776,30-531,461.4,promien_500m
776,31-536,483.3,promien_500m
776,30-537,484.6,promien_500m
776,30-539,494.7,promien_500m
776,30-552,495.2,promien_500m
777,30-549,0.0,promien_500m
777,30-550,34.9,promien_500m
777,30-702,94.1,promien_500m
777,30-548,103.5,promien_500m
777,30-532,116.5,promien_500m
777,30-527,127.5,promien_500m
777,30-701,147.6,promien_500m
777,30-529,173.5,promien_500m
777,30-547,180.7,promien_500m
777,30-551,194.1,promien_500m
777,30-534,205.4,promien_500m
777,30-501,207.8,promien_500m
777,30-536,261.2,promien_500m
777,30-535,263.9,promien_500m
777,30-710,271.7,promien_500m
777,30-528,301.4,promien_500m
777,30-530,338.3,promien_500m
777,30-540,372.3,promien_500m
777,30-703,390.3,promien_500m
777,31-035,391.9,promien_500m
777,30-009,393.5,promien_500m
777,31-052,407.4,promien_500m
777,30-127,417.3,promien_500m
777,30-106,428.8,promien_500m
777,31-536,436.6,promien_500m
777,30-500,456.0,promien_500m
777,30-570,456.7,promien_500m
777,30-553,471.8,promien_500m
777,30-531,473.7,promien_500m
777,30-533,492.8,promien_500m
777,31-036,494.8,promien_500m
778,30-529,0.0,promien_500m
778,30-527,24.7,promien_500m
778,30-531,46.5,promien_500m
778,30-551,58.4,promien_500m
778,30-518,59.8,promien_500m
778,30-535,61.3,promien_500m
778,30-506,102.1,promien_500m
778,30-500,108.7,promien_500m
778,30-534,109.0,promien_500m
778,30-533,122.8,promien_500m
778,30-530,128.8,promien_500m
778,31-060,150.1,promien_500m
778,30-508,152.1,promien_500m
778,31-061,155.2,promien_500m
778,30-106,157.2,promien_500m
778,31-518,181.2,promien_500m
778,31-035,184.8,promien_500m
778,30-507,200.3,promien_500m
778,30-547,211.2,promien_500m
778,30-509,213.6,promien_500m
778,30-536,232.2,promien_500m
778,30-519,248.9,promien_500m
778,30-538,276.5,promien_500m
778,30-523,287.6,promien_500m
778,30-537,297.9,promien_500m
778,31-538,312.3,promien_500m
778,31-457,319.8,promien_500m
778,30-504,323.9,promien_500m
778,30-510,329.6,promien_500m
778,31-066,334.6,promien_500m
778,30-549,363.2,promien_500m
778,30-539,367.3,promien_500m
778,30-548,370.8,promien_500m
778,30-540,402.2,promien_500m
778,30-550,435.1,promien_500m
778,30-116,436.7,promien_500m
778,31-052,446.6,promien_500m
778,30-520,450.7,promien_500m
778,30-701,466.5,promien_500m
778,30-501,476.3,promien_500m
778,30-512,476.9,promien_500m
778,31-057,484.5,promien_500m
778,30-525,485.1,promien_500m
779,30-529,0.0,promien_500m
779,30-530,36.0,promien_500m
779,30-527,37.4,promien_500m
779,30-531,47.5,promien_500m
779,30-500,50.8,promien_500m
779,30-551,51.0,promien_500m
779,30-535,53.3,promien_500m
779,30-534,97.7,promien_500m
779,30-547,108.4,promien_500m
779,30-518,128.0,promien_500m
779,30-106,130.6,promien_500m
779,30-536,153.5,promien_500m
779,30-533,171.3,promien_500m
779,30-506,199.0,promien_500m
779,31-060,235.4,promien_500m
779,31-518,240.8,promien_500m
779,31-061,255.9,promien_500m
779,30-548,260.9,promien_500m
779,30-549,263.6,promien_500m
779,30-508,263.8,promien_500m
779,31-035,278.5,promien_500m
779,30-519,282.3,promien_500m
779,30-537,282.3,promien_500m
779,30-538,283.2,promien_500m
779,30-509,284.1,promien_500m
779,30-507,285.8,promien_500m
779,30-523,305.4,promien_500m
779,31-457,310.8,promien_500m
779,30-550,323.3,promien_500m
779,31-538,324.4,promien_500m
779,30-540,341.0,promien_500m
779,30-539,347.1,promien_500m
779,30-501,367.1,promien_500m
779,30-504,403.9,promien_500m
779,30-701,409.8,promien_500m
779,30-510,418.3,promien_500m
779,31-052,418.5,promien_500m
779,30-532,428.4,promien_500m
779,31-066,440.4,promien_500m
779,31-536,494.0,promien_500m
779,30-568,494.1,promien_500m
780,30-529,0.0,promien_500m
780,30-530,11.8,promien_500m
780,30-535,11.8,promien_500m
780,30-551,45.0,promien_500m
780,30-547,62.2,promien_500m
780,30-527,78.4,promien_500m
780,30-534,78.7,promien_500m
780,30-500,79.8,promien_500m
780,30-531,96.4,promien_500m
780,30-536,119.1,promien_500m
780,30-106,156.3,promien_500m
780,30-518,191.5,promien_500m
780,30-548,194.5,promien_500m
780,30-533,208.9,promien_500m
780,30-549,211.3,promien_500m
780,30-550,252.0,promien_500m
780,30-506,265.0,promien_500m
780,30-537,274.9,promien_500m
780,31-518,290.3,promien_500m
780,30-501,295.6,promien_500m
780,30-540,299.9,promien_500m
780,30-538,300.6,promien_500m
780,31-060,301.7,promien_500m
780,31-035,310.6,promien_500m
780,31-061,310.6,promien_500m
780,30-519,316.0,promien_500m
780,31-457,316.3,promien_500m
780,30-539,328.0,promien_500m
780,30-523,328.7,promien_500m
780,30-508,335.6,promien_500m
780,30-509,336.2,promien_500m
780,31-538,337.8,promien_500m
780,30-507,344.7,promien_500m
780,30-532,356.3,promien_500m
780,30-701,386.5,promien_500m
780,31-052,409.7,promien_500m
780,30-504,457.4,promien_500m
780,30-568,465.5,promien_500m
780,30-702,469.7,promien_500m
780,30-510,474.3,promien_500m
780,31-536,482.9,promien_500m
781,30-529,0.0,promien_500m
781,30-551,20.8,promien_500m
781,30-534,53.3,promien_500m
781,30-530,59.3,promien_500m
781,30-535,66.3,promien_500m
781,30-536,66.7,promien_500m
781,30-547,78.4,promien_500m
781,30-527,86.9,promien_500m
781,30-548,137.4,promien_500m
781,30-500,139.0,promien_500m
781,30-531,157.8,promien_500m
781,30-550,185.0,promien_500m
781,30-549,185.3,promien_500m
781,30-106,212.9,promien_500m
781,30-501,223.1,promien_500m
781,30-533,252.2,promien_500m
781,30-518,255.9,promien_500m
781,30-540,260.5,promien_500m
781,30-537,269.8,promien_500m
781,30-532,285.1,promien_500m
781,30-539,302.4,promien_500m
781,30-538,315.6,promien_500m
781,31-457,325.1,promien_500m
781,30-506,329.9,promien_500m
781,31-518,340.8,promien_500m
781,30-519,350.5,promien_500m
781,31-035,353.3,promien_500m
781,31-538,354.3,promien_500m
781,30-523,354.8,promien_500m
781,31-061,370.6,promien_500m
781,31-060,372.7,promien_500m
781,30-701,374.9,promien_500m
781,30-509,387.8,promien_500m
781,30-507,399.6,promien_500m
781,30-508,405.9,promien_500m
781,30-702,415.6,promien_500m
781,31-052,425.5,promien_500m
781,30-568,434.6,promien_500m
781,30-528,442.2,promien_500m
781,31-536,494.4,promien_500m
782,30-507,0.0,promien_500m
782,30-506,28.5,promien_500m
782,30-509,34.0,promien_500m
782,30-518,57.0,promien_500m
782,30-508,75.3,promien_500m
782,30-510,91.4,promien_500m
782,31-518,94.1,promien_500m
782,30-504,100.0,promien_500m
782,30-533,132.3,promien_500m
782,30-529,133.7,promien_500m
782,30-519,141.1,promien_500m
782,31-035,153.6,promien_500m
782,31-061,160.5,promien_500m
782,30-523,178.0,promien_500m
782,30-534,179.5,promien_500m
782,30-527,187.9,promien_500m
782,31-066,190.8,promien_500m
782,30-551,195.4,promien_500m
782,30-116,197.4,promien_500m
782,30-520,214.6,promien_500m
782,30-535,221.1,promien_500m
782,30-531,221.3,promien_500m
782,30-512,238.0,promien_500m
782,30-538,238.1,promien_500m
782,31-060,242.8,promien_500m
782,31-538,255.7,promien_500m
782,30-525,287.2,promien_500m
782,30-537,288.1,promien_500m
782,30-500,292.0,promien_500m
782,31-067,307.0,promien_500m
782,31-457,311.9,promien_500m
782,30-530,335.2,promien_500m
782,30-521,350.4,promien_500m
782,30-539,364.3,promien_500m
782,30-536,378.3,promien_500m
782,30-502,390.4,promien_500m
782,30-106,390.7,promien_500m
782,30-513,426.0,promien_500m
782,30-331,431.4,promien_500m
782,31-062,442.1,promien_500m
782,30-547,442.8,promien_500m
782,30-503,455.0,promien_500m
782,31-064,456.9,promien_500m
782,30-540,462.6,promien_500m
783,30-551,0.0,promien_500m
783,30-535,9.1,promien_500m
783,30-534,15.9,promien_500m
783,30-500,31.9,promien_500m
783,30-531,42.1,promien_500m
783,30-529,53.6,promien_500m
783,30-518,65.0,promien_500m
783,30-533,67.9,promien_500m
783,30-530,79.6,promien_500m
783,30-527,117.9,promien_500m
783,30-536,128.1,promien_500m
783,30-506,145.0,promien_500m
783,31-518,146.0,promien_500m
783,30-519,177.1,promien_500m
783,30-538,180.1,promien_500m
783,30-537,191.1,promien_500m
783,30-509,192.5,promien_500m
783,30-523,200.4,promien_500m
783,30-547,201.5,promien_500m
783,30-507,203.6,promien_500m
783,31-457,213.6,promien_500m
783,31-538,222.4,promien_500m
783,30-508,228.5,promien_500m
783,30-106,230.8,promien_500m
783,30-539,256.5,promien_500m
783,31-060,266.7,promien_500m
783,31-061,267.7,promien_500m
783,30-540,284.6,promien_500m
783,31-035,287.5,promien_500m
783,30-504,313.6,promien_500m
783,30-510,331.6,promien_500m
783,30-548,333.3,promien_500m
783,30-549,355.5,promien_500m
783,30-550,380.1,promien_500m
783,30-501,400.0,promien_500m
783,31-066,423.3,promien_500m
783,30-568,425.7,promien_500m
783,30-525,428.3,promien_500m
783,30-520,441.7,promien_500m
783,30-116,450.0,promien_500m
783,30-532,467.2,promien_500m
783,30-512,477.3,promien_500m
784,31-501,0.0,promien_500m
784,31-503,43.7,promien_500m
784,31-531,92.7,promien_500m
784,31-512,121.6,promien_500m
784,31-034,164.3,promien_500m
784,31-505,206.1,promien_500m
784,31-504,257.8,promien_500m
784,31-511,270.0,promien_500m
784,31-506,279.7,promien_500m
784,31-539,293.7,promien_500m
784,31-516,293.9,promien_500m
784,31-549,304.0,promien_500m
784,31-529,314.8,promien_500m
784,31-547,327.8,promien_500m
784,31-541,345.7,promien_500m
784,31-509,353.4,promien_500m
784,31-530,373.6,promien_500m
784,31-514,402.3,promien_500m
784,31-510,424.7,promien_500m
784,31-502,433.8,promien_500m
784,31-026,450.4,promien_500m
784,31-025,472.1,promien_500m
784,31-542,487.6,promien_500m
784,31-525,492.7,promien_500m
785,30-535,0.0,promien_500m
785,30-551,2.2,promien_500m
785,30-534,5.8,promien_500m
785,30-530,22.3,promien_500m
785,30-529,32.4,promien_500m
785,30-536,48.6,promien_500m
785,30-500,66.6,promien_500m
785,30-531,95.0,promien_500m
785,30-547,131.5,promien_500m
785,30-527,137.8,promien_500m
785,30-533,168.9,promien_500m
785,30-518,184.1,promien_500m
785,30-537,203.1,promien_500m
785,30-548,219.7,promien_500m
785,30-106,224.7,promien_500m
785,30-540,232.7,promien_500m
785,30-538,236.1,promien_500m
785,31-457,248.6,promien_500m
785,30-539,255.9,promien_500m
785,31-518,258.5,promien_500m
785,30-506,261.1,promien_500m
785,30-550,262.8,promien_500m
785,30-549,264.6,promien_500m
785,30-519,266.3,promien_500m
785,30-523,271.4,promien_500m
785,31-538,274.1,promien_500m
785,30-501,281.9,promien_500m
785,30-509,306.3,promien_500m
785,30-507,318.7,promien_500m
785,30-508,342.5,promien_500m
785,31-060,343.5,promien_500m
785,30-532,348.8,promien_500m
785,31-061,357.2,promien_500m
785,31-035,380.3,promien_500m
785,30-568,393.8,promien_500m
785,30-504,425.9,promien_500m
785,30-510,446.0,promien_500m
785,30-701,450.9,promien_500m
785,31-052,481.5,promien_500m
785,30-528,494.5,promien_500m
785,30-702,498.2,promien_500m
786,30-529,0.0,promien_500m
786,30-501,10.9,promien_500m
786,30-551,18.1,promien_500m
786,30-548,22.3,promien_500m
786,30-534,28.3,promien_500m
786,30-532,55.6,promien_500m
786,30-549,62.7,promien_500m
786,30-535,70.8,promien_500m
786,30-536,83.9,promien_500m
786,30-550,84.5,promien_500m
786,30-527,126.0,promien_500m
786,30-547,173.8,promien_500m
786,30-540,181.6,promien_500m
786,30-528,214.0,promien_500m
786,30-702,253.8,promien_500m
786,30-530,283.0,promien_500m
786,30-570,310.0,promien_500m
786,30-537,341.1,promien_500m
786,30-701,342.6,promien_500m
786,30-539,350.6,promien_500m
786,30-009,358.7,promien_500m
786,30-500,359.4,promien_500m
786,30-127,369.6,promien_500m
786,30-553,382.0,promien_500m
786,30-531,384.1,promien_500m
786,30-568,387.0,promien_500m
786,30-538,389.5,promien_500m
786,30-546,401.7,promien_500m
786,30-703,408.2,promien_500m
786,30-533,416.4,promien_500m
786,30-106,420.7,promien_500m
786,30-552,424.4,promien_500m
786,31-457,455.2,promien_500m
786,30-710,456.1,promien_500m
786,30-518,477.0,promien_500m
786,31-538,490.0,promien_500m
786,31-035,491.7,promien_500m
786,30-545,496.5,promien_500m
787,30-548,0.0,promien_500m
787,30-529,4.7,promien_500m
787,30-532,10.2,promien_500m
787,30-551,12.3,promien_500m
787,30-549,26.8,promien_500m
787,30-501,37.5,promien_500m
787,30-534,56.5,promien_500m
787,30-535,80.5,promien_500m
787,30-550,85.3,promien_500m
787,30-536,123.5,promien_500m
787,30-527,162.2,promien_500m
787,30-528,174.5,promien_500m
787,30-540,188.4,promien_500m
787,30-547,205.7,promien_500m
787,30-702,222.9,promien_500m
787,30-570,287.1,promien_500m
787,30-009,314.8,promien_500m
787,30-701,325.6,promien_500m
787,30-127,326.8,promien_500m
787,30-530,328.4,promien_500m
787,30-553,345.2,promien_500m
787,30-703,362.6,promien_500m
787,30-537,374.9,promien_500m
787,30-533,377.6,promien_500m
787,30-539,383.8,promien_500m
787,30-546,390.3,promien_500m
787,30-552,394.8,promien_500m
787,30-538,397.4,promien_500m
787,30-568,402.9,promien_500m
787,30-500,405.0,promien_500m
787,30-531,429.5,promien_500m
787,30-710,430.1,promien_500m
787,30-106,456.7,promien_500m
787,30-545,471.0,promien_500m
787,31-457,495.2,promien_500m
787,30-542,496.7,promien_500m
788,30-532,0.0,promien_500m
788,30-549,4.3,promien_500m
788,30-551,10.9,promien_500m
788,30-548,24.3,promien_500m
788,30-529,29.4,promien_500m
788,30-501,67.0,promien_500m
788,30-534,78.2,promien_500m
788,30-550,89.6,promien_500m
788,30-535,101.5,promien_500m
788,30-528,148.8,promien_500m
788,30-536,156.1,promien_500m
788,30-540,188.7,promien_500m
788,30-527,191.1,promien_500m
788,30-702,196.6,promien_500m
788,30-547,231.4,promien_500m
788,30-570,276.8,promien_500m
788,30-009,282.7,promien_500m
788,30-127,295.9,promien_500m
788,30-701,313.0,promien_500m
788,30-553,320.9,promien_500m
788,30-703,327.6,promien_500m
788,30-533,351.1,promien_500m
788,30-530,363.0,promien_500m
788,30-552,377.2,promien_500m
788,30-546,388.5,promien_500m
788,30-537,404.5,promien_500m
788,30-710,409.4,promien_500m
788,30-538,410.3,promien_500m
788,30-539,413.1,promien_500m
788,30-568,421.2,promien_500m
788,30-106,421.5,promien_500m
788,30-500,440.1,promien_500m
788,30-545,456.7,promien_500m
788,30-531,464.2,promien_500m
788,30-542,497.9,promien_500m
789,30-551,0.0,promien_500m
789,30-534,11.0,promien_500m
789,30-535,22.3,promien_500m
789,30-532,59.5,promien_500m
789,30-529,76.0,promien_500m
789,30-501,85.1,promien_500m
789,30-548,85.4,promien_500m
789,30-549,91.3,promien_500m
789,30-540,97.1,promien_500m
789,30-528,104.9,promien_500m
789,30-536,147.2,promien_500m
789,30-550,178.5,promien_500m
789,30-570,190.0,promien_500m
789,30-527,249.6,promien_500m
789,30-009,260.1,promien_500m
789,30-553,261.9,promien_500m
789,30-127,264.9,promien_500m
789,30-702,269.3,promien_500m
789,30-546,296.9,promien_500m
789,30-547,297.1,promien_500m
789,30-533,298.9,promien_500m
789,30-552,300.9,promien_500m
789,30-538,326.9,promien_500m
789,30-703,333.0,promien_500m
789,30-568,345.7,promien_500m
789,30-537,362.6,promien_500m
789,30-539,369.4,promien_500m
789,30-545,374.7,promien_500m
789,30-530,386.7,promien_500m
789,30-701,401.9,promien_500m
789,30-542,406.3,promien_500m
789,30-543,413.8,promien_500m
789,30-106,432.0,promien_500m
789,30-544,440.4,promien_500m
789,30-500,452.1,promien_500m
789,30-531,484.9,promien_500m
789,30-710,489.4,promien_500m
790,30-532,0.0,promien_500m
790,30-551,23.2,promien_500m
790,30-528,62.1,promien_500m
790,30-549,67.8,promien_500m
790,30-534,116.8,promien_500m
790,30-548,127.3,promien_500m
790,30-529,128.3,promien_500m
790,30-535,129.1,promien_500m
790,30-501,158.7,promien_500m
790,30-702,166.7,promien_500m
790,30-540,174.8,promien_500m
790,30-550,176.8,promien_500m
790,30-009,178.0,promien_500m
790,30-127,192.6,promien_500m
790,30-570,223.9,promien_500m
790,30-703,228.5,promien_500m
790,30-553,231.3,promien_500m
790,30-536,243.8,promien_500m
790,30-533,255.5,promien_500m
790,30-527,295.1,promien_500m
790,30-552,304.3,promien_500m
790,30-106,325.7,promien_500m
790,30-547,332.7,promien_500m
790,30-701,336.2,promien_500m
790,30-546,357.4,promien_500m
790,30-545,390.7,promien_500m
790,30-710,399.6,promien_500m
790,30-707,422.0,promien_500m
790,30-538,425.9,promien_500m
790,30-568,449.1,promien_500m
790,30-704,460.4,promien_500m
790,30-530,465.9,promien_500m
790,30-537,474.3,promien_500m
790,30-542,475.5,promien_500m
790,30-544,477.0,promien_500m
790,30-539,481.4,promien_500m
790,30-543,482.2,promien_500m
791,30-528,0.0,promien_500m
791,30-551,3.7,promien_500m
791,30-534,17.5,promien_500m
791,30-532,53.0,promien_500m
791,30-540,95.9,promien_500m
791,30-570,101.4,promien_500m
791,30-535,107.3,promien_500m
791,30-553,128.3,promien_500m
791,30-127,144.9,promien_500m
791,30-009,149.8,promien_500m
791,30-533,165.0,promien_500m
791,30-549,177.7,promien_500m
791,30-552,183.8,promien_500m
791,30-529,205.3,promien_500m
791,30-548,205.3,promien_500m
791,30-501,218.7,promien_500m
791,30-702,223.9,promien_500m
791,30-546,235.1,promien_500m
791,30-703,247.8,promien_500m
791,30-545,268.6,promien_500m
791,30-536,277.6,promien_500m
791,30-550,283.4,promien_500m
791,30-106,344.9,promien_500m
791,30-538,349.5,promien_500m
791,30-544,355.0,promien_500m
791,30-542,365.6,promien_500m
791,30-543,371.6,promien_500m
791,30-707,374.6,promien_500m
791,30-527,379.0,promien_500m
791,30-568,380.0,promien_500m
791,30-554,401.7,promien_500m
791,30-547,423.9,promien_500m
791,30-539,454.1,promien_500m
791,30-701,456.2,promien_500m
791,30-704,457.4,promien_500m
791,30-537,459.7,promien_500m
792,30-528,0.0,promien_500m
792,30-532,7.5,promien_500m
792,30-009,49.5,promien_500m
792,30-702,73.0,promien_500m
792,30-127,80.2,promien_500m
792,30-703,93.4,promien_500m
792,30-551,138.8,promien_500m
792,30-553,159.0,promien_500m
792,30-534,168.8,promien_500m
792,30-533,171.3,promien_500m
792,30-106,192.7,promien_500m
792,30-549,204.1,promien_500m
792,30-570,225.8,promien_500m
792,30-535,244.3,promien_500m
792,30-552,252.4,promien_500m
792,30-540,252.6,promien_500m
792,30-548,270.8,promien_500m
792,30-529,271.8,promien_500m
792,30-707,280.4,promien_500m
792,30-550,299.7,promien_500m
792,30-501,301.8,promien_500m
792,30-704,319.5,promien_500m
792,30-546,341.1,promien_500m
792,30-545,342.5,promien_500m
792,30-701,372.5,promien_500m
792,30-536,384.1,promien_500m
792,30-710,397.0,promien_500m
792,30-527,434.6,promien_500m
792,30-544,462.0,promien_500m
792,30-554,467.8,promien_500m
792,30-547,468.2,promien_500m
792,30-543,495.2,promien_500m
793,30-528,0.0,promien_500m
793,30-532,33.5,promien_500m
793,30-009,55.4,promien_500m
793,30-127,64.7,promien_500m
793,30-551,79.1,promien_500m
793,30-534,109.4,promien_500m
793,30-553,117.5,promien_500m
793,30-702,132.7,promien_500m
793,30-533,136.1,promien_500m
793,30-703,147.7,promien_500m
793,30-570,167.7,promien_500m
793,30-540,194.5,promien_500m
793,30-549,195.8,promien_500m
793,30-535,199.7,promien_500m
793,30-552,213.7,promien_500m
793,30-106,244.6,promien_500m
793,30-548,250.4,promien_500m
793,30-529,251.4,promien_500m
793,30-501,276.1,promien_500m
793,30-546,286.6,promien_500m
793,30-707,298.4,promien_500m
793,30-545,301.9,promien_500m
793,30-550,304.0,promien_500m
793,30-536,351.4,promien_500m
793,30-704,361.1,promien_500m
793,30-544,409.8,promien_500m
793,30-701,411.9,promien_500m
793,30-527,422.3,promien_500m
793,30-554,424.5,promien_500m
793,30-543,439.2,promien_500m
793,30-710,446.5,promien_500m
793,30-542,448.1,promien_500m
793,30-538,448.6,promien_500m
793,30-547,460.7,promien_500m
793,30-568,479.8,promien_500m
794,30-528,0.0,promien_500m
794,30-127,7.3,promien_500m
794,30-009,30.8,promien_500m
794,30-532,42.4,promien_500m
794,30-553,73.1,promien_500m
794,30-533,83.0,promien_500m
794,30-551,89.2,promien_500m
794,30-703,121.8,promien_500m
794,30-534,132.1,promien_500m
794,30-702,137.3,promien_500m
794,30-570,162.0,promien_500m
794,30-552,164.2,promien_500m
794,30-540,214.5,promien_500m
794,30-106,225.0,promien_500m
794,30-707,239.3,promien_500m
794,30-535,245.8,promien_500m
794,30-545,254.4,promien_500m
794,30-549,259.9,promien_500m
794,30-546,263.4,promien_500m
794,30-548,313.0,promien_500m
794,30-529,313.8,promien_500m
794,30-704,322.2,promien_500m
794,30-501,336.9,promien_500m
794,30-550,368.1,promien_500m
794,30-544,379.9,promien_500m
794,30-554,380.1,promien_500m
794,30-536,408.1,promien_500m
794,30-701,408.3,promien_500m
794,30-543,418.8,promien_500m
794,30-542,444.0,promien_500m
794,30-538,469.4,promien_500m
794,30-710,484.2,promien_500m
794,30-527,485.8,promien_500m
795,30-507,0.0,promien_500m
795,30-506,2.1,promien_500m
795,30-508,43.8,promien_500m
795,31-035,85.6,promien_500m
795,31-061,86.3,promien_500m
795,30-509,93.5,promien_500m
795,30-529,101.6,promien_500m
795,30-518,111.6,promien_500m
795,30-510,137.8,promien_500m
795,30-527,140.9,promien_500m
795,31-066,147.6,promien_500m
795,31-518,157.6,promien_500m
795,30-504,170.6,promien_500m
795,31-060,174.9,promien_500m
795,30-533,180.9,promien_500m
795,30-534,203.6,promien_500m
795,30-551,205.7,promien_500m
795,30-519,218.8,promien_500m
795,30-531,220.8,promien_500m
795,30-535,224.1,promien_500m
795,30-116,237.4,promien_500m
795,30-523,258.0,promien_500m
795,30-520,273.5,promien_500m
795,30-512,289.1,promien_500m
795,31-067,296.1,promien_500m
795,30-500,301.7,promien_500m
795,30-538,303.4,promien_500m
795,31-538,324.5,promien_500m
795,30-530,340.2,promien_500m
795,30-106,353.0,promien_500m
795,30-537,353.6,promien_500m
795,30-525,365.0,promien_500m
795,31-062,372.6,promien_500m
795,31-457,373.6,promien_500m
795,30-502,395.1,promien_500m
795,31-064,397.9,promien_500m
795,30-536,402.2,promien_500m
795,30-521,412.9,promien_500m
795,30-539,427.2,promien_500m
795,30-547,429.7,promien_500m
795,30-331,430.7,promien_500m
795,30-513,456.7,promien_500m
795,31-063,458.3,promien_500m
795,31-059,474.0,promien_500m
795,30-960,482.3,promien_500m
795,30-503,486.5,promien_500m
795,31-055,496.5,promien_500m
796,30-506,0.0,promien_500m
796,30-518,30.1,promien_500m
796,30-507,47.0,promien_500m
796,30-529,53.6,promien_500m
796,30-508,55.1,promien_500m
796,30-509,82.8,promien_500m
796,31-518,94.5,promien_500m
796,30-533,100.4,promien_500m
796,30-527,111.5,promien_500m
796,30-534,119.5,promien_500m
796,30-551,128.2,promien_500m
796,30-531,145.4,promien_500m
796,30-535,148.2,promien_500m
796,31-061,159.7,promien_500m
796,31-035,160.1,promien_500m
796,30-519,170.1,promien_500m
796,30-510,171.9,promien_500m
796,30-504,173.4,promien_500m
796,31-060,182.2,promien_500m
796,30-523,204.6,promien_500m
796,30-500,224.5,promien_500m
796,30-538,230.7,promien_500m
796,31-066,230.7,promien_500m
796,31-538,255.5,promien_500m
796,30-530,263.3,promien_500m
796,30-537,277.0,promien_500m
796,30-116,277.9,promien_500m
796,30-520,294.4,promien_500m
796,31-457,297.2,promien_500m
796,30-106,310.1,promien_500m
796,30-512,318.9,promien_500m
796,30-536,319.1,promien_500m
796,30-525,350.5,promien_500m
796,30-539,351.1,promien_500m
796,30-547,365.0,promien_500m
796,31-067,370.9,promien_500m
796,30-521,427.3,promien_500m
796,30-540,432.0,promien_500m
796,31-062,450.8,promien_500m
796,30-502,462.3,promien_500m
796,31-064,480.3,promien_500m
797,30-506,0.0,promien_500m
797,30-518,7.2,promien_500m
797,30-507,31.9,promien_500m
797,31-518,52.4,promien_500m
797,30-509,52.7,promien_500m
797,30-533,61.9,promien_500m
797,30-529,70.1,promien_500m
797,30-534,95.6,promien_500m
797,30-508,97.5,promien_500m
797,30-551,111.3,promien_500m
797,30-519,132.2,promien_500m
797,30-527,139.1,promien_500m
797,30-535,140.3,promien_500m
797,30-531,140.7,promien_500m
797,30-504,154.7,promien_500m
797,30-523,162.8,promien_500m
797,30-510,164.9,promien_500m
797,30-538,188.7,promien_500m
797,31-061,200.5,promien_500m
797,31-035,201.9,promien_500m
797,30-500,208.0,promien_500m
797,31-538,213.0,promien_500m
797,31-060,220.2,promien_500m
797,30-537,236.2,promien_500m
797,30-530,251.7,promien_500m
797,31-457,256.1,promien_500m
797,31-066,260.3,promien_500m
797,30-116,277.1,promien_500m
797,30-520,283.0,promien_500m
797,30-536,295.5,promien_500m
797,30-539,309.9,promien_500m
797,30-512,311.3,promien_500m
797,30-525,321.8,promien_500m
797,30-106,325.7,promien_500m
797,30-547,362.1,promien_500m
797,31-067,389.5,promien_500m
797,30-540,395.0,promien_500m
797,30-521,408.1,promien_500m
797,30-502,474.5,promien_500m
797,31-062,490.5,promien_500m
798,30-518,0.0,promien_500m
798,30-533,30.8,promien_500m
798,30-534,37.8,promien_500m
798,30-529,41.1,promien_500m
798,30-506,46.0,promien_500m
798,30-551,47.3,promien_500m
798,31-518,67.0,promien_500m
798,30-531,75.9,promien_500m
798,30-535,77.2,promien_500m
798,30-527,97.6,promien_500m
798,30-507,97.7,promien_500m
798,30-509,99.8,promien_500m
798,30-508,127.6,promien_500m
798,30-519,142.9,promien_500m
798,30-500,144.2,promien_500m
798,30-538,180.7,promien_500m
798,30-523,180.8,promien_500m
798,30-530,185.6,promien_500m
798,31-061,201.8,promien_500m
798,31-035,209.2,promien_500m
798,31-060,210.3,promien_500m
798,31-538,212.9,promien_500m
798,30-504,216.3,promien_500m
798,30-537,216.7,promien_500m
798,30-510,229.8,promien_500m
798,30-536,236.1,promien_500m
798,31-457,238.4,promien_500m
798,30-106,271.6,promien_500m
798,30-539,291.0,promien_500m
798,30-547,296.3,promien_500m
798,31-066,313.6,promien_500m
798,30-116,343.4,promien_500m
798,30-520,346.7,promien_500m
798,30-540,358.0,promien_500m
798,30-525,370.2,promien_500m
798,30-512,376.3,promien_500m
798,30-548,441.4,promien_500m
798,31-067,451.8,promien_500m
798,30-549,451.9,promien_500m
798,30-521,466.1,promien_500m
798,30-568,484.1,promien_500m
798,30-550,491.2,promien_500m
799,30-507,0.0,promien_500m
799,30-506,38.9,promien_500m
799,30-509,56.2,promien_500m
799,30-508,62.2,promien_500m
799,31-035,94.7,promien_500m
799,30-510,101.9,promien_500m
799,31-061,102.5,promien_500m
799,30-518,105.6,promien_500m
799,30-529,135.0,promien_500m
799,30-504,136.1,promien_500m
799,31-066,137.9,promien_500m
799,31-518,148.9,promien_500m
799,30-527,175.8,promien_500m
799,30-533,180.7,promien_500m
799,30-519,199.9,promien_500m
799,30-116,200.8,promien_500m
799,31-060,212.2,promien_500m
799,30-534,215.2,promien_500m
799,30-551,226.2,promien_500m
799,30-523,227.8,promien_500m
799,30-520,236.3,promien_500m
799,30-531,242.3,promien_500m
799,30-535,245.3,promien_500m
799,30-512,251.9,promien_500m
799,31-067,273.0,promien_500m
799,30-538,295.0,promien_500m
799,31-538,313.6,promien_500m
799,30-500,322.4,promien_500m
799,30-525,332.1,promien_500m
799,30-537,345.3,promien_500m
799,30-530,361.0,promien_500m
799,30-502,366.9,promien_500m
799,31-457,367.7,promien_500m
799,30-521,375.8,promien_500m
799,31-062,383.3,promien_500m
799,30-106,386.8,promien_500m
799,31-064,400.3,promien_500m
799,30-331,404.5,promien_500m
799,30-536,415.8,promien_500m
799,30-539,420.6,promien_500m
799,30-513,422.1,promien_500m
799,30-503,451.9,promien_500m
799,30-547,457.5,promien_500m
799,31-063,469.0,promien_500m
799,30-960,490.5,promien_500m
799,31-059,497.0,promien_500m
8,31-511,0.0,promien_500m
8,31-504,9.7,promien_500m
8,31-512,46.8,promien_500m
8,31-506,91.3,promien_500m
8,31-505,104.7,promien_500m
8,31-503,108.3,promien_500m
8,31-510,118.9,promien_500m
8,31-509,174.3,promien_500m
8,31-501,193.9,promien_500m
8,31-508,196.3,promien_500m
8,31-154,290.7,promien_500m
8,31-034,326.0,promien_500m
8,31-025,360.8,promien_500m
8,31-516,360.9,promien_500m
8,31-001,367.6,promien_500m
8,31-026,372.1,promien_500m
8,31-531,402.0,promien_500m
8,31-404,416.5,promien_500m
8,31-529,467.0,promien_500m
8,31-514,471.0,promien_500m
8,31-033,487.0,promien_500m
8,31-530,488.4,promien_500m
800,30-529,0.0,promien_500m
800,30-551,18.2,promien_500m
800,30-534,21.0,promien_500m
800,30-536,39.4,promien_500m
800,30-548,43.9,promien_500m
800,30-527,56.8,promien_500m
800,30-547,79.7,promien_500m
800,30-550,89.6,promien_500m
800,30-501,119.3,promien_500m
800,30-535,120.0,promien_500m
800,30-530,160.4,promien_500m
800,30-549,168.8,promien_500m
800,30-532,179.5,promien_500m
800,30-540,224.3,promien_500m
800,30-500,241.6,promien_500m
800,30-531,261.5,promien_500m
800,30-537,299.1,promien_500m
800,30-106,300.3,promien_500m
800,30-539,311.7,promien_500m
800,30-702,327.5,promien_500m
800,30-528,338.8,promien_500m
800,30-533,342.7,promien_500m
800,30-701,347.6,promien_500m
800,30-518,358.9,promien_500m
800,30-538,376.4,promien_500m
800,31-457,378.8,promien_500m
800,30-568,404.6,promien_500m
800,31-035,409.2,promien_500m
800,31-538,413.6,promien_500m
800,30-570,414.6,promien_500m
800,30-519,422.6,promien_500m
800,30-523,425.8,promien_500m
800,31-518,432.9,promien_500m
800,30-506,433.3,promien_500m
800,31-052,452.4,promien_500m
800,31-061,454.6,promien_500m
800,31-060,471.5,promien_500m
800,30-509,481.4,promien_500m
800,30-546,483.4,promien_500m
800,30-009,484.7,promien_500m
800,30-507,494.1,promien_500m
800,30-127,495.6,promien_500m
802,30-510,0.0,promien_500m
802,30-116,3.7,promien_500m
802,30-512,73.4,promien_500m
802,31-066,82.2,promien_500m
802,31-067,101.6,promien_500m
802,30-508,110.5,promien_500m
802,30-520,124.5,promien_500m
802,30-509,130.7,promien_500m
802,30-507,145.6,promien_500m
802,30-502,148.5,promien_500m
802,30-504,150.2,promien_500m
802,31-035,173.1,promien_500m
802,30-331,192.5,promien_500m
802,30-513,201.9,promien_500m
802,30-519,212.8,promien_500m
802,30-503,231.8,promien_500m
802,30-506,233.1,promien_500m
802,30-521,243.0,promien_500m
802,30-523,252.1,promien_500m
802,31-061,253.6,promien_500m
802,30-525,295.2,promien_500m
802,30-518,298.4,promien_500m
802,31-518,305.0,promien_500m
802,30-332,353.2,promien_500m
802,30-529,360.6,promien_500m
802,31-064,361.7,promien_500m
802,30-515,364.4,promien_500m
802,30-533,367.6,promien_500m
802,31-062,397.5,promien_500m
802,30-527,398.6,promien_500m
802,31-060,407.6,promien_500m
802,30-534,422.4,promien_500m
802,31-538,430.7,promien_500m
802,30-538,433.0,promien_500m
802,30-551,438.9,promien_500m
802,31-155,441.9,promien_500m
802,30-535,444.2,promien_500m
802,30-531,463.4,promien_500m
802,31-063,469.6,promien_500m
802,31-553,471.3,promien_500m
802,30-960,473.3,promien_500m
802,30-501,477.2,promien_500m
802,30-537,479.7,promien_500m
803,30-510,0.0,promien_500m
803,30-509,47.1,promien_500m
803,30-508,50.4,promien_500m
803,30-116,50.5,promien_500m
803,30-504,85.6,promien_500m
803,30-507,88.7,promien_500m
803,30-512,105.6,promien_500m
803,30-520,107.4,promien_500m
803,31-066,127.0,promien_500m
803,30-519,157.8,promien_500m
803,31-035,158.9,promien_500m
803,30-506,173.3,promien_500m
803,31-067,178.6,promien_500m
803,30-523,185.7,promien_500m
803,30-518,208.5,promien_500m
803,31-061,209.8,promien_500m
803,31-518,212.8,promien_500m
803,30-502,240.8,promien_500m
803,30-521,242.1,promien_500m
803,30-525,250.8,promien_500m
803,30-513,271.9,promien_500m
803,30-533,275.8,promien_500m
803,30-529,282.9,promien_500m
803,30-331,284.8,promien_500m
803,30-503,301.3,promien_500m
803,30-527,327.8,promien_500m
803,30-534,332.4,promien_500m
803,31-538,346.1,promien_500m
803,30-538,346.6,promien_500m
803,30-551,349.4,promien_500m
803,30-535,353.3,promien_500m
803,31-060,360.2,promien_500m
803,30-531,377.2,promien_500m
803,30-537,390.5,promien_500m
803,31-064,403.3,promien_500m
803,30-515,412.9,promien_500m
803,31-062,420.2,promien_500m
803,31-457,421.3,promien_500m
803,30-332,441.2,promien_500m
803,30-500,444.7,promien_500m
803,30-539,467.8,promien_500m
803,30-530,490.4,promien_500m
803,31-155,495.9,promien_500m
803,31-553,499.0,promien_500m
804,30-509,0.0,promien_500m
804,30-507,22.0,promien_500m
804,30-510,26.5,promien_500m
804,30-508,30.3,promien_500m
804,30-504,60.9,promien_500m
804,30-506,95.8,promien_500m
804,30-116,123.1,promien_500m
804,30-518,128.0,promien_500m
804,31-518,143.0,promien_500m
804,30-520,151.2,promien_500m
804,31-035,151.6,promien_500m
804,31-066,156.4,promien_500m
804,30-523,161.4,promien_500m
804,30-512,168.7,promien_500m
804,30-519,169.4,promien_500m
804,31-061,171.9,promien_500m
804,30-533,197.9,promien_500m
804,30-529,205.2,promien_500m
804,31-067,243.0,promien_500m
804,30-534,252.1,promien_500m
804,30-527,255.2,promien_500m
804,30-525,255.6,promien_500m
804,30-551,268.8,promien_500m
804,30-538,282.6,promien_500m
804,30-535,287.8,promien_500m
804,30-521,290.6,promien_500m
804,31-538,293.9,promien_500m
804,30-531,296.4,promien_500m
804,31-060,297.1,promien_500m
804,30-502,318.5,promien_500m
804,30-537,329.8,promien_500m
804,30-513,351.1,promien_500m
804,31-457,358.0,promien_500m
804,30-331,360.9,promien_500m
804,30-500,364.5,promien_500m
804,30-503,380.2,promien_500m
804,30-539,407.6,promien_500m
804,30-530,409.6,promien_500m
804,31-062,427.9,promien_500m
804,31-064,428.0,promien_500m
804,30-536,447.9,promien_500m
804,30-106,461.9,promien_500m
804,30-515,478.7,promien_500m
805,30-510,0.0,promien_500m
805,30-504,25.0,promien_500m
805,30-509,58.2,promien_500m
805,30-116,61.7,promien_500m
805,30-520,65.8,promien_500m
805,30-512,86.7,promien_500m
805,30-508,87.2,promien_500m
805,30-519,98.7,promien_500m
805,30-507,107.0,promien_500m
805,30-523,123.8,promien_500m
805,30-518,175.4,promien_500m
805,31-518,175.4,promien_500m
805,30-506,178.2,promien_500m
805,31-066,188.7,promien_500m
805,30-525,190.7,promien_500m
805,30-521,205.4,promien_500m
805,31-035,214.3,promien_500m
805,31-067,235.3,promien_500m
805,30-533,249.6,promien_500m
805,31-061,249.6,promien_500m
805,30-502,282.1,promien_500m
805,30-513,282.9,promien_500m
805,30-529,285.3,promien_500m
805,31-538,291.2,promien_500m
805,30-538,294.1,promien_500m
805,30-535,308.6,promien_500m
805,30-503,311.3,promien_500m
805,30-534,312.7,promien_500m
805,30-331,328.2,promien_500m
805,30-551,331.0,promien_500m
805,30-527,338.4,promien_500m
805,30-537,341.5,promien_500m
805,30-531,365.9,promien_500m
805,31-457,373.9,promien_500m
805,31-060,382.5,promien_500m
805,30-515,395.0,promien_500m
805,30-539,417.8,promien_500m
805,30-500,422.3,promien_500m
805,31-064,465.0,promien_500m
805,30-332,468.6,promien_500m
805,31-553,470.3,promien_500m
805,30-530,472.6,promien_500m
805,31-062,479.5,promien_500m
805,30-536,497.5,promien_500m
806,30-116,0.0,promien_500m
806,30-510,18.5,promien_500m
806,30-512,46.4,promien_500m
806,30-520,64.3,promien_500m
806,30-504,89.8,promien_500m
806,30-509,118.2,promien_500m
806,30-508,122.3,promien_500m
806,31-066,141.6,promien_500m
806,30-519,152.1,promien_500m
806,30-507,160.1,promien_500m
806,31-067,162.3,promien_500m
806,30-502,190.4,promien_500m
806,30-521,191.9,promien_500m
806,30-523,194.1,promien_500m
806,30-513,200.0,promien_500m
806,31-035,208.2,promien_500m
806,30-503,229.2,promien_500m
806,30-525,234.4,promien_500m
806,30-331,236.9,promien_500m
806,30-506,245.4,promien_500m
806,31-518,268.3,promien_500m
806,30-518,268.5,promien_500m
806,31-061,274.6,promien_500m
806,30-533,338.6,promien_500m
806,30-515,343.0,promien_500m
806,30-529,355.2,promien_500m
806,30-332,377.0,promien_500m
806,31-538,379.5,promien_500m
806,30-538,379.9,promien_500m
806,30-534,398.7,promien_500m
806,30-527,400.4,promien_500m
806,30-535,401.6,promien_500m
806,30-551,416.4,promien_500m
806,31-064,420.1,promien_500m
806,31-060,431.2,promien_500m
806,30-537,433.4,promien_500m
806,31-553,436.2,promien_500m
806,30-531,446.9,promien_500m
806,31-062,451.1,promien_500m
806,31-457,466.2,promien_500m
806,30-501,472.2,promien_500m
807,30-510,0.0,promien_500m
807,30-116,22.1,promien_500m
807,30-520,22.2,promien_500m
807,30-512,25.9,promien_500m
807,30-504,33.4,promien_500m
807,30-519,96.0,promien_500m
807,30-509,113.6,promien_500m
807,30-508,130.8,promien_500m
807,30-523,138.6,promien_500m
807,30-521,156.7,promien_500m
807,30-507,164.5,promien_500m
807,30-525,180.2,promien_500m
807,31-066,193.1,promien_500m
807,31-067,218.5,promien_500m
807,30-513,222.9,promien_500m
807,30-518,229.2,promien_500m
807,31-518,229.2,promien_500m
807,30-506,238.0,promien_500m
807,30-502,241.6,promien_500m
807,31-035,242.3,promien_500m
807,30-503,251.2,promien_500m
807,30-331,288.6,promien_500m
807,31-061,294.3,promien_500m
807,30-533,309.5,promien_500m
807,30-538,327.0,promien_500m
807,31-538,327.4,promien_500m
807,30-515,335.9,promien_500m
807,30-529,346.1,promien_500m
807,30-535,358.3,promien_500m
807,30-534,373.6,promien_500m
807,30-537,386.6,promien_500m
807,30-551,392.0,promien_500m
807,30-527,398.1,promien_500m
807,30-332,414.6,promien_500m
807,31-553,416.2,promien_500m
807,31-457,420.3,promien_500m
807,30-531,427.7,promien_500m
807,31-060,438.0,promien_500m
807,30-539,460.7,promien_500m
807,31-064,471.4,promien_500m
807,30-500,482.3,promien_500m
807,30-501,485.4,promien_500m
807,31-062,497.1,promien_500m
807,30-560,497.6,promien_500m
808,31-543,0.0,promien_500m
808,31-553,9.6,promien_500m
808,31-120,77.0,promien_500m
808,31-545,177.9,promien_500m
808,31-546,228.6,promien_500m
808,31-542,235.7,promien_500m
808,31-548,266.5,promien_500m
808,31-525,286.8,promien_500m
808,31-547,319.8,promien_500m
808,31-526,337.6,promien_500m
808,31-527,374.3,promien_500m
808,31-523,397.4,promien_500m
808,31-564,408.6,promien_500m
808,31-524,457.0,promien_500m
809,30-512,0.0,promien_500m
809,30-116,17.8,promien_500m
809,30-510,19.2,promien_500m
809,30-520,29.0,promien_500m
809,30-504,37.6,promien_500m
809,30-519,114.0,promien_500m
809,30-521,128.1,promien_500m
809,30-523,152.5,promien_500m
809,30-509,161.1,promien_500m
809,30-513,173.1,promien_500m
809,30-508,174.2,promien_500m
809,30-525,185.7,promien_500m
809,31-066,199.6,promien_500m
809,30-503,201.4,promien_500m
809,30-502,209.0,promien_500m
809,30-507,211.0,promien_500m
809,31-067,214.3,promien_500m
809,30-331,259.7,promien_500m
809,31-035,271.8,promien_500m
809,30-518,277.3,promien_500m
809,31-518,277.3,promien_500m
809,30-506,287.5,promien_500m
809,30-515,289.0,promien_500m
809,31-061,333.8,promien_500m
809,30-538,358.3,promien_500m
809,30-533,360.1,promien_500m
809,31-538,362.8,promien_500m
809,30-332,370.0,promien_500m
809,31-553,374.9,promien_500m
809,30-529,396.3,promien_500m
809,30-535,403.4,promien_500m
809,30-534,424.6,promien_500m
809,30-537,428.8,promien_500m
809,30-501,434.2,promien_500m
809,30-551,443.1,promien_500m
809,30-527,446.9,promien_500m
809,30-516,455.6,promien_500m
809,30-560,458.1,promien_500m
809,31-457,462.6,promien_500m
809,30-531,478.9,promien_500m
809,31-064,479.8,promien_500m
809,31-060,484.0,promien_500m
811,30-512,0.0,promien_500m
811,30-513,26.5,promien_500m
811,30-503,54.2,promien_500m
811,30-504,62.1,promien_500m
811,30-502,91.1,promien_500m
811,30-116,113.3,promien_500m
811,30-521,141.8,promien_500m
811,30-520,155.3,promien_500m
811,30-510,160.9,promien_500m
811,30-515,177.3,promien_500m
811,30-519,178.0,promien_500m
811,30-331,181.8,promien_500m
811,31-067,197.5,promien_500m
811,31-066,233.6,promien_500m
811,30-332,234.0,promien_500m
811,30-523,237.1,promien_500m
811,30-525,267.3,promien_500m
811,31-553,292.3,promien_500m
811,30-501,293.5,promien_500m
811,30-509,296.2,promien_500m
811,30-508,297.8,promien_500m
811,30-507,333.9,promien_500m
811,30-516,346.6,promien_500m
811,31-035,361.3,promien_500m
811,30-560,386.3,promien_500m
811,30-506,420.9,promien_500m
811,30-518,424.2,promien_500m
811,31-518,424.2,promien_500m
811,30-302,434.1,promien_500m
811,30-505,440.2,promien_500m
811,31-061,442.3,promien_500m
811,30-333,460.7,promien_500m
811,30-522,478.9,promien_500m
811,30-538,481.4,promien_500m
811,31-538,496.2,promien_500m
811,31-064,498.7,promien_500m
812,30-533,0.0,promien_500m
812,30-518,31.1,promien_500m
812,30-535,43.8,promien_500m
812,30-519,47.5,promien_500m
812,31-518,52.2,promien_500m
812,30-534,61.9,promien_500m
812,30-538,75.7,promien_500m
812,30-523,83.6,promien_500m
812,30-551,90.1,promien_500m
812,30-509,97.3,promien_500m
812,30-506,108.5,promien_500m
812,31-538,109.3,promien_500m
812,30-507,112.1,promien_500m
812,30-537,115.2,promien_500m
812,31-457,136.1,promien_500m
812,30-529,143.9,promien_500m
812,30-531,146.8,promien_500m
812,30-500,147.9,promien_500m
812,30-539,189.7,promien_500m
812,30-527,197.6,promien_500m
812,30-504,204.8,promien_500m
812,30-530,206.8,promien_500m
812,30-536,208.6,promien_500m
812,30-508,216.5,promien_500m
812,30-510,228.5,promien_500m
812,30-540,274.1,promien_500m
812,30-525,298.5,promien_500m
812,31-061,305.4,promien_500m
812,31-035,311.1,promien_500m
812,31-060,315.3,promien_500m
812,30-520,319.6,promien_500m
812,30-547,330.6,promien_500m
812,30-106,350.0,promien_500m
812,30-116,350.7,promien_500m
812,30-512,367.2,promien_500m
812,31-066,378.3,promien_500m
812,30-568,387.6,promien_500m
812,30-521,425.3,promien_500m
812,30-548,439.2,promien_500m
812,30-549,482.4,promien_500m
812,30-501,485.3,promien_500m
812,30-550,486.2,promien_500m
812,31-067,492.5,promien_500m
813,30-535,0.0,promien_500m
813,30-534,22.1,promien_500m
813,30-551,38.8,promien_500m
813,30-500,50.5,promien_500m
813,30-533,52.9,promien_500m
813,30-518,91.9,promien_500m
813,30-531,96.9,promien_500m
813,30-529,99.2,promien_500m
813,30-536,105.6,promien_500m
813,30-530,107.8,promien_500m
813,30-538,133.0,promien_500m
813,30-537,135.6,promien_500m
813,31-518,142.4,promien_500m
813,30-519,147.5,promien_500m
813,30-523,158.5,promien_500m
813,31-457,160.1,promien_500m
813,31-538,173.2,promien_500m
813,30-527,173.8,promien_500m
813,30-506,179.7,promien_500m
813,30-509,191.6,promien_500m
813,30-539,200.8,promien_500m
813,30-507,205.1,promien_500m
813,30-540,231.9,promien_500m
813,30-547,232.1,promien_500m
813,30-508,263.6,promien_500m
813,30-106,281.1,promien_500m
813,30-504,308.4,promien_500m
813,31-061,316.8,promien_500m
813,31-060,319.1,promien_500m
813,30-510,330.0,promien_500m
813,31-035,333.3,promien_500m
813,30-548,334.1,promien_500m
813,30-568,370.5,promien_500m
813,30-549,379.6,promien_500m
813,30-550,380.2,promien_500m
813,30-501,385.8,promien_500m
813,30-525,390.9,promien_500m
813,30-520,426.3,promien_500m
813,31-066,449.7,promien_500m
813,30-116,451.5,promien_500m
813,30-532,453.4,promien_500m
813,30-512,472.0,promien_500m
814,30-535,0.0,promien_500m
814,30-536,8.0,promien_500m
814,30-534,12.7,promien_500m
814,30-551,15.2,promien_500m
814,30-500,86.0,promien_500m
814,30-530,86.8,promien_500m
814,30-529,93.6,promien_500m
814,30-531,134.9,promien_500m
814,30-537,141.6,promien_500m
814,30-533,158.2,promien_500m
814,30-540,175.4,promien_500m
814,30-538,185.9,promien_500m
814,30-518,191.5,promien_500m
814,30-539,192.1,promien_500m
814,31-457,193.9,promien_500m
814,30-547,194.5,promien_500m
814,30-527,198.9,promien_500m
814,31-538,224.9,promien_500m
814,30-519,227.6,promien_500m
814,30-523,231.0,promien_500m
814,30-548,235.8,promien_500m
814,31-518,246.7,promien_500m
814,30-506,277.2,promien_500m
814,30-501,281.0,promien_500m
814,30-550,284.9,promien_500m
814,30-106,287.7,promien_500m
814,30-509,296.0,promien_500m
814,30-507,309.8,promien_500m
814,30-549,316.7,promien_500m
814,30-568,330.3,promien_500m
814,30-532,348.9,promien_500m
814,30-508,361.3,promien_500m
814,31-060,390.0,promien_500m
814,31-061,396.1,promien_500m
814,30-504,410.2,promien_500m
814,31-035,419.7,promien_500m
814,30-510,433.0,promien_500m
814,30-525,452.7,promien_500m
814,30-528,481.9,promien_500m
814,30-542,498.7,promien_500m
816,30-119,0.0,promien_500m
816,30-116,106.2,promien_500m
816,30-213,111.6,promien_500m
816,30-118,207.3,promien_500m
816,30-209,222.5,promien_500m
816,30-201,227.3,promien_500m
816,30-117,290.4,promien_500m
816,30-203,334.3,promien_500m
816,30-212,387.0,promien_500m
816,30-202,399.7,promien_500m
816,30-407,423.2,promien_500m
816,30-062,435.9,promien_500m
816,30-204,439.9,promien_500m
816,30-109,457.6,promien_500m
816,30-111,461.1,promien_500m
816,30-110,462.5,promien_500m
816,30-208,468.2,promien_500m
817,30-519,0.0,promien_500m
817,30-523,0.0,promien_500m
817,30-518,35.3,promien_500m
817,30-509,35.7,promien_500m
817,31-518,69.2,promien_500m
817,31-538,75.0,promien_500m
817,30-533,76.1,promien_500m
817,30-538,82.3,promien_500m
817,30-535,95.7,promien_500m
817,30-504,111.3,promien_500m
817,30-537,119.6,promien_500m
817,30-507,130.0,promien_500m
817,31-457,153.1,promien_500m
817,30-506,161.4,promien_500m
817,30-510,172.3,promien_500m
817,30-525,176.1,promien_500m
817,30-534,184.7,promien_500m
817,30-539,195.3,promien_500m
817,30-551,211.6,promien_500m
817,30-520,212.8,promien_500m
817,30-529,237.4,promien_500m
817,30-508,244.6,promien_500m
817,30-531,263.7,promien_500m
817,30-500,269.1,promien_500m
817,30-512,279.9,promien_500m
817,30-116,283.2,promien_500m
817,30-527,300.2,promien_500m
817,30-521,311.5,promien_500m
817,30-540,313.9,promien_500m
817,30-536,315.6,promien_500m
817,30-530,328.8,promien_500m
817,31-035,348.3,promien_500m
817,31-061,354.9,promien_500m
817,31-066,375.3,promien_500m
817,30-568,387.9,promien_500m
817,31-060,397.0,promien_500m
817,30-513,414.8,promien_500m
817,30-570,419.2,promien_500m
817,31-067,452.1,promien_500m
817,30-547,452.7,promien_500m
817,30-106,467.9,promien_500m
818,30-518,0.0,promien_500m
818,31-518,29.4,promien_500m
818,30-519,31.3,promien_500m
818,30-533,31.4,promien_500m
818,30-523,52.4,promien_500m
818,30-509,54.3,promien_500m
818,30-507,75.0,promien_500m
818,30-538,85.3,promien_500m
818,30-535,87.8,promien_500m
818,30-506,95.3,promien_500m
818,31-538,104.5,promien_500m
818,30-534,120.0,promien_500m
818,30-537,135.5,promien_500m
818,30-551,141.8,promien_500m
818,30-504,143.2,promien_500m
818,31-457,159.6,promien_500m
818,30-529,166.2,promien_500m
818,30-510,170.5,promien_500m
818,30-531,192.6,promien_500m
818,30-508,208.0,promien_500m
818,30-500,209.9,promien_500m
818,30-539,211.5,promien_500m
818,30-527,227.6,promien_500m
818,30-525,246.1,promien_500m
818,30-520,256.2,promien_500m
818,30-530,267.8,promien_500m
818,30-536,271.4,promien_500m
818,30-116,292.0,promien_500m
818,31-035,302.7,promien_500m
818,30-512,305.2,promien_500m
818,31-061,306.0,promien_500m
818,30-540,315.0,promien_500m
818,31-060,328.5,promien_500m
818,31-066,343.3,promien_500m
818,30-521,362.6,promien_500m
818,30-547,390.8,promien_500m
818,30-106,396.4,promien_500m
818,30-568,412.1,promien_500m
818,31-067,443.1,promien_500m
818,30-513,467.6,promien_500m
818,30-570,484.5,promien_500m
819,30-535,0.0,promien_500m
819,30-538,8.4,promien_500m
819,30-533,14.2,promien_500m
819,30-519,31.8,promien_500m
819,30-523,35.2,promien_500m
819,30-537,42.1,promien_500m
819,31-538,49.9,promien_500m
819,31-457,61.9,promien_500m
819,30-518,63.0,promien_500m
819,30-534,111.0,promien_500m
819,30-539,115.8,promien_500m
819,31-518,122.6,promien_500m
819,30-509,142.6,promien_500m
819,30-551,146.8,promien_500m
819,30-507,172.8,promien_500m
819,30-500,176.9,promien_500m
819,30-506,179.2,promien_500m
819,30-536,203.6,promien_500m
819,30-531,207.8,promien_500m
819,30-529,209.2,promien_500m
819,30-540,213.1,promien_500m
819,30-504,227.0,promien_500m
819,30-530,232.8,promien_500m
819,30-525,265.7,promien_500m
819,30-527,267.3,promien_500m
819,30-510,269.0,promien_500m
819,30-508,290.2,promien_500m
819,30-568,315.5,promien_500m
819,30-520,328.9,promien_500m
819,30-547,357.8,promien_500m
819,31-061,380.1,promien_500m
819,31-035,385.8,promien_500m
819,30-116,388.4,promien_500m
819,31-060,389.0,promien_500m
819,30-512,393.6,promien_500m
819,30-106,403.3,promien_500m
819,30-521,426.8,promien_500m
819,30-548,429.9,promien_500m
819,30-570,438.4,promien_500m
819,31-066,442.9,promien_500m
819,30-501,462.3,promien_500m
819,30-550,480.1,promien_500m
819,30-542,497.3,promien_500m
820,30-535,0.0,promien_500m
820,30-537,45.9,promien_500m
820,30-538,52.8,promien_500m
820,30-533,57.2,promien_500m
820,31-457,70.8,promien_500m
820,31-538,90.3,promien_500m
820,30-519,92.3,promien_500m
820,30-523,95.3,promien_500m
820,30-534,95.3,promien_500m
820,30-539,111.6,promien_500m
820,30-518,115.3,promien_500m
820,30-551,128.2,promien_500m
820,30-500,137.1,promien_500m
820,30-536,144.9,promien_500m
820,31-518,154.9,promien_500m
820,30-540,171.8,promien_500m
820,30-530,186.2,promien_500m
820,30-531,187.0,promien_500m
820,30-529,188.8,promien_500m
820,30-509,198.8,promien_500m
820,30-506,210.4,promien_500m
820,30-507,214.2,promien_500m
820,30-527,263.0,promien_500m
820,30-504,286.9,promien_500m
820,30-568,294.7,promien_500m
820,30-547,310.3,promien_500m
820,30-508,313.2,promien_500m
820,30-525,318.1,promien_500m
820,30-510,322.3,promien_500m
820,30-548,369.7,promien_500m
820,30-106,370.5,promien_500m
820,31-061,387.7,promien_500m
820,30-520,389.5,promien_500m
820,31-060,393.1,promien_500m
820,31-035,398.5,promien_500m
820,30-501,401.9,promien_500m
820,30-550,420.2,promien_500m
820,30-116,443.4,promien_500m
820,30-549,448.2,promien_500m
820,30-512,452.2,promien_500m
820,30-570,464.8,promien_500m
820,30-532,470.4,promien_500m
820,30-542,480.0,promien_500m
820,31-066,481.0,promien_500m
820,30-521,487.4,promien_500m
821,30-535,0.0,promien_500m
821,30-537,25.1,promien_500m
821,31-457,87.3,promien_500m
821,30-539,88.8,promien_500m
821,30-538,92.2,promien_500m
821,30-536,103.8,promien_500m
821,30-540,104.2,promien_500m
821,30-534,111.2,promien_500m
821,31-538,122.3,promien_500m
821,30-533,127.7,promien_500m
821,30-551,131.2,promien_500m
821,30-519,151.5,promien_500m
821,30-523,153.1,promien_500m
821,30-500,163.6,promien_500m
821,30-518,183.4,promien_500m
821,30-530,195.3,promien_500m
821,30-529,209.7,promien_500m
821,30-531,216.5,promien_500m
821,31-518,225.3,promien_500m
821,30-568,239.6,promien_500m
821,30-509,265.4,promien_500m
821,30-506,280.1,promien_500m
821,30-507,284.9,promien_500m
821,30-527,299.7,promien_500m
821,30-547,309.7,promien_500m
821,30-548,326.5,promien_500m
821,30-501,346.6,promien_500m
821,30-525,347.4,promien_500m
821,30-504,348.2,promien_500m
821,30-550,379.1,promien_500m
821,30-508,379.9,promien_500m
821,30-510,390.9,promien_500m
821,30-106,391.4,promien_500m
821,30-532,414.3,promien_500m
821,30-542,421.4,promien_500m
821,30-549,431.0,promien_500m
821,30-520,444.6,promien_500m
821,31-061,445.7,promien_500m
821,31-060,449.1,promien_500m
821,30-570,455.4,promien_500m
821,31-035,459.6,promien_500m
821,30-546,481.3,promien_500m
822,30-535,0.0,promien_500m
822,30-537,55.6,promien_500m
822,30-536,63.1,promien_500m
822,30-540,97.9,promien_500m
822,30-534,99.9,promien_500m
822,30-551,104.9,promien_500m
822,30-539,106.8,promien_500m
822,31-457,128.3,promien_500m
822,30-538,132.5,promien_500m
822,30-533,156.4,promien_500m
822,30-500,156.6,promien_500m
822,31-538,163.3,promien_500m
822,30-530,176.3,promien_500m
822,30-529,181.1,promien_500m
822,30-519,190.0,promien_500m
822,30-523,191.9,promien_500m
822,30-531,209.2,promien_500m
822,30-518,218.0,promien_500m
822,30-568,244.4,promien_500m
822,31-518,252.4,promien_500m
822,30-547,283.9,promien_500m
822,30-527,285.3,promien_500m
822,30-548,285.9,promien_500m
822,30-509,299.1,promien_500m
822,30-506,305.0,promien_500m
822,30-501,305.7,promien_500m
822,30-507,314.0,promien_500m
822,30-550,338.8,promien_500m
822,30-532,373.6,promien_500m
822,30-106,375.3,promien_500m
822,30-504,386.7,promien_500m
822,30-525,387.6,promien_500m
822,30-549,390.0,promien_500m
822,30-508,398.7,promien_500m
822,30-542,419.6,promien_500m
822,30-510,425.0,promien_500m
822,31-061,454.5,promien_500m
822,31-060,454.9,promien_500m
822,30-546,461.1,promien_500m
822,30-570,466.9,promien_500m
822,31-035,471.3,promien_500m
822,30-528,484.1,promien_500m
822,30-520,484.8,promien_500m
823,30-535,0.0,promien_500m
823,30-536,10.4,promien_500m
823,30-540,65.4,promien_500m
823,30-534,107.6,promien_500m
823,30-537,116.5,promien_500m
823,30-539,127.2,promien_500m
823,30-551,128.7,promien_500m
823,30-529,161.1,promien_500m
823,30-530,196.5,promien_500m
823,30-548,202.3,promien_500m
823,30-501,203.8,promien_500m
823,30-500,220.7,promien_500m
823,30-538,223.8,promien_500m
823,31-457,231.4,promien_500m
823,30-568,236.4,promien_500m
823,30-527,242.1,promien_500m
823,30-547,248.4,promien_500m
823,30-550,259.4,promien_500m
823,30-533,264.8,promien_500m
823,31-538,265.4,promien_500m
823,30-531,268.4,promien_500m
823,30-532,269.6,promien_500m
823,30-549,289.5,promien_500m
823,30-519,299.9,promien_500m
823,30-523,301.7,promien_500m
823,30-518,320.1,promien_500m
823,31-518,358.2,promien_500m
823,30-570,369.6,promien_500m
823,30-528,373.7,promien_500m
823,30-546,379.4,promien_500m
823,30-542,386.3,promien_500m
823,30-106,400.3,promien_500m
823,30-509,406.2,promien_500m
823,30-506,407.5,promien_500m
823,30-507,420.9,promien_500m
823,30-543,454.7,promien_500m
823,30-702,480.5,promien_500m
823,30-525,481.4,promien_500m
823,30-553,486.0,promien_500m
823,30-508,491.7,promien_500m
823,30-552,496.2,promien_500m
823,30-504,496.7,promien_500m
824,30-536,0.0,promien_500m
824,30-535,3.6,promien_500m
824,30-540,67.6,promien_500m
824,30-551,94.7,promien_500m
824,30-534,95.9,promien_500m
824,30-529,144.4,promien_500m
824,30-537,155.9,promien_500m
824,30-501,158.7,promien_500m
824,30-539,165.5,promien_500m
824,30-548,167.1,promien_500m
824,30-530,217.2,promien_500m
824,30-527,220.3,promien_500m
824,30-532,222.9,promien_500m
824,30-550,226.8,promien_500m
824,30-547,237.0,promien_500m
824,30-568,240.1,promien_500m
824,30-549,244.4,promien_500m
824,30-538,252.2,promien_500m
824,30-500,255.2,promien_500m
824,31-457,280.0,promien_500m
824,30-531,299.2,promien_500m
824,30-533,311.9,promien_500m
824,31-538,313.8,promien_500m
824,30-528,325.2,promien_500m
824,30-570,330.2,promien_500m
824,30-519,348.8,promien_500m
824,30-523,350.5,promien_500m
824,30-546,354.0,promien_500m
824,30-518,360.8,promien_500m
824,30-542,387.7,promien_500m
824,31-518,404.0,promien_500m
824,30-106,414.1,promien_500m
824,30-543,437.5,promien_500m
824,30-702,438.8,promien_500m
824,30-553,445.4,promien_500m
824,30-506,447.4,promien_500m
824,30-509,452.4,promien_500m
824,30-552,457.8,promien_500m
824,30-507,467.0,promien_500m
824,30-009,480.4,promien_500m
824,30-127,481.9,promien_500m
825,30-535,0.0,promien_500m
825,30-551,46.8,promien_500m
825,30-534,47.6,promien_500m
825,30-536,48.8,promien_500m
825,30-540,68.1,promien_500m
825,30-501,87.1,promien_500m
825,30-529,106.9,promien_500m
825,30-548,136.3,promien_500m
825,30-532,145.2,promien_500m
825,30-549,172.3,promien_500m
825,30-550,194.3,promien_500m
825,30-527,208.0,promien_500m
825,30-537,234.8,promien_500m
825,30-528,235.5,promien_500m
825,30-539,242.8,promien_500m
825,30-547,249.4,promien_500m
825,30-570,258.3,promien_500m
825,30-568,263.8,promien_500m
825,30-538,271.1,promien_500m
825,30-530,279.3,promien_500m
825,30-546,314.0,promien_500m
825,30-500,331.9,promien_500m
825,30-702,368.1,promien_500m
825,31-457,368.6,promien_500m
825,30-531,370.7,promien_500m
825,30-553,371.0,promien_500m
825,30-552,385.1,promien_500m
825,30-009,390.8,promien_500m
825,30-127,393.1,promien_500m
825,30-542,394.5,promien_500m
825,30-533,400.7,promien_500m
825,31-538,401.9,promien_500m
825,30-543,411.2,promien_500m
825,30-519,438.6,promien_500m
825,30-523,440.3,promien_500m
825,30-545,440.8,promien_500m
825,30-518,443.1,promien_500m
825,30-106,458.8,promien_500m
825,30-701,465.8,promien_500m
825,30-703,465.8,promien_500m
825,30-544,477.1,promien_500m
825,31-518,491.6,promien_500m
826,30-535,0.0,promien_500m
826,30-551,21.2,promien_500m
826,30-534,22.7,promien_500m
826,30-540,73.2,promien_500m
826,30-501,81.3,promien_500m
826,30-529,89.2,promien_500m
826,30-532,109.2,promien_500m
826,30-548,110.6,promien_500m
826,30-536,110.8,promien_500m
826,30-549,130.2,promien_500m
826,30-528,153.1,promien_500m
826,30-570,191.9,promien_500m
826,30-550,203.1,promien_500m
826,30-527,243.9,promien_500m
826,30-546,276.4,promien_500m
826,30-538,281.5,promien_500m
826,30-553,292.3,promien_500m
826,30-547,294.4,promien_500m
826,30-568,294.8,promien_500m
826,30-537,307.4,promien_500m
826,30-009,308.1,promien_500m
826,30-127,309.8,promien_500m
826,30-539,313.8,promien_500m
826,30-552,314.3,promien_500m
826,30-702,319.2,promien_500m
826,30-533,332.6,promien_500m
826,30-530,354.3,promien_500m
826,30-545,378.9,promien_500m
826,30-542,379.5,promien_500m
826,30-703,386.6,promien_500m
826,30-543,387.4,promien_500m
826,30-500,412.7,promien_500m
826,30-544,431.9,promien_500m
826,30-701,441.3,promien_500m
826,31-457,447.9,promien_500m
826,30-531,449.2,promien_500m
826,31-538,480.4,promien_500m
826,30-106,485.9,promien_500m
827,30-331,0.0,promien_500m
827,30-332,92.3,promien_500m
827,30-502,117.3,promien_500m
827,31-067,129.1,promien_500m
827,31-066,132.0,promien_500m
827,30-512,217.5,promien_500m
827,30-302,222.7,promien_500m
827,30-503,236.4,promien_500m
827,30-513,276.0,promien_500m
827,30-116,286.8,promien_500m
827,30-501,299.0,promien_500m
827,30-334,305.2,promien_500m
827,30-510,316.7,promien_500m
827,30-515,343.0,promien_500m
827,31-065,361.9,promien_500m
827,30-307,372.9,promien_500m
827,30-504,374.1,promien_500m
827,31-155,408.6,promien_500m
827,31-064,423.4,promien_500m
827,30-508,432.7,promien_500m
827,30-520,451.8,promien_500m
827,30-521,454.5,promien_500m
827,30-507,461.3,promien_500m
827,30-311,463.5,promien_500m
827,30-516,475.2,promien_500m
827,31-071,475.4,promien_500m
827,31-035,479.6,promien_500m
827,30-519,482.5,promien_500m
827,31-553,495.1,promien_500m
827,31-062,498.7,promien_500m
828,30-331,0.0,promien_500m
828,30-502,47.9,promien_500m
828,31-067,79.0,promien_500m
828,30-332,115.4,promien_500m
828,30-512,124.9,promien_500m
828,31-066,153.5,promien_500m
828,30-503,179.8,promien_500m
828,30-116,190.8,promien_500m
828,30-513,201.7,promien_500m
828,30-510,222.8,promien_500m
828,30-504,292.7,promien_500m
828,30-515,304.3,promien_500m
828,30-302,314.5,promien_500m
828,30-501,334.7,promien_500m
828,30-508,343.4,promien_500m
828,30-520,359.5,promien_500m
828,30-521,372.4,promien_500m
828,30-507,373.5,promien_500m
828,31-064,383.6,promien_500m
828,31-065,385.8,promien_500m
828,31-155,391.2,promien_500m
828,31-035,393.7,promien_500m
828,30-334,394.2,promien_500m
828,30-519,406.3,promien_500m
828,30-509,410.6,promien_500m
828,31-061,452.3,promien_500m
828,31-062,453.9,promien_500m
828,31-553,454.0,promien_500m
828,30-516,457.9,promien_500m
828,30-307,465.9,promien_500m
828,30-523,467.4,promien_500m
828,30-506,470.1,promien_500m
828,30-960,480.7,promien_500m
828,30-525,496.6,promien_500m
828,31-060,497.7,promien_500m
828,31-063,499.3,promien_500m
829,30-512,0.0,promien_500m
829,30-513,24.8,promien_500m
829,30-504,48.4,promien_500m
829,30-503,48.6,promien_500m
829,30-502,101.3,promien_500m
829,30-521,124.8,promien_500m
829,30-515,138.4,promien_500m
829,30-116,149.2,promien_500m
829,30-519,150.3,promien_500m
829,30-520,166.4,promien_500m
829,30-510,183.5,promien_500m
829,30-331,208.4,promien_500m
829,30-523,215.8,promien_500m
829,31-067,235.7,promien_500m
829,30-332,238.8,promien_500m
829,30-525,251.0,promien_500m
829,31-553,251.3,promien_500m
829,30-501,267.0,promien_500m
829,31-066,274.4,promien_500m
829,30-516,307.7,promien_500m
829,30-509,323.8,promien_500m
829,30-508,330.7,promien_500m
829,30-560,345.2,promien_500m
829,30-507,367.8,promien_500m
829,31-035,399.0,promien_500m
829,30-505,401.1,promien_500m
829,30-302,403.4,promien_500m
829,30-333,426.9,promien_500m
829,30-522,437.8,promien_500m
829,30-518,439.7,promien_500m
829,31-518,439.7,promien_500m
829,30-506,451.7,promien_500m
829,30-538,476.2,promien_500m
829,31-061,477.6,promien_500m
829,31-538,498.8,promien_500m
830,30-512,0.0,promien_500m
830,30-504,14.8,promien_500m
830,30-513,34.9,promien_500m
830,30-521,48.1,promien_500m
830,30-519,63.2,promien_500m
830,30-515,116.6,promien_500m
830,30-503,130.7,promien_500m
830,30-523,131.4,promien_500m
830,30-520,153.1,promien_500m
830,30-525,169.5,promien_500m
830,30-502,182.1,promien_500m
830,30-116,183.0,promien_500m
830,30-510,192.5,promien_500m
830,31-553,204.7,promien_500m
830,30-516,284.8,promien_500m
830,30-560,289.1,promien_500m
830,30-501,292.6,promien_500m
830,30-331,296.8,promien_500m
830,30-332,312.0,promien_500m
830,31-067,316.1,promien_500m
830,30-509,318.2,promien_500m
830,31-066,333.2,promien_500m
830,30-508,347.4,promien_500m
830,30-505,370.1,promien_500m
830,30-522,379.2,promien_500m
830,30-507,383.5,promien_500m
830,30-538,410.1,promien_500m
830,30-302,413.5,promien_500m
830,30-518,414.5,promien_500m
830,31-518,414.5,promien_500m
830,30-333,425.6,promien_500m
830,31-035,438.2,promien_500m
830,31-538,446.1,promien_500m
830,30-506,456.6,promien_500m
830,30-533,495.2,promien_500m
831,30-504,0.0,promien_500m
831,30-521,31.5,promien_500m
831,30-512,45.4,promien_500m
831,30-519,63.4,promien_500m
831,30-520,72.8,promien_500m
831,30-523,101.7,promien_500m
831,30-513,112.4,promien_500m
831,30-510,115.5,promien_500m
831,30-116,120.1,promien_500m
831,30-525,130.3,promien_500m
831,30-503,179.1,promien_500m
831,30-515,201.0,promien_500m
831,30-502,229.7,promien_500m
831,30-509,232.8,promien_500m
831,30-508,271.3,promien_500m
831,31-553,275.6,promien_500m
831,31-066,291.8,promien_500m
831,31-067,298.5,promien_500m
831,30-507,302.9,promien_500m
831,30-331,311.9,promien_500m
831,30-518,328.1,promien_500m
831,31-518,328.1,promien_500m
831,30-538,345.1,promien_500m
831,30-560,357.3,promien_500m
831,30-516,369.2,promien_500m
831,31-538,369.5,promien_500m
831,30-332,369.6,promien_500m
831,30-506,373.9,promien_500m
831,31-035,374.4,promien_500m
831,30-501,377.1,promien_500m
831,30-533,409.9,promien_500m
831,31-061,433.9,promien_500m
831,30-535,437.2,promien_500m
831,30-522,445.9,promien_500m
831,30-505,451.6,promien_500m
831,30-537,451.9,promien_500m
831,30-529,478.8,promien_500m
831,31-457,482.1,promien_500m
831,30-534,489.4,promien_500m
832,30-504,0.0,promien_500m
832,30-521,35.0,promien_500m
832,30-512,47.8,promien_500m
832,30-519,54.5,promien_500m
832,30-520,56.9,promien_500m
832,30-523,89.6,promien_500m
832,30-510,99.9,promien_500m
832,30-116,109.9,promien_500m
832,30-525,118.0,promien_500m
832,30-513,129.4,promien_500m
832,30-503,201.8,promien_500m
832,30-509,206.9,promien_500m
832,30-515,225.1,promien_500m
832,30-502,249.5,promien_500m
832,30-508,254.2,promien_500m
832,30-507,282.6,promien_500m
832,31-066,289.7,promien_500m
832,31-553,294.7,promien_500m
832,31-067,300.5,promien_500m
832,30-518,302.5,promien_500m
832,31-518,302.5,promien_500m
832,30-331,322.8,promien_500m
832,30-538,323.4,promien_500m
832,31-538,344.7,promien_500m
832,30-506,352.0,promien_500m
832,31-035,362.6,promien_500m
832,30-560,374.8,promien_500m
832,30-533,384.0,promien_500m
832,30-332,391.6,promien_500m
832,30-516,392.6,promien_500m
832,30-501,403.1,promien_500m
832,30-535,411.3,promien_500m
832,31-061,417.9,promien_500m
832,30-537,426.3,promien_500m
832,30-529,455.6,promien_500m
832,31-457,456.6,promien_500m
832,30-522,462.5,promien_500m
832,30-534,464.5,promien_500m
832,30-505,473.8,promien_500m
832,30-551,483.6,promien_500m
832,30-539,489.7,promien_500m
833,30-520,0.0,promien_500m
833,30-504,2.9,promien_500m
833,30-519,23.8,promien_500m
833,30-523,42.2,promien_500m
833,30-510,75.4,promien_500m
833,30-525,75.6,promien_500m
833,30-512,79.4,promien_500m
833,30-521,86.5,promien_500m
833,30-116,117.4,promien_500m
833,30-509,129.5,promien_500m
833,30-513,190.3,promien_500m
833,30-508,219.4,promien_500m
833,30-518,227.1,promien_500m
833,31-518,227.5,promien_500m
833,30-507,228.8,promien_500m
833,30-538,255.2,promien_500m
833,31-538,269.0,promien_500m
833,30-503,275.8,promien_500m
833,30-506,291.3,promien_500m
833,30-515,296.6,promien_500m
833,31-066,299.0,promien_500m
833,30-533,306.5,promien_500m
833,30-502,313.4,promien_500m
833,31-067,320.4,promien_500m
833,30-535,332.9,promien_500m
833,31-035,342.6,promien_500m
833,30-537,348.2,promien_500m
833,31-553,354.0,promien_500m
833,30-331,369.6,promien_500m
833,31-457,379.0,promien_500m
833,31-061,382.1,promien_500m
833,30-529,390.8,promien_500m
833,30-534,392.3,promien_500m
833,30-551,411.5,promien_500m
833,30-539,413.9,promien_500m
833,30-560,428.7,promien_500m
833,30-527,452.0,promien_500m
833,30-531,455.6,promien_500m
833,30-516,456.2,promien_500m
833,30-332,461.4,promien_500m
833,30-570,472.8,promien_500m
833,30-501,481.0,promien_500m
833,30-500,490.7,promien_500m
834,30-523,0.0,promien_500m
834,30-504,37.6,promien_500m
834,30-509,41.1,promien_500m
834,30-519,48.7,promien_500m
834,30-525,79.6,promien_500m
834,30-520,100.2,promien_500m
834,30-518,121.0,promien_500m
834,31-518,128.2,promien_500m
834,30-510,134.3,promien_500m
834,30-538,141.2,promien_500m
834,31-538,144.1,promien_500m
834,30-507,179.2,promien_500m
834,30-512,186.7,promien_500m
834,30-533,188.2,promien_500m
834,30-521,198.2,promien_500m
834,30-116,206.9,promien_500m
834,30-535,207.7,promien_500m
834,30-537,220.1,promien_500m
834,30-506,220.3,promien_500m
834,30-508,234.5,promien_500m
834,31-457,250.8,promien_500m
834,30-539,286.8,promien_500m
834,30-534,291.4,promien_500m
834,30-513,301.3,promien_500m
834,30-551,311.6,promien_500m
834,30-529,313.7,promien_500m
834,31-066,348.8,promien_500m
834,31-035,356.3,promien_500m
834,30-531,361.0,promien_500m
834,31-061,371.6,promien_500m
834,30-500,379.3,promien_500m
834,30-527,383.2,promien_500m
834,31-067,397.0,promien_500m
834,30-503,403.0,promien_500m
834,30-570,406.3,promien_500m
834,30-540,409.5,promien_500m
834,30-515,412.0,promien_500m
834,30-502,426.9,promien_500m
834,30-536,429.1,promien_500m
834,30-530,438.2,promien_500m
834,31-553,454.8,promien_500m
834,31-060,456.9,promien_500m
834,30-568,459.4,promien_500m
834,30-331,474.4,promien_500m
835,30-537,0.0,promien_500m
835,30-538,5.7,promien_500m
835,31-538,16.5,promien_500m
835,31-457,18.9,promien_500m
835,30-535,23.2,promien_500m
835,30-523,51.7,promien_500m
835,30-533,55.1,promien_500m
835,30-519,57.0,promien_500m
835,30-539,68.4,promien_500m
835,30-518,105.5,promien_500m
835,30-534,157.2,promien_500m
835,30-509,166.6,promien_500m
835,31-518,170.4,promien_500m
835,30-540,180.1,promien_500m
835,30-551,193.5,promien_500m
835,30-500,211.2,promien_500m
835,30-536,212.9,promien_500m
835,30-507,217.3,promien_500m
835,30-506,227.5,promien_500m
835,30-525,244.0,promien_500m
835,30-504,244.3,promien_500m
835,30-531,253.8,promien_500m
835,30-529,257.2,promien_500m
835,30-530,262.1,promien_500m
835,30-568,269.1,promien_500m
835,30-510,301.1,promien_500m
835,30-527,316.5,promien_500m
835,30-520,335.4,promien_500m
835,30-508,339.6,promien_500m
835,30-547,386.3,promien_500m
835,30-570,393.9,promien_500m
835,30-512,413.5,promien_500m
835,30-116,416.6,promien_500m
835,31-061,430.5,promien_500m
835,30-521,431.5,promien_500m
835,30-548,434.5,promien_500m
835,31-035,436.2,promien_500m
835,31-060,439.3,promien_500m
835,30-106,443.0,promien_500m
835,30-542,448.1,promien_500m
835,30-501,456.8,promien_500m
835,30-550,486.2,promien_500m
835,31-066,486.5,promien_500m
836,30-538,0.0,promien_500m
836,30-539,37.3,promien_500m
836,31-538,43.3,promien_500m
836,30-537,47.3,promien_500m
836,31-457,52.4,promien_500m
836,30-535,98.6,promien_500m
836,30-523,100.3,promien_500m
836,30-519,124.0,promien_500m
836,30-533,127.2,promien_500m
836,30-540,166.1,promien_500m
836,30-518,175.8,promien_500m
836,30-509,196.2,promien_500m
836,30-525,206.6,promien_500m
836,30-568,212.9,promien_500m
836,30-534,237.3,promien_500m
836,31-518,238.0,promien_500m
836,30-536,238.2,promien_500m
836,30-504,272.0,promien_500m
836,30-551,273.7,promien_500m
836,30-507,284.3,promien_500m
836,30-500,284.6,promien_500m
836,30-506,300.5,promien_500m
836,30-570,317.2,promien_500m
836,30-530,330.7,promien_500m
836,30-531,332.9,promien_500m
836,30-529,336.4,promien_500m
836,30-520,341.6,promien_500m
836,30-510,347.5,promien_500m
836,30-542,376.2,promien_500m
836,30-527,396.8,promien_500m
836,30-508,413.8,promien_500m
836,30-521,431.3,promien_500m
836,30-512,437.7,promien_500m
836,30-116,450.9,promien_500m
836,30-547,452.2,promien_500m
836,30-548,470.6,promien_500m
836,30-501,478.7,promien_500m
837,30-538,0.0,promien_500m
837,30-539,2.0,promien_500m
837,30-537,55.0,promien_500m
837,31-457,85.2,promien_500m
837,31-538,89.2,promien_500m
837,30-535,127.9,promien_500m
837,30-540,129.9,promien_500m
837,30-523,149.1,promien_500m
837,30-568,165.2,promien_500m
837,30-519,170.5,promien_500m
837,30-533,173.4,promien_500m
837,30-536,220.9,promien_500m
837,30-518,222.2,promien_500m
837,30-525,230.8,promien_500m
837,30-509,243.5,promien_500m
837,30-534,261.2,promien_500m
837,31-518,286.2,promien_500m
837,30-551,289.4,promien_500m
837,30-570,297.1,promien_500m
837,30-500,310.0,promien_500m
837,30-504,318.6,promien_500m
837,30-542,329.1,promien_500m
837,30-507,332.0,promien_500m
837,30-506,346.6,promien_500m
837,30-530,350.6,promien_500m
837,30-529,361.8,promien_500m
837,30-531,362.7,promien_500m
837,30-520,382.0,promien_500m
837,30-510,396.1,promien_500m
837,30-527,435.1,promien_500m
837,30-508,459.5,promien_500m
837,30-548,462.7,promien_500m
837,30-501,462.8,promien_500m
837,30-547,467.8,promien_500m
837,30-521,468.5,promien_500m
837,30-546,471.3,promien_500m
837,30-512,482.4,promien_500m
837,30-543,491.9,promien_500m
837,30-116,497.6,promien_500m
838,30-540,0.0,promien_500m
838,30-539,42.2,promien_500m
838,30-535,66.7,promien_500m
838,30-537,72.4,promien_500m
838,30-538,92.4,promien_500m
838,30-536,102.3,promien_500m
838,30-568,102.5,promien_500m
838,31-457,216.9,promien_500m
838,31-538,243.3,promien_500m
838,30-534,246.0,promien_500m
838,30-551,246.9,promien_500m
838,30-542,253.1,promien_500m
838,30-523,299.7,promien_500m
838,30-533,300.3,promien_500m
838,30-529,302.9,promien_500m
838,30-501,304.3,promien_500m
838,30-546,305.6,promien_500m
838,30-519,305.9,promien_500m
838,30-570,318.1,promien_500m
838,30-500,324.2,promien_500m
838,30-530,325.1,promien_500m
838,30-548,328.0,promien_500m
838,30-518,349.1,promien_500m
838,30-543,353.9,promien_500m
838,30-532,362.6,promien_500m
838,30-531,376.5,promien_500m
838,30-527,381.5,promien_500m
838,30-550,388.3,promien_500m
838,30-549,389.7,promien_500m
838,30-547,390.6,promien_500m
838,31-518,401.7,promien_500m
838,30-528,406.8,promien_500m
838,30-525,410.5,promien_500m
838,30-509,410.8,promien_500m
838,30-552,449.5,promien_500m
838,30-544,454.3,promien_500m
838,30-506,457.8,promien_500m
838,30-507,457.9,promien_500m
838,30-553,463.1,promien_500m
838,30-545,472.5,promien_500m
838,30-504,488.6,promien_500m
839,30-540,0.0,promien_500m
839,30-568,7.0,promien_500m
839,30-538,44.1,promien_500m
839,30-539,104.9,promien_500m
839,30-542,157.2,promien_500m
839,30-535,158.0,promien_500m
839,30-537,162.5,promien_500m
839,30-536,195.0,promien_500m
839,30-546,232.4,promien_500m
839,30-570,248.1,promien_500m
839,30-543,262.6,promien_500m
839,30-551,289.1,promien_500m
839,31-457,292.7,promien_500m
839,30-534,298.5,promien_500m
839,31-538,314.2,promien_500m
839,30-501,348.0,promien_500m
839,30-529,366.9,promien_500m
839,30-544,367.3,promien_500m
839,30-523,375.8,promien_500m
839,30-533,382.7,promien_500m
839,30-552,385.2,promien_500m
839,30-519,385.9,promien_500m
839,30-545,391.0,promien_500m
839,30-548,391.0,promien_500m
839,30-528,391.8,promien_500m
839,30-525,395.6,promien_500m
839,30-532,399.7,promien_500m
839,30-553,414.2,promien_500m
839,30-530,420.2,promien_500m
839,30-500,421.9,promien_500m
839,30-549,424.6,promien_500m
839,30-518,432.8,promien_500m
839,30-550,451.5,promien_500m
839,30-527,453.1,promien_500m
839,30-547,471.9,promien_500m
839,30-531,474.3,promien_500m
839,30-509,480.1,promien_500m
839,31-518,490.6,promien_500m
840,30-538,0.0,promien_500m
840,30-568,14.1,promien_500m
840,30-540,15.1,promien_500m
840,30-542,110.6,promien_500m
840,30-539,155.1,promien_500m
840,30-546,184.1,promien_500m
840,30-535,200.9,promien_500m
840,30-570,203.6,promien_500m
840,30-543,204.9,promien_500m
840,30-537,220.6,promien_500m
840,30-536,247.8,promien_500m
840,30-551,283.5,promien_500m
840,30-534,289.7,promien_500m
840,30-544,311.1,promien_500m
840,30-545,337.3,promien_500m
840,30-552,341.3,promien_500m
840,31-457,349.1,promien_500m
840,31-538,369.3,promien_500m
840,30-501,370.5,promien_500m
840,30-528,378.3,promien_500m
840,30-553,379.3,promien_500m
840,30-529,387.3,promien_500m
840,30-532,408.1,promien_500m
840,30-525,410.1,promien_500m
840,30-548,416.2,promien_500m
840,30-523,431.7,promien_500m
840,30-549,438.7,promien_500m
840,30-533,440.0,promien_500m
840,30-519,442.7,promien_500m
840,30-530,472.8,promien_500m
840,30-554,475.3,promien_500m
840,30-500,478.3,promien_500m
840,30-550,482.9,promien_500m
840,30-527,489.5,promien_500m
840,30-518,490.2,promien_500m
841,30-529,0.0,promien_500m
841,30-527,15.0,promien_500m
841,30-518,42.8,promien_500m
841,30-506,52.1,promien_500m
841,30-551,66.8,promien_500m
841,30-531,77.3,promien_500m
841,30-535,81.4,promien_500m
841,30-508,99.0,promien_500m
841,30-534,106.9,promien_500m
841,30-533,111.3,promien_500m
841,31-061,125.4,promien_500m
841,31-060,129.2,promien_500m
841,31-035,143.3,promien_500m
841,30-507,144.8,promien_500m
841,30-500,152.7,promien_500m
841,31-518,152.8,promien_500m
841,30-509,175.5,promien_500m
841,30-530,186.0,promien_500m
841,30-106,204.3,promien_500m
841,30-519,230.7,promien_500m
841,30-538,266.9,promien_500m
841,30-523,267.9,promien_500m
841,30-547,268.4,promien_500m
841,30-536,269.7,promien_500m
841,30-504,276.6,promien_500m
841,30-510,277.7,promien_500m
841,31-066,293.9,promien_500m
841,30-537,298.0,promien_500m
841,31-538,300.1,promien_500m
841,31-457,320.1,promien_500m
841,30-539,371.1,promien_500m
841,30-116,382.3,promien_500m
841,30-520,400.1,promien_500m
841,30-549,420.1,promien_500m
841,30-540,423.1,promien_500m
841,30-512,424.7,promien_500m
841,30-548,427.2,promien_500m
841,30-525,446.2,promien_500m
841,31-067,455.0,promien_500m
841,31-052,473.2,promien_500m
841,31-062,473.5,promien_500m
841,30-550,489.5,promien_500m
841,31-057,492.0,promien_500m
842,30-538,0.0,promien_500m
842,30-568,29.2,promien_500m
842,30-540,85.8,promien_500m
842,30-542,103.4,promien_500m
842,30-539,122.5,promien_500m
842,30-537,212.4,promien_500m
842,30-535,243.5,promien_500m
842,30-570,262.4,promien_500m
842,30-525,279.4,promien_500m
842,30-546,284.2,promien_500m
842,30-543,288.2,promien_500m
842,30-536,294.3,promien_500m
842,31-457,306.8,promien_500m
842,31-538,317.1,promien_500m
842,30-523,360.3,promien_500m
842,30-544,397.4,promien_500m
842,30-519,397.7,promien_500m
842,30-533,399.4,promien_500m
842,30-551,411.1,promien_500m
842,30-534,418.9,promien_500m
842,30-545,433.2,promien_500m
842,30-518,449.1,promien_500m
842,30-552,459.1,promien_500m
842,30-509,464.2,promien_500m
842,30-501,475.7,promien_500m
842,30-500,493.9,promien_500m
842,30-529,494.9,promien_500m
843,30-503,0.0,promien_500m
843,30-513,13.1,promien_500m
843,30-512,47.9,promien_500m
843,30-502,48.5,promien_500m
843,30-515,91.4,promien_500m
843,30-504,126.0,promien_500m
843,30-332,165.1,promien_500m
843,30-331,166.5,promien_500m
843,30-501,188.8,promien_500m
843,30-521,194.4,promien_500m
843,30-519,208.2,promien_500m
843,30-116,216.2,promien_500m
843,31-553,228.3,promien_500m
843,31-067,245.8,promien_500m
843,30-520,249.9,promien_500m
843,30-523,257.6,promien_500m
843,30-516,261.5,promien_500m
843,30-510,263.9,promien_500m
843,30-525,316.3,promien_500m
843,31-066,317.5,promien_500m
843,30-560,329.6,promien_500m
843,30-302,330.8,promien_500m
843,30-505,355.1,promien_500m
843,30-333,360.6,promien_500m
843,30-508,400.5,promien_500m
843,30-509,401.0,promien_500m
843,30-522,421.1,promien_500m
843,30-507,435.5,promien_500m
843,31-035,459.3,promien_500m
843,30-334,479.7,promien_500m
844,30-521,0.0,promien_500m
844,30-504,4.5,promien_500m
844,30-512,41.5,promien_500m
844,30-519,45.0,promien_500m
844,30-513,71.9,promien_500m
844,30-523,88.8,promien_500m
844,30-520,100.8,promien_500m
844,30-525,121.3,promien_500m
844,30-510,155.9,promien_500m
844,30-116,159.3,promien_500m
844,30-515,166.0,promien_500m
844,30-503,178.3,promien_500m
844,30-502,230.5,promien_500m
844,31-553,235.3,promien_500m
844,30-509,261.4,promien_500m
844,30-508,311.7,promien_500m
844,30-560,316.8,promien_500m
844,31-066,327.0,promien_500m
844,31-067,328.3,promien_500m
844,30-331,330.4,promien_500m
844,30-516,332.4,promien_500m
844,30-507,342.4,promien_500m
844,30-501,351.4,promien_500m
844,30-538,352.3,promien_500m
844,30-518,359.2,promien_500m
844,31-518,359.3,promien_500m
844,30-332,365.3,promien_500m
844,31-538,386.6,promien_500m
844,30-522,405.3,promien_500m
844,30-506,412.3,promien_500m
844,30-505,413.5,promien_500m
844,31-035,414.4,promien_500m
844,30-533,438.0,promien_500m
844,30-535,462.3,promien_500m
844,30-302,470.3,promien_500m
844,30-537,473.4,promien_500m
844,31-061,474.5,promien_500m
844,30-333,479.6,promien_500m
845,30-519,0.0,promien_500m
845,30-521,2.3,promien_500m
845,30-523,12.9,promien_500m
845,30-525,50.0,promien_500m
845,30-504,55.7,promien_500m
845,30-513,67.5,promien_500m
845,30-512,101.2,promien_500m
845,30-520,102.5,promien_500m
845,30-515,181.0,promien_500m
845,30-510,201.1,promien_500m
845,30-116,214.2,promien_500m
845,31-553,220.0,promien_500m
845,30-503,249.5,promien_500m
845,30-509,255.0,promien_500m
845,30-560,290.9,promien_500m
845,30-538,300.0,promien_500m
845,30-502,301.1,promien_500m
845,30-516,324.4,promien_500m
845,31-538,350.0,promien_500m
845,30-508,350.7,promien_500m
845,30-518,352.3,promien_500m
845,31-518,355.7,promien_500m
845,30-507,367.5,promien_500m
845,30-522,371.4,promien_500m
845,30-501,389.1,promien_500m
845,31-066,393.2,promien_500m
845,31-067,400.9,promien_500m
845,30-331,406.9,promien_500m
845,30-505,410.4,promien_500m
845,30-533,424.0,promien_500m
845,30-506,428.4,promien_500m
845,30-332,431.5,promien_500m
845,30-535,440.4,promien_500m
845,30-526,441.1,promien_500m
845,30-570,443.0,promien_500m
845,30-537,443.6,promien_500m
845,31-035,465.1,promien_500m
845,31-457,468.7,promien_500m
845,30-539,483.7,promien_500m
845,30-333,493.7,promien_500m
845,30-302,497.5,promien_500m
846,30-519,0.0,promien_500m
846,30-523,4.2,promien_500m
846,30-504,30.4,promien_500m
846,30-521,31.9,promien_500m
846,30-525,32.5,promien_500m
846,30-520,52.2,promien_500m
846,30-513,124.8,promien_500m
846,30-512,131.6,promien_500m
846,30-510,157.6,promien_500m
846,30-116,183.2,promien_500m
846,30-509,196.2,promien_500m
846,30-515,236.2,promien_500m
846,30-538,256.3,promien_500m
846,30-503,272.7,promien_500m
846,31-553,278.9,promien_500m
846,30-518,293.3,promien_500m
846,31-538,296.8,promien_500m
846,31-518,296.9,promien_500m
846,30-508,304.9,promien_500m
846,30-507,312.3,promien_500m
846,30-502,325.4,promien_500m
846,30-560,348.6,promien_500m
846,30-533,365.4,promien_500m
846,31-066,369.6,promien_500m
846,30-506,371.4,promien_500m
846,30-535,383.0,promien_500m
846,30-516,383.4,promien_500m
846,31-067,383.7,promien_500m
846,30-537,388.2,promien_500m
846,30-331,408.4,promien_500m
846,31-457,414.6,promien_500m
846,31-035,425.3,promien_500m
846,30-522,426.6,promien_500m
846,30-570,432.7,promien_500m
846,30-539,435.0,promien_500m
846,30-501,438.8,promien_500m
846,30-332,461.5,promien_500m
846,30-534,463.9,promien_500m
846,30-526,466.5,promien_500m
846,31-061,468.2,promien_500m
846,30-505,469.2,promien_500m
846,30-529,470.5,promien_500m
846,30-551,483.1,promien_500m
847,30-525,0.0,promien_500m
847,30-523,40.6,promien_500m
847,30-519,68.7,promien_500m
847,30-521,91.7,promien_500m
847,30-520,99.1,promien_500m
847,30-504,103.5,promien_500m
847,30-513,155.5,promien_500m
847,30-512,196.1,promien_500m
847,30-538,207.4,promien_500m
847,30-509,213.0,promien_500m
847,30-510,216.5,promien_500m
847,30-116,251.5,promien_500m
847,31-538,268.1,promien_500m
847,30-515,269.8,promien_500m
847,31-553,289.0,promien_500m
847,30-518,301.4,promien_500m
847,31-518,308.4,promien_500m
847,30-503,340.3,promien_500m
847,30-560,345.1,promien_500m
847,30-507,345.2,promien_500m
847,30-508,357.3,promien_500m
847,30-533,359.0,promien_500m
847,30-570,359.8,promien_500m
847,30-537,365.5,promien_500m
847,30-535,370.0,promien_500m
847,31-457,387.1,promien_500m
847,30-502,392.4,promien_500m
847,30-516,393.6,promien_500m
847,30-539,393.8,promien_500m
847,30-506,395.7,promien_500m
847,30-526,403.2,promien_500m
847,30-522,410.8,promien_500m
847,31-066,438.2,promien_500m
847,31-067,454.4,promien_500m
847,30-534,469.2,promien_500m
847,30-505,479.6,promien_500m
847,30-331,482.0,promien_500m
847,30-501,482.1,promien_500m
847,31-035,483.0,promien_500m
847,30-551,491.6,promien_500m
847,30-529,492.1,promien_500m
848,30-525,0.0,promien_500m
848,30-523,23.5,promien_500m
848,30-519,74.3,promien_500m
848,30-521,114.8,promien_500m
848,30-513,121.7,promien_500m
848,30-504,147.9,promien_500m
848,30-520,189.8,promien_500m
848,30-512,196.8,promien_500m
848,31-553,212.5,promien_500m
848,30-515,223.2,promien_500m
848,30-560,254.7,promien_500m
848,30-538,279.8,promien_500m
848,30-510,299.0,promien_500m
848,30-516,311.0,promien_500m
848,30-509,312.8,promien_500m
848,30-522,313.0,promien_500m
848,30-116,321.4,promien_500m
848,30-526,329.6,promien_500m
848,30-503,339.8,promien_500m
848,30-570,340.4,promien_500m
848,31-538,355.6,promien_500m
848,30-505,391.0,promien_500m
848,30-502,397.1,promien_500m
848,30-518,401.2,promien_500m
848,31-518,408.5,promien_500m
848,30-501,436.9,promien_500m
848,30-507,442.9,promien_500m
848,30-508,445.6,promien_500m
848,30-524,452.2,promien_500m
848,30-533,453.0,promien_500m
848,30-537,454.6,promien_500m
848,30-535,463.9,promien_500m
848,30-539,467.0,promien_500m
848,31-457,472.6,promien_500m
848,30-333,487.5,promien_500m
848,30-506,495.3,promien_500m
849,30-513,0.0,promien_500m
849,30-512,40.2,promien_500m
849,30-504,46.4,promien_500m
849,30-515,51.7,promien_500m
849,30-503,79.0,promien_500m
849,30-519,120.2,promien_500m
849,30-521,124.0,promien_500m
849,30-502,140.6,promien_500m
849,31-553,154.9,promien_500m
849,30-523,160.3,promien_500m
849,30-501,211.9,promien_500m
849,30-516,216.2,promien_500m
849,30-520,227.4,promien_500m
849,30-525,235.9,promien_500m
849,30-116,240.9,promien_500m
849,30-560,249.6,promien_500m
849,30-332,254.7,promien_500m
849,30-510,259.7,promien_500m
849,30-331,264.5,promien_500m
849,30-505,308.1,promien_500m
849,31-067,325.7,promien_500m
849,30-302,333.8,promien_500m
849,30-522,342.4,promien_500m
849,30-333,348.5,promien_500m
849,31-066,370.7,promien_500m
849,30-509,398.6,promien_500m
849,30-508,413.7,promien_500m
849,30-507,451.8,promien_500m
849,30-538,485.2,promien_500m
849,31-035,491.7,promien_500m
849,30-518,494.2,promien_500m
849,31-518,494.2,promien_500m
849,30-524,497.9,promien_500m
850,30-513,0.0,promien_500m
850,30-504,11.4,promien_500m
850,30-515,39.6,promien_500m
850,30-512,65.8,promien_500m
850,30-519,67.4,promien_500m
850,30-523,90.0,promien_500m
850,30-521,94.7,promien_500m
850,31-553,117.2,promien_500m
850,30-503,145.5,promien_500m
850,30-525,172.4,promien_500m
850,30-560,201.8,promien_500m
850,30-516,205.7,promien_500m
850,30-502,211.6,promien_500m
850,30-520,222.8,promien_500m
850,30-501,247.1,promien_500m
850,30-116,270.5,promien_500m
850,30-510,278.2,promien_500m
850,30-505,286.4,promien_500m
850,30-522,292.4,promien_500m
850,30-332,323.8,promien_500m
850,30-331,336.5,promien_500m
850,30-302,354.0,promien_500m
850,30-333,355.3,promien_500m
850,30-509,384.9,promien_500m
850,31-067,387.9,promien_500m
850,31-066,417.4,promien_500m
850,30-508,433.4,promien_500m
850,30-538,442.2,promien_500m
850,30-524,447.2,promien_500m
850,30-526,458.3,promien_500m
850,30-507,467.8,promien_500m
850,30-347,477.0,promien_500m
850,30-518,483.1,promien_500m
850,31-518,484.3,promien_500m
850,31-538,493.3,promien_500m
851,30-513,0.0,promien_500m
851,30-519,17.8,promien_500m
851,30-504,21.0,promien_500m
851,30-523,32.8,promien_500m
851,30-521,80.1,promien_500m
851,30-515,83.4,promien_500m
851,30-512,94.7,promien_500m
851,30-525,114.9,promien_500m
851,31-553,115.1,promien_500m
851,30-560,193.3,promien_500m
851,30-520,202.6,promien_500m
851,30-503,203.2,promien_500m
851,30-516,218.0,promien_500m
851,30-502,268.0,promien_500m
851,30-510,279.8,promien_500m
851,30-522,281.4,promien_500m
851,30-116,281.8,promien_500m
851,30-501,298.3,promien_500m
851,30-505,303.4,promien_500m
851,30-509,361.1,promien_500m
851,30-332,381.2,promien_500m
851,30-333,387.6,promien_500m
851,30-331,391.1,promien_500m
851,30-538,395.8,promien_500m
851,30-302,396.8,promien_500m
851,30-526,412.4,promien_500m
851,31-067,427.0,promien_500m
851,30-524,431.8,promien_500m
851,30-508,435.4,promien_500m
851,31-066,442.2,promien_500m
851,30-570,450.5,promien_500m
851,31-538,454.0,promien_500m
851,30-518,458.8,promien_500m
851,31-518,461.7,promien_500m
851,30-507,462.9,promien_500m
851,30-347,482.2,promien_500m
852,30-523,0.0,promien_500m
852,30-519,7.2,promien_500m
852,30-513,20.1,promien_500m
852,30-504,55.1,promien_500m
852,30-525,74.7,promien_500m
852,30-521,89.8,promien_500m
852,30-515,120.0,promien_500m
852,31-553,121.6,promien_500m
852,30-512,128.2,promien_500m
852,30-560,186.7,promien_500m
852,30-520,206.5,promien_500m
852,30-516,226.6,promien_500m
852,30-503,243.9,promien_500m
852,30-522,267.7,promien_500m
852,30-510,297.0,promien_500m
852,30-116,304.9,promien_500m
852,30-502,310.6,promien_500m
852,30-505,313.4,promien_500m
852,30-501,333.2,promien_500m
852,30-509,357.7,promien_500m
852,30-538,370.9,promien_500m
852,30-526,375.2,promien_500m
852,30-333,407.5,promien_500m
852,30-570,408.5,promien_500m
852,30-524,416.3,promien_500m
852,30-332,423.7,promien_500m
852,30-302,424.4,promien_500m
852,30-331,433.4,promien_500m
852,31-538,435.7,promien_500m
852,30-508,450.3,promien_500m
852,30-518,453.8,promien_500m
852,31-518,458.1,promien_500m
852,31-067,462.4,promien_500m
852,31-066,471.3,promien_500m
852,30-507,471.9,promien_500m
852,30-347,478.8,promien_500m
853,30-502,0.0,promien_500m
853,30-501,19.8,promien_500m
853,30-332,44.6,promien_500m
853,30-503,116.4,promien_500m
853,30-302,134.0,promien_500m
853,30-331,191.6,promien_500m
853,30-515,194.7,promien_500m
853,30-333,222.4,promien_500m
853,30-513,226.7,promien_500m
853,30-516,244.5,promien_500m
853,30-334,262.2,promien_500m
853,30-512,266.5,promien_500m
853,30-504,273.5,promien_500m
853,30-505,310.0,promien_500m
853,31-553,328.7,promien_500m
853,31-067,403.7,promien_500m
853,30-363,406.1,promien_500m
853,30-560,406.7,promien_500m
853,30-519,410.0,promien_500m
853,31-066,420.8,promien_500m
853,30-523,427.6,promien_500m
853,30-307,434.8,promien_500m
853,30-521,444.3,promien_500m
853,30-116,455.3,promien_500m
853,30-347,468.7,promien_500m
853,30-522,470.2,promien_500m
853,30-525,471.9,promien_500m
854,30-502,0.0,promien_500m
854,30-503,53.8,promien_500m
854,30-332,57.8,promien_500m
854,30-501,71.8,promien_500m
854,30-515,138.5,promien_500m
854,30-513,149.3,promien_500m
854,30-331,151.7,promien_500m
854,30-512,180.6,promien_500m
854,30-302,196.0,promien_500m
854,30-516,224.7,promien_500m
854,30-504,227.8,promien_500m
854,30-333,252.5,promien_500m
854,31-553,279.1,promien_500m
854,30-505,316.8,promien_500m
854,30-334,321.2,promien_500m
854,31-067,333.2,promien_500m
854,30-519,350.2,promien_500m
854,30-521,362.9,promien_500m
854,30-560,369.4,promien_500m
854,30-523,370.6,promien_500m
854,30-116,372.6,promien_500m
854,31-066,390.0,promien_500m
854,30-510,421.8,promien_500m
854,30-525,424.4,promien_500m
854,30-520,429.7,promien_500m
854,30-522,444.7,promien_500m
854,30-363,468.3,promien_500m
854,30-307,479.1,promien_500m
854,30-347,489.7,promien_500m
855,30-501,0.0,promien_500m
855,30-302,27.1,promien_500m
855,30-502,57.5,promien_500m
855,30-503,78.2,promien_500m
855,30-332,119.9,promien_500m
855,30-333,128.4,promien_500m
855,30-515,143.4,promien_500m
855,30-516,199.6,promien_500m
855,30-505,218.3,promien_500m
855,30-504,241.0,promien_500m
855,30-513,264.6,promien_500m
855,30-334,291.1,promien_500m
855,30-331,295.3,promien_500m
855,30-363,301.8,promien_500m
855,31-553,314.5,promien_500m
855,30-512,342.5,promien_500m
855,30-560,368.7,promien_500m
855,30-347,371.8,promien_500m
855,30-519,395.2,promien_500m
855,30-522,415.9,promien_500m
855,30-523,417.2,promien_500m
855,30-525,445.4,promien_500m
855,30-521,477.7,promien_500m
855,30-316,495.4,promien_500m
855,30-307,498.1,promien_500m
856,30-501,0.0,promien_500m
856,30-302,52.2,promien_500m
856,30-503,59.9,promien_500m
856,30-502,62.4,promien_500m
856,30-332,121.9,promien_500m
856,30-333,127.8,promien_500m
856,30-515,137.9,promien_500m
856,30-516,179.4,promien_500m
856,30-504,217.5,promien_500m
856,30-505,221.6,promien_500m
856,30-513,232.9,promien_500m
856,30-331,286.7,promien_500m
856,31-553,287.2,promien_500m
856,30-512,313.1,promien_500m
856,30-334,319.0,promien_500m
856,30-363,325.8,promien_500m
856,30-560,347.5,promien_500m
856,30-519,369.3,promien_500m
856,30-347,374.3,promien_500m
856,30-523,389.8,promien_500m
856,30-522,398.7,promien_500m
856,30-525,421.1,promien_500m
856,30-521,446.3,promien_500m
856,31-067,477.4,promien_500m
857,30-503,0.0,promien_500m
857,30-515,11.6,promien_500m
857,30-501,44.8,promien_500m
857,30-516,45.5,promien_500m
857,30-504,82.5,promien_500m
857,30-302,101.1,promien_500m
857,30-502,103.2,promien_500m
857,30-333,110.2,promien_500m
857,30-505,130.4,promien_500m
857,31-553,157.2,promien_500m
857,30-513,164.6,promien_500m
857,30-560,212.8,promien_500m
857,30-519,236.2,promien_500m
857,30-332,240.2,promien_500m
857,30-523,259.7,promien_500m
857,30-522,270.4,promien_500m
857,30-512,275.0,promien_500m
857,30-525,286.3,promien_500m
857,30-347,311.9,promien_500m
857,30-363,327.8,promien_500m
857,30-331,329.2,promien_500m
857,30-521,347.3,promien_500m
857,30-524,394.7,promien_500m
857,30-415,435.1,promien_500m
857,30-334,448.8,promien_500m
857,30-116,464.6,promien_500m
857,30-520,466.2,promien_500m
857,30-644,477.7,promien_500m
857,31-067,481.4,promien_500m
857,30-510,496.0,promien_500m
858,30-515,0.0,promien_500m
858,30-504,40.0,promien_500m
858,30-503,41.1,promien_500m
858,30-513,63.3,promien_500m
858,31-553,74.7,promien_500m
858,30-516,99.3,promien_500m
858,30-501,124.5,promien_500m
858,30-502,142.4,promien_500m
858,30-519,147.2,promien_500m
858,30-512,159.0,promien_500m
858,30-523,165.3,promien_500m
858,30-560,173.9,promien_500m
858,30-505,193.0,promien_500m
858,30-525,218.8,promien_500m
858,30-521,221.8,promien_500m
858,30-302,225.4,promien_500m
858,30-333,232.5,promien_500m
858,30-332,256.0,promien_500m
858,30-522,261.0,promien_500m
858,30-331,302.4,promien_500m
858,30-520,345.0,promien_500m
858,30-116,357.4,promien_500m
858,30-510,378.7,promien_500m
858,30-347,392.3,promien_500m
858,30-524,411.4,promien_500m
858,31-067,411.7,promien_500m
858,30-363,441.9,promien_500m
858,31-066,478.0,promien_500m
858,30-415,481.4,promien_500m
858,30-526,493.1,promien_500m
859,30-515,0.0,promien_500m
859,30-504,0.9,promien_500m
859,30-513,27.2,promien_500m
859,31-553,57.4,promien_500m
859,30-519,70.3,promien_500m
859,30-523,93.4,promien_500m
859,30-512,121.5,promien_500m
859,30-503,121.7,promien_500m
859,30-516,141.5,promien_500m
859,30-560,146.7,promien_500m
859,30-521,157.8,promien_500m
859,30-525,161.1,promien_500m
859,30-501,205.8,promien_500m
859,30-502,212.1,promien_500m
859,30-505,221.6,promien_500m
859,30-522,239.4,promien_500m
859,30-520,286.5,promien_500m
859,30-333,293.2,promien_500m
859,30-302,299.4,promien_500m
859,30-332,321.8,promien_500m
859,30-116,331.4,promien_500m
859,30-510,342.0,promien_500m
859,30-331,348.9,promien_500m
859,30-524,394.9,promien_500m
859,30-347,414.1,promien_500m
859,31-067,428.6,promien_500m
859,30-526,436.7,promien_500m
859,30-509,448.2,promien_500m
859,31-066,471.1,promien_500m
859,30-415,481.3,promien_500m
859,30-363,493.2,promien_500m
859,30-538,493.2,promien_500m
859,30-508,496.9,promien_500m
860,30-504,0.0,promien_500m
860,30-519,25.9,promien_500m
860,30-513,36.5,promien_500m
860,30-515,43.2,promien_500m
860,31-553,48.3,promien_500m
860,30-523,52.1,promien_500m
860,30-525,124.1,promien_500m
860,30-560,132.3,promien_500m
860,30-512,136.9,promien_500m
860,30-516,146.4,promien_500m
860,30-521,147.2,promien_500m
860,30-503,164.6,promien_500m
860,30-522,221.8,promien_500m
860,30-505,231.2,promien_500m
860,30-501,247.7,promien_500m
860,30-502,255.9,promien_500m
860,30-520,273.7,promien_500m
860,30-333,317.5,promien_500m
860,30-302,333.0,promien_500m
860,30-116,339.1,promien_500m
860,30-510,343.1,promien_500m
860,30-332,365.2,promien_500m
860,30-524,376.1,promien_500m
860,30-331,388.9,promien_500m
860,30-526,397.8,promien_500m
860,30-347,413.3,promien_500m
860,30-509,433.1,promien_500m
860,31-067,456.5,promien_500m
860,30-570,459.5,promien_500m
860,30-538,461.9,promien_500m
860,30-415,470.0,promien_500m
860,31-066,488.6,promien_500m
860,30-644,490.3,promien_500m
860,30-508,499.0,promien_500m
861,30-523,0.0,promien_500m
861,30-519,1.2,promien_500m
861,30-504,18.9,promien_500m
861,30-525,46.5,promien_500m
861,31-553,49.8,promien_500m
861,30-560,78.6,promien_500m
861,30-513,82.9,promien_500m
861,30-515,105.8,promien_500m
861,30-516,130.2,promien_500m
861,30-522,162.1,promien_500m
861,30-521,197.3,promien_500m
861,30-512,210.5,promien_500m
861,30-505,214.5,promien_500m
861,30-503,222.5,promien_500m
861,30-501,295.3,promien_500m
861,30-333,309.4,promien_500m
861,30-524,311.8,promien_500m
861,30-520,314.6,promien_500m
861,30-526,320.7,promien_500m
861,30-502,321.6,promien_500m
861,30-302,353.9,promien_500m
861,30-347,370.4,promien_500m
861,30-570,392.3,promien_500m
861,30-510,399.4,promien_500m
861,30-116,401.7,promien_500m
861,30-415,414.1,promien_500m
861,30-644,428.2,promien_500m
861,30-332,435.6,promien_500m
861,30-538,449.6,promien_500m
861,30-331,465.0,promien_500m
861,30-509,465.6,promien_500m
861,30-363,474.9,promien_500m
862,30-503,0.0,promien_500m
862,30-515,21.3,promien_500m
862,30-516,38.4,promien_500m
862,30-333,68.1,promien_500m
862,30-302,75.1,promien_500m
862,30-501,81.7,promien_500m
862,30-505,89.7,promien_500m
862,30-504,92.4,promien_500m
862,30-502,145.7,promien_500m
862,31-553,177.0,promien_500m
862,30-560,208.8,promien_500m
862,30-513,211.9,promien_500m
862,30-519,238.1,promien_500m
862,30-522,254.3,promien_500m
862,30-523,262.5,promien_500m
862,30-332,263.9,promien_500m
862,30-347,265.5,promien_500m
862,30-363,281.0,promien_500m
862,30-525,291.8,promien_500m
862,30-512,319.5,promien_500m
862,30-524,364.9,promien_500m
862,30-331,373.4,promien_500m
862,30-521,383.5,promien_500m
862,30-415,395.7,promien_500m
862,30-334,439.2,promien_500m
862,30-644,440.7,promien_500m
863,30-504,0.0,promien_500m
863,30-516,13.5,promien_500m
863,30-560,13.7,promien_500m
863,30-519,42.7,promien_500m
863,30-523,67.1,promien_500m
863,30-522,83.7,promien_500m
863,31-553,91.2,promien_500m
863,30-505,98.8,promien_500m
863,30-525,102.9,promien_500m
863,30-515,119.7,promien_500m
863,30-503,154.7,promien_500m
863,30-513,179.7,promien_500m
863,30-333,192.9,promien_500m
863,30-524,236.6,promien_500m
863,30-501,240.4,promien_500m
863,30-302,248.0,promien_500m
863,30-347,262.1,promien_500m
863,30-512,282.0,promien_500m
863,30-502,285.0,promien_500m
863,30-521,298.7,promien_500m
863,30-415,320.2,promien_500m
863,30-526,326.5,promien_500m
863,30-644,345.1,promien_500m
863,30-363,358.6,promien_500m
863,30-520,422.3,promien_500m
863,30-332,423.0,promien_500m
863,30-570,449.3,promien_500m
863,30-417,474.0,promien_500m
863,30-331,479.5,promien_500m
863,30-116,490.1,promien_500m
863,30-510,495.4,promien_500m
864,30-504,0.0,promien_500m
864,30-513,7.5,promien_500m
864,30-519,39.5,promien_500m
864,30-512,40.2,promien_500m
864,30-521,55.6,promien_500m
864,30-515,80.2,promien_500m
864,30-523,88.9,promien_500m
864,31-553,153.1,promien_500m
864,30-503,156.9,promien_500m
864,30-525,156.9,promien_500m
864,30-520,182.5,promien_500m
864,30-502,216.4,promien_500m
864,30-116,234.4,promien_500m
864,30-560,237.0,promien_500m
864,30-510,239.3,promien_500m
864,30-516,246.4,promien_500m
864,30-501,279.8,promien_500m
864,30-522,326.0,promien_500m
864,30-505,326.7,promien_500m
864,30-332,334.8,promien_500m
864,30-331,337.1,promien_500m
864,30-509,344.6,promien_500m
864,31-067,369.1,promien_500m
864,31-066,388.1,promien_500m
864,30-302,391.5,promien_500m
864,30-508,394.9,promien_500m
864,30-333,395.5,promien_500m
864,30-538,409.6,promien_500m
864,30-507,428.1,promien_500m
864,30-518,442.8,promien_500m
864,31-518,443.8,promien_500m
864,31-538,456.8,promien_500m
864,30-526,470.6,promien_500m
864,30-524,479.5,promien_500m
864,31-035,490.5,promien_500m
864,30-506,498.8,promien_500m
865,30-519,0.0,promien_500m
865,30-523,10.9,promien_500m
865,30-504,13.6,promien_500m
865,30-560,25.1,promien_500m
865,30-525,31.2,promien_500m
865,31-553,78.4,promien_500m
865,30-516,85.7,promien_500m
865,30-522,99.1,promien_500m
865,30-515,135.9,promien_500m
865,30-513,143.8,promien_500m
865,30-505,158.4,promien_500m
865,30-503,215.9,promien_500m
865,30-524,249.5,promien_500m
865,30-333,255.1,promien_500m
865,30-521,260.3,promien_500m
865,30-512,266.5,promien_500m
865,30-526,288.5,promien_500m
865,30-501,295.7,promien_500m
865,30-347,308.6,promien_500m
865,30-302,314.6,promien_500m
865,30-502,332.4,promien_500m
865,30-415,350.9,promien_500m
865,30-644,365.6,promien_500m
865,30-520,377.5,promien_500m
865,30-570,385.3,promien_500m
865,30-363,415.4,promien_500m
865,30-332,460.2,promien_500m
865,30-510,462.2,promien_500m
865,30-116,463.4,promien_500m
865,30-417,469.9,promien_500m
865,30-538,485.8,promien_500m
866,30-525,0.0,promien_500m
866,30-523,37.6,promien_500m
866,30-519,48.9,promien_500m
866,30-504,77.9,promien_500m
866,30-560,95.3,promien_500m
866,30-522,110.1,promien_500m
866,31-553,138.4,promien_500m
866,30-516,152.4,promien_500m
866,30-513,172.0,promien_500m
866,30-515,198.1,promien_500m
866,30-505,205.9,promien_500m
866,30-526,226.0,promien_500m
866,30-524,247.8,promien_500m
866,30-521,265.0,promien_500m
866,30-503,288.3,promien_500m
866,30-512,298.4,promien_500m
866,30-333,302.6,promien_500m
866,30-570,312.9,promien_500m
866,30-347,333.5,promien_500m
866,30-644,360.3,promien_500m
866,30-415,361.1,promien_500m
866,30-302,366.0,promien_500m
866,30-501,367.7,promien_500m
866,30-520,377.5,promien_500m
866,30-502,402.5,promien_500m
866,30-538,429.6,promien_500m
866,30-363,441.2,promien_500m
866,30-417,441.7,promien_500m
866,30-510,474.1,promien_500m
866,30-116,482.3,promien_500m
867,30-503,0.0,promien_500m
867,30-515,11.9,promien_500m
867,30-505,28.0,promien_500m
867,30-333,30.1,promien_500m
867,30-516,76.9,promien_500m
867,30-302,87.4,promien_500m
867,30-504,108.0,promien_500m
867,30-501,127.3,promien_500m
867,30-347,174.0,promien_500m
867,30-363,202.4,promien_500m
867,30-560,211.8,promien_500m
867,30-522,223.3,promien_500m
867,31-553,227.0,promien_500m
867,30-519,230.7,promien_500m
867,30-502,235.6,promien_500m
867,30-523,261.9,promien_500m
867,30-513,299.8,promien_500m
867,30-525,301.0,promien_500m
867,30-524,302.0,promien_500m
867,30-415,315.9,promien_500m
867,30-332,331.1,promien_500m
867,30-644,364.8,promien_500m
867,30-512,398.8,promien_500m
867,30-401,415.5,promien_500m
867,30-521,448.9,promien_500m
867,30-526,450.5,promien_500m
867,30-334,452.5,promien_500m
867,30-331,464.4,promien_500m
868,30-519,0.0,promien_500m
868,30-523,5.9,promien_500m
868,30-522,15.5,promien_500m
868,30-504,24.9,promien_500m
868,30-560,56.4,promien_500m
868,30-525,57.9,promien_500m
868,30-516,92.5,promien_500m
868,30-505,107.2,promien_500m
868,31-553,154.5,promien_500m
868,30-524,165.8,promien_500m
868,30-515,184.0,promien_500m
868,30-333,201.4,promien_500m
868,30-503,224.7,promien_500m
868,30-513,227.5,promien_500m
868,30-347,232.6,promien_500m
868,30-526,237.1,promien_500m
868,30-302,266.2,promien_500m
868,30-415,268.7,promien_500m
868,30-644,281.8,promien_500m
868,30-501,327.4,promien_500m
868,30-363,341.4,promien_500m
868,30-521,342.8,promien_500m
868,30-512,347.8,promien_500m
868,30-502,374.0,promien_500m
868,30-570,379.8,promien_500m
868,30-417,392.0,promien_500m
868,30-520,459.5,promien_500m
868,30-416,478.6,promien_500m
868,30-636,490.2,promien_500m
869,30-522,0.0,promien_500m
869,30-519,23.0,promien_500m
869,30-504,24.1,promien_500m
869,30-523,47.8,promien_500m
869,30-524,66.8,promien_500m
869,30-505,87.5,promien_500m
869,30-347,144.7,promien_500m
869,30-525,148.7,promien_500m
869,30-333,149.6,promien_500m
869,30-560,152.2,promien_500m
869,30-516,161.9,promien_500m
869,30-415,168.9,promien_500m
869,30-644,180.7,promien_500m
869,30-515,186.9,promien_500m
869,30-526,198.3,promien_500m
869,30-503,214.7,promien_500m
869,30-302,220.2,promien_500m
869,30-363,250.3,promien_500m
869,31-553,251.6,promien_500m
869,30-417,306.5,promien_500m
869,30-513,328.5,promien_500m
869,30-501,380.6,promien_500m
869,30-636,391.0,promien_500m
869,30-570,391.3,promien_500m
869,30-416,410.3,promien_500m
869,30-502,434.8,promien_500m
869,30-521,444.0,promien_500m
869,30-512,445.8,promien_500m
869,30-401,457.3,promien_500m
870,30-522,0.0,promien_500m
870,30-504,17.0,promien_500m
870,30-524,31.7,promien_500m
870,30-519,38.9,promien_500m
870,30-347,61.2,promien_500m
870,30-505,62.3,promien_500m
870,30-523,68.3,promien_500m
870,30-415,81.5,promien_500m
870,30-644,103.1,promien_500m
870,30-333,117.2,promien_500m
870,30-363,167.6,promien_500m
870,30-302,174.4,promien_500m
870,30-526,176.9,promien_500m
870,30-515,177.5,promien_500m
870,30-516,215.4,promien_500m
870,30-503,220.9,promien_500m
870,30-560,233.8,promien_500m
870,30-525,236.1,promien_500m
870,30-417,262.9,promien_500m
870,30-636,315.8,promien_500m
870,31-553,331.2,promien_500m
870,30-416,378.1,promien_500m
870,30-401,380.0,promien_500m
870,30-570,401.3,promien_500m
870,30-501,401.9,promien_500m
870,30-513,411.9,promien_500m
870,30-502,481.0,promien_500m
870,30-403,490.1,promien_500m
871,30-523,0.0,promien_500m
871,30-519,2.0,promien_500m
871,30-522,29.4,promien_500m
871,30-524,61.4,promien_500m
871,30-504,79.7,promien_500m
871,30-525,139.9,promien_500m
871,30-526,141.4,promien_500m
871,30-505,143.6,promien_500m
871,30-347,168.0,promien_500m
871,30-644,169.3,promien_500m
871,30-415,175.1,promien_500m
871,30-560,180.7,promien_500m
871,30-333,200.6,promien_500m
871,30-516,204.2,promien_500m
871,30-515,242.7,promien_500m
871,30-417,267.6,promien_500m
871,30-302,268.5,promien_500m
871,30-503,271.8,promien_500m
871,30-363,276.2,promien_500m
871,31-553,278.7,promien_500m
871,30-570,334.5,promien_500m
871,30-513,347.0,promien_500m
871,30-416,360.8,promien_500m
871,30-636,371.7,promien_500m
871,30-501,431.8,promien_500m
871,30-521,453.9,promien_500m
871,30-512,470.8,promien_500m
871,30-502,483.8,promien_500m
871,30-401,489.2,promien_500m
872,30-523,0.0,promien_500m
872,30-526,14.8,promien_500m
872,30-519,16.3,promien_500m
872,30-644,28.7,promien_500m
872,30-415,48.4,promien_500m
872,30-417,91.5,promien_500m
872,30-524,111.7,promien_500m
872,30-522,133.9,promien_500m
872,30-347,158.0,promien_500m
872,30-363,160.5,promien_500m
872,30-504,171.4,promien_500m
872,30-636,199.2,promien_500m
872,30-416,206.2,promien_500m
872,30-505,225.8,promien_500m
872,30-570,261.8,promien_500m
872,30-333,273.1,promien_500m
872,30-525,293.1,promien_500m
872,30-302,326.8,promien_500m
872,30-515,348.0,promien_500m
872,30-560,362.5,promien_500m
872,30-516,378.7,promien_500m
872,30-503,392.8,promien_500m
872,31-045,446.7,promien_500m
872,30-401,448.7,promien_500m
872,31-553,461.2,promien_500m
873,30-501,0.0,promien_500m
873,30-502,4.6,promien_500m
873,30-503,14.6,promien_500m
873,30-515,84.3,promien_500m
873,30-302,134.7,promien_500m
873,30-513,136.8,promien_500m
873,30-332,138.3,promien_500m
873,30-516,142.1,promien_500m
873,30-504,162.7,promien_500m
873,30-333,174.4,promien_500m
873,31-553,217.8,promien_500m
873,30-512,223.1,promien_500m
873,30-505,231.0,promien_500m
873,30-331,233.3,promien_500m
873,30-560,297.7,promien_500m
873,30-519,300.1,promien_500m
873,30-523,317.2,promien_500m
873,30-521,352.4,promien_500m
873,30-525,361.0,promien_500m
873,30-522,366.4,promien_500m
873,30-334,373.1,promien_500m
873,30-363,394.5,promien_500m
873,31-067,401.6,promien_500m
873,30-347,405.2,promien_500m
873,30-116,416.9,promien_500m
873,30-520,444.7,promien_500m
873,30-510,464.7,promien_500m
873,31-066,474.8,promien_500m
873,30-524,496.2,promien_500m
874,30-503,0.0,promien_500m
874,30-515,12.0,promien_500m
874,30-501,61.8,promien_500m
874,30-513,67.9,promien_500m
874,30-502,74.7,promien_500m
874,30-504,87.5,promien_500m
874,30-516,110.6,promien_500m
874,31-553,138.6,promien_500m
874,30-512,182.9,promien_500m
874,30-302,183.6,promien_500m
874,30-332,195.3,promien_500m
874,30-333,206.1,promien_500m
874,30-505,208.1,promien_500m
874,30-519,215.5,promien_500m
874,30-560,230.2,promien_500m
874,30-523,233.5,promien_500m
874,30-331,255.7,promien_500m
874,30-521,270.6,promien_500m
874,30-525,284.0,promien_500m
874,30-522,310.2,promien_500m
874,30-116,367.8,promien_500m
874,30-520,376.1,promien_500m
874,31-067,389.4,promien_500m
874,30-510,402.6,promien_500m
874,30-347,402.7,promien_500m
874,30-363,425.0,promien_500m
874,30-524,453.1,promien_500m
874,30-334,455.0,promien_500m
874,31-066,472.9,promien_500m
875,30-536,0.0,promien_500m
875,30-534,46.5,promien_500m
875,30-535,47.1,promien_500m
875,30-551,64.9,promien_500m
875,30-529,94.4,promien_500m
875,30-530,134.5,promien_500m
875,30-540,135.0,promien_500m
875,30-548,158.1,promien_500m
875,30-537,171.6,promien_500m
875,30-527,176.4,promien_500m
875,30-500,177.9,promien_500m
875,30-547,180.5,promien_500m
875,30-501,185.6,promien_500m
875,30-539,186.9,promien_500m
875,30-550,211.3,promien_500m
875,30-531,218.7,promien_500m
875,30-532,254.0,promien_500m
875,30-533,255.5,promien_500m
875,31-457,255.9,promien_500m
875,30-538,257.3,promien_500m
875,30-549,266.5,promien_500m
875,30-518,289.7,promien_500m
875,31-538,290.9,promien_500m
875,30-568,307.0,promien_500m
875,30-519,309.6,promien_500m
875,30-523,312.3,promien_500m
875,30-106,333.5,promien_500m
875,31-518,344.0,promien_500m
875,30-506,374.2,promien_500m
875,30-528,383.2,promien_500m
875,30-509,393.3,promien_500m
875,30-507,407.4,promien_500m
875,30-570,408.2,promien_500m
875,30-546,436.6,promien_500m
875,30-702,444.2,promien_500m
875,30-542,456.8,promien_500m
875,30-508,457.9,promien_500m
875,31-060,468.8,promien_500m
875,30-701,471.3,promien_500m
875,31-035,480.8,promien_500m
875,31-061,482.3,promien_500m
876,30-529,0.0,promien_500m
876,30-547,6.7,promien_500m
876,30-527,43.0,promien_500m
876,30-530,72.1,promien_500m
876,30-535,82.6,promien_500m
876,30-548,85.8,promien_500m
876,30-551,93.0,promien_500m
876,30-549,104.5,promien_500m
876,30-534,113.1,promien_500m
876,30-536,133.7,promien_500m
876,30-550,154.9,promien_500m
876,30-106,188.0,promien_500m
876,30-500,192.6,promien_500m
876,30-531,209.1,promien_500m
876,30-501,231.1,promien_500m
876,30-532,274.0,promien_500m
876,30-701,293.3,promien_500m
876,31-035,293.5,promien_500m
876,30-518,302.1,promien_500m
876,30-533,319.3,promien_500m
876,30-540,330.0,promien_500m
876,31-061,337.6,promien_500m
876,31-052,350.2,promien_500m
876,30-537,351.6,promien_500m
876,30-702,357.9,promien_500m
876,31-060,364.3,promien_500m
876,30-506,374.5,promien_500m
876,30-539,381.2,promien_500m
876,30-538,395.4,promien_500m
876,31-518,402.8,promien_500m
876,31-457,406.0,promien_500m
876,31-536,416.7,promien_500m
876,30-519,424.1,promien_500m
876,30-523,431.4,promien_500m
876,30-508,432.4,promien_500m
876,31-538,433.8,promien_500m
876,30-528,446.6,promien_500m
876,30-509,448.9,promien_500m
876,30-507,457.1,promien_500m
876,31-036,459.2,promien_500m
877,30-548,0.0,promien_500m
877,30-550,5.4,promien_500m
877,30-529,48.0,promien_500m
877,30-534,60.0,promien_500m
877,30-551,60.2,promien_500m
877,30-527,63.0,promien_500m
877,30-549,74.2,promien_500m
877,30-501,90.5,promien_500m
877,30-547,99.9,promien_500m
877,30-532,101.8,promien_500m
877,30-536,117.3,promien_500m
877,30-535,144.1,promien_500m
877,30-702,228.0,promien_500m
877,30-530,244.1,promien_500m
877,30-540,258.0,promien_500m
877,30-528,279.5,promien_500m
877,30-701,293.3,promien_500m
877,30-500,336.8,promien_500m
877,30-531,355.5,promien_500m
877,30-106,360.4,promien_500m
877,30-537,380.5,promien_500m
877,30-570,389.5,promien_500m
877,30-539,391.0,promien_500m
877,30-009,411.7,promien_500m
877,31-035,411.9,promien_500m
877,30-710,418.0,promien_500m
877,30-127,426.4,promien_500m
877,30-533,442.3,promien_500m
877,31-052,444.2,promien_500m
877,30-703,444.3,promien_500m
877,30-553,451.1,promien_500m
877,30-568,453.0,promien_500m
877,30-518,453.6,promien_500m
877,30-538,462.4,promien_500m
877,31-457,474.0,promien_500m
877,30-546,482.6,promien_500m
877,31-536,493.4,promien_500m
878,31-547,0.0,promien_500m
878,31-549,22.9,promien_500m
878,31-542,84.9,promien_500m
878,31-541,141.0,promien_500m
878,31-034,164.9,promien_500m
878,31-543,177.1,promien_500m
878,31-516,245.2,promien_500m
878,31-531,259.4,promien_500m
878,31-525,270.6,promien_500m
878,31-539,274.7,promien_500m
878,31-501,276.2,promien_500m
878,31-503,279.7,promien_500m
878,31-514,280.8,promien_500m
878,31-526,302.7,promien_500m
878,31-546,327.9,promien_500m
878,31-521,370.0,promien_500m
878,31-545,388.2,promien_500m
878,31-548,398.3,promien_500m
878,31-505,399.3,promien_500m
878,31-512,410.0,promien_500m
878,31-553,412.2,promien_500m
878,31-506,417.3,promien_500m
878,31-509,446.7,promien_500m
878,31-523,460.4,promien_500m
878,31-564,470.0,promien_500m
878,31-518,499.5,promien_500m
879,30-504,0.0,promien_500m
879,30-519,16.7,promien_500m
879,30-523,39.3,promien_500m
879,30-520,43.2,promien_500m
879,30-510,58.1,promien_500m
879,30-509,65.3,promien_500m
879,30-512,102.2,promien_500m
879,30-525,102.6,promien_500m
879,30-116,120.6,promien_500m
879,30-521,156.4,promien_500m
879,30-518,159.7,promien_500m
879,31-518,159.7,promien_500m
879,30-507,161.2,promien_500m
879,30-508,172.2,promien_500m
879,30-506,221.6,promien_500m
879,30-538,228.0,promien_500m
879,31-538,229.5,promien_500m
879,30-533,243.0,promien_500m
879,30-513,260.4,promien_500m
879,30-535,274.4,promien_500m
879,31-066,276.5,promien_500m
879,30-537,296.2,promien_500m
879,31-035,301.5,promien_500m
879,31-067,313.6,promien_500m
879,30-529,321.0,promien_500m
879,30-534,322.7,promien_500m
879,30-503,326.5,promien_500m
879,31-061,327.8,promien_500m
879,31-457,329.4,promien_500m
879,30-502,340.2,promien_500m
879,30-551,341.9,promien_500m
879,30-515,366.0,promien_500m
879,30-539,367.5,promien_500m
879,30-527,383.6,promien_500m
879,30-531,385.5,promien_500m
879,30-331,387.6,promien_500m
879,30-500,423.1,promien_500m
879,31-553,424.0,promien_500m
879,31-060,441.8,promien_500m
879,30-530,478.9,promien_500m
879,30-570,479.9,promien_500m
879,30-536,485.6,promien_500m
879,30-540,489.3,promien_500m
879,30-560,497.8,promien_500m
880,30-114,0.0,promien_500m
880,30-106,10.0,promien_500m
880,30-105,13.9,promien_500m
880,30-107,94.8,promien_500m
880,30-108,136.9,promien_500m
880,31-156,139.6,promien_500m
880,30-319,156.2,promien_500m
880,30-323,157.6,promien_500m
880,30-103,178.2,promien_500m
880,30-110,190.0,promien_500m
880,30-328,200.6,promien_500m
880,30-109,211.4,promien_500m
880,31-117,231.3,promien_500m
880,31-002,246.8,promien_500m
880,30-117,257.4,promien_500m
880,30-324,265.4,promien_500m
880,30-317,279.1,promien_500m
880,31-109,294.9,promien_500m
880,30-112,318.9,promien_500m
880,30-303,347.6,promien_500m
880,30-102,364.5,promien_500m
880,30-327,377.5,promien_500m
880,30-318,380.7,promien_500m
880,30-201,398.3,promien_500m
880,30-322,408.2,promien_500m
880,31-112,416.3,promien_500m
880,30-116,438.6,promien_500m
880,30-305,458.4,promien_500m
880,30-118,462.4,promien_500m
880,30-101,463.2,promien_500m
880,30-111,469.2,promien_500m
880,30-203,497.4,promien_500m
880,30-212,497.4,promien_500m
880,30-202,498.0,promien_500m
882,30-114,0.0,promien_500m
882,30-105,44.6,promien_500m
882,30-106,60.9,promien_500m
882,30-323,127.1,promien_500m
882,30-319,143.6,promien_500m
882,30-328,144.3,promien_500m
882,30-107,145.1,promien_500m
882,31-117,181.4,promien_500m
882,30-109,187.2,promien_500m
882,30-108,202.2,promien_500m
882,31-156,204.2,promien_500m
882,30-110,212.0,promien_500m
882,30-117,214.5,promien_500m
882,30-103,221.3,promien_500m
882,30-324,258.7,promien_500m
882,31-109,290.2,promien_500m
882,31-002,296.6,promien_500m
882,30-317,313.6,promien_500m
882,30-201,325.0,promien_500m
882,30-322,328.9,promien_500m
882,30-327,361.4,promien_500m
882,30-112,370.2,promien_500m
882,30-116,378.1,promien_500m
882,30-318,389.3,promien_500m
882,30-303,420.4,promien_500m
882,30-203,420.5,promien_500m
882,30-212,420.5,promien_500m
882,30-202,427.3,promien_500m
882,30-206,431.6,promien_500m
882,30-102,439.8,promien_500m
882,30-118,439.9,promien_500m
882,31-112,472.1,promien_500m
882,30-326,493.2,promien_500m
883,31-403,0.0,promien_500m
883,30-001,4.2,promien_500m
883,31-155,181.4,promien_500m
883,30-002,189.0,promien_500m
883,31-516,292.2,promien_500m
883,31-401,324.0,promien_500m
883,31-202,340.4,promien_500m
883,31-404,345.8,promien_500m
883,31-148,367.6,promien_500m
883,31-154,386.6,promien_500m
883,30-006,392.5,promien_500m
883,31-147,406.8,promien_500m
883,31-152,407.9,promien_500m
883,30-003,433.3,promien_500m
883,30-004,448.6,promien_500m
883,30-010,449.1,promien_500m
883,31-145,482.4,promien_500m
883,31-153,484.1,promien_500m
883,31-215,497.1,promien_500m
884,30-105,0.0,promien_500m
884,30-108,47.1,promien_500m
884,30-103,89.5,promien_500m
884,30-106,100.8,promien_500m
884,30-107,101.2,promien_500m
884,31-156,106.8,promien_500m
884,30-114,116.1,promien_500m
884,30-319,164.9,promien_500m
884,31-002,213.5,promien_500m
884,30-110,218.9,promien_500m
884,30-303,235.7,promien_500m
884,30-323,242.5,promien_500m
884,30-102,247.9,promien_500m
884,30-112,254.0,promien_500m
884,30-317,265.3,promien_500m
884,30-109,295.0,promien_500m
884,30-324,310.7,promien_500m
884,30-328,315.3,promien_500m
884,30-318,332.8,promien_500m
884,30-101,333.1,promien_500m
884,31-112,338.1,promien_500m
884,31-117,341.0,promien_500m
884,31-109,348.4,promien_500m
884,30-117,358.8,promien_500m
884,30-305,382.9,promien_500m
884,31-111,385.6,promien_500m
884,30-307,405.3,promien_500m
884,30-111,420.0,promien_500m
884,30-301,432.8,promien_500m
884,30-327,433.3,promien_500m
884,31-105,435.2,promien_500m
884,31-106,435.7,promien_500m
884,30-302,437.8,promien_500m
884,31-101,462.9,promien_500m
884,30-306,474.8,promien_500m
885,30-114,0.0,promien_500m
885,30-106,51.9,promien_500m
885,30-323,117.0,promien_500m
885,31-117,123.1,promien_500m
885,30-117,137.5,promien_500m
885,30-201,171.0,promien_500m
885,30-328,175.7,promien_500m
885,30-105,188.8,promien_500m
885,30-322,191.4,promien_500m
885,30-109,197.6,promien_500m
885,30-107,227.7,promien_500m
885,30-319,249.3,promien_500m
885,30-116,252.7,promien_500m
885,30-203,260.0,promien_500m
885,30-212,260.0,promien_500m
885,30-206,270.9,promien_500m
885,30-202,272.2,promien_500m
885,30-110,272.9,promien_500m
885,31-109,306.6,promien_500m
885,30-103,326.4,promien_500m
885,31-156,328.1,promien_500m
885,30-324,332.9,promien_500m
885,30-108,338.7,promien_500m
885,30-209,364.7,promien_500m
885,30-118,397.3,promien_500m
885,31-002,401.7,promien_500m
885,30-327,408.1,promien_500m
885,30-317,437.5,promien_500m
885,30-318,461.5,promien_500m
885,30-112,472.5,promien_500m
885,30-213,491.0,promien_500m
886,30-106,0.0,promien_500m
886,30-114,15.0,promien_500m
886,30-105,24.4,promien_500m
886,30-107,65.5,promien_500m
886,30-108,116.6,promien_500m
886,31-156,118.7,promien_500m
886,30-103,144.9,promien_500m
886,30-110,152.4,promien_500m
886,30-109,176.2,promien_500m
886,30-323,190.7,promien_500m
886,30-319,192.1,promien_500m
886,31-117,203.6,promien_500m
886,31-002,217.0,promien_500m
886,30-328,223.2,promien_500m
886,30-117,226.5,promien_500m
886,31-109,256.2,promien_500m
886,30-112,290.2,promien_500m
886,30-324,302.5,promien_500m
886,30-317,317.2,promien_500m
886,30-102,355.5,promien_500m
886,30-303,369.9,promien_500m
886,30-201,381.9,promien_500m
886,31-112,391.1,promien_500m
886,30-322,411.0,promien_500m
886,30-116,413.2,promien_500m
886,30-327,413.6,promien_500m
886,30-318,417.5,promien_500m
886,30-118,425.0,promien_500m
886,30-111,438.5,promien_500m
886,30-101,463.7,promien_500m
886,30-202,479.0,promien_500m
886,30-203,485.3,promien_500m
886,30-212,485.3,promien_500m
886,30-305,490.8,promien_500m
887,30-108,0.0,promien_500m
887,30-105,4.9,promien_500m
887,30-103,33.7,promien_500m
887,30-107,126.6,promien_500m
887,31-156,128.3,promien_500m
887,30-106,158.7,promien_500m
887,30-114,175.2,promien_500m
887,30-319,177.3,promien_500m
887,30-102,189.5,promien_500m
887,30-303,204.8,promien_500m
887,31-002,210.5,promien_500m
887,30-112,226.9,promien_500m
887,30-110,236.3,promien_500m
887,30-101,272.5,promien_500m
887,30-317,292.8,promien_500m
887,30-323,299.1,promien_500m
887,31-112,301.8,promien_500m
887,31-111,325.1,promien_500m
887,30-109,332.3,promien_500m
887,30-318,336.6,promien_500m
887,30-324,353.9,promien_500m
887,30-305,372.9,promien_500m
887,31-109,374.5,promien_500m
887,30-328,375.2,promien_500m
887,31-106,376.1,promien_500m
887,31-105,376.3,promien_500m
887,30-307,377.4,promien_500m
887,30-301,378.3,promien_500m
887,31-117,389.4,promien_500m
887,30-111,396.1,promien_500m
887,30-302,399.0,promien_500m
887,30-117,403.6,promien_500m
887,31-101,407.4,promien_500m
887,31-044,458.9,promien_500m
887,31-107,463.3,promien_500m
887,31-108,478.1,promien_500m
887,30-327,479.0,promien_500m
887,30-306,483.2,promien_500m
888,30-105,0.0,promien_500m
888,30-103,6.1,promien_500m
888,30-102,58.1,promien_500m
888,30-101,124.2,promien_500m
888,30-108,127.1,promien_500m
888,30-303,148.4,promien_500m
888,30-319,164.5,promien_500m
888,31-111,173.7,promien_500m
888,31-105,220.8,promien_500m
888,30-301,230.2,promien_500m
888,31-106,234.0,promien_500m
888,30-112,254.4,promien_500m
888,31-156,255.4,promien_500m
888,31-101,256.6,promien_500m
888,30-107,265.0,promien_500m
888,30-302,290.2,promien_500m
888,31-112,293.5,promien_500m
888,31-002,299.8,promien_500m
888,30-106,300.1,promien_500m
888,30-307,304.9,promien_500m
888,31-107,316.7,promien_500m
888,30-114,330.4,promien_500m
888,31-044,337.7,promien_500m
888,30-110,340.9,promien_500m
888,31-108,341.0,promien_500m
888,30-305,353.5,promien_500m
888,30-318,357.0,promien_500m
888,31-103,368.2,promien_500m
888,30-317,371.8,promien_500m
888,31-109,393.7,promien_500m
888,30-109,408.8,promien_500m
888,31-104,409.4,promien_500m
888,30-111,412.7,promien_500m
888,30-304,426.9,promien_500m
888,30-323,437.7,promien_500m
888,31-001,446.1,promien_500m
888,31-102,447.8,promien_500m
888,30-324,460.4,promien_500m
888,30-306,491.5,promien_500m
889,30-102,0.0,promien_500m
889,30-105,16.6,promien_500m
889,30-101,40.5,promien_500m
889,30-103,59.1,promien_500m
889,31-111,89.4,promien_500m
889,30-303,139.1,promien_500m
889,31-105,141.7,promien_500m
889,31-106,149.7,promien_500m
889,30-301,179.5,promien_500m
889,30-108,181.2,promien_500m
889,31-101,194.5,promien_500m
889,30-319,221.0,promien_500m
889,31-107,232.2,promien_500m
889,31-108,258.7,promien_500m
889,30-112,271.2,promien_500m
889,31-112,282.1,promien_500m
889,30-302,283.4,promien_500m
889,31-103,283.6,promien_500m
889,31-156,315.3,promien_500m
889,31-044,315.4,promien_500m
889,30-307,324.5,promien_500m
889,31-104,324.8,promien_500m
889,30-107,334.8,promien_500m
889,31-002,335.6,promien_500m
889,30-106,338.6,promien_500m
889,31-102,365.6,promien_500m
889,31-109,375.0,promien_500m
889,30-110,386.6,promien_500m
889,31-001,396.9,promien_500m
889,30-305,398.6,promien_500m
889,30-114,411.2,promien_500m
889,30-111,412.7,promien_500m
889,30-318,417.9,promien_500m
889,30-304,436.2,promien_500m
889,30-109,438.2,promien_500m
889,30-317,448.5,promien_500m
889,30-059,471.5,promien_500m
890,30-117,0.0,promien_500m
890,30-118,39.6,promien_500m
890,30-109,41.0,promien_500m
890,30-116,82.7,promien_500m
890,30-110,150.0,promien_500m
890,31-109,156.9,promien_500m
890,30-106,165.5,promien_500m
890,30-201,185.0,promien_500m
890,30-119,205.3,promien_500m
890,31-117,217.9,promien_500m
890,30-111,224.6,promien_500m
890,30-202,260.3,promien_500m
890,30-212,266.6,promien_500m
890,30-213,267.8,promien_500m
890,30-209,279.8,promien_500m
890,30-114,283.6,promien_500m
890,30-107,298.6,promien_500m
890,30-203,352.0,promien_500m
890,31-002,362.9,promien_500m
890,30-103,365.4,promien_500m
890,31-156,373.2,promien_500m
890,30-062,388.6,promien_500m
890,30-108,397.2,promien_500m
890,30-206,408.8,promien_500m
890,30-105,415.4,promien_500m
890,30-112,422.0,promien_500m
890,30-063,438.6,promien_500m
890,30-060,441.2,promien_500m
890,31-112,452.0,promien_500m
890,30-322,477.5,promien_500m
890,30-323,480.8,promien_500m
891,30-108,0.0,promien_500m
891,30-103,43.0,promien_500m
891,31-156,56.6,promien_500m
891,30-105,64.5,promien_500m
891,30-107,85.3,promien_500m
891,30-106,105.1,promien_500m
891,31-002,108.5,promien_500m
891,30-112,124.8,promien_500m
891,30-110,143.5,promien_500m
891,30-102,157.1,promien_500m
891,30-114,199.5,promien_500m
891,31-112,210.0,promien_500m
891,30-109,235.5,promien_500m
891,30-101,276.9,promien_500m
891,30-319,284.2,promien_500m
891,30-111,292.4,promien_500m
891,31-109,296.0,promien_500m
891,30-303,299.8,promien_500m
891,31-111,331.9,promien_500m
891,31-117,353.5,promien_500m
891,30-117,356.9,promien_500m
891,31-106,357.5,promien_500m
891,30-323,359.0,promien_500m
891,31-105,389.4,promien_500m
891,30-317,392.2,promien_500m
891,30-328,416.4,promien_500m
891,30-301,428.2,promien_500m
891,30-118,435.6,promien_500m
891,30-324,439.4,promien_500m
891,30-318,443.6,promien_500m
891,31-107,443.6,promien_500m
891,31-101,452.6,promien_500m
891,31-108,459.8,promien_500m
891,30-307,471.8,promien_500m
891,30-063,474.2,promien_500m
891,30-305,478.0,promien_500m
891,30-302,479.6,promien_500m
891,30-059,479.8,promien_500m
891,30-062,483.1,promien_500m
891,30-060,485.9,promien_500m
892,30-103,0.0,promien_500m
892,30-102,5.9,promien_500m
892,30-105,62.4,promien_500m
892,30-108,80.9,promien_500m
892,30-101,116.2,promien_500m
892,30-112,155.8,promien_500m
892,31-111,169.8,promien_500m
892,31-112,185.8,promien_500m
892,31-106,198.0,promien_500m
892,31-156,215.1,promien_500m
892,31-002,219.8,promien_500m
892,30-106,222.3,promien_500m
892,31-105,228.0,promien_500m
892,30-107,245.9,promien_500m
892,30-303,249.1,promien_500m
892,30-110,272.3,promien_500m
892,30-319,272.3,promien_500m
892,30-301,295.8,promien_500m
892,31-107,297.4,promien_500m
892,31-101,299.7,promien_500m
892,31-108,301.0,promien_500m
892,30-111,306.1,promien_500m
892,30-109,321.8,promien_500m
892,30-114,345.3,promien_500m
892,31-103,349.5,promien_500m
892,31-104,386.9,promien_500m
892,30-302,388.6,promien_500m
892,30-307,412.9,promien_500m
892,30-059,415.5,promien_500m
892,31-044,427.5,promien_500m
892,31-109,436.2,promien_500m
892,30-063,438.4,promien_500m
892,30-062,444.3,promien_500m
892,31-102,451.2,promien_500m
892,30-317,456.0,promien_500m
892,30-318,459.6,promien_500m
892,30-305,462.3,promien_500m
892,30-060,470.7,promien_500m
892,30-323,483.7,promien_500m
892,31-027,488.3,promien_500m
892,30-117,498.0,promien_500m
893,30-102,0.0,promien_500m
893,30-101,47.5,promien_500m
893,30-103,47.8,promien_500m
893,30-105,84.4,promien_500m
893,31-111,93.3,promien_500m
893,31-106,119.4,promien_500m
893,30-108,154.7,promien_500m
893,31-105,156.0,promien_500m
893,30-112,187.5,promien_500m
893,31-112,187.5,promien_500m
893,31-107,220.4,promien_500m
893,31-108,222.4,promien_500m
893,31-101,232.3,promien_500m
893,30-303,234.5,promien_500m
893,30-301,260.0,promien_500m
893,31-103,272.1,promien_500m
893,30-106,275.8,promien_500m
893,31-002,277.3,promien_500m
893,31-156,290.8,promien_500m
893,30-319,306.4,promien_500m
893,31-104,308.8,promien_500m
893,30-111,323.9,promien_500m
893,30-107,324.0,promien_500m
893,30-110,331.2,promien_500m
893,30-109,370.7,promien_500m
893,30-059,376.8,promien_500m
893,31-102,377.6,promien_500m
893,30-302,379.6,promien_500m
893,31-109,403.6,promien_500m
893,31-044,406.7,promien_500m
893,30-307,422.0,promien_500m
893,30-114,423.5,promien_500m
893,30-063,424.9,promien_500m
893,30-062,429.1,promien_500m
893,31-027,430.7,promien_500m
893,31-110,460.8,promien_500m
893,30-060,465.5,promien_500m
893,31-117,468.0,promien_500m
893,31-001,469.5,promien_500m
893,31-120,471.8,promien_500m
893,31-115,477.2,promien_500m
893,30-305,490.8,promien_500m
894,30-114,0.0,promien_500m
894,30-106,2.1,promien_500m
894,31-117,65.4,promien_500m
894,30-117,71.5,promien_500m
894,30-201,106.4,promien_500m
894,30-109,157.4,promien_500m
894,30-116,163.0,promien_500m
894,30-323,195.0,promien_500m
894,30-202,204.5,promien_500m
894,30-212,216.1,promien_500m
894,30-203,216.2,promien_500m
894,30-322,220.1,promien_500m
894,30-107,227.4,promien_500m
894,30-206,240.3,promien_500m
894,30-110,242.3,promien_500m
894,30-105,261.3,promien_500m
894,31-109,261.3,promien_500m
894,30-328,266.4,promien_500m
894,30-209,286.8,promien_500m
894,30-118,320.3,promien_500m
894,30-103,330.9,promien_500m
894,30-319,334.5,promien_500m
894,31-156,334.7,promien_500m
894,30-108,364.5,promien_500m
894,31-002,401.1,promien_500m
894,30-213,405.2,promien_500m
894,30-324,423.7,promien_500m
894,30-119,462.8,promien_500m
894,30-112,466.2,promien_500m
894,30-111,488.9,promien_500m
894,30-327,494.2,promien_500m
895,31-117,0.0,promien_500m
895,30-106,2.8,promien_500m
895,30-117,24.7,promien_500m
895,30-109,72.1,promien_500m
895,30-114,72.7,promien_500m
895,30-107,146.1,promien_500m
895,30-110,156.0,promien_500m
895,30-201,166.2,promien_500m
895,31-109,181.0,promien_500m
895,30-116,194.4,promien_500m
895,30-105,234.5,promien_500m
895,30-323,246.8,promien_500m
895,30-103,248.4,promien_500m
895,31-156,252.9,promien_500m
895,30-202,269.3,promien_500m
895,30-118,271.0,promien_500m
895,30-328,281.0,promien_500m
895,30-108,291.0,promien_500m
895,30-212,294.8,promien_500m
895,30-203,297.8,promien_500m
895,30-322,304.0,promien_500m
895,31-002,316.0,promien_500m
895,30-206,325.1,promien_500m
895,30-319,326.2,promien_500m
895,30-209,338.9,promien_500m
895,30-112,380.0,promien_500m
895,30-119,426.8,promien_500m
895,30-111,427.8,promien_500m
895,30-324,433.3,promien_500m
895,30-213,434.6,promien_500m
895,31-112,461.1,promien_500m
895,30-102,477.0,promien_500m
896,30-106,0.0,promien_500m
896,30-109,14.2,promien_500m
896,30-107,64.5,promien_500m
896,31-117,66.2,promien_500m
896,30-117,69.1,promien_500m
896,30-114,75.9,promien_500m
896,30-110,85.5,promien_500m
896,31-109,125.4,promien_500m
896,30-103,164.4,promien_500m
896,31-156,169.2,promien_500m
896,30-105,169.9,promien_500m
896,30-108,213.5,promien_500m
896,31-002,231.8,promien_500m
896,30-201,239.3,promien_500m
896,30-116,264.5,promien_500m
896,30-118,267.4,promien_500m
896,30-323,282.1,promien_500m
896,30-112,296.6,promien_500m
896,30-328,297.2,promien_500m
896,30-319,316.8,promien_500m
896,30-202,350.1,promien_500m
896,30-322,375.6,promien_500m
896,30-212,378.8,promien_500m
896,31-112,381.2,promien_500m
896,30-203,382.3,promien_500m
896,30-102,393.0,promien_500m
896,30-119,398.8,promien_500m
896,30-111,399.7,promien_500m
896,30-206,409.3,promien_500m
896,30-209,412.2,promien_500m
896,30-324,431.8,promien_500m
896,30-317,476.1,promien_500m
896,30-213,486.8,promien_500m
897,30-110,0.0,promien_500m
897,30-106,10.1,promien_500m
897,30-107,21.3,promien_500m
897,30-109,66.2,promien_500m
897,30-103,68.6,promien_500m
897,31-156,76.3,promien_500m
897,31-109,100.9,promien_500m
897,31-002,116.4,promien_500m
897,30-108,121.3,promien_500m
897,30-105,133.4,promien_500m
897,30-114,145.8,promien_500m
897,30-117,164.2,promien_500m
897,31-117,175.1,promien_500m
897,30-112,180.2,promien_500m
897,30-118,265.8,promien_500m
897,31-112,266.3,promien_500m
897,30-102,277.2,promien_500m
897,30-111,300.7,promien_500m
897,30-201,339.5,promien_500m
897,30-116,344.9,promien_500m
897,30-323,355.2,promien_500m
897,30-119,362.3,promien_500m
897,30-319,363.0,promien_500m
897,30-328,372.3,promien_500m
897,30-060,435.3,promien_500m
897,30-062,441.0,promien_500m
897,30-063,448.1,promien_500m
897,30-202,454.2,promien_500m
897,30-101,459.6,promien_500m
897,30-324,475.6,promien_500m
897,30-303,477.7,promien_500m
897,30-317,483.9,promien_500m
897,30-212,484.6,promien_500m
897,30-322,488.8,promien_500m
897,30-203,496.4,promien_500m
898,31-542,0.0,promien_500m
898,31-543,0.7,promien_500m
898,31-548,33.1,promien_500m
898,31-541,58.3,promien_500m
898,31-559,122.1,promien_500m
898,31-552,194.3,promien_500m
898,31-539,214.1,promien_500m
898,31-564,240.6,promien_500m
898,31-547,245.3,promien_500m
898,31-549,282.0,promien_500m
898,31-531,314.8,promien_500m
898,31-553,442.5,promien_500m
898,31-034,466.1,promien_500m
898,31-540,469.5,promien_500m
898,31-501,493.7,promien_500m
898,31-532,496.6,promien_500m
899,30-108,0.0,promien_500m
899,31-002,11.0,promien_500m
899,30-103,29.2,promien_500m
899,30-106,35.5,promien_500m
899,30-112,42.4,promien_500m
899,30-110,57.9,promien_500m
899,31-156,63.2,promien_500m
899,30-107,111.4,promien_500m
899,30-109,125.4,promien_500m
899,30-102,126.1,promien_500m
899,31-112,142.7,promien_500m
899,30-105,143.9,promien_500m
899,30-111,194.9,promien_500m
899,31-109,223.4,promien_500m
899,30-114,261.3,promien_500m
899,30-117,283.4,promien_500m
899,30-101,308.1,promien_500m
899,31-117,329.4,promien_500m
899,30-118,339.9,promien_500m
899,31-111,364.2,promien_500m
899,31-106,380.2,promien_500m
899,30-060,383.9,promien_500m
899,30-063,388.4,promien_500m
899,30-319,390.4,promien_500m
899,30-059,394.7,promien_500m
899,30-062,398.2,promien_500m
899,30-303,406.9,promien_500m
899,30-119,408.7,promien_500m
899,31-107,427.2,promien_500m
899,30-323,432.5,promien_500m
899,31-105,433.5,promien_500m
899,30-328,471.7,promien_500m
899,31-108,478.3,promien_500m
899,30-116,486.6,promien_500m
899,30-201,492.3,promien_500m
899,30-317,494.9,promien_500m
9,31-511,0.0,promien_500m
9,31-504,21.5,promien_500m
9,31-512,45.9,promien_500m
9,31-506,76.5,promien_500m
9,31-505,91.5,promien_500m
9,31-510,110.2,promien_500m
9,31-503,112.8,promien_500m
9,31-509,160.8,promien_500m
9,31-508,199.9,promien_500m
9,31-501,201.9,promien_500m
9,31-154,302.4,promien_500m
9,31-034,341.2,promien_500m
9,31-516,347.9,promien_500m
9,31-001,366.4,promien_500m
9,31-025,375.7,promien_500m
9,31-026,387.1,promien_500m
9,31-531,402.7,promien_500m
9,31-404,413.9,promien_500m
9,31-514,456.6,promien_500m
9,31-529,476.5,promien_500m
9,31-530,498.3,promien_500m
900,30-108,0.0,promien_500m
900,30-103,1.4,promien_500m
900,31-156,33.9,promien_500m
900,30-106,40.3,promien_500m
900,31-002,40.8,promien_500m
900,30-112,78.9,promien_500m
900,30-110,81.1,promien_500m
900,30-107,90.0,promien_500m
900,30-105,106.0,promien_500m
900,30-102,149.4,promien_500m
900,30-109,165.2,promien_500m
900,31-112,174.9,promien_500m
900,30-114,227.1,promien_500m
900,30-111,235.0,promien_500m
900,31-109,239.5,promien_500m
900,30-101,306.1,promien_500m
900,30-117,306.4,promien_500m
900,31-117,325.7,promien_500m
900,30-319,348.9,promien_500m
900,31-111,360.6,promien_500m
900,30-118,369.0,promien_500m
900,30-303,369.7,promien_500m
900,31-106,378.7,promien_500m
900,30-323,395.6,promien_500m
900,31-105,424.0,promien_500m
900,30-063,425.8,promien_500m
900,30-060,425.9,promien_500m
900,30-059,431.9,promien_500m
900,30-062,435.4,promien_500m
900,30-328,439.8,promien_500m
900,31-107,440.6,promien_500m
900,30-119,443.5,promien_500m
900,30-317,452.7,promien_500m
900,31-108,478.9,promien_500m
900,30-301,483.8,promien_500m
900,30-324,489.9,promien_500m
900,30-201,492.9,promien_500m
900,30-116,496.5,promien_500m
900,31-101,498.1,promien_500m
901,30-103,0.0,promien_500m
901,30-108,48.3,promien_500m
901,30-112,52.1,promien_500m
901,30-102,65.4,promien_500m
901,31-112,107.9,promien_500m
901,31-002,110.2,promien_500m
901,30-106,111.8,promien_500m
901,31-156,139.3,promien_500m
901,30-105,157.4,promien_500m
901,30-110,164.4,promien_500m
901,30-107,188.6,promien_500m
901,30-101,201.5,promien_500m
901,30-109,211.4,promien_500m
901,30-111,214.5,promien_500m
901,31-111,258.0,promien_500m
901,31-106,273.4,promien_500m
901,30-114,308.9,promien_500m
901,31-105,324.3,promien_500m
901,31-109,332.6,promien_500m
901,31-107,338.5,promien_500m
901,30-303,343.2,promien_500m
901,30-319,349.6,promien_500m
901,31-108,373.1,promien_500m
901,30-063,377.0,promien_500m
901,30-059,379.0,promien_500m
901,30-062,384.9,promien_500m
901,30-117,390.2,promien_500m
901,30-060,398.1,promien_500m
901,31-101,400.7,promien_500m
901,30-301,406.4,promien_500m
901,31-117,431.4,promien_500m
901,31-103,433.7,promien_500m
901,30-118,441.0,promien_500m
901,31-104,455.2,promien_500m
901,30-323,468.8,promien_500m
901,30-317,486.9,promien_500m
901,31-120,488.9,promien_500m
901,31-027,490.8,promien_500m
901,30-302,492.5,promien_500m
901,30-119,499.0,promien_500m
902,30-117,0.0,promien_500m
902,30-106,27.4,promien_500m
902,31-117,31.9,promien_500m
902,30-109,61.9,promien_500m
902,30-114,109.7,promien_500m
902,30-201,134.5,promien_500m
902,30-110,148.6,promien_500m
902,31-109,152.5,promien_500m
902,30-116,158.3,promien_500m
902,30-107,170.6,promien_500m
902,30-118,216.5,promien_500m
902,30-202,248.4,promien_500m
902,30-103,265.1,promien_500m
902,31-156,270.8,promien_500m
902,30-105,275.6,promien_500m
902,30-212,285.2,promien_500m
902,30-203,297.0,promien_500m
902,30-323,297.8,promien_500m
902,30-209,306.3,promien_500m
902,31-002,317.8,promien_500m
902,30-108,320.0,promien_500m
902,30-206,329.9,promien_500m
902,30-322,330.7,promien_500m
902,30-328,338.2,promien_500m
902,30-119,378.0,promien_500m
902,30-111,379.1,promien_500m
902,30-112,381.8,promien_500m
902,30-319,383.3,promien_500m
902,30-213,385.2,promien_500m
902,31-112,452.9,promien_500m
902,30-102,480.0,promien_500m
902,30-324,490.9,promien_500m
903,30-109,0.0,promien_500m
903,30-106,38.6,promien_500m
903,30-117,45.1,promien_500m
903,31-109,48.9,promien_500m
903,30-110,50.9,promien_500m
903,31-117,93.4,promien_500m
903,30-107,120.5,promien_500m
903,30-114,170.6,promien_500m
903,30-118,174.7,promien_500m
903,30-103,194.3,promien_500m
903,31-156,201.6,promien_500m
903,30-116,218.6,promien_500m
903,31-002,222.6,promien_500m
903,30-201,225.8,promien_500m
903,30-105,237.0,promien_500m
903,30-108,242.0,promien_500m
903,30-112,287.0,promien_500m
903,30-119,304.7,promien_500m
903,30-111,305.6,promien_500m
903,30-202,340.9,promien_500m
903,31-112,350.4,promien_500m
903,30-212,362.7,promien_500m
903,30-323,370.6,promien_500m
903,30-102,384.8,promien_500m
903,30-209,386.9,promien_500m
903,30-328,390.6,promien_500m
903,30-203,400.7,promien_500m
903,30-319,412.3,promien_500m
903,30-213,426.7,promien_500m
903,30-322,432.6,promien_500m
903,30-206,434.6,promien_500m
903,30-062,441.1,promien_500m
903,30-060,446.6,promien_500m
903,30-063,454.5,promien_500m
904,30-110,0.0,promien_500m
904,30-106,39.0,promien_500m
904,30-109,47.0,promien_500m
904,31-109,60.2,promien_500m
904,30-107,68.4,promien_500m
904,30-103,108.5,promien_500m
904,31-156,118.4,promien_500m
904,31-002,122.9,promien_500m
904,30-117,127.9,promien_500m
904,30-108,143.4,promien_500m
904,31-117,171.5,promien_500m
904,30-114,176.6,promien_500m
904,30-105,180.6,promien_500m
904,30-112,187.3,promien_500m
904,30-118,218.7,promien_500m
904,31-112,258.5,promien_500m
904,30-111,280.8,promien_500m
904,30-102,285.4,promien_500m
904,30-119,315.5,promien_500m
904,30-116,316.0,promien_500m
904,30-201,324.4,promien_500m
904,30-323,394.7,promien_500m
904,30-060,400.4,promien_500m
904,30-062,403.2,promien_500m
904,30-319,404.8,promien_500m
904,30-328,407.3,promien_500m
904,30-063,412.0,promien_500m
904,30-202,439.8,promien_500m
904,30-212,462.9,promien_500m
904,30-101,478.6,promien_500m
904,30-209,487.2,promien_500m
904,30-059,487.4,promien_500m
904,30-203,492.5,promien_500m
905,30-117,0.0,promien_500m
905,30-109,19.4,promien_500m
905,30-106,89.6,promien_500m
905,30-116,100.7,promien_500m
905,30-118,118.6,promien_500m
905,31-117,133.3,promien_500m
905,31-109,134.7,promien_500m
905,30-201,142.8,promien_500m
905,30-110,157.8,promien_500m
905,30-114,199.8,promien_500m
905,30-107,234.1,promien_500m
905,30-202,245.5,promien_500m
905,30-212,253.5,promien_500m
905,30-209,279.4,promien_500m
905,30-119,289.0,promien_500m
905,30-111,291.7,promien_500m
905,30-213,308.3,promien_500m
905,30-103,313.2,promien_500m
905,31-156,320.4,promien_500m
905,30-203,332.4,promien_500m
905,31-002,334.0,promien_500m
905,30-105,349.2,promien_500m
905,30-108,358.7,promien_500m
905,30-206,367.2,promien_500m
905,30-112,397.2,promien_500m
905,30-323,397.3,promien_500m
905,30-322,403.6,promien_500m
905,30-328,443.6,promien_500m
905,31-112,446.7,promien_500m
905,30-062,458.0,promien_500m
905,30-060,485.5,promien_500m
905,30-319,486.7,promien_500m
905,30-063,487.2,promien_500m
905,30-102,493.2,promien_500m
906,30-117,0.0,promien_500m
906,30-109,4.0,promien_500m
906,31-109,31.8,promien_500m
906,30-110,68.2,promien_500m
906,30-106,95.6,promien_500m
906,30-118,106.8,promien_500m
906,31-117,157.1,promien_500m
906,30-107,181.9,promien_500m
906,30-116,200.7,promien_500m
906,30-119,231.6,promien_500m
906,30-111,232.6,promien_500m
906,31-002,238.8,promien_500m
906,30-103,240.9,promien_500m
906,30-201,243.9,promien_500m
906,30-114,245.0,promien_500m
906,31-156,249.5,promien_500m
906,30-108,271.3,promien_500m
906,30-105,299.6,promien_500m
906,30-112,299.7,promien_500m
906,31-112,341.9,promien_500m
906,30-202,350.4,promien_500m
906,30-212,358.2,promien_500m
906,30-062,381.2,promien_500m
906,30-209,382.3,promien_500m
906,30-213,391.1,promien_500m
906,30-060,392.9,promien_500m
906,30-102,393.2,promien_500m
906,30-063,398.0,promien_500m
906,30-203,430.9,promien_500m
906,30-323,442.0,promien_500m
906,30-328,464.4,promien_500m
906,30-206,467.8,promien_500m
906,30-322,483.5,promien_500m
906,30-319,486.8,promien_500m
907,30-109,0.0,promien_500m
907,30-110,3.8,promien_500m
907,31-109,44.8,promien_500m
907,30-117,68.4,promien_500m
907,30-106,114.4,promien_500m
907,30-118,128.8,promien_500m
907,31-002,158.0,promien_500m
907,30-107,164.4,promien_500m
907,30-103,187.7,promien_500m
907,30-108,201.4,promien_500m
907,31-156,205.2,promien_500m
907,30-112,213.4,promien_500m
907,30-111,218.8,promien_500m
907,30-119,219.5,promien_500m
907,31-117,221.0,promien_500m
907,31-112,245.5,promien_500m
907,30-114,265.5,promien_500m
907,30-105,275.9,promien_500m
907,30-116,292.3,promien_500m
907,30-102,302.1,promien_500m
907,30-062,317.9,promien_500m
907,30-060,320.5,promien_500m
907,30-063,329.6,promien_500m
907,30-201,337.7,promien_500m
907,30-059,440.7,promien_500m
907,30-202,447.3,promien_500m
907,30-212,455.0,promien_500m
907,30-213,478.1,promien_500m
907,30-209,478.4,promien_500m
907,30-323,484.4,promien_500m
907,30-101,491.5,promien_500m
907,30-328,496.4,promien_500m
908,30-118,0.0,promien_500m
908,30-117,12.1,promien_500m
908,30-116,65.3,promien_500m
908,30-109,111.3,promien_500m
908,30-119,117.3,promien_500m
908,30-110,146.2,promien_500m
908,30-111,163.7,promien_500m
908,31-109,207.7,promien_500m
908,30-201,232.9,promien_500m
908,30-106,246.7,promien_500m
908,30-213,265.6,promien_500m
908,31-117,303.1,promien_500m
908,30-202,312.1,promien_500m
908,30-062,313.0,promien_500m
908,30-209,313.8,promien_500m
908,30-212,316.7,promien_500m
908,30-107,364.4,promien_500m
908,30-114,372.2,promien_500m
908,30-063,390.3,promien_500m
908,30-060,394.4,promien_500m
908,30-203,394.5,promien_500m
908,31-002,397.2,promien_500m
908,30-103,418.0,promien_500m
908,31-156,429.5,promien_500m
908,30-108,440.1,promien_500m
908,30-112,451.3,promien_500m
908,31-112,456.7,promien_500m
908,30-206,471.6,promien_500m
908,30-105,482.2,promien_500m
909,30-117,0.0,promien_500m
909,30-109,37.9,promien_500m
909,30-118,43.0,promien_500m
909,30-110,50.9,promien_500m
909,31-109,97.6,promien_500m
909,30-119,154.8,promien_500m
909,30-111,155.9,promien_500m
909,30-106,171.8,promien_500m
909,30-116,172.0,promien_500m
909,31-117,234.0,promien_500m
909,30-107,260.3,promien_500m
909,30-201,280.9,promien_500m
909,31-002,284.2,promien_500m
909,30-103,305.6,promien_500m
909,30-062,318.6,promien_500m
909,31-156,318.6,promien_500m
909,30-108,326.2,promien_500m
909,30-114,328.2,promien_500m
909,30-112,338.9,promien_500m
909,30-060,348.1,promien_500m
909,30-063,348.2,promien_500m
909,31-112,357.2,promien_500m
909,30-202,358.4,promien_500m
909,30-213,359.5,promien_500m
909,30-212,365.0,promien_500m
909,30-105,376.8,promien_500m
909,30-209,379.4,promien_500m
909,30-102,424.1,promien_500m
909,30-203,451.1,promien_500m
910,30-110,0.0,promien_500m
910,30-109,8.1,promien_500m
910,30-106,66.7,promien_500m
910,31-002,105.7,promien_500m
910,31-109,109.8,promien_500m
910,30-117,131.8,promien_500m
910,30-108,154.2,promien_500m
910,30-112,156.7,promien_500m
910,30-103,164.4,promien_500m
910,30-111,169.5,promien_500m
910,30-107,169.9,promien_500m
910,30-118,172.4,promien_500m
910,31-112,179.1,promien_500m
910,31-156,189.2,promien_500m
910,30-102,239.5,promien_500m
910,30-119,241.1,promien_500m
910,30-105,264.2,promien_500m
910,31-117,272.6,promien_500m
910,30-060,285.2,promien_500m
910,30-062,290.1,promien_500m
910,30-114,291.9,promien_500m
910,30-063,297.4,promien_500m
910,30-116,356.5,promien_500m
910,30-059,381.7,promien_500m
910,30-201,401.4,promien_500m
910,30-101,426.0,promien_500m
910,31-111,457.3,promien_500m
911,30-117,0.0,promien_500m
911,30-118,6.7,promien_500m
911,30-109,41.8,promien_500m
911,30-110,68.5,promien_500m
911,30-119,100.5,promien_500m
911,30-111,101.7,promien_500m
911,30-116,149.0,promien_500m
911,31-109,156.1,promien_500m
911,30-106,234.2,promien_500m
911,30-062,268.5,promien_500m
911,31-117,296.0,promien_500m
911,30-201,305.9,promien_500m
911,30-063,316.4,promien_500m
911,30-060,319.6,promien_500m
911,30-107,321.2,promien_500m
911,31-002,324.0,promien_500m
911,30-213,350.4,promien_500m
911,30-103,358.8,promien_500m
911,31-112,372.1,promien_500m
911,30-108,373.4,promien_500m
911,31-156,374.0,promien_500m
911,30-112,374.1,promien_500m
911,30-202,380.1,promien_500m
911,30-212,385.7,promien_500m
911,30-114,388.0,promien_500m
911,30-209,390.4,promien_500m
911,30-105,436.6,promien_500m
911,30-102,453.9,promien_500m
911,30-203,468.0,promien_500m
912,30-110,0.0,promien_500m
912,30-109,15.0,promien_500m
912,30-106,91.1,promien_500m
912,30-117,118.7,promien_500m
912,31-109,129.8,promien_500m
912,30-111,134.3,promien_500m
912,30-118,135.4,promien_500m
912,31-002,161.7,promien_500m
912,30-119,183.0,promien_500m
912,30-112,194.0,promien_500m
912,31-112,194.3,promien_500m
912,30-108,204.3,promien_500m
912,30-103,225.8,promien_500m
912,30-107,231.6,promien_500m
912,30-062,232.2,promien_500m
912,30-060,232.3,promien_500m
912,30-063,242.3,promien_500m
912,31-156,253.2,promien_500m
912,30-102,274.5,promien_500m
912,31-117,309.9,promien_500m
912,30-105,328.6,promien_500m
912,30-116,329.5,promien_500m
912,30-114,347.3,promien_500m
912,30-059,359.1,promien_500m
912,30-201,418.1,promien_500m
912,30-101,442.6,promien_500m
912,31-111,459.8,promien_500m
913,30-110,0.0,promien_500m
913,30-109,9.8,promien_500m
913,30-118,52.2,promien_500m
913,30-117,54.1,promien_500m
913,30-119,96.1,promien_500m
913,30-111,96.4,promien_500m
913,31-109,139.8,promien_500m
913,30-106,170.5,promien_500m
913,30-062,223.1,promien_500m
913,30-116,241.5,promien_500m
913,30-060,243.6,promien_500m
913,30-063,244.6,promien_500m
913,31-002,251.4,promien_500m
913,31-112,279.0,promien_500m
913,30-112,287.4,promien_500m
913,30-107,289.2,promien_500m
913,30-108,297.0,promien_500m
913,30-103,306.9,promien_500m
913,31-117,314.6,promien_500m
913,31-156,326.9,promien_500m
913,30-102,368.5,promien_500m
913,30-114,383.8,promien_500m
913,30-201,384.8,promien_500m
913,30-105,400.3,promien_500m
913,30-059,415.0,promien_500m
913,30-213,444.0,promien_500m
913,30-202,461.1,promien_500m
913,30-212,467.5,promien_500m
913,30-209,477.8,promien_500m
914,30-102,0.0,promien_500m
914,30-103,6.8,promien_500m
914,30-112,39.7,promien_500m
914,31-112,47.0,promien_500m
914,30-108,87.0,promien_500m
914,30-106,117.2,promien_500m
914,31-002,134.3,promien_500m
914,30-101,163.6,promien_500m
914,30-111,167.6,promien_500m
914,30-110,185.0,promien_500m
914,31-156,197.4,promien_500m
914,30-105,199.9,promien_500m
914,30-109,212.5,promien_500m
914,31-111,219.1,promien_500m
914,31-106,241.8,promien_500m
914,30-107,253.5,promien_500m
914,31-107,278.3,promien_500m
914,30-059,308.1,promien_500m
914,31-105,309.6,promien_500m
914,30-063,310.0,promien_500m
914,30-062,317.3,promien_500m
914,31-108,335.1,promien_500m
914,30-060,336.4,promien_500m
914,31-109,361.1,promien_500m
914,30-114,379.5,promien_500m
914,30-303,384.2,promien_500m
914,31-101,385.0,promien_500m
914,31-103,402.8,promien_500m
914,30-319,404.3,promien_500m
914,31-104,404.6,promien_500m
914,30-117,407.2,promien_500m
914,31-120,416.1,promien_500m
914,31-027,419.8,promien_500m
914,30-301,421.2,promien_500m
914,31-117,439.9,promien_500m
914,30-118,446.1,promien_500m
914,31-110,477.1,promien_500m
914,31-121,484.1,promien_500m
914,31-115,484.3,promien_500m
914,30-119,489.2,promien_500m
915,30-102,0.0,promien_500m
915,30-101,41.6,promien_500m
915,30-112,76.3,promien_500m
915,30-103,76.8,promien_500m
915,31-112,89.9,promien_500m
915,31-111,99.4,promien_500m
915,31-106,136.2,promien_500m
915,31-107,159.5,promien_500m
915,30-108,201.9,promien_500m
915,30-105,205.1,promien_500m
915,31-108,220.0,promien_500m
915,30-106,220.8,promien_500m
915,30-111,221.4,promien_500m
915,31-105,224.1,promien_500m
915,30-059,251.0,promien_500m
915,31-002,255.3,promien_500m
915,31-104,282.7,promien_500m
915,31-103,289.4,promien_500m
915,31-101,292.6,promien_500m
915,30-063,299.8,promien_500m
915,30-062,303.2,promien_500m
915,30-110,304.7,promien_500m
915,31-109,309.8,promien_500m
915,31-156,315.7,promien_500m
915,30-109,323.1,promien_500m
915,31-027,323.7,promien_500m
915,30-060,344.3,promien_500m
915,31-120,348.0,promien_500m
915,31-117,353.0,promien_500m
915,30-303,359.1,promien_500m
915,30-107,367.3,promien_500m
915,31-110,368.5,promien_500m
915,30-301,372.4,promien_500m
915,31-115,381.0,promien_500m
915,31-102,398.7,promien_500m
915,31-121,406.3,promien_500m
915,30-319,430.5,promien_500m
915,30-114,484.2,promien_500m
916,30-112,0.0,promien_500m
916,30-102,7.8,promien_500m
916,30-101,59.2,promien_500m
916,31-112,84.4,promien_500m
916,31-111,92.0,promien_500m
916,30-111,135.8,promien_500m
916,31-107,148.5,promien_500m
916,30-059,150.9,promien_500m
916,30-103,163.9,promien_500m
916,31-106,168.9,promien_500m
916,30-106,195.9,promien_500m
916,30-063,196.5,promien_500m
916,30-062,198.8,promien_500m
916,31-108,228.5,promien_500m
916,30-060,246.0,promien_500m
916,30-108,246.6,promien_500m
916,31-120,250.4,promien_500m
916,31-027,250.9,promien_500m
916,31-109,259.8,promien_500m
916,31-117,269.9,promien_500m
916,31-002,277.2,promien_500m
916,31-104,296.3,promien_500m
916,30-110,297.1,promien_500m
916,30-105,310.6,promien_500m
916,30-109,313.7,promien_500m
916,31-105,314.0,promien_500m
916,31-121,315.4,promien_500m
916,31-110,316.3,promien_500m
916,31-115,318.7,promien_500m
916,31-103,326.9,promien_500m
916,31-101,361.1,promien_500m
916,31-156,361.4,promien_500m
916,30-107,416.0,promien_500m
916,31-102,445.4,promien_500m
916,31-123,450.5,promien_500m
916,30-303,465.0,promien_500m
916,30-301,473.5,promien_500m
917,30-112,0.0,promien_500m
917,31-112,9.7,promien_500m
917,30-102,56.0,promien_500m
917,30-111,77.5,promien_500m
917,30-106,85.8,promien_500m
917,30-103,93.9,promien_500m
917,30-108,155.9,promien_500m
917,30-101,162.1,promien_500m
917,31-002,173.1,promien_500m
917,30-110,186.2,promien_500m
917,31-111,196.7,promien_500m
917,30-109,200.6,promien_500m
917,30-063,201.4,promien_500m
917,30-059,204.3,promien_500m
917,30-062,209.2,promien_500m
917,30-060,227.1,promien_500m
917,31-107,259.3,promien_500m
917,31-106,266.7,promien_500m
917,31-156,267.2,promien_500m
917,30-105,302.7,promien_500m
917,30-107,316.8,promien_500m
917,31-120,327.1,promien_500m
917,31-108,336.9,promien_500m
917,31-027,350.3,promien_500m
917,31-117,364.7,promien_500m
917,31-109,370.9,promien_500m
917,31-105,371.8,promien_500m
917,30-117,396.7,promien_500m
917,31-121,399.8,promien_500m
917,31-104,403.0,promien_500m
917,30-118,415.6,promien_500m
917,31-115,425.0,promien_500m
917,31-110,426.2,promien_500m
917,31-103,431.0,promien_500m
917,30-119,435.1,promien_500m
917,31-101,440.4,promien_500m
917,30-114,463.9,promien_500m
917,30-303,481.4,promien_500m
918,30-112,0.0,promien_500m
918,31-112,12.8,promien_500m
918,30-106,41.8,promien_500m
918,30-102,42.8,promien_500m
918,30-103,45.8,promien_500m
918,30-108,84.3,promien_500m
918,30-111,91.3,promien_500m
918,31-002,96.8,promien_500m
918,30-110,132.4,promien_500m
918,30-109,141.1,promien_500m
918,31-156,192.1,promien_500m
918,30-101,218.9,promien_500m
918,30-107,240.4,promien_500m
918,30-063,264.3,promien_500m
918,30-105,269.3,promien_500m
918,30-059,270.1,promien_500m
918,31-111,270.9,promien_500m
918,30-062,273.5,promien_500m
918,30-060,278.1,promien_500m
918,31-109,304.9,promien_500m
918,31-106,315.7,promien_500m
918,31-107,321.6,promien_500m
918,30-117,339.8,promien_500m
918,30-118,370.4,promien_500m
918,31-105,389.6,promien_500m
918,30-114,390.4,promien_500m
918,31-108,395.1,promien_500m
918,31-120,402.4,promien_500m
918,30-119,407.2,promien_500m
918,31-027,426.4,promien_500m
918,31-117,439.9,promien_500m
918,31-104,458.3,promien_500m
918,31-101,464.0,promien_500m
918,30-303,466.1,promien_500m
918,31-103,471.7,promien_500m
918,30-319,473.0,promien_500m
918,31-121,475.9,promien_500m
918,31-110,499.0,promien_500m
919,30-116,0.0,promien_500m
919,30-118,11.4,promien_500m
919,30-119,55.5,promien_500m
919,30-117,95.7,promien_500m
919,30-213,160.1,promien_500m
919,30-201,164.1,promien_500m
919,30-209,242.9,promien_500m
919,30-109,264.4,promien_500m
919,30-110,283.3,promien_500m
919,30-111,286.2,promien_500m
919,30-212,297.7,promien_500m
919,30-202,302.2,promien_500m
919,30-203,346.5,promien_500m
919,30-106,351.7,promien_500m
919,30-062,356.5,promien_500m
919,31-109,372.0,promien_500m
919,31-117,434.6,promien_500m
919,30-114,449.7,promien_500m
919,30-407,455.5,promien_500m
919,30-206,464.4,promien_500m
920,30-118,0.0,promien_500m
920,30-117,15.3,promien_500m
920,30-116,33.7,promien_500m
920,30-119,41.7,promien_500m
920,30-109,162.9,promien_500m
920,30-110,165.8,promien_500m
920,30-111,169.6,promien_500m
920,30-201,251.3,promien_500m
920,30-213,256.7,promien_500m
920,30-062,274.3,promien_500m
920,31-109,282.5,promien_500m
920,30-106,325.9,promien_500m
920,30-209,330.1,promien_500m
920,30-202,346.5,promien_500m
920,30-212,349.5,promien_500m
920,31-117,381.6,promien_500m
920,30-063,392.3,promien_500m
920,30-060,397.7,promien_500m
920,30-203,417.3,promien_500m
920,30-107,441.7,promien_500m
920,30-114,444.3,promien_500m
920,31-002,460.7,promien_500m
920,30-103,490.5,promien_500m
920,31-112,499.6,promien_500m
921,30-118,0.0,promien_500m
921,30-117,1.7,promien_500m
921,30-119,56.1,promien_500m
921,30-110,66.9,promien_500m
921,30-109,67.5,promien_500m
921,30-111,73.9,promien_500m
921,30-116,125.5,promien_500m
921,30-062,221.2,promien_500m
921,31-109,221.4,promien_500m
921,30-106,291.5,promien_500m
921,30-063,301.4,promien_500m
921,30-060,306.1,promien_500m
921,30-201,326.4,promien_500m
921,30-213,346.1,promien_500m
921,31-117,359.7,promien_500m
921,31-002,376.8,promien_500m
921,30-107,386.8,promien_500m
921,31-112,402.0,promien_500m
921,30-209,405.7,promien_500m
921,30-202,406.0,promien_500m
921,30-212,410.6,promien_500m
921,30-112,412.9,promien_500m
921,30-103,420.0,promien_500m
921,30-108,424.0,promien_500m
921,31-156,436.6,promien_500m
921,30-114,446.2,promien_500m
921,30-203,487.4,promien_500m
921,30-102,497.1,promien_500m
922,30-119,0.0,promien_500m
922,30-116,18.0,promien_500m
922,30-118,61.3,promien_500m
922,30-117,128.6,promien_500m
922,30-213,239.5,promien_500m
922,30-201,247.1,promien_500m
922,30-111,264.1,promien_500m
922,30-110,267.4,promien_500m
922,30-109,279.0,promien_500m
922,30-062,289.6,promien_500m
922,30-209,326.0,promien_500m
922,30-212,386.2,promien_500m
922,30-202,390.7,promien_500m
922,31-109,409.2,promien_500m
922,30-203,424.0,promien_500m
922,30-106,430.6,promien_500m
922,30-063,466.0,promien_500m
922,30-060,472.7,promien_500m
922,31-117,496.8,promien_500m
923,30-119,0.0,promien_500m
923,30-118,44.2,promien_500m
923,30-116,68.5,promien_500m
923,30-117,83.7,promien_500m
923,30-111,176.3,promien_500m
923,30-110,183.1,promien_500m
923,30-109,200.7,promien_500m
923,30-062,215.5,promien_500m
923,30-213,300.7,promien_500m
923,30-201,303.5,promien_500m
923,31-109,351.6,promien_500m
923,30-063,378.6,promien_500m
923,30-209,381.6,promien_500m
923,30-060,385.1,promien_500m
923,30-106,408.1,promien_500m
923,30-202,419.8,promien_500m
923,30-212,420.9,promien_500m
923,31-117,465.4,promien_500m
923,30-203,481.6,promien_500m
924,30-119,0.0,promien_500m
924,30-117,24.1,promien_500m
924,30-111,52.9,promien_500m
924,30-118,62.5,promien_500m
924,30-110,75.2,promien_500m
924,30-109,107.1,promien_500m
924,30-062,140.0,promien_500m
924,30-116,176.6,promien_500m
924,30-063,257.2,promien_500m
924,30-060,263.4,promien_500m
924,31-109,292.0,promien_500m
924,30-106,299.7,promien_500m
924,30-201,394.5,promien_500m
924,30-213,399.4,promien_500m
924,31-112,410.7,promien_500m
924,31-002,419.3,promien_500m
924,30-112,419.8,promien_500m
924,31-117,442.3,promien_500m
924,30-107,455.0,promien_500m
924,30-108,462.0,promien_500m
924,30-209,473.4,promien_500m
924,30-103,477.2,promien_500m
924,30-202,481.2,promien_500m
924,30-212,485.1,promien_500m
924,30-059,486.1,promien_500m
924,31-156,496.5,promien_500m
925,30-111,0.0,promien_500m
925,30-110,13.9,promien_500m
925,30-109,57.4,promien_500m
925,30-119,74.2,promien_500m
925,30-117,82.3,promien_500m
925,30-062,108.3,promien_500m
925,30-118,119.6,promien_500m
925,30-063,147.4,promien_500m
925,30-060,151.6,promien_500m
925,30-106,172.7,promien_500m
925,31-109,255.9,promien_500m
925,30-116,279.1,promien_500m
925,31-112,286.0,promien_500m
925,30-112,294.2,promien_500m
925,31-002,323.1,promien_500m
925,30-108,358.6,promien_500m
925,30-059,361.5,promien_500m
925,30-103,390.3,promien_500m
925,30-107,393.3,promien_500m
925,30-102,402.0,promien_500m
925,31-156,419.5,promien_500m
925,31-117,431.5,promien_500m
925,30-201,474.2,promien_500m
925,30-105,495.2,promien_500m
925,31-111,495.2,promien_500m
925,30-114,497.3,promien_500m
926,30-111,0.0,promien_500m
926,30-109,12.8,promien_500m
926,30-110,23.5,promien_500m
926,30-062,50.8,promien_500m
926,30-060,57.1,promien_500m
926,30-063,61.6,promien_500m
926,30-106,103.9,promien_500m
926,30-119,176.9,promien_500m
926,30-117,186.6,promien_500m
926,30-118,213.9,promien_500m
926,31-112,215.2,promien_500m
926,30-112,220.0,promien_500m
926,30-059,256.8,promien_500m
926,31-109,303.9,promien_500m
926,31-002,304.7,promien_500m
926,30-108,325.8,promien_500m
926,30-102,338.2,promien_500m
926,30-103,347.4,promien_500m
926,30-116,383.8,promien_500m
926,31-111,392.0,promien_500m
926,31-156,407.5,promien_500m
926,30-107,408.4,promien_500m
926,31-120,413.1,promien_500m
926,30-101,437.8,promien_500m
926,31-121,477.9,promien_500m
926,31-117,486.2,promien_500m
926,30-105,489.5,promien_500m
926,31-123,496.2,promien_500m
927,30-111,0.0,promien_500m
927,30-060,39.3,promien_500m
927,30-063,88.0,promien_500m
927,30-110,94.0,promien_500m
927,30-109,100.2,promien_500m
927,30-106,104.8,promien_500m
927,30-062,110.1,promien_500m
927,30-112,135.1,promien_500m
927,30-059,143.0,promien_500m
927,31-112,156.4,promien_500m
927,30-102,273.4,promien_500m
927,31-111,277.6,promien_500m
927,30-119,291.4,promien_500m
927,30-103,291.7,promien_500m
927,30-117,298.1,promien_500m
927,31-002,302.5,promien_500m
927,30-108,303.4,promien_500m
927,31-120,304.8,promien_500m
927,30-118,317.7,promien_500m
927,30-101,335.1,promien_500m
927,31-109,366.9,promien_500m
927,31-121,376.2,promien_500m
927,31-117,378.9,promien_500m
927,31-027,390.9,promien_500m
927,31-156,402.0,promien_500m
927,31-123,409.5,promien_500m
927,31-107,410.0,promien_500m
927,30-107,427.0,promien_500m
927,31-106,443.8,promien_500m
927,31-108,464.9,promien_500m
927,31-115,478.2,promien_500m
927,30-105,485.9,promien_500m
927,30-116,494.8,promien_500m
927,31-110,495.4,promien_500m
928,30-060,0.0,promien_500m
928,30-063,14.1,promien_500m
928,30-062,104.5,promien_500m
928,30-111,109.3,promien_500m
928,30-059,157.1,promien_500m
928,30-112,164.4,promien_500m
928,30-109,208.0,promien_500m
928,30-110,213.6,promien_500m
928,31-120,224.9,promien_500m
928,30-106,253.7,promien_500m
928,31-111,282.6,promien_500m
928,31-123,287.0,promien_500m
928,31-121,289.9,promien_500m
928,31-112,297.8,promien_500m
928,30-119,325.3,promien_500m
928,31-117,336.3,promien_500m
928,31-027,361.7,promien_500m
928,30-102,366.9,promien_500m
928,30-117,386.1,promien_500m
928,30-101,402.6,promien_500m
928,30-118,422.1,promien_500m
928,31-115,425.7,promien_500m
928,30-103,427.7,promien_500m
928,31-109,431.7,promien_500m
928,30-108,453.0,promien_500m
928,31-002,454.8,promien_500m
928,31-107,458.1,promien_500m
928,31-108,464.9,promien_500m
928,31-110,472.6,promien_500m
928,31-106,498.3,promien_500m
929,30-060,0.0,promien_500m
929,30-063,36.8,promien_500m
929,30-059,87.3,promien_500m
929,30-062,110.4,promien_500m
929,31-120,167.2,promien_500m
929,31-123,188.9,promien_500m
929,30-111,194.9,promien_500m
929,30-112,216.9,promien_500m
929,31-121,230.4,promien_500m
929,31-111,262.7,promien_500m
929,31-117,279.7,promien_500m
929,30-109,310.9,promien_500m
929,30-110,316.8,promien_500m
929,31-027,337.4,promien_500m
929,30-106,355.1,promien_500m
929,31-115,365.6,promien_500m
929,31-112,385.3,promien_500m
929,30-119,397.3,promien_500m
929,31-109,414.4,promien_500m
929,30-102,415.8,promien_500m
929,30-101,430.6,promien_500m
929,31-110,446.3,promien_500m
929,31-108,454.9,promien_500m
929,31-107,475.4,promien_500m
929,31-116,477.1,promien_500m
929,30-117,482.7,promien_500m
929,30-047,494.4,promien_500m
930,30-060,0.0,promien_500m
930,30-059,55.3,promien_500m
930,30-063,89.0,promien_500m
930,31-120,123.0,promien_500m
930,31-123,136.8,promien_500m
930,30-062,172.6,promien_500m
930,31-121,256.7,promien_500m
930,31-117,268.4,promien_500m
930,30-111,302.7,promien_500m
930,30-112,320.2,promien_500m
930,31-111,325.4,promien_500m
930,31-115,376.4,promien_500m
930,30-047,388.3,promien_500m
930,31-027,389.9,promien_500m
930,30-054,403.9,promien_500m
930,30-109,407.3,promien_500m
930,30-110,414.2,promien_500m
930,30-119,450.7,promien_500m
930,31-126,452.0,promien_500m
930,30-106,459.4,promien_500m
930,31-116,462.6,promien_500m
930,30-049,465.7,promien_500m
930,31-109,468.6,promien_500m
930,31-724,476.2,promien_500m
930,30-050,479.5,promien_500m
930,31-124,486.4,promien_500m
930,31-110,490.8,promien_500m
930,31-112,493.2,promien_500m
931,30-060,0.0,promien_500m
931,30-059,71.9,promien_500m
931,30-063,80.8,promien_500m
931,31-120,156.7,promien_500m
931,30-062,163.6,promien_500m
931,31-123,172.1,promien_500m
931,31-121,282.6,promien_500m
931,31-117,307.3,promien_500m
931,30-111,323.8,promien_500m
931,30-112,347.7,promien_500m
931,31-111,364.8,promien_500m
931,30-047,380.8,promien_500m
931,30-054,393.3,promien_500m
931,30-109,411.0,promien_500m
931,31-115,417.0,promien_500m
931,30-110,418.6,promien_500m
931,31-027,430.5,promien_500m
931,30-119,432.3,promien_500m
931,30-050,447.4,promien_500m
931,30-049,454.9,promien_500m
931,31-126,459.9,promien_500m
931,30-106,469.7,promien_500m
931,31-116,498.9,promien_500m
932,30-060,0.0,promien_500m
932,30-059,80.6,promien_500m
932,30-063,84.6,promien_500m
932,30-062,137.9,promien_500m
932,31-120,212.5,promien_500m
932,31-123,228.3,promien_500m
932,31-121,332.1,promien_500m
932,30-111,338.3,promien_500m
932,31-117,364.0,promien_500m
932,30-112,375.9,promien_500m
932,30-047,395.8,promien_500m
932,30-119,396.0,promien_500m
932,30-054,400.0,promien_500m
932,30-109,404.4,promien_500m
932,31-111,412.6,promien_500m
932,30-110,412.8,promien_500m
932,30-050,421.3,promien_500m
932,30-049,464.3,promien_500m
932,30-106,471.5,promien_500m
932,31-115,473.2,promien_500m
932,31-027,481.1,promien_500m
932,31-126,488.6,promien_500m
933,30-059,0.0,promien_500m
933,30-060,3.9,promien_500m
933,31-120,54.7,promien_500m
933,31-123,69.1,promien_500m
933,30-063,144.6,promien_500m
933,30-062,159.3,promien_500m
933,31-121,193.8,promien_500m
933,31-117,205.4,promien_500m
933,31-111,296.3,promien_500m
933,31-115,317.6,promien_500m
933,30-111,325.2,promien_500m
933,30-112,329.4,promien_500m
933,31-027,351.9,promien_500m
933,30-047,362.0,promien_500m
933,30-054,382.2,promien_500m
933,31-126,391.9,promien_500m
933,31-116,395.9,promien_500m
933,31-724,408.1,promien_500m
933,31-124,420.6,promien_500m
933,31-109,427.7,promien_500m
933,30-049,443.3,promien_500m
933,31-110,445.9,promien_500m
933,30-109,453.1,promien_500m
933,30-110,459.0,promien_500m
933,31-108,472.8,promien_500m
933,31-112,478.7,promien_500m
933,31-107,481.9,promien_500m
933,30-050,492.7,promien_500m
933,30-106,495.8,promien_500m
934,30-049,0.0,promien_500m
934,30-054,16.7,promien_500m
934,31-987,27.9,promien_500m
934,30-051,34.9,promien_500m
934,30-050,76.9,promien_500m
934,30-057,104.9,promien_500m
934,30-048,158.2,promien_500m
934,30-059,177.5,promien_500m
934,30-055,194.6,promien_500m
934,31-045,195.0,promien_500m
934,30-047,242.9,promien_500m
934,30-052,266.0,promien_500m
934,30-079,281.5,promien_500m
934,30-045,354.9,promien_500m
934,30-046,354.9,promien_500m
934,30-072,368.3,promien_500m
934,30-056,402.8,promien_500m
934,30-058,438.4,promien_500m
934,31-120,474.1,promien_500m
934,30-040,478.7,promien_500m
934,30-033,498.3,promien_500m
935,30-081,0.0,promien_500m
935,30-079,30.2,promien_500m
935,30-053,50.6,promien_500m
935,30-074,53.5,promien_500m
935,30-078,94.0,promien_500m
935,30-057,118.3,promien_500m
935,30-052,129.9,promien_500m
935,30-075,147.5,promien_500m
935,30-040,156.5,promien_500m
935,30-076,159.3,promien_500m
935,30-069,167.1,promien_500m
935,30-045,169.6,promien_500m
935,30-082,183.5,promien_500m
935,31-045,230.2,promien_500m
935,30-058,286.4,promien_500m
935,30-080,298.4,promien_500m
935,30-048,299.8,promien_500m
935,30-051,331.6,promien_500m
935,30-017,336.0,promien_500m
935,30-077,342.2,promien_500m
935,30-042,345.4,promien_500m
935,30-012,350.5,promien_500m
935,30-148,354.1,promien_500m
935,30-054,354.9,promien_500m
935,30-043,368.3,promien_500m
935,31-987,371.0,promien_500m
935,30-056,387.0,promien_500m
935,30-071,393.6,promien_500m
935,30-019,411.1,promien_500m
935,30-023,425.9,promien_500m
935,30-084,437.7,promien_500m
935,30-072,459.4,promien_500m
935,30-035,466.5,promien_500m
935,30-083,466.8,promien_500m
935,30-049,472.0,promien_500m
935,30-046,472.5,promien_500m
937,30-059,0.0,promien_500m
937,31-120,69.3,promien_500m
937,31-121,124.2,promien_500m
937,30-047,128.3,promien_500m
937,30-054,149.4,promien_500m
937,30-060,161.5,promien_500m
937,31-126,209.3,promien_500m
937,30-049,209.7,promien_500m
937,31-123,235.1,promien_500m
937,30-050,287.5,promien_500m
937,31-124,328.5,promien_500m
937,31-117,334.3,promien_500m
937,30-063,339.0,promien_500m
937,31-127,342.9,promien_500m
937,31-045,364.9,promien_500m
937,30-079,371.8,promien_500m
937,31-115,383.5,promien_500m
937,30-048,385.8,promien_500m
937,30-062,388.2,promien_500m
937,31-724,390.9,promien_500m
937,31-116,446.1,promien_500m
937,30-051,476.7,promien_500m
938,30-059,0.0,promien_500m
938,31-120,23.7,promien_500m
938,31-121,84.2,promien_500m
938,30-060,159.3,promien_500m
938,30-047,160.3,promien_500m
938,30-054,186.0,promien_500m
938,31-123,192.9,promien_500m
938,31-126,210.8,promien_500m
938,30-049,243.6,promien_500m
938,31-117,289.3,promien_500m
938,31-124,300.9,promien_500m
938,30-063,328.5,promien_500m
938,30-050,332.4,promien_500m
938,31-127,337.9,promien_500m
938,31-115,338.2,promien_500m
938,31-724,350.8,promien_500m
938,30-062,353.4,promien_500m
938,30-048,367.0,promien_500m
938,31-116,401.5,promien_500m
938,30-079,403.1,promien_500m
938,31-045,404.7,promien_500m
938,31-111,465.1,promien_500m
938,31-027,498.6,promien_500m
939,30-048,0.0,promien_500m
939,30-046,5.7,promien_500m
939,30-047,41.0,promien_500m
939,30-045,52.1,promien_500m
939,30-049,63.7,promien_500m
939,30-033,120.9,promien_500m
939,30-040,156.7,promien_500m
939,30-529,164.5,promien_500m
939,30-039,188.6,promien_500m
939,30-074,204.1,promien_500m
939,30-079,208.2,promien_500m
939,31-120,210.4,promien_500m
939,30-051,229.5,promien_500m
939,31-045,239.7,promien_500m
939,30-078,256.1,promien_500m
939,30-052,274.7,promien_500m
939,31-159,278.6,promien_500m
939,30-037,290.8,promien_500m
939,30-054,297.3,promien_500m
939,30-042,302.6,promien_500m
939,30-034,302.9,promien_500m
939,31-987,305.5,promien_500m
939,30-043,319.3,promien_500m
939,31-128,320.1,promien_500m
939,30-035,321.2,promien_500m
939,30-038,325.3,promien_500m
939,31-127,330.0,promien_500m
939,31-138,334.3,promien_500m
939,30-050,353.3,promien_500m
939,31-137,379.6,promien_500m
939,30-057,393.7,promien_500m
939,31-126,411.7,promien_500m
939,30-059,426.4,promien_500m
939,31-140,440.6,promien_500m
939,31-130,451.1,promien_500m
939,30-007,479.8,promien_500m
939,31-136,495.6,promien_500m
940,30-106,0.0,promien_500m
940,30-107,25.0,promien_500m
940,30-114,58.9,promien_500m
940,30-105,76.6,promien_500m
940,30-110,78.3,promien_500m
940,30-109,99.1,promien_500m
940,30-103,99.8,promien_500m
940,31-156,100.8,promien_500m
940,30-108,124.2,promien_500m
940,31-117,150.0,promien_500m
940,30-117,161.8,promien_500m
940,31-109,171.7,promien_500m
940,31-002,175.8,promien_500m
940,30-112,248.4,promien_500m
940,30-323,258.8,promien_500m
940,30-319,267.5,promien_500m
940,30-328,277.2,promien_500m
940,30-201,330.1,promien_500m
940,30-102,337.3,promien_500m
940,30-118,341.8,promien_500m
940,31-112,346.5,promien_500m
940,30-116,356.4,promien_500m
940,30-324,381.1,promien_500m
940,30-111,386.3,promien_500m
940,30-317,401.6,promien_500m
940,30-322,418.2,promien_500m
940,30-303,434.3,promien_500m
940,30-202,436.1,promien_500m
940,30-119,448.9,promien_500m
940,30-212,457.8,promien_500m
940,30-203,457.9,promien_500m
940,30-206,480.2,promien_500m
940,30-101,482.2,promien_500m
940,30-327,489.4,promien_500m
941,30-047,0.0,promien_500m
941,31-120,93.4,promien_500m
941,30-079,93.8,promien_500m
941,30-049,109.2,promien_500m
941,30-046,152.6,promien_500m
941,31-127,152.6,promien_500m
941,30-033,153.6,promien_500m
941,30-048,155.6,promien_500m
941,30-054,175.8,promien_500m
941,31-045,183.5,promien_500m
941,30-045,184.7,promien_500m
941,31-126,243.8,promien_500m
941,30-059,246.4,promien_500m
941,31-159,258.5,promien_500m
941,31-128,266.5,promien_500m
941,30-039,279.1,promien_500m
941,30-050,289.0,promien_500m
941,30-051,298.2,promien_500m
941,31-137,313.0,promien_500m
941,30-037,318.0,promien_500m
941,30-529,321.5,promien_500m
941,30-040,322.3,promien_500m
941,31-138,367.1,promien_500m
941,31-130,375.8,promien_500m
941,30-074,377.7,promien_500m
941,31-121,382.0,promien_500m
941,30-038,382.3,promien_500m
941,31-987,386.7,promien_500m
941,30-078,395.2,promien_500m
941,31-124,411.0,promien_500m
941,30-034,418.9,promien_500m
941,31-135,433.0,promien_500m
941,30-052,434.6,promien_500m
941,31-136,434.6,promien_500m
941,31-131,444.4,promien_500m
941,30-035,468.5,promien_500m
941,30-057,480.3,promien_500m
941,30-043,485.2,promien_500m
941,30-042,492.0,promien_500m
942,30-106,0.0,promien_500m
942,30-110,13.8,promien_500m
942,30-103,18.1,promien_500m
942,30-107,38.3,promien_500m
942,31-156,39.8,promien_500m
942,31-002,51.0,promien_500m
942,30-108,53.4,promien_500m
942,30-105,114.5,promien_500m
942,30-112,118.7,promien_500m
942,30-109,125.6,promien_500m
942,31-109,156.1,promien_500m
942,30-114,190.3,promien_500m
942,30-102,212.8,promien_500m
942,31-112,215.1,promien_500m
942,30-117,223.7,promien_500m
942,31-117,242.5,promien_500m
942,30-111,255.8,promien_500m
942,30-118,299.5,promien_500m
942,30-319,361.3,promien_500m
942,30-323,377.2,promien_500m
942,30-119,385.3,promien_500m
942,30-101,391.5,promien_500m
942,30-328,403.7,promien_500m
942,30-201,407.6,promien_500m
942,30-116,409.8,promien_500m
942,30-060,418.7,promien_500m
942,30-062,430.2,promien_500m
942,30-063,433.6,promien_500m
942,30-303,433.6,promien_500m
942,31-111,446.8,promien_500m
942,30-059,460.9,promien_500m
942,31-106,463.4,promien_500m
942,30-317,472.6,promien_500m
942,30-324,485.6,promien_500m
943,30-105,0.0,promien_500m
943,30-103,17.6,promien_500m
943,30-102,84.2,promien_500m
943,30-108,116.1,promien_500m
943,30-303,141.7,promien_500m
943,30-319,150.4,promien_500m
943,30-101,152.3,promien_500m
943,31-111,201.7,promien_500m
943,31-156,239.4,promien_500m
943,30-107,244.8,promien_500m
943,31-105,246.7,promien_500m
943,30-301,250.3,promien_500m
943,30-112,256.2,promien_500m
943,31-106,262.1,promien_500m
943,31-101,278.2,promien_500m
943,30-106,288.6,promien_500m
943,31-002,290.1,promien_500m
943,30-302,296.6,promien_500m
943,31-112,300.5,promien_500m
943,30-307,302.1,promien_500m
943,30-114,304.5,promien_500m
943,30-110,328.4,promien_500m
943,30-318,338.1,promien_500m
943,30-305,340.7,promien_500m
943,31-107,344.8,promien_500m
943,30-317,346.4,promien_500m
943,31-044,348.2,promien_500m
943,31-108,368.8,promien_500m
943,31-103,396.3,promien_500m
943,31-109,402.5,promien_500m
943,30-109,403.8,promien_500m
943,30-323,409.6,promien_500m
943,30-111,417.3,promien_500m
943,30-304,426.2,promien_500m
943,30-324,433.4,promien_500m
943,31-104,437.5,promien_500m
943,31-001,463.8,promien_500m
943,31-102,475.0,promien_500m
943,30-306,475.5,promien_500m
943,30-328,494.3,promien_500m
944,30-003,0.0,promien_500m
944,30-015,39.8,promien_500m
944,30-019,59.9,promien_500m
944,30-018,69.4,promien_500m
944,30-036,123.2,promien_500m
944,31-159,131.7,promien_500m
944,30-006,134.5,promien_500m
944,31-261,136.3,promien_500m
944,30-007,155.1,promien_500m
944,31-158,157.4,promien_500m
944,30-009,170.5,promien_500m
944,31-145,177.2,promien_500m
944,30-010,184.4,promien_500m
944,30-004,191.7,promien_500m
944,30-033,212.7,promien_500m
944,30-035,214.7,promien_500m
944,31-146,230.0,promien_500m
944,31-160,238.6,promien_500m
944,31-139,242.9,promien_500m
944,30-002,259.8,promien_500m
944,30-011,260.1,promien_500m
944,31-162,283.9,promien_500m
944,30-034,285.9,promien_500m
944,31-147,307.1,promien_500m
944,30-020,308.2,promien_500m
944,31-140,335.2,promien_500m
944,31-045,365.3,promien_500m
944,30-037,369.0,promien_500m
944,30-038,376.7,promien_500m
944,31-148,379.7,promien_500m
944,31-161,383.0,promien_500m
944,30-014,391.8,promien_500m
944,31-141,424.7,promien_500m
944,31-153,434.7,promien_500m
944,31-137,441.6,promien_500m
944,31-142,442.9,promien_500m
944,30-043,455.9,promien_500m
944,31-136,457.1,promien_500m
944,31-155,463.4,promien_500m
944,31-138,472.3,promien_500m
944,30-016,498.6,promien_500m
945,30-114,0.0,promien_500m
945,30-106,75.5,promien_500m
945,30-323,95.2,promien_500m
945,30-328,140.6,promien_500m
945,31-117,147.0,promien_500m
945,30-105,156.7,promien_500m
945,30-117,164.2,promien_500m
945,30-322,201.0,promien_500m
945,30-201,206.3,promien_500m
945,30-109,208.1,promien_500m
945,30-319,213.2,promien_500m
945,30-107,225.8,promien_500m
945,30-110,281.3,promien_500m
945,30-116,288.3,promien_500m
945,30-203,291.2,promien_500m
945,30-212,291.2,promien_500m
945,30-324,297.8,promien_500m
945,30-206,299.0,promien_500m
945,30-202,305.3,promien_500m
945,31-109,318.8,promien_500m
945,30-103,319.4,promien_500m
945,31-156,319.7,promien_500m
945,30-108,322.9,promien_500m
945,30-327,378.1,promien_500m
945,31-002,395.4,promien_500m
945,30-209,400.7,promien_500m
945,30-317,401.2,promien_500m
945,30-118,422.4,promien_500m
945,30-318,427.2,promien_500m
945,30-112,467.6,promien_500m
946,30-048,0.0,promien_500m
946,30-049,37.9,promien_500m
946,30-045,45.9,promien_500m
946,30-046,55.1,promien_500m
946,30-051,68.4,promien_500m
946,30-052,109.5,promien_500m
946,30-047,127.0,promien_500m
946,30-054,137.3,promien_500m
946,31-987,148.5,promien_500m
946,30-040,168.3,promien_500m
946,30-057,244.2,promien_500m
946,30-074,247.7,promien_500m
946,31-045,257.9,promien_500m
946,30-529,271.5,promien_500m
946,30-079,274.0,promien_500m
946,30-033,276.3,promien_500m
946,30-039,276.7,promien_500m
946,30-042,313.3,promien_500m
946,30-078,321.8,promien_500m
946,30-050,324.3,promien_500m
946,30-043,357.0,promien_500m
946,30-081,358.9,promien_500m
946,31-120,376.5,promien_500m
946,30-035,399.2,promien_500m
946,30-034,411.0,promien_500m
946,30-075,431.9,promien_500m
946,30-059,432.8,promien_500m
946,31-159,443.8,promien_500m
946,30-037,445.8,promien_500m
946,30-038,460.1,promien_500m
946,30-053,466.1,promien_500m
946,30-055,475.5,promien_500m
946,31-127,477.0,promien_500m
946,31-138,478.2,promien_500m
946,30-058,483.5,promien_500m
946,31-128,485.9,promien_500m
947,30-049,0.0,promien_500m
947,30-051,49.5,promien_500m
947,30-048,58.2,promien_500m
947,30-054,67.3,promien_500m
947,31-045,78.8,promien_500m
947,30-047,94.5,promien_500m
947,30-050,111.3,promien_500m
947,31-987,121.9,promien_500m
947,30-079,148.3,promien_500m
947,30-057,218.9,promien_500m
947,30-059,220.8,promien_500m
947,30-046,226.4,promien_500m
947,30-052,259.0,promien_500m
947,30-045,259.4,promien_500m
947,30-055,342.1,promien_500m
947,30-033,349.2,promien_500m
947,31-120,357.1,promien_500m
947,30-040,380.7,promien_500m
947,31-127,411.5,promien_500m
947,30-529,415.2,promien_500m
947,31-126,431.0,promien_500m
947,30-039,434.6,promien_500m
947,30-074,443.2,promien_500m
947,31-159,487.7,promien_500m
947,30-072,496.2,promien_500m
948,30-052,0.0,promien_500m
948,30-057,13.3,promien_500m
948,30-079,58.3,promien_500m
948,30-045,107.5,promien_500m
948,31-987,131.7,promien_500m
948,30-053,144.7,promien_500m
948,30-054,145.9,promien_500m
948,30-058,180.1,promien_500m
948,30-051,184.7,promien_500m
948,30-048,191.6,promien_500m
948,30-081,197.6,promien_500m
948,30-040,198.9,promien_500m
948,30-069,204.8,promien_500m
948,30-056,230.5,promien_500m
948,30-049,240.0,promien_500m
948,30-072,273.7,promien_500m
948,30-074,277.8,promien_500m
948,30-071,313.7,promien_500m
948,30-078,315.9,promien_500m
948,30-080,323.0,promien_500m
948,30-055,349.5,promien_500m
948,30-046,358.0,promien_500m
948,30-075,366.6,promien_500m
948,30-082,393.4,promien_500m
948,30-076,402.9,promien_500m
948,31-045,414.0,promien_500m
948,30-042,423.4,promien_500m
948,30-047,441.3,promien_500m
948,30-050,468.4,promien_500m
948,30-083,474.2,promien_500m
948,30-059,475.7,promien_500m
949,30-006,0.0,promien_500m
949,30-003,44.6,promien_500m
949,30-002,66.8,promien_500m
949,30-009,87.3,promien_500m
949,30-004,127.6,promien_500m
949,30-015,141.7,promien_500m
949,30-018,156.0,promien_500m
949,31-159,179.4,promien_500m
949,31-146,188.8,promien_500m
949,31-145,196.9,promien_500m
949,30-010,211.5,promien_500m
949,31-147,245.7,promien_500m
949,30-019,247.8,promien_500m
949,31-158,279.5,promien_500m
949,31-160,310.3,promien_500m
949,31-148,311.6,promien_500m
949,30-036,323.8,promien_500m
949,31-155,323.8,promien_500m
949,30-001,325.2,promien_500m
949,31-261,329.3,promien_500m
949,30-007,334.0,promien_500m
949,30-011,341.2,promien_500m
949,31-162,393.3,promien_500m
949,31-139,395.8,promien_500m
949,30-033,399.4,promien_500m
949,31-161,409.9,promien_500m
949,31-153,410.3,promien_500m
949,30-035,412.1,promien_500m
949,30-020,421.0,promien_500m
949,31-141,483.0,promien_500m
949,30-034,485.3,promien_500m
949,30-016,489.5,promien_500m
949,30-014,496.1,promien_500m
949,31-140,496.3,promien_500m
950,30-011,0.0,promien_500m
950,30-014,62.0,promien_500m
950,30-012,85.3,promien_500m
950,30-022,87.0,promien_500m
950,30-019,173.0,promien_500m
950,30-075,183.1,promien_500m
950,30-023,205.0,promien_500m
950,30-016,213.7,promien_500m
950,30-017,214.1,promien_500m
950,30-020,279.3,promien_500m
950,30-010,305.7,promien_500m
950,30-021,317.2,promien_500m
950,30-079,325.3,promien_500m
950,30-035,355.0,promien_500m
950,30-043,396.6,promien_500m
950,30-074,398.0,promien_500m
950,30-015,407.0,promien_500m
950,31-302,407.0,promien_500m
950,31-279,439.5,promien_500m
950,30-042,454.6,promien_500m
950,30-009,462.2,promien_500m
950,31-045,466.8,promien_500m
950,31-334,468.8,promien_500m
950,30-006,474.5,promien_500m
950,31-261,483.2,promien_500m
951,31-404,0.0,promien_500m
951,31-045,40.4,promien_500m
951,31-401,41.0,promien_500m
951,31-154,82.1,promien_500m
951,31-155,118.8,promien_500m
951,31-403,187.9,promien_500m
951,30-001,250.2,promien_500m
951,31-510,261.5,promien_500m
951,31-153,348.5,promien_500m
951,31-001,370.9,promien_500m
951,31-345,424.5,promien_500m
951,31-152,462.0,promien_500m
951,31-057,464.7,promien_500m
951,31-148,486.7,promien_500m
952,30-049,0.0,promien_500m
952,31-045,21.0,promien_500m
952,30-047,32.8,promien_500m
952,30-079,62.7,promien_500m
952,30-054,78.0,promien_500m
952,30-048,117.0,promien_500m
952,30-051,132.1,promien_500m
952,30-050,140.7,promien_500m
952,31-987,205.5,promien_500m
952,30-059,207.5,promien_500m
952,30-046,216.8,promien_500m
952,30-045,258.1,promien_500m
952,31-120,271.5,promien_500m
952,30-033,285.4,promien_500m
952,30-057,302.9,promien_500m
952,30-052,315.6,promien_500m
952,31-127,326.0,promien_500m
952,31-126,351.7,promien_500m
952,30-040,375.3,promien_500m
952,30-529,384.4,promien_500m
952,30-039,390.5,promien_500m
952,30-055,393.1,promien_500m
952,31-159,418.8,promien_500m
952,30-074,423.2,promien_500m
952,31-128,444.3,promien_500m
952,30-037,462.9,promien_500m
952,30-078,474.7,promien_500m
952,31-137,489.8,promien_500m
952,31-121,491.1,promien_500m
953,30-049,0.0,promien_500m
953,30-051,6.2,promien_500m
953,30-054,6.2,promien_500m
953,30-050,59.3,promien_500m
953,31-987,59.8,promien_500m
953,30-048,108.3,promien_500m
953,31-045,129.8,promien_500m
953,30-057,158.8,promien_500m
953,30-047,175.0,promien_500m
953,30-059,178.4,promien_500m
953,30-079,213.6,promien_500m
953,30-055,260.4,promien_500m
953,30-052,269.4,promien_500m
953,30-046,303.3,promien_500m
953,30-045,321.1,promien_500m
953,31-120,416.1,promien_500m
953,30-033,430.8,promien_500m
953,30-072,432.2,promien_500m
953,30-040,442.5,promien_500m
953,30-056,457.2,promien_500m
953,31-126,466.4,promien_500m
953,31-127,474.3,promien_500m
953,30-058,484.2,promien_500m
953,30-529,496.3,promien_500m
954,31-987,0.0,promien_500m
954,30-051,0.3,promien_500m
954,30-054,3.8,promien_500m
954,30-057,49.4,promien_500m
954,30-049,89.3,promien_500m
954,30-048,100.1,promien_500m
954,30-052,113.5,promien_500m
954,30-045,213.6,promien_500m
954,30-050,217.7,promien_500m
954,30-079,227.7,promien_500m
954,30-047,251.2,promien_500m
954,31-045,258.2,promien_500m
954,30-055,263.4,promien_500m
954,30-046,267.3,promien_500m
954,30-059,329.9,promien_500m
954,30-056,337.6,promien_500m
954,30-072,341.8,promien_500m
954,30-040,342.3,promien_500m
954,30-058,343.6,promien_500m
954,30-053,377.6,promien_500m
954,30-081,403.4,promien_500m
954,30-074,411.3,promien_500m
954,30-069,451.0,promien_500m
954,30-078,453.9,promien_500m
954,30-033,467.8,promien_500m
954,30-071,479.7,promien_500m
954,30-529,481.0,promien_500m
954,30-039,488.7,promien_500m
955,30-051,0.0,promien_500m
955,30-048,32.7,promien_500m
955,31-987,38.9,promien_500m
955,30-054,53.2,promien_500m
955,30-049,64.6,promien_500m
955,30-057,119.2,promien_500m
955,30-052,145.6,promien_500m
955,30-047,181.7,promien_500m
955,30-050,188.4,promien_500m
955,31-045,194.8,promien_500m
955,30-045,203.5,promien_500m
955,30-046,219.4,promien_500m
955,30-079,255.8,promien_500m
955,30-059,307.3,promien_500m
955,30-055,312.8,promien_500m
955,30-040,327.6,promien_500m
955,30-074,398.4,promien_500m
955,30-033,405.2,promien_500m
955,30-056,407.3,promien_500m
955,30-072,411.5,promien_500m
955,30-058,412.3,promien_500m
955,30-529,427.2,promien_500m
955,30-081,429.9,promien_500m
955,30-053,437.5,promien_500m
955,30-039,438.2,promien_500m
955,30-078,452.3,promien_500m
955,31-120,454.0,promien_500m
955,30-042,482.4,promien_500m
956,30-047,0.0,promien_500m
956,30-049,6.1,promien_500m
956,30-079,82.6,promien_500m
956,31-045,83.5,promien_500m
956,30-048,95.6,promien_500m
956,30-051,128.4,promien_500m
956,30-054,140.9,promien_500m
956,30-046,153.9,promien_500m
956,30-050,195.8,promien_500m
956,30-045,202.1,promien_500m
956,31-987,223.5,promien_500m
956,30-033,241.0,promien_500m
956,31-120,263.3,promien_500m
956,30-059,270.4,promien_500m
956,30-052,278.8,promien_500m
956,30-057,309.8,promien_500m
956,30-040,312.8,promien_500m
956,31-127,323.1,promien_500m
956,30-529,323.5,promien_500m
956,30-039,336.9,promien_500m
956,30-074,360.6,promien_500m
956,31-159,379.6,promien_500m
956,31-126,380.6,promien_500m
956,31-128,413.1,promien_500m
956,30-078,414.5,promien_500m
956,30-037,416.4,promien_500m
956,30-055,443.4,promien_500m
956,30-042,447.4,promien_500m
956,30-034,459.8,promien_500m
956,31-137,460.0,promien_500m
956,30-038,464.4,promien_500m
956,31-138,473.1,promien_500m
956,30-043,475.2,promien_500m
956,30-035,480.2,promien_500m
957,30-047,0.0,promien_500m
957,30-079,14.3,promien_500m
957,30-049,28.8,promien_500m
957,31-045,67.9,promien_500m
957,30-054,114.2,promien_500m
957,30-048,139.7,promien_500m
957,30-051,186.0,promien_500m
957,30-050,188.5,promien_500m
957,30-046,200.1,promien_500m
957,31-120,210.2,promien_500m
957,30-045,218.4,promien_500m
957,30-033,232.1,promien_500m
957,30-059,237.0,promien_500m
957,31-127,264.8,promien_500m
957,31-987,268.0,promien_500m
957,31-126,309.2,promien_500m
957,30-039,344.9,promien_500m
957,30-040,349.6,promien_500m
957,30-052,350.2,promien_500m
957,30-529,353.1,promien_500m
957,31-159,360.8,promien_500m
957,30-057,365.4,promien_500m
957,31-128,382.7,promien_500m
957,30-074,398.8,promien_500m
957,30-037,409.3,promien_500m
957,31-137,428.0,promien_500m
957,30-078,439.9,promien_500m
957,30-055,449.1,promien_500m
957,31-121,456.4,promien_500m
957,30-038,465.1,promien_500m
957,31-138,473.5,promien_500m
957,30-034,480.4,promien_500m
957,31-130,493.3,promien_500m
957,31-124,495.2,promien_500m
957,30-042,496.3,promien_500m
958,30-047,0.0,promien_500m
958,30-046,101.7,promien_500m
958,30-048,105.0,promien_500m
958,31-120,105.6,promien_500m
958,30-033,109.0,promien_500m
958,30-079,116.4,promien_500m
958,30-045,131.9,promien_500m
958,30-049,142.3,promien_500m
958,31-127,181.9,promien_500m
958,31-045,198.7,promien_500m
958,30-054,216.7,promien_500m
958,31-159,230.1,promien_500m
958,30-039,231.5,promien_500m
958,31-128,254.4,promien_500m
958,30-529,268.9,promien_500m
958,30-040,269.6,promien_500m
958,31-126,279.7,promien_500m
958,30-037,281.9,promien_500m
958,30-051,289.0,promien_500m
958,30-059,299.1,promien_500m
958,31-137,300.6,promien_500m
958,30-050,315.7,promien_500m
958,30-074,324.9,promien_500m
958,30-038,341.9,promien_500m
958,30-078,344.1,promien_500m
958,31-138,344.4,promien_500m
958,31-130,368.8,promien_500m
958,30-034,371.6,promien_500m
958,31-987,384.6,promien_500m
958,30-052,403.6,promien_500m
958,30-035,417.2,promien_500m
958,31-136,423.8,promien_500m
958,31-121,427.6,promien_500m
958,30-043,432.7,promien_500m
958,30-042,439.3,promien_500m
958,31-135,443.3,promien_500m
958,31-124,453.0,promien_500m
958,31-131,456.5,promien_500m
958,31-140,464.6,promien_500m
958,30-057,468.4,promien_500m
959,30-057,0.0,promien_500m
959,30-052,57.4,promien_500m
959,30-079,68.4,promien_500m
959,30-054,73.8,promien_500m
959,31-987,73.8,promien_500m
959,30-049,123.0,promien_500m
959,30-051,163.2,promien_500m
959,30-058,177.8,promien_500m
959,30-045,188.6,promien_500m
959,30-056,190.4,promien_500m
959,30-072,200.6,promien_500m
959,30-053,216.4,promien_500m
959,30-048,222.1,promien_500m
959,30-055,231.3,promien_500m
959,30-069,293.6,promien_500m
959,30-071,313.6,promien_500m
959,30-040,318.1,promien_500m
959,30-081,325.9,promien_500m
959,30-059,353.3,promien_500m
959,30-050,366.5,promien_500m
959,30-080,372.6,promien_500m
959,30-046,374.9,promien_500m
959,30-074,404.0,promien_500m
959,30-047,415.8,promien_500m
959,31-045,427.0,promien_500m
959,30-078,432.7,promien_500m
959,30-075,488.5,promien_500m
959,30-083,490.2,promien_500m
960,30-052,0.0,promien_500m
960,30-054,22.6,promien_500m
960,30-045,41.2,promien_500m
960,30-051,47.0,promien_500m
960,31-987,66.0,promien_500m
960,30-048,66.7,promien_500m
960,30-057,109.7,promien_500m
960,30-040,168.0,promien_500m
960,30-079,169.2,promien_500m
960,30-049,213.3,promien_500m
960,30-046,219.7,promien_500m
960,30-081,230.6,promien_500m
960,30-074,259.2,promien_500m
960,30-078,285.1,promien_500m
960,30-053,286.3,promien_500m
960,30-047,301.6,promien_500m
960,30-058,311.0,promien_500m
960,30-069,339.2,promien_500m
960,30-056,348.4,promien_500m
960,30-075,361.6,promien_500m
960,30-042,362.9,promien_500m
960,30-072,372.6,promien_500m
960,31-045,378.4,promien_500m
960,30-050,385.4,promien_500m
960,30-055,399.2,promien_500m
960,30-039,413.0,promien_500m
960,30-529,420.9,promien_500m
960,30-033,448.8,promien_500m
960,30-071,449.2,promien_500m
960,30-043,449.3,promien_500m
960,30-080,465.1,promien_500m
960,30-076,493.5,promien_500m
961,30-051,0.0,promien_500m
961,30-052,1.1,promien_500m
961,30-048,8.5,promien_500m
961,30-045,42.2,promien_500m
961,30-054,48.2,promien_500m
961,31-987,101.5,promien_500m
961,30-046,147.2,promien_500m
961,30-049,149.5,promien_500m
961,30-040,159.3,promien_500m
961,30-057,169.0,promien_500m
961,30-079,201.3,promien_500m
961,30-074,218.3,promien_500m
961,30-047,239.8,promien_500m
961,30-081,257.3,promien_500m
961,30-078,264.1,promien_500m
961,30-042,329.7,promien_500m
961,31-045,342.0,promien_500m
961,30-039,342.8,promien_500m
961,30-529,349.6,promien_500m
961,30-053,355.8,promien_500m
961,30-075,361.6,promien_500m
961,30-050,375.6,promien_500m
961,30-033,376.5,promien_500m
961,30-058,383.6,promien_500m
961,30-043,388.3,promien_500m
961,30-069,403.9,promien_500m
961,30-056,419.8,promien_500m
961,30-072,440.6,promien_500m
961,30-055,445.1,promien_500m
961,30-035,448.4,promien_500m
961,30-034,481.8,promien_500m
961,31-120,487.5,promien_500m
961,30-059,495.1,promien_500m
962,30-046,0.0,promien_500m
962,30-048,0.8,promien_500m
962,30-049,1.7,promien_500m
962,30-045,72.3,promien_500m
962,30-047,75.0,promien_500m
962,30-051,139.7,promien_500m
962,30-040,151.0,promien_500m
962,30-052,178.4,promien_500m
962,30-033,203.8,promien_500m
962,30-529,206.6,promien_500m
962,30-054,209.7,promien_500m
962,30-039,217.1,promien_500m
962,30-074,219.2,promien_500m
962,31-987,219.5,promien_500m
962,30-079,247.5,promien_500m
962,31-045,252.8,promien_500m
962,30-078,274.8,promien_500m
962,30-042,283.1,promien_500m
962,31-120,307.0,promien_500m
962,30-057,314.4,promien_500m
962,30-043,320.1,promien_500m
962,30-050,341.1,promien_500m
962,30-035,348.8,promien_500m
962,30-034,348.9,promien_500m
962,31-159,371.5,promien_500m
962,30-037,373.6,promien_500m
962,30-038,392.1,promien_500m
962,31-138,407.8,promien_500m
962,30-081,409.6,promien_500m
962,31-128,413.7,promien_500m
962,31-127,419.1,promien_500m
962,30-059,436.6,promien_500m
962,30-075,457.3,promien_500m
962,31-137,471.3,promien_500m
963,30-046,0.0,promien_500m
963,30-048,3.7,promien_500m
963,30-045,7.6,promien_500m
963,30-047,22.5,promien_500m
963,30-033,50.7,promien_500m
963,30-039,131.9,promien_500m
963,30-049,133.3,promien_500m
963,31-120,140.3,promien_500m
963,30-529,142.1,promien_500m
963,30-040,142.7,promien_500m
963,30-074,197.4,promien_500m
963,31-159,203.6,promien_500m
963,30-037,219.7,promien_500m
963,30-079,220.3,promien_500m
963,30-078,223.0,promien_500m
963,31-128,245.2,promien_500m
963,30-038,260.7,promien_500m
963,30-034,262.0,promien_500m
963,31-138,269.6,promien_500m
963,31-127,273.7,promien_500m
963,31-045,276.1,promien_500m
963,30-035,294.6,promien_500m
963,30-051,304.5,promien_500m
963,31-137,304.6,promien_500m
963,30-043,306.2,promien_500m
963,30-042,312.5,promien_500m
963,30-054,327.3,promien_500m
963,30-052,347.7,promien_500m
963,31-126,349.5,promien_500m
963,31-130,376.7,promien_500m
963,31-987,379.9,promien_500m
963,31-140,380.3,promien_500m
963,30-050,399.8,promien_500m
963,31-136,420.5,promien_500m
963,30-007,423.4,promien_500m
963,30-059,426.3,promien_500m
963,30-057,466.7,promien_500m
963,31-135,488.8,promien_500m
964,30-079,0.0,promien_500m
964,30-081,0.4,promien_500m
964,30-057,52.6,promien_500m
964,30-052,53.0,promien_500m
964,30-040,72.0,promien_500m
964,30-045,82.8,promien_500m
964,30-074,91.9,promien_500m
964,30-053,137.2,promien_500m
964,30-078,153.3,promien_500m
964,30-075,179.8,promien_500m
964,30-069,200.4,promien_500m
964,30-048,211.6,promien_500m
964,30-076,243.6,promien_500m
964,30-051,244.7,promien_500m
964,30-082,272.0,promien_500m
964,30-054,275.5,promien_500m
964,30-042,290.7,promien_500m
964,30-058,296.9,promien_500m
964,31-987,301.8,promien_500m
964,31-045,315.9,promien_500m
964,30-080,350.6,promien_500m
964,30-012,350.9,promien_500m
964,30-017,351.4,promien_500m
964,30-056,384.1,promien_500m
964,30-043,384.8,promien_500m
964,30-046,385.4,promien_500m
964,30-019,390.9,promien_500m
964,30-071,413.9,promien_500m
964,30-049,417.4,promien_500m
964,30-023,423.3,promien_500m
964,30-077,429.3,promien_500m
964,30-035,430.2,promien_500m
964,30-148,442.1,promien_500m
964,30-072,444.1,promien_500m
964,30-021,488.3,promien_500m
965,30-046,0.0,promien_500m
965,30-045,10.4,promien_500m
965,30-040,33.0,promien_500m
965,30-048,76.9,promien_500m
965,30-049,100.6,promien_500m
965,30-074,120.9,promien_500m
965,30-039,126.6,promien_500m
965,30-529,133.4,promien_500m
965,30-042,164.0,promien_500m
965,30-078,166.2,promien_500m
965,30-047,179.6,promien_500m
965,30-051,181.1,promien_500m
965,30-033,190.6,promien_500m
965,30-043,202.7,promien_500m
965,30-052,215.7,promien_500m
965,30-035,242.6,promien_500m
965,30-054,261.0,promien_500m
965,30-034,265.3,promien_500m
965,31-987,294.1,promien_500m
965,31-120,328.5,promien_500m
965,30-038,328.9,promien_500m
965,30-079,337.9,promien_500m
965,30-037,342.5,promien_500m
965,31-138,357.3,promien_500m
965,31-159,368.0,promien_500m
965,31-045,369.6,promien_500m
965,30-075,370.8,promien_500m
965,30-057,373.0,promien_500m
965,30-081,375.6,promien_500m
965,30-021,400.7,promien_500m
965,31-128,410.5,promien_500m
965,30-019,426.6,promien_500m
965,31-140,438.0,promien_500m
965,31-137,458.0,promien_500m
965,30-023,458.2,promien_500m
965,30-050,460.2,promien_500m
965,31-127,460.8,promien_500m
965,30-007,461.8,promien_500m
966,30-059,0.0,promien_500m
966,30-054,132.8,promien_500m
966,30-047,140.0,promien_500m
966,31-120,162.9,promien_500m
966,30-060,169.7,promien_500m
966,30-049,198.5,promien_500m
966,30-050,215.0,promien_500m
966,31-121,222.2,promien_500m
966,31-126,269.5,promien_500m
966,31-123,301.3,promien_500m
966,31-045,318.5,promien_500m
966,30-062,336.6,promien_500m
966,30-063,342.0,promien_500m
966,30-079,355.2,promien_500m
966,31-127,405.6,promien_500m
966,30-051,409.4,promien_500m
966,30-055,412.6,promien_500m
966,31-117,417.6,promien_500m
966,31-124,418.7,promien_500m
966,31-987,456.7,promien_500m
966,30-048,466.1,promien_500m
966,31-115,478.2,promien_500m
966,31-724,488.8,promien_500m
967,31-401,0.0,promien_500m
967,31-404,11.9,promien_500m
967,31-403,95.6,promien_500m
967,31-155,107.2,promien_500m
967,31-045,146.8,promien_500m
967,31-154,186.4,promien_500m
967,30-001,192.9,promien_500m
967,31-510,326.0,promien_500m
967,31-345,326.8,promien_500m
967,31-516,374.4,promien_500m
967,31-425,466.7,promien_500m
967,31-153,466.8,promien_500m
968,30-047,0.0,promien_500m
968,30-049,37.6,promien_500m
968,31-120,82.0,promien_500m
968,30-054,82.7,promien_500m
968,30-059,113.5,promien_500m
968,30-079,129.5,promien_500m
968,31-126,140.0,promien_500m
968,31-127,174.6,promien_500m
968,31-045,185.6,promien_500m
968,30-050,236.9,promien_500m
968,30-048,281.4,promien_500m
968,30-033,283.7,promien_500m
968,31-121,290.3,promien_500m
968,30-046,292.9,promien_500m
968,30-045,324.9,promien_500m
968,31-124,334.0,promien_500m
968,30-051,338.8,promien_500m
968,31-128,345.8,promien_500m
968,31-159,373.4,promien_500m
968,31-987,395.3,promien_500m
968,31-137,397.6,promien_500m
968,31-123,401.8,promien_500m
968,30-039,417.3,promien_500m
968,30-060,423.3,promien_500m
968,30-037,434.3,promien_500m
968,31-130,440.6,promien_500m
968,31-135,457.2,promien_500m
968,31-131,457.5,promien_500m
968,30-529,462.7,promien_500m
968,30-040,463.4,promien_500m
968,31-724,464.4,promien_500m
968,31-138,467.3,promien_500m
968,31-115,490.7,promien_500m
968,30-057,494.4,promien_500m
969,30-049,0.0,promien_500m
969,31-045,3.6,promien_500m
969,30-054,14.4,promien_500m
969,30-047,35.6,promien_500m
969,30-079,81.4,promien_500m
969,30-050,87.9,promien_500m
969,30-059,141.4,promien_500m
969,30-051,152.9,promien_500m
969,30-048,170.3,promien_500m
969,31-987,209.4,promien_500m
969,31-120,266.4,promien_500m
969,30-046,283.8,promien_500m
969,30-057,308.5,promien_500m
969,30-045,316.5,promien_500m
969,31-126,319.3,promien_500m
969,31-127,330.5,promien_500m
969,30-033,332.4,promien_500m
969,30-055,353.5,promien_500m
969,30-052,370.8,promien_500m
969,30-040,440.9,promien_500m
969,31-121,441.7,promien_500m
969,30-039,445.1,promien_500m
969,30-529,447.5,promien_500m
969,31-159,458.0,promien_500m
969,31-128,471.0,promien_500m
969,30-060,488.5,promien_500m
969,30-074,488.7,promien_500m
970,30-047,0.0,promien_500m
970,30-079,55.7,promien_500m
970,30-049,76.1,promien_500m
970,30-048,107.7,promien_500m
970,31-045,131.1,promien_500m
970,30-046,148.2,promien_500m
970,31-120,162.0,promien_500m
970,30-054,162.4,promien_500m
970,30-045,166.5,promien_500m
970,30-033,169.9,promien_500m
970,31-127,222.6,promien_500m
970,30-051,229.5,promien_500m
970,30-050,250.6,promien_500m
970,30-039,286.0,promien_500m
970,30-059,287.4,promien_500m
970,31-159,297.5,promien_500m
970,30-040,303.6,promien_500m
970,31-126,303.7,promien_500m
970,30-529,304.9,promien_500m
970,31-128,321.5,promien_500m
970,31-987,321.9,promien_500m
970,30-037,346.5,promien_500m
970,30-074,355.3,promien_500m
970,30-052,367.0,promien_500m
970,31-137,367.2,promien_500m
970,30-078,388.0,promien_500m
970,30-038,403.5,promien_500m
970,30-057,411.2,promien_500m
970,31-138,411.7,promien_500m
970,30-034,424.7,promien_500m
970,31-130,434.3,promien_500m
970,31-121,442.4,promien_500m
970,30-035,459.4,promien_500m
970,30-042,461.4,promien_500m
970,30-043,467.9,promien_500m
970,31-124,475.1,promien_500m
970,31-136,490.3,promien_500m
971,30-057,0.0,promien_500m
971,30-049,45.8,promien_500m
971,31-987,80.5,promien_500m
971,30-054,93.4,promien_500m
971,30-079,99.9,promien_500m
971,30-055,117.8,promien_500m
971,30-051,160.6,promien_500m
971,30-052,178.9,promien_500m
971,30-072,196.4,promien_500m
971,30-056,216.5,promien_500m
971,30-059,225.5,promien_500m
971,30-050,247.4,promien_500m
971,30-048,254.5,promien_500m
971,30-058,256.8,promien_500m
971,30-045,319.6,promien_500m
971,30-053,349.7,promien_500m
971,31-045,372.3,promien_500m
971,30-071,386.9,promien_500m
971,30-047,390.4,promien_500m
971,30-069,424.8,promien_500m
971,30-046,426.7,promien_500m
971,30-040,450.3,promien_500m
971,30-081,474.2,promien_500m
971,30-080,480.4,promien_500m
972,30-048,0.0,promien_500m
972,30-051,38.3,promien_500m
972,30-049,47.1,promien_500m
972,30-045,91.2,promien_500m
972,30-052,101.7,promien_500m
972,30-046,103.3,promien_500m
972,30-054,106.1,promien_500m
972,31-987,111.3,promien_500m
972,30-047,137.4,promien_500m
972,30-057,203.2,promien_500m
972,30-040,212.6,promien_500m
972,31-045,230.5,promien_500m
972,30-079,259.9,promien_500m
972,30-050,283.2,promien_500m
972,30-074,290.8,promien_500m
972,30-033,312.3,promien_500m
972,30-529,317.0,promien_500m
972,30-039,324.3,promien_500m
972,30-078,355.0,promien_500m
972,30-042,362.8,promien_500m
972,30-081,370.8,promien_500m
972,30-059,396.8,promien_500m
972,31-120,399.8,promien_500m
972,30-043,406.9,promien_500m
972,30-055,426.3,promien_500m
972,30-053,448.8,promien_500m
972,30-035,448.9,promien_500m
972,30-058,455.5,promien_500m
972,30-034,458.1,promien_500m
972,30-075,461.9,promien_500m
972,31-159,474.0,promien_500m
972,30-056,477.8,promien_500m
972,30-037,482.9,promien_500m
972,30-072,484.2,promien_500m
972,31-127,484.3,promien_500m
973,30-047,0.0,promien_500m
973,30-046,19.3,promien_500m
973,30-048,22.2,promien_500m
973,30-045,51.0,promien_500m
973,30-033,53.1,promien_500m
973,31-120,114.1,promien_500m
973,30-049,142.7,promien_500m
973,30-039,155.9,promien_500m
973,30-529,185.1,promien_500m
973,30-040,185.9,promien_500m
973,30-079,185.9,promien_500m
973,31-159,194.7,promien_500m
973,30-037,226.8,promien_500m
973,31-128,233.4,promien_500m
973,31-127,238.4,promien_500m
973,30-074,241.8,promien_500m
973,31-045,251.9,promien_500m
973,30-078,261.3,promien_500m
973,30-038,277.4,promien_500m
973,31-138,286.0,promien_500m
973,31-137,288.0,promien_500m
973,30-054,291.9,promien_500m
973,30-034,294.4,promien_500m
973,30-051,305.0,promien_500m
973,31-126,313.6,promien_500m
973,30-035,334.1,promien_500m
973,30-043,348.9,promien_500m
973,30-042,357.7,promien_500m
973,31-130,359.4,promien_500m
973,30-052,371.9,promien_500m
973,30-050,377.3,promien_500m
973,30-059,381.6,promien_500m
973,31-987,391.0,promien_500m
973,31-140,399.6,promien_500m
973,31-136,408.5,promien_500m
973,30-007,445.8,promien_500m
973,31-135,460.9,promien_500m
973,30-057,473.0,promien_500m
973,31-131,476.4,promien_500m
973,31-121,497.6,promien_500m
974,30-052,0.0,promien_500m
974,30-079,16.2,promien_500m
974,30-057,46.9,promien_500m
974,30-053,81.1,promien_500m
974,30-058,115.6,promien_500m
974,30-069,152.6,promien_500m
974,30-045,175.7,promien_500m
974,30-056,176.2,promien_500m
974,31-987,180.4,promien_500m
974,30-054,190.3,promien_500m
974,30-081,194.0,promien_500m
974,30-049,228.1,promien_500m
974,30-072,230.8,promien_500m
974,30-040,240.2,promien_500m
974,30-071,245.8,promien_500m
974,30-051,253.3,promien_500m
974,30-080,255.6,promien_500m
974,30-048,260.8,promien_500m
974,30-074,295.0,promien_500m
974,30-055,328.7,promien_500m
974,30-078,337.7,promien_500m
974,30-082,354.9,promien_500m
974,31-045,370.1,promien_500m
974,30-076,382.0,promien_500m
974,30-075,386.0,promien_500m
974,30-083,404.5,promien_500m
974,30-046,427.6,promien_500m
974,30-059,460.0,promien_500m
974,30-084,467.1,promien_500m
974,30-042,473.2,promien_500m
974,30-077,497.3,promien_500m
974,30-148,498.0,promien_500m
975,30-079,0.0,promien_500m
975,30-081,18.4,promien_500m
975,30-057,36.0,promien_500m
975,30-052,45.4,promien_500m
975,30-040,61.4,promien_500m
975,30-045,68.2,promien_500m
975,30-074,102.2,promien_500m
975,30-053,147.8,promien_500m
975,30-078,164.1,promien_500m
975,30-048,193.2,promien_500m
975,30-075,197.9,promien_500m
975,30-069,204.3,promien_500m
975,30-051,222.9,promien_500m
975,30-054,252.8,promien_500m
975,30-076,265.7,promien_500m
975,31-987,280.1,promien_500m
975,30-042,290.1,promien_500m
975,30-058,291.0,promien_500m
975,30-082,292.2,promien_500m
975,31-045,333.5,promien_500m
975,30-080,356.9,promien_500m
975,30-012,364.5,promien_500m
975,30-017,367.8,promien_500m
975,30-046,368.1,promien_500m
975,30-056,374.4,promien_500m
975,30-049,397.1,promien_500m
975,30-019,399.1,promien_500m
975,30-043,401.1,promien_500m
975,30-071,411.1,promien_500m
975,30-023,430.0,promien_500m
975,30-072,432.4,promien_500m
975,30-035,433.2,promien_500m
975,30-077,450.1,promien_500m
975,30-148,461.2,promien_500m
975,30-021,489.5,promien_500m
976,30-045,0.0,promien_500m
976,30-039,25.2,promien_500m
976,30-529,25.3,promien_500m
976,30-040,30.4,promien_500m
976,30-033,60.8,promien_500m
976,30-046,76.8,promien_500m
976,30-078,79.6,promien_500m
976,30-074,80.1,promien_500m
976,30-034,124.2,promien_500m
976,30-048,142.4,promien_500m
976,30-035,150.8,promien_500m
976,30-038,162.5,promien_500m
976,30-047,162.7,promien_500m
976,30-043,167.9,promien_500m
976,30-037,171.8,promien_500m
976,31-138,185.9,promien_500m
976,30-042,196.9,promien_500m
976,31-120,198.0,promien_500m
976,31-159,216.9,promien_500m
976,30-049,226.7,promien_500m
976,31-045,235.7,promien_500m
976,31-128,256.5,promien_500m
976,31-140,275.6,promien_500m
976,31-137,293.0,promien_500m
976,30-007,308.1,promien_500m
976,31-127,323.5,promien_500m
976,30-051,347.4,promien_500m
976,30-079,364.0,promien_500m
976,30-036,378.6,promien_500m
976,30-052,383.6,promien_500m
976,31-130,386.9,promien_500m
976,30-015,394.2,promien_500m
976,30-019,403.9,promien_500m
976,31-136,409.5,promien_500m
976,31-139,413.2,promien_500m
976,30-054,423.4,promien_500m
976,31-126,425.4,promien_500m
976,30-021,426.9,promien_500m
976,31-987,445.9,promien_500m
976,30-075,478.7,promien_500m
976,31-261,495.9,promien_500m
977,31-403,0.0,promien_500m
977,31-401,47.6,promien_500m
977,31-516,136.7,promien_500m
977,31-345,192.9,promien_500m
977,31-425,226.8,promien_500m
977,31-404,271.0,promien_500m
977,31-155,286.8,promien_500m
977,30-001,308.9,promien_500m
977,31-215,360.7,promien_500m
977,31-045,368.9,promien_500m
977,31-482,411.3,promien_500m
977,31-154,433.1,promien_500m
977,31-510,468.1,promien_500m
977,31-572,471.8,promien_500m
978,31-403,0.0,promien_500m
978,30-001,93.4,promien_500m
978,31-516,138.8,promien_500m
978,31-401,156.7,promien_500m
978,31-155,236.0,promien_500m
978,31-404,268.0,promien_500m
978,31-202,349.4,promien_500m
978,30-002,355.3,promien_500m
978,31-215,359.3,promien_500m
978,31-425,368.6,promien_500m
978,31-154,403.9,promien_500m
978,31-345,430.7,promien_500m
978,31-045,468.3,promien_500m
979,30-074,0.0,promien_500m
979,30-040,28.4,promien_500m
979,30-078,29.0,promien_500m
979,30-052,50.8,promien_500m
979,30-075,69.3,promien_500m
979,30-042,76.6,promien_500m
979,30-045,130.7,promien_500m
979,30-081,137.6,promien_500m
979,30-079,156.9,promien_500m
979,30-048,163.0,promien_500m
979,30-043,199.0,promien_500m
979,30-019,218.2,promien_500m
979,30-057,221.5,promien_500m
979,30-035,224.8,promien_500m
979,30-012,235.1,promien_500m
979,30-023,237.7,promien_500m
979,30-051,260.8,promien_500m
979,30-017,264.7,promien_500m
979,30-046,273.4,promien_500m
979,30-021,277.0,promien_500m
979,30-053,292.0,promien_500m
979,30-076,298.6,promien_500m
979,30-054,333.4,promien_500m
979,30-049,354.8,promien_500m
979,30-039,365.1,promien_500m
979,31-987,383.2,promien_500m
979,30-529,388.5,promien_500m
979,30-069,415.1,promien_500m
979,30-034,429.0,promien_500m
979,30-082,430.0,promien_500m
979,30-022,434.8,promien_500m
979,30-014,451.7,promien_500m
979,30-047,463.3,promien_500m
979,30-033,483.7,promien_500m
979,31-045,493.4,promien_500m
980,30-040,0.0,promien_500m
980,30-074,34.3,promien_500m
980,30-045,46.6,promien_500m
980,30-048,62.6,promien_500m
980,30-078,64.1,promien_500m
980,30-052,94.3,promien_500m
980,30-042,124.2,promien_500m
980,30-079,160.5,promien_500m
980,30-051,170.9,promien_500m
980,30-046,174.1,promien_500m
980,30-075,177.1,promien_500m
980,30-081,187.2,promien_500m
980,30-057,212.4,promien_500m
980,30-043,245.9,promien_500m
980,30-049,246.3,promien_500m
980,30-054,248.3,promien_500m
980,30-035,286.2,promien_500m
980,30-039,286.2,promien_500m
980,31-987,302.5,promien_500m
980,30-529,306.6,promien_500m
980,30-019,310.1,promien_500m
980,30-023,320.2,promien_500m
980,30-021,320.7,promien_500m
980,30-012,341.5,promien_500m
980,30-053,353.3,promien_500m
980,30-047,355.1,promien_500m
980,30-017,371.9,promien_500m
980,30-034,386.2,promien_500m
980,30-033,393.0,promien_500m
980,30-076,394.6,promien_500m
980,30-069,429.3,promien_500m
980,30-058,487.6,promien_500m
980,30-038,487.9,promien_500m
980,30-082,495.4,promien_500m
981,30-074,0.0,promien_500m
981,30-040,38.2,promien_500m
981,30-042,45.8,promien_500m
981,30-078,67.7,promien_500m
981,30-045,120.5,promien_500m
981,30-048,151.1,promien_500m
981,30-052,159.6,promien_500m
981,30-043,161.2,promien_500m
981,30-075,162.2,promien_500m
981,30-046,171.0,promien_500m
981,30-035,207.3,promien_500m
981,30-021,230.6,promien_500m
981,30-039,242.7,promien_500m
981,30-019,246.0,promien_500m
981,30-079,246.6,promien_500m
981,30-051,253.1,promien_500m
981,30-023,255.8,promien_500m
981,30-081,257.3,promien_500m
981,30-529,267.1,promien_500m
981,30-049,284.4,promien_500m
981,30-012,300.9,promien_500m
981,30-057,303.6,promien_500m
981,30-034,306.7,promien_500m
981,30-054,335.3,promien_500m
981,30-017,347.2,promien_500m
981,30-033,366.9,promien_500m
981,30-047,383.6,promien_500m
981,31-987,391.3,promien_500m
981,30-053,414.7,promien_500m
981,30-076,421.0,promien_500m
981,30-038,422.3,promien_500m
981,31-045,439.9,promien_500m
981,30-014,445.5,promien_500m
981,30-020,445.7,promien_500m
981,30-022,463.2,promien_500m
981,30-037,470.0,promien_500m
981,31-138,475.9,promien_500m
982,30-052,0.0,promien_500m
982,30-078,41.0,promien_500m
982,30-074,41.4,promien_500m
982,30-040,45.8,promien_500m
982,30-081,51.2,promien_500m
982,30-079,74.1,promien_500m
982,30-045,83.7,promien_500m
982,30-075,86.3,promien_500m
982,30-057,140.4,promien_500m
982,30-042,168.4,promien_500m
982,30-048,169.9,promien_500m
982,30-053,208.9,promien_500m
982,30-051,237.4,promien_500m
982,30-076,255.0,promien_500m
982,30-012,265.4,promien_500m
982,30-019,281.7,promien_500m
982,30-017,284.0,promien_500m
982,30-043,289.3,promien_500m
982,30-054,300.3,promien_500m
982,30-023,309.8,promien_500m
982,30-035,309.9,promien_500m
982,30-046,317.2,promien_500m
982,30-069,322.6,promien_500m
982,31-987,342.9,promien_500m
982,30-082,350.3,promien_500m
982,30-021,366.5,promien_500m
982,30-049,374.6,promien_500m
982,31-045,409.0,promien_500m
982,30-058,414.0,promien_500m
982,30-039,431.8,promien_500m
982,30-529,453.1,promien_500m
982,30-080,471.0,promien_500m
982,30-047,484.7,promien_500m
982,30-077,487.3,promien_500m
982,30-022,491.2,promien_500m
982,30-056,494.2,promien_500m
983,30-074,0.0,promien_500m
983,30-078,0.1,promien_500m
983,30-052,16.7,promien_500m
983,30-075,28.4,promien_500m
983,30-040,60.9,promien_500m
983,30-081,101.3,promien_500m
983,30-042,111.3,promien_500m
983,30-079,140.9,promien_500m
983,30-045,145.9,promien_500m
983,30-048,202.3,promien_500m
983,30-012,203.2,promien_500m
983,30-019,209.8,promien_500m
983,30-057,212.5,promien_500m
983,30-043,225.1,promien_500m
983,30-017,230.2,promien_500m
983,30-023,237.6,promien_500m
983,30-035,240.9,promien_500m
983,30-076,245.5,promien_500m
983,30-053,246.8,promien_500m
983,30-051,288.2,promien_500m
983,30-021,300.5,promien_500m
983,30-046,325.3,promien_500m
983,30-054,357.4,promien_500m
983,30-082,381.7,promien_500m
983,30-069,386.9,promien_500m
983,30-049,400.0,promien_500m
983,31-987,403.4,promien_500m
983,30-039,418.3,promien_500m
983,30-022,421.3,promien_500m
983,30-529,441.7,promien_500m
983,30-014,443.9,promien_500m
983,31-045,447.5,promien_500m
983,30-034,477.8,promien_500m
983,30-058,484.6,promien_500m
984,30-040,0.0,promien_500m
984,30-074,10.6,promien_500m
984,30-078,21.8,promien_500m
984,30-042,56.6,promien_500m
984,30-052,108.5,promien_500m
984,30-045,113.4,promien_500m
984,30-048,130.0,promien_500m
984,30-075,137.1,promien_500m
984,30-043,178.8,promien_500m
984,30-079,199.3,promien_500m
984,30-046,200.5,promien_500m
984,30-081,206.2,promien_500m
984,30-035,218.5,promien_500m
984,30-051,237.9,promien_500m
984,30-019,247.1,promien_500m
984,30-023,254.2,promien_500m
984,30-021,254.7,promien_500m
984,30-057,258.1,promien_500m
984,30-012,285.5,promien_500m
984,30-039,287.4,promien_500m
984,30-049,296.7,promien_500m
984,30-529,310.8,promien_500m
984,30-054,316.1,promien_500m
984,30-017,321.2,promien_500m
984,30-034,357.8,promien_500m
984,30-053,363.7,promien_500m
984,31-987,370.2,promien_500m
984,30-076,376.0,promien_500m
984,30-047,401.8,promien_500m
984,30-033,408.0,promien_500m
984,30-014,460.8,promien_500m
984,30-022,460.9,promien_500m
984,30-069,467.5,promien_500m
984,30-038,473.3,promien_500m
984,30-020,481.4,promien_500m
984,31-045,490.9,promien_500m
985,30-074,0.0,promien_500m
985,30-040,40.2,promien_500m
985,30-042,42.9,promien_500m
985,30-043,111.7,promien_500m
985,30-045,115.1,promien_500m
985,30-046,133.2,promien_500m
985,30-078,133.5,promien_500m
985,30-048,177.5,promien_500m
985,30-039,177.6,promien_500m
985,30-035,196.5,promien_500m
985,30-529,205.3,promien_500m
985,30-075,218.7,promien_500m
985,30-052,223.3,promien_500m
985,30-021,232.6,promien_500m
985,30-034,244.8,promien_500m
985,30-049,263.2,promien_500m
985,30-051,268.7,promien_500m
985,30-019,273.7,promien_500m
985,30-023,286.8,promien_500m
985,30-079,302.4,promien_500m
985,30-033,309.3,promien_500m
985,30-081,321.5,promien_500m
985,30-012,345.1,promien_500m
985,30-054,350.7,promien_500m
985,30-047,351.6,promien_500m
985,30-057,355.9,promien_500m
985,30-038,358.5,promien_500m
985,31-045,376.2,promien_500m
985,30-017,393.8,promien_500m
985,31-987,402.1,promien_500m
985,30-037,404.4,promien_500m
985,31-138,410.2,promien_500m
985,30-020,421.4,promien_500m
985,31-140,443.5,promien_500m
985,30-036,444.8,promien_500m
985,30-014,445.1,promien_500m
985,30-007,454.9,promien_500m
985,31-120,454.9,promien_500m
985,31-159,457.7,promien_500m
985,30-053,479.1,promien_500m
985,30-015,482.9,promien_500m
985,30-076,485.6,promien_500m
985,30-022,490.7,promien_500m
986,30-078,0.0,promien_500m
986,30-074,0.3,promien_500m
986,30-039,30.9,promien_500m
986,30-040,39.1,promien_500m
986,30-043,44.4,promien_500m
986,30-035,66.4,promien_500m
986,30-042,68.9,promien_500m
986,30-529,95.4,promien_500m
986,30-034,110.0,promien_500m
986,30-045,111.4,promien_500m
986,30-046,155.6,promien_500m
986,30-033,167.2,promien_500m
986,30-038,209.8,promien_500m
986,31-045,232.0,promien_500m
986,30-048,253.3,promien_500m
986,30-037,255.3,promien_500m
986,31-138,260.6,promien_500m
986,30-049,272.1,promien_500m
986,30-019,281.8,promien_500m
986,30-021,287.7,promien_500m
986,30-047,292.1,promien_500m
986,31-140,300.2,promien_500m
986,31-159,307.2,promien_500m
986,30-007,312.3,promien_500m
986,30-036,328.8,promien_500m
986,31-120,334.9,promien_500m
986,30-051,347.9,promien_500m
986,30-075,358.4,promien_500m
986,30-015,360.2,promien_500m
986,30-052,372.7,promien_500m
986,31-128,379.5,promien_500m
986,30-023,387.4,promien_500m
986,30-020,395.4,promien_500m
986,31-137,400.0,promien_500m
986,30-054,429.5,promien_500m
986,31-139,440.0,promien_500m
986,30-079,442.9,promien_500m
986,31-127,452.9,promien_500m
986,30-012,462.4,promien_500m
986,30-003,464.6,promien_500m
986,30-014,465.6,promien_500m
986,31-987,468.3,promien_500m
986,30-081,469.7,promien_500m
986,31-261,474.4,promien_500m
986,30-057,490.9,promien_500m
987,30-039,0.0,promien_500m
987,30-074,24.4,promien_500m
987,30-529,28.9,promien_500m
987,30-040,30.7,promien_500m
987,30-045,37.7,promien_500m
987,30-078,46.4,promien_500m
987,30-035,102.0,promien_500m
987,30-046,103.5,promien_500m
987,30-043,105.1,promien_500m
987,30-034,105.5,promien_500m
987,30-033,125.4,promien_500m
987,30-042,134.1,promien_500m
987,30-038,174.6,promien_500m
987,30-048,198.1,promien_500m
987,30-037,206.1,promien_500m
987,31-138,213.0,promien_500m
987,30-047,222.0,promien_500m
987,31-045,223.3,promien_500m
987,30-049,239.2,promien_500m
987,31-159,260.4,promien_500m
987,31-120,262.0,promien_500m
987,31-140,280.3,promien_500m
987,30-007,302.0,promien_500m
987,31-128,312.5,promien_500m
987,31-137,340.2,promien_500m
987,30-051,340.8,promien_500m
987,30-036,349.2,promien_500m
987,30-019,349.5,promien_500m
987,30-021,361.6,promien_500m
987,30-015,372.4,promien_500m
987,30-052,374.9,promien_500m
987,31-127,383.3,promien_500m
987,30-079,418.1,promien_500m
987,31-139,420.2,promien_500m
987,30-054,420.7,promien_500m
987,30-075,420.8,promien_500m
987,31-130,438.6,promien_500m
987,31-987,451.3,promien_500m
987,31-136,454.4,promien_500m
987,30-020,456.6,promien_500m
987,30-023,459.6,promien_500m
987,31-261,480.8,promien_500m
987,31-126,488.8,promien_500m
987,30-003,493.4,promien_500m
988,30-078,0.0,promien_500m
988,30-074,8.8,promien_500m
988,30-039,25.6,promien_500m
988,30-034,31.7,promien_500m
988,30-035,34.4,promien_500m
988,30-043,68.6,promien_500m
988,30-033,77.6,promien_500m
988,30-045,80.7,promien_500m
988,30-529,101.6,promien_500m
988,30-040,112.3,promien_500m
988,30-038,120.0,promien_500m
988,31-045,146.5,promien_500m
988,30-042,157.2,promien_500m
988,30-037,170.4,promien_500m
988,31-138,173.0,promien_500m
988,30-046,182.9,promien_500m
988,31-140,212.3,promien_500m
988,31-159,218.5,promien_500m
988,30-007,226.8,promien_500m
988,30-048,262.6,promien_500m
988,30-036,267.4,promien_500m
988,31-120,280.7,promien_500m
988,30-047,281.8,promien_500m
988,30-019,284.2,promien_500m
988,30-015,290.8,promien_500m
988,31-128,310.9,promien_500m
988,31-137,320.6,promien_500m
988,30-049,321.1,promien_500m
988,30-021,336.9,promien_500m
988,31-139,351.4,promien_500m
988,31-127,388.3,promien_500m
988,30-020,397.1,promien_500m
988,31-261,400.3,promien_500m
988,30-003,412.5,promien_500m
988,30-051,418.9,promien_500m
988,31-130,423.4,promien_500m
988,31-136,426.0,promien_500m
988,30-075,443.3,promien_500m
988,30-052,451.9,promien_500m
988,30-023,455.8,promien_500m
988,31-162,469.1,promien_500m
988,31-158,470.6,promien_500m
988,30-018,473.6,promien_500m
988,30-014,481.6,promien_500m
988,30-079,484.2,promien_500m
988,31-126,492.1,promien_500m
988,30-054,499.6,promien_500m
989,30-040,0.0,promien_500m
989,30-045,4.2,promien_500m
989,30-048,54.2,promien_500m
989,30-052,60.3,promien_500m
989,30-074,96.2,promien_500m
989,30-078,97.7,promien_500m
989,30-079,97.7,promien_500m
989,30-081,129.0,promien_500m
989,30-051,131.5,promien_500m
989,30-057,143.7,promien_500m
989,30-042,180.2,promien_500m
989,30-075,186.2,promien_500m
989,30-054,203.5,promien_500m
989,30-046,208.0,promien_500m
989,31-987,253.6,promien_500m
989,30-049,257.3,promien_500m
989,30-043,305.0,promien_500m
989,30-053,305.3,promien_500m
989,30-035,340.7,promien_500m
989,30-039,342.8,promien_500m
989,30-019,347.6,promien_500m
989,30-012,359.9,promien_500m
989,30-529,360.9,promien_500m
989,30-069,362.0,promien_500m
989,30-023,364.5,promien_500m
989,30-047,367.1,promien_500m
989,30-076,372.6,promien_500m
989,30-021,381.9,promien_500m
989,30-017,388.0,promien_500m
989,30-058,417.3,promien_500m
989,30-033,437.8,promien_500m
989,30-082,446.5,promien_500m
989,30-034,454.0,promien_500m
989,30-056,477.2,promien_500m
989,31-045,495.6,promien_500m
990,30-039,0.0,promien_500m
990,30-045,40.4,promien_500m
990,30-078,41.9,promien_500m
990,30-074,42.6,promien_500m
990,30-033,43.0,promien_500m
990,30-034,48.8,promien_500m
990,30-529,83.2,promien_500m
990,30-038,88.4,promien_500m
990,30-035,99.4,promien_500m
990,30-040,105.3,promien_500m
990,30-037,118.6,promien_500m
990,31-138,125.1,promien_500m
990,30-043,136.2,promien_500m
990,31-045,154.2,promien_500m
990,30-046,155.7,promien_500m
990,31-159,175.4,promien_500m
990,31-140,197.6,promien_500m
990,30-042,208.1,promien_500m
990,31-120,212.6,promien_500m
990,30-048,214.1,promien_500m
990,30-047,223.4,promien_500m
990,30-007,227.0,promien_500m
990,31-128,244.6,promien_500m
990,31-137,260.6,promien_500m
990,30-036,300.3,promien_500m
990,30-049,306.5,promien_500m
990,30-015,313.4,promien_500m
990,31-127,321.1,promien_500m
990,31-139,336.9,promien_500m
990,30-019,337.4,promien_500m
990,31-130,362.0,promien_500m
990,31-136,371.6,promien_500m
990,30-021,404.7,promien_500m
990,31-261,414.4,promien_500m
990,30-051,421.1,promien_500m
990,31-126,425.9,promien_500m
990,30-079,432.6,promien_500m
990,30-003,447.8,promien_500m
990,31-162,449.9,promien_500m
990,30-052,456.4,promien_500m
990,30-020,460.3,promien_500m
990,31-158,477.5,promien_500m
990,30-018,481.9,promien_500m
990,30-075,497.8,promien_500m
990,31-135,498.8,promien_500m
990,30-054,499.1,promien_500m
991,30-034,0.0,promien_500m
991,30-033,25.7,promien_500m
991,30-039,26.1,promien_500m
991,30-074,29.7,promien_500m
991,30-078,51.2,promien_500m
991,30-035,54.8,promien_500m
991,30-038,67.6,promien_500m
991,31-045,86.8,promien_500m
991,30-045,112.1,promien_500m
991,30-043,113.9,promien_500m
991,31-138,120.9,promien_500m
991,30-037,121.4,promien_500m
991,30-529,148.1,promien_500m
991,31-140,150.1,promien_500m
991,30-040,165.4,promien_500m
991,31-159,165.5,promien_500m
991,30-007,166.1,promien_500m
991,30-042,215.1,promien_500m
991,30-036,224.9,promien_500m
991,30-046,226.9,promien_500m
991,30-015,240.6,promien_500m
991,31-120,260.0,promien_500m
991,30-019,264.7,promien_500m
991,31-137,279.0,promien_500m
991,31-128,283.4,promien_500m
991,31-139,289.1,promien_500m
991,30-048,289.7,promien_500m
991,30-047,295.0,promien_500m
991,31-261,345.7,promien_500m
991,31-127,362.9,promien_500m
991,30-021,368.7,promien_500m
991,30-049,372.3,promien_500m
991,30-003,372.8,promien_500m
991,31-136,377.0,promien_500m
991,31-130,383.4,promien_500m
991,30-020,396.8,promien_500m
991,31-162,406.9,promien_500m
991,31-158,413.2,promien_500m
991,30-018,416.6,promien_500m
991,31-126,461.5,promien_500m
991,30-051,477.1,promien_500m
991,30-014,489.0,promien_500m
991,30-075,497.8,promien_500m
991,30-023,498.3,promien_500m
992,30-038,0.0,promien_500m
992,31-045,20.3,promien_500m
992,30-033,31.0,promien_500m
992,30-037,41.2,promien_500m
992,31-140,46.6,promien_500m
992,30-034,59.4,promien_500m
992,30-007,68.6,promien_500m
992,31-138,83.0,promien_500m
992,31-159,88.7,promien_500m
992,30-039,103.8,promien_500m
992,30-035,123.4,promien_500m
992,30-074,132.6,promien_500m
992,30-078,149.8,promien_500m
992,30-015,170.8,promien_500m
992,30-036,170.8,promien_500m
992,31-139,185.6,promien_500m
992,30-045,188.5,promien_500m
992,30-043,208.0,promien_500m
992,31-137,229.5,promien_500m
992,30-529,241.3,promien_500m
992,31-128,252.2,promien_500m
992,30-019,255.9,promien_500m
992,31-261,259.4,promien_500m
992,31-120,261.9,promien_500m
992,30-040,263.0,promien_500m
992,30-046,297.2,promien_500m
992,31-162,303.7,promien_500m
992,30-042,305.5,promien_500m
992,31-136,310.6,promien_500m
992,30-003,312.7,promien_500m
992,31-158,319.3,promien_500m
992,30-018,323.7,promien_500m
992,31-130,328.9,promien_500m
992,30-047,339.7,promien_500m
992,31-127,347.1,promien_500m
992,30-048,358.3,promien_500m
992,31-161,399.3,promien_500m
992,30-020,412.8,promien_500m
992,31-126,431.1,promien_500m
992,30-021,432.9,promien_500m
992,31-145,442.8,promien_500m
992,31-160,457.7,promien_500m
992,30-139,464.7,promien_500m
992,30-049,465.4,promien_500m
992,31-135,469.4,promien_500m
992,30-006,484.9,promien_500m
992,31-142,488.4,promien_500m
992,30-011,491.9,promien_500m
993,30-002,0.0,promien_500m
993,30-004,35.4,promien_500m
993,31-147,54.8,promien_500m
993,31-145,75.6,promien_500m
993,30-003,82.5,promien_500m
993,31-148,87.7,promien_500m
993,31-155,109.2,promien_500m
993,31-146,134.7,promien_500m
993,31-159,149.3,promien_500m
993,30-001,172.5,promien_500m
993,30-006,175.9,promien_500m
993,30-018,189.7,promien_500m
993,31-153,229.0,promien_500m
993,31-160,245.2,promien_500m
993,31-152,285.7,promien_500m
993,31-158,291.3,promien_500m
993,31-161,294.8,promien_500m
993,30-009,312.5,promien_500m
993,30-015,326.2,promien_500m
993,30-019,354.8,promien_500m
993,31-162,369.8,promien_500m
993,31-141,383.8,promien_500m
993,31-142,407.0,promien_500m
993,30-007,411.5,promien_500m
993,31-403,412.4,promien_500m
993,30-036,420.9,promien_500m
993,31-261,430.6,promien_500m
993,31-139,434.0,promien_500m
993,30-010,436.9,promien_500m
993,31-136,437.1,promien_500m
994,30-033,0.0,promien_500m
994,30-037,37.1,promien_500m
994,30-039,40.2,promien_500m
994,30-045,68.6,promien_500m
994,30-038,70.4,promien_500m
994,31-138,78.7,promien_500m
994,31-159,86.1,promien_500m
994,31-120,103.2,promien_500m
994,30-034,123.0,promien_500m
994,31-128,133.1,promien_500m
994,30-046,139.4,promien_500m
994,30-074,151.7,promien_500m
994,30-078,152.5,promien_500m
994,31-137,157.2,promien_500m
994,30-529,158.7,promien_500m
994,30-047,159.7,promien_500m
994,30-040,166.4,promien_500m
994,31-140,193.1,promien_500m
994,30-048,196.1,promien_500m
994,31-045,196.8,promien_500m
994,30-035,202.5,promien_500m
994,31-127,210.1,promien_500m
994,30-007,240.7,promien_500m
994,30-043,246.8,promien_500m
994,31-130,254.7,promien_500m
994,31-136,273.2,promien_500m
994,31-139,313.4,promien_500m
994,31-126,314.5,promien_500m
994,30-042,314.8,promien_500m
994,30-049,323.2,promien_500m
994,30-036,350.0,promien_500m
994,30-015,350.7,promien_500m
994,30-079,387.0,promien_500m
994,31-135,390.1,promien_500m
994,31-162,410.9,promien_500m
994,30-019,415.5,promien_500m
994,31-131,422.4,promien_500m
994,31-261,431.9,promien_500m
994,31-158,460.1,promien_500m
994,30-051,473.6,promien_500m
994,30-018,486.9,promien_500m
994,31-161,487.9,promien_500m
994,30-054,488.5,promien_500m
994,30-003,492.6,promien_500m
996,31-138,0.0,promien_500m
996,30-038,6.4,promien_500m
996,30-037,8.7,promien_500m
996,30-033,30.7,promien_500m
996,31-159,37.5,promien_500m
996,31-140,93.0,promien_500m
996,30-039,95.2,promien_500m
996,30-034,100.2,promien_500m
996,31-045,112.4,promien_500m
996,30-007,140.9,promien_500m
996,30-074,144.9,promien_500m
996,30-045,145.7,promien_500m
996,31-137,152.5,promien_500m
996,31-128,166.3,promien_500m
996,30-078,168.7,promien_500m
996,31-120,170.6,promien_500m
996,30-035,185.0,promien_500m
996,31-139,215.2,promien_500m
996,30-529,216.5,promien_500m
996,30-040,233.8,promien_500m
996,30-046,235.8,promien_500m
996,30-043,243.0,promien_500m
996,31-136,246.8,promien_500m
996,30-047,254.3,promien_500m
996,31-127,256.1,promien_500m
996,31-130,256.6,promien_500m
996,30-015,256.8,promien_500m
996,30-036,260.9,promien_500m
996,30-048,295.4,promien_500m
996,31-162,319.6,promien_500m
996,31-261,331.9,promien_500m
996,30-042,338.2,promien_500m
996,31-126,344.3,promien_500m
996,30-019,346.1,promien_500m
996,31-158,362.8,promien_500m
996,30-018,385.8,promien_500m
996,31-135,393.4,promien_500m
996,30-003,399.8,promien_500m
996,31-161,404.1,promien_500m
996,30-049,419.6,promien_500m
996,31-131,434.1,promien_500m
996,30-139,445.7,promien_500m
996,31-142,485.0,promien_500m
996,30-079,487.3,promien_500m
996,30-021,496.3,promien_500m
996,31-145,497.4,promien_500m
996,30-020,498.9,promien_500m
999,30-034,0.0,promien_500m
999,30-033,38.2,promien_500m
999,30-035,44.6,promien_500m
999,30-074,51.1,promien_500m
999,30-078,57.3,promien_500m
999,30-038,64.3,promien_500m
999,31-045,79.9,promien_500m
999,30-039,83.5,promien_500m
999,30-043,102.1,promien_500m
999,31-140,143.8,promien_500m
999,30-037,153.3,promien_500m
999,30-007,154.9,promien_500m
999,31-138,164.8,promien_500m
999,30-045,165.7,promien_500m
999,30-036,174.3,promien_500m
999,30-042,193.0,promien_500m
999,30-529,194.0,promien_500m
999,31-159,198.7,promien_500m
999,30-015,199.6,promien_500m
999,30-040,200.1,promien_500m
999,30-019,202.5,promien_500m
999,30-046,275.2,promien_500m
999,31-139,286.9,promien_500m
999,31-261,311.6,promien_500m
999,30-003,319.9,promien_500m
999,31-120,320.0,promien_500m
999,30-021,324.1,promien_500m
999,31-137,326.9,promien_500m
999,30-020,335.3,promien_500m
999,31-128,339.4,promien_500m
999,30-048,347.6,promien_500m
999,30-047,357.2,promien_500m
999,31-158,385.1,promien_500m
999,30-018,387.3,promien_500m
999,31-162,406.2,promien_500m
999,30-049,414.1,promien_500m
999,31-136,416.1,promien_500m
999,31-127,420.3,promien_500m
999,30-014,429.2,promien_500m
999,31-130,430.7,promien_500m
999,30-011,441.7,promien_500m
999,30-023,462.4,promien_500m
999,30-006,470.4,promien_500m
999,30-075,478.8,promien_500m
999,30-010,484.2,promien_500m
