numer,kod_pocztowy,odl_m,zrodlo
100B,90-753,0.0,promien_500m
100B,90-747,10.2,promien_500m
100B,90-752,16.6,promien_500m
100B,90-757,21.5,promien_500m
100B,90-756,25.4,promien_500m
100B,90-758,42.4,promien_500m
100B,90-755,79.1,promien_500m
100B,90-754,87.5,promien_500m
100B,90-740,94.8,promien_500m
100B,90-749,108.7,promien_500m
100B,90-635,128.1,promien_500m
100B,90-748,134.8,promien_500m
100B,90-759,136.7,promien_500m
100B,90-750,154.4,promien_500m
100B,90-764,160.6,promien_500m
100B,90-763,163.7,promien_500m
100B,90-643,170.1,promien_500m
100B,90-741,170.3,promien_500m
100B,90-558,171.9,promien_500m
100B,90-717,172.3,promien_500m
100B,90-647,201.7,promien_500m
100B,90-745,217.3,promien_500m
100B,90-604,219.2,promien_500m
100B,90-762,233.3,promien_500m
100B,90-639,236.6,promien_500m
100B,90-411,239.0,promien_500m
100B,90-401,261.0,promien_500m
100B,91-072,264.6,promien_500m
100B,90-746,268.8,promien_500m
100B,90-735,299.6,promien_500m
100B,90-645,302.9,promien_500m
100B,90-618,311.6,promien_500m
100B,90-739,319.3,promien_500m
100B,91-073,319.7,promien_500m
100B,90-743,329.2,promien_500m
100B,90-636,330.5,promien_500m
100B,90-703,343.1,promien_500m
100B,91-070,345.8,promien_500m
100B,90-646,347.3,promien_500m
100B,90-415,360.3,promien_500m
100B,90-742,376.0,promien_500m
100B,90-644,378.1,promien_500m
100B,90-569,395.1,promien_500m
100B,90-640,398.1,promien_500m
100B,90-629,403.7,promien_500m
100B,90-638,403.7,promien_500m
100B,90-734,404.7,promien_500m
100B,91-078,408.2,promien_500m
100B,90-718,421.3,promien_500m
100B,91-071,425.7,promien_500m
100B,90-736,430.6,promien_500m
100B,91-074,432.2,promien_500m
100B,90-617,437.9,promien_500m
100B,90-637,460.4,promien_500m
100B,90-602,461.1,promien_500m
100B,90-712,464.0,promien_500m
100B,90-711,468.9,promien_500m
100B,90-765,474.0,promien_500m
100B,90-619,474.3,promien_500m
100B,90-713,481.4,promien_500m
100B,90-766,494.1,promien_500m
100B,91-068,495.1,promien_500m
101B,90-753,0.0,promien_500m
101B,90-752,1.5,promien_500m
101B,90-756,9.8,promien_500m
101B,90-757,12.9,promien_500m
101B,90-747,15.1,promien_500m
101B,90-758,56.3,promien_500m
101B,90-755,62.9,promien_500m
101B,90-754,91.6,promien_500m
101B,90-740,94.9,promien_500m
101B,90-749,123.3,promien_500m
101B,90-759,133.5,promien_500m
101B,90-635,141.7,promien_500m
101B,90-764,147.5,promien_500m
101B,90-763,150.8,promien_500m
101B,90-748,151.7,promien_500m
101B,90-750,171.4,promien_500m
101B,90-643,173.0,promien_500m
101B,90-741,183.7,promien_500m
101B,90-717,186.2,promien_500m
101B,90-558,189.2,promien_500m
101B,90-647,202.5,promien_500m
101B,90-745,234.6,promien_500m
101B,90-604,235.2,promien_500m
101B,90-762,236.9,promien_500m
101B,90-639,249.7,promien_500m
101B,90-401,252.4,promien_500m
101B,90-411,253.9,promien_500m
101B,91-072,258.3,promien_500m
101B,90-746,284.9,promien_500m
101B,91-073,304.1,promien_500m
101B,90-645,309.7,promien_500m
101B,90-735,315.3,promien_500m
101B,90-618,326.8,promien_500m
101B,90-739,332.3,promien_500m
101B,90-636,340.8,promien_500m
101B,90-743,346.5,promien_500m
101B,91-070,347.5,promien_500m
101B,90-646,349.0,promien_500m
101B,90-703,349.3,promien_500m
101B,90-415,356.0,promien_500m
101B,90-644,380.9,promien_500m
101B,90-742,391.4,promien_500m
101B,91-078,392.3,promien_500m
101B,90-569,404.4,promien_500m
101B,90-640,407.5,promien_500m
101B,90-638,414.5,promien_500m
101B,91-071,417.1,promien_500m
101B,90-629,419.9,promien_500m
101B,90-734,420.8,promien_500m
101B,91-074,423.3,promien_500m
101B,90-718,435.9,promien_500m
101B,90-736,447.7,promien_500m
101B,90-617,452.2,promien_500m
101B,90-765,457.7,promien_500m
101B,90-637,473.7,promien_500m
101B,90-712,474.6,promien_500m
101B,90-602,478.4,promien_500m
101B,90-766,479.6,promien_500m
101B,90-711,484.3,promien_500m
101B,90-619,485.8,promien_500m
101B,90-713,493.4,promien_500m
101B,91-068,495.4,promien_500m
102B,90-752,0.0,promien_500m
102B,90-754,15.7,promien_500m
102B,90-753,19.1,promien_500m
102B,90-757,22.9,promien_500m
102B,90-758,36.4,promien_500m
102B,90-759,45.7,promien_500m
102B,90-747,51.0,promien_500m
102B,90-643,66.5,promien_500m
102B,90-635,76.5,promien_500m
102B,90-756,89.7,promien_500m
102B,90-749,96.2,promien_500m
102B,90-647,97.2,promien_500m
102B,90-755,140.0,promien_500m
102B,90-750,159.2,promien_500m
102B,90-639,163.6,promien_500m
102B,90-748,181.8,promien_500m
102B,90-558,195.9,promien_500m
102B,90-604,197.1,promien_500m
102B,90-740,199.4,promien_500m
102B,90-645,207.8,promien_500m
102B,90-745,218.8,promien_500m
102B,90-764,241.4,promien_500m
102B,90-646,242.9,promien_500m
102B,90-717,244.6,promien_500m
102B,90-763,246.0,promien_500m
102B,90-741,249.8,promien_500m
102B,90-636,250.0,promien_500m
102B,90-415,259.9,promien_500m
102B,90-618,265.4,promien_500m
102B,90-644,274.3,promien_500m
102B,90-746,290.4,promien_500m
102B,90-411,293.8,promien_500m
102B,90-640,312.0,promien_500m
102B,90-638,320.6,promien_500m
102B,90-762,336.5,promien_500m
102B,90-743,345.7,promien_500m
102B,91-072,345.9,promien_500m
102B,90-735,348.4,promien_500m
102B,90-401,355.1,promien_500m
102B,90-629,375.6,promien_500m
102B,91-073,377.8,promien_500m
102B,90-617,384.0,promien_500m
102B,90-739,396.2,promien_500m
102B,90-637,397.2,promien_500m
102B,90-619,398.9,promien_500m
102B,90-742,433.1,promien_500m
102B,90-703,442.3,promien_500m
102B,90-765,444.7,promien_500m
102B,90-766,449.3,promien_500m
102B,91-070,450.0,promien_500m
102B,90-734,452.4,promien_500m
102B,90-736,459.6,promien_500m
102B,91-078,462.6,promien_500m
102B,90-602,463.4,promien_500m
102B,90-630,475.4,promien_500m
102B,90-546,479.9,promien_500m
102B,90-569,484.8,promien_500m
102B,90-718,484.8,promien_500m
102B,90-624,487.7,promien_500m
103B,90-752,0.0,promien_500m
103B,90-754,2.7,promien_500m
103B,90-753,4.9,promien_500m
103B,90-757,44.8,promien_500m
103B,90-643,51.1,promien_500m
103B,90-635,52.1,promien_500m
103B,90-759,52.2,promien_500m
103B,90-758,59.7,promien_500m
103B,90-747,66.4,promien_500m
103B,90-749,78.7,promien_500m
103B,90-647,87.7,promien_500m
103B,90-756,114.9,promien_500m
103B,90-639,138.1,promien_500m
103B,90-750,139.5,promien_500m
103B,90-755,165.5,promien_500m
103B,90-748,172.6,promien_500m
103B,90-604,175.6,promien_500m
103B,90-558,180.0,promien_500m
103B,90-645,184.7,promien_500m
103B,90-745,198.5,promien_500m
103B,90-740,215.1,promien_500m
103B,90-636,224.0,promien_500m
103B,90-646,228.6,promien_500m
103B,90-415,239.8,promien_500m
103B,90-618,239.8,promien_500m
103B,90-717,243.5,promien_500m
103B,90-741,250.4,promien_500m
103B,90-644,258.0,promien_500m
103B,90-764,265.7,promien_500m
103B,90-746,269.0,promien_500m
103B,90-763,269.7,promien_500m
103B,90-411,285.8,promien_500m
103B,90-640,286.9,promien_500m
103B,90-638,295.3,promien_500m
103B,90-743,328.2,promien_500m
103B,90-735,337.5,promien_500m
103B,90-762,348.0,promien_500m
103B,90-629,351.3,promien_500m
103B,90-617,357.5,promien_500m
103B,90-637,370.6,promien_500m
103B,91-072,371.6,promien_500m
103B,90-619,372.7,promien_500m
103B,90-401,377.2,promien_500m
103B,90-739,394.4,promien_500m
103B,91-073,404.3,promien_500m
103B,90-742,425.1,promien_500m
103B,90-734,441.7,promien_500m
103B,90-602,443.1,promien_500m
103B,90-736,444.5,promien_500m
103B,90-630,448.9,promien_500m
103B,90-703,450.0,promien_500m
103B,90-546,453.3,promien_500m
103B,91-070,462.7,promien_500m
103B,90-624,464.3,promien_500m
103B,90-765,464.7,promien_500m
103B,90-766,466.5,promien_500m
103B,90-718,478.1,promien_500m
103B,90-569,487.3,promien_500m
103B,91-078,489.1,promien_500m
104B,90-635,0.0,promien_500m
104B,90-749,30.5,promien_500m
104B,90-753,50.3,promien_500m
104B,90-639,50.4,promien_500m
104B,90-750,52.5,promien_500m
104B,90-643,54.2,promien_500m
104B,90-754,57.2,promien_500m
104B,90-758,74.7,promien_500m
104B,90-604,75.4,promien_500m
104B,90-752,98.2,promien_500m
104B,90-745,114.7,promien_500m
104B,90-558,119.0,promien_500m
104B,90-759,121.7,promien_500m
104B,90-618,136.8,promien_500m
104B,90-757,139.4,promien_500m
104B,90-647,140.4,promien_500m
104B,90-645,141.4,promien_500m
104B,90-747,141.5,promien_500m
104B,90-748,143.4,promien_500m
104B,90-636,144.4,promien_500m
104B,90-746,174.1,promien_500m
104B,90-646,187.2,promien_500m
104B,90-756,191.5,promien_500m
104B,90-415,208.7,promien_500m
104B,90-640,214.6,promien_500m
104B,90-638,215.2,promien_500m
104B,90-717,236.0,promien_500m
104B,90-644,246.0,promien_500m
104B,90-411,247.2,promien_500m
104B,90-743,247.8,promien_500m
104B,90-741,248.6,promien_500m
104B,90-629,249.3,promien_500m
104B,90-617,256.8,promien_500m
104B,90-740,257.8,promien_500m
104B,90-755,258.7,promien_500m
104B,90-637,273.7,promien_500m
104B,90-735,283.8,promien_500m
104B,90-619,285.2,promien_500m
104B,90-630,347.9,promien_500m
104B,90-602,348.5,promien_500m
104B,90-764,348.6,promien_500m
104B,90-763,352.0,promien_500m
104B,90-546,356.5,promien_500m
104B,90-736,363.5,promien_500m
104B,90-624,364.1,promien_500m
104B,90-739,373.6,promien_500m
104B,90-742,378.7,promien_500m
104B,90-762,380.4,promien_500m
104B,90-734,384.7,promien_500m
104B,90-737,410.6,promien_500m
104B,90-625,421.3,promien_500m
104B,90-718,435.6,promien_500m
104B,90-502,442.3,promien_500m
104B,91-072,447.6,promien_500m
104B,90-401,448.1,promien_500m
104B,90-615,456.1,promien_500m
104B,90-711,460.4,promien_500m
104B,90-703,464.0,promien_500m
104B,90-616,465.0,promien_500m
104B,90-623,465.1,promien_500m
104B,90-626,479.0,promien_500m
104B,90-569,479.9,promien_500m
104B,91-070,491.9,promien_500m
104B,90-507,492.5,promien_500m
104B,91-073,499.4,promien_500m
105B,90-749,0.0,promien_500m
105B,90-750,3.5,promien_500m
105B,90-748,20.1,promien_500m
105B,90-758,20.5,promien_500m
105B,90-558,25.7,promien_500m
105B,90-747,56.4,promien_500m
105B,90-745,74.5,promien_500m
105B,90-754,79.0,promien_500m
105B,90-604,81.9,promien_500m
105B,90-635,82.9,promien_500m
105B,90-753,84.8,promien_500m
105B,90-756,103.9,promien_500m
105B,90-717,114.5,promien_500m
105B,90-741,128.7,promien_500m
105B,90-411,128.9,promien_500m
105B,90-746,129.5,promien_500m
105B,90-740,141.4,promien_500m
105B,90-639,142.1,promien_500m
105B,90-757,147.8,promien_500m
105B,90-752,155.9,promien_500m
105B,90-618,165.8,promien_500m
105B,90-643,169.3,promien_500m
105B,90-735,177.7,promien_500m
105B,90-743,180.6,promien_500m
105B,90-759,210.4,promien_500m
105B,90-755,231.2,promien_500m
105B,90-647,237.2,promien_500m
105B,90-636,249.0,promien_500m
105B,90-739,250.6,promien_500m
105B,90-629,257.5,promien_500m
105B,90-645,264.1,promien_500m
105B,90-742,266.7,promien_500m
105B,90-762,273.4,promien_500m
105B,90-734,281.8,promien_500m
105B,90-736,289.3,promien_500m
105B,90-764,302.1,promien_500m
105B,90-646,303.7,promien_500m
105B,90-763,304.2,promien_500m
105B,90-602,308.3,promien_500m
105B,90-638,310.1,promien_500m
105B,90-617,310.9,promien_500m
105B,90-718,321.3,promien_500m
105B,90-640,324.1,promien_500m
105B,90-415,332.3,promien_500m
105B,90-637,343.4,promien_500m
105B,90-703,344.9,promien_500m
105B,90-624,347.6,promien_500m
105B,90-711,354.5,promien_500m
105B,90-569,356.3,promien_500m
105B,91-072,361.2,promien_500m
105B,90-619,366.3,promien_500m
105B,90-737,366.9,promien_500m
105B,90-644,369.2,promien_500m
105B,90-401,376.1,promien_500m
105B,91-070,378.9,promien_500m
105B,90-630,395.7,promien_500m
105B,90-712,410.4,promien_500m
105B,90-713,411.5,promien_500m
105B,90-546,416.8,promien_500m
105B,90-507,432.0,promien_500m
105B,90-615,445.1,promien_500m
105B,90-502,453.1,promien_500m
105B,90-625,462.9,promien_500m
105B,91-073,468.1,promien_500m
105B,90-616,479.2,promien_500m
105B,90-710,479.3,promien_500m
105B,90-623,485.5,promien_500m
105B,90-729,485.9,promien_500m
105B,91-068,498.1,promien_500m
106B,90-750,0.0,promien_500m
106B,90-749,1.6,promien_500m
106B,90-635,18.7,promien_500m
106B,90-604,30.7,promien_500m
106B,90-745,53.1,promien_500m
106B,90-558,54.3,promien_500m
106B,90-639,70.7,promien_500m
106B,90-754,72.1,promien_500m
106B,90-758,75.2,promien_500m
106B,90-753,86.2,promien_500m
106B,90-748,88.1,promien_500m
106B,90-643,120.4,promien_500m
106B,90-618,123.5,promien_500m
106B,90-746,123.8,promien_500m
106B,90-747,124.6,promien_500m
106B,90-752,141.7,promien_500m
106B,90-757,164.5,promien_500m
106B,90-756,171.1,promien_500m
106B,90-636,180.1,promien_500m
106B,90-759,180.6,promien_500m
106B,90-411,184.1,promien_500m
106B,90-717,185.7,promien_500m
106B,90-743,186.0,promien_500m
106B,90-645,195.9,promien_500m
106B,90-741,200.3,promien_500m
106B,90-647,202.7,promien_500m
106B,90-740,213.3,promien_500m
106B,90-629,215.0,promien_500m
106B,90-735,217.6,promien_500m
106B,90-646,233.3,promien_500m
106B,90-638,240.2,promien_500m
106B,90-617,249.6,promien_500m
106B,90-640,252.4,promien_500m
106B,90-415,267.7,promien_500m
106B,90-755,269.5,promien_500m
106B,90-637,277.6,promien_500m
106B,90-602,297.4,promien_500m
106B,90-619,299.3,promien_500m
106B,90-736,306.1,promien_500m
106B,90-644,308.7,promien_500m
106B,90-742,312.8,promien_500m
106B,90-739,313.5,promien_500m
106B,90-734,318.3,promien_500m
106B,90-624,323.3,promien_500m
106B,90-630,337.9,promien_500m
106B,90-762,344.2,promien_500m
106B,90-764,350.1,promien_500m
106B,90-763,352.9,promien_500m
106B,90-546,355.8,promien_500m
106B,90-737,359.4,promien_500m
106B,90-718,370.0,promien_500m
106B,90-711,394.0,promien_500m
106B,90-625,408.2,promien_500m
106B,90-502,413.1,promien_500m
106B,90-703,416.2,promien_500m
106B,90-615,416.7,promien_500m
106B,90-569,423.0,promien_500m
106B,91-072,428.6,promien_500m
106B,90-507,434.1,promien_500m
106B,90-401,436.1,promien_500m
106B,90-616,437.0,promien_500m
106B,90-623,440.6,promien_500m
106B,91-070,450.8,promien_500m
106B,90-626,455.9,promien_500m
106B,90-713,469.6,promien_500m
106B,90-712,473.2,promien_500m
106B,90-729,496.0,promien_500m
107B,90-745,0.0,promien_500m
107B,90-746,6.2,promien_500m
107B,90-604,36.4,promien_500m
107B,90-750,39.3,promien_500m
107B,90-558,52.7,promien_500m
107B,90-743,64.7,promien_500m
107B,90-618,66.3,promien_500m
107B,90-748,86.3,promien_500m
107B,90-749,114.0,promien_500m
107B,90-635,122.4,promien_500m
107B,90-735,124.4,promien_500m
107B,90-747,130.4,promien_500m
107B,90-639,132.9,promien_500m
107B,90-411,136.3,promien_500m
107B,90-758,137.5,promien_500m
107B,90-629,142.5,promien_500m
107B,90-717,178.4,promien_500m
107B,90-602,179.7,promien_500m
107B,90-736,185.2,promien_500m
107B,90-741,187.2,promien_500m
107B,90-754,188.9,promien_500m
107B,90-753,198.6,promien_500m
107B,90-636,200.5,promien_500m
107B,90-734,215.2,promien_500m
107B,90-756,216.1,promien_500m
107B,90-624,217.3,promien_500m
107B,90-742,223.8,promien_500m
107B,90-740,224.0,promien_500m
107B,90-617,225.3,promien_500m
107B,90-643,232.9,promien_500m
107B,90-737,244.3,promien_500m
107B,90-638,251.0,promien_500m
107B,90-739,261.5,promien_500m
107B,90-752,262.8,promien_500m
107B,90-645,268.1,promien_500m
107B,90-637,270.0,promien_500m
107B,90-757,272.9,promien_500m
107B,90-718,279.5,promien_500m
107B,90-711,290.5,promien_500m
107B,90-619,296.3,promien_500m
107B,90-630,296.9,promien_500m
107B,90-646,299.7,promien_500m
107B,90-759,302.7,promien_500m
107B,90-640,306.9,promien_500m
107B,90-507,312.1,promien_500m
107B,90-615,315.0,promien_500m
107B,90-647,323.9,promien_500m
107B,90-546,324.5,promien_500m
107B,90-502,326.4,promien_500m
107B,90-415,351.7,promien_500m
107B,90-625,355.2,promien_500m
107B,90-616,356.4,promien_500m
107B,90-755,361.5,promien_500m
107B,90-762,361.6,promien_500m
107B,90-623,363.9,promien_500m
107B,90-569,371.8,promien_500m
107B,90-729,373.8,promien_500m
107B,90-626,382.9,promien_500m
107B,90-713,386.5,promien_500m
107B,90-644,389.4,promien_500m
107B,90-703,399.5,promien_500m
107B,90-712,408.5,promien_500m
107B,90-612,416.9,promien_500m
107B,90-764,429.7,promien_500m
107B,90-763,430.3,promien_500m
107B,90-730,434.2,promien_500m
107B,90-401,442.0,promien_500m
107B,90-710,445.6,promien_500m
107B,91-070,449.5,promien_500m
107B,91-072,451.2,promien_500m
107B,90-715,459.5,promien_500m
107B,90-601,465.9,promien_500m
107B,90-727,484.6,promien_500m
107B,90-613,488.6,promien_500m
108B,90-745,0.0,promien_500m
108B,90-746,10.6,promien_500m
108B,90-748,27.0,promien_500m
108B,90-411,32.6,promien_500m
108B,90-747,34.7,promien_500m
108B,90-735,41.1,promien_500m
108B,90-558,64.5,promien_500m
108B,90-743,66.4,promien_500m
108B,90-750,83.1,promien_500m
108B,90-741,83.4,promien_500m
108B,90-717,84.7,promien_500m
108B,90-749,116.0,promien_500m
108B,90-758,125.7,promien_500m
108B,90-740,126.2,promien_500m
108B,90-742,132.9,promien_500m
108B,90-604,137.3,promien_500m
108B,90-756,137.7,promien_500m
108B,90-734,145.2,promien_500m
108B,90-739,151.6,promien_500m
108B,90-736,165.6,promien_500m
108B,90-618,176.3,promien_500m
108B,90-718,189.8,promien_500m
108B,90-635,195.4,promien_500m
108B,90-754,215.7,promien_500m
108B,90-711,218.0,promien_500m
108B,90-753,221.6,promien_500m
108B,90-602,224.3,promien_500m
108B,90-639,233.7,promien_500m
108B,90-629,238.3,promien_500m
108B,90-737,246.2,promien_500m
108B,90-752,259.7,promien_500m
108B,90-569,264.0,promien_500m
108B,90-624,270.7,promien_500m
108B,90-762,271.4,promien_500m
108B,90-757,277.3,promien_500m
108B,90-703,293.0,promien_500m
108B,90-713,293.3,promien_500m
108B,90-643,299.8,promien_500m
108B,90-712,303.9,promien_500m
108B,90-636,307.7,promien_500m
108B,90-507,316.6,promien_500m
108B,90-755,324.4,promien_500m
108B,90-401,332.2,promien_500m
108B,90-617,333.0,promien_500m
108B,90-759,346.5,promien_500m
108B,91-070,347.2,promien_500m
108B,90-763,349.7,promien_500m
108B,90-710,352.6,promien_500m
108B,91-072,354.3,promien_500m
108B,90-638,360.4,promien_500m
108B,90-729,362.8,promien_500m
108B,90-645,363.4,promien_500m
108B,90-647,372.4,promien_500m
108B,90-615,373.9,promien_500m
108B,90-637,379.9,promien_500m
108B,90-764,384.2,promien_500m
108B,90-646,399.6,promien_500m
108B,90-630,401.8,promien_500m
108B,90-502,402.8,promien_500m
108B,90-619,406.2,promien_500m
108B,90-640,408.8,promien_500m
108B,90-715,415.3,promien_500m
108B,91-068,426.1,promien_500m
108B,90-546,431.2,promien_500m
108B,90-730,439.7,promien_500m
108B,90-616,440.3,promien_500m
108B,90-415,443.8,promien_500m
108B,90-625,447.6,promien_500m
108B,90-623,449.4,promien_500m
108B,90-612,457.2,promien_500m
108B,90-727,457.5,promien_500m
108B,91-069,465.5,promien_500m
108B,90-626,471.3,promien_500m
108B,90-702,480.1,promien_500m
108B,90-716,482.6,promien_500m
108B,90-644,484.5,promien_500m
108B,91-067,484.7,promien_500m
108B,90-728,486.9,promien_500m
108B,90-601,491.4,promien_500m
109B,90-743,0.0,promien_500m
109B,90-746,53.9,promien_500m
109B,90-604,59.2,promien_500m
109B,90-736,72.2,promien_500m
109B,90-602,83.1,promien_500m
109B,90-735,90.7,promien_500m
109B,90-745,103.7,promien_500m
109B,90-624,129.5,promien_500m
109B,90-737,129.9,promien_500m
109B,90-629,130.7,promien_500m
109B,90-734,139.4,promien_500m
109B,90-618,145.9,promien_500m
109B,90-750,152.6,promien_500m
109B,90-558,154.3,promien_500m
109B,90-748,158.4,promien_500m
109B,90-411,165.0,promien_500m
109B,90-742,167.1,promien_500m
109B,90-747,175.9,promien_500m
109B,90-507,194.3,promien_500m
109B,90-711,196.0,promien_500m
109B,90-718,202.8,promien_500m
109B,90-741,204.6,promien_500m
109B,90-717,224.6,promien_500m
109B,90-749,226.6,promien_500m
109B,90-639,227.3,promien_500m
109B,90-615,232.9,promien_500m
109B,90-635,237.1,promien_500m
109B,90-758,238.2,promien_500m
109B,90-739,243.5,promien_500m
109B,90-740,245.9,promien_500m
109B,90-617,253.9,promien_500m
109B,90-729,254.2,promien_500m
109B,90-502,268.5,promien_500m
109B,90-756,278.8,promien_500m
109B,90-636,280.4,promien_500m
109B,90-637,301.3,promien_500m
109B,90-630,303.4,promien_500m
109B,90-754,306.3,promien_500m
109B,90-638,308.2,promien_500m
109B,90-616,310.5,promien_500m
109B,90-753,314.8,promien_500m
109B,90-730,317.0,promien_500m
109B,90-612,319.4,promien_500m
109B,90-713,319.7,promien_500m
109B,90-623,321.4,promien_500m
109B,90-625,323.7,promien_500m
109B,90-546,339.8,promien_500m
109B,90-569,341.5,promien_500m
109B,90-619,343.1,promien_500m
109B,90-715,345.1,promien_500m
109B,90-626,345.6,promien_500m
109B,90-643,350.3,promien_500m
109B,90-601,356.9,promien_500m
109B,90-712,358.7,promien_500m
109B,90-727,366.0,promien_500m
109B,90-645,367.5,promien_500m
109B,90-710,375.4,promien_500m
109B,90-752,381.4,promien_500m
109B,90-757,385.6,promien_500m
109B,90-646,389.4,promien_500m
109B,90-728,390.5,promien_500m
109B,90-640,393.3,promien_500m
109B,90-762,403.5,promien_500m
109B,90-716,407.9,promien_500m
109B,90-703,413.3,promien_500m
109B,90-759,422.3,promien_500m
109B,90-401,422.5,promien_500m
109B,90-613,434.1,promien_500m
109B,90-415,436.0,promien_500m
109B,90-647,443.3,promien_500m
109B,91-070,452.2,promien_500m
109B,90-755,457.6,promien_500m
109B,90-731,461.3,promien_500m
109B,90-515,476.0,promien_500m
109B,90-607,477.5,promien_500m
109B,90-644,485.0,promien_500m
109B,90-706,486.7,promien_500m
109B,90-416,487.2,promien_500m
109B,91-072,487.5,promien_500m
109B,90-763,489.9,promien_500m
109B,90-606,491.2,promien_500m
10A,91-061,0.0,promien_500m
10A,91-414,11.6,promien_500m
10A,90-402,40.5,promien_500m
10A,91-420,53.2,promien_500m
10A,91-062,54.7,promien_500m
10A,91-415,60.7,promien_500m
10A,91-416,89.1,promien_500m
10A,91-417,113.4,promien_500m
10A,91-063,116.0,promien_500m
10A,90-401,151.7,promien_500m
10A,90-201,170.4,promien_500m
10A,90-270,170.9,promien_500m
10A,91-065,181.2,promien_500m
10A,91-064,191.3,promien_500m
10A,91-006,203.9,promien_500m
10A,90-406,204.6,promien_500m
10A,91-069,207.1,promien_500m
10A,90-403,231.0,promien_500m
10A,90-272,236.0,promien_500m
10A,90-202,246.3,promien_500m
10A,91-437,249.4,promien_500m
10A,91-434,258.1,promien_500m
10A,90-701,271.5,promien_500m
10A,90-271,271.7,promien_500m
10A,90-273,297.7,promien_500m
10A,90-408,306.5,promien_500m
10A,91-423,311.0,promien_500m
10A,91-438,321.7,promien_500m
10A,91-002,327.2,promien_500m
10A,90-004,342.4,promien_500m
10A,90-404,368.4,promien_500m
10A,91-066,373.2,promien_500m
10A,90-269,373.9,promien_500m
10A,91-430,381.8,promien_500m
10A,91-422,399.6,promien_500m
10A,90-708,399.7,promien_500m
10A,90-207,400.7,promien_500m
10A,90-507,403.3,promien_500m
10A,90-206,407.3,promien_500m
10A,91-439,417.6,promien_500m
10A,90-707,418.9,promien_500m
10A,90-407,426.6,promien_500m
10A,91-446,429.8,promien_500m
10A,91-431,436.8,promien_500m
10A,90-011,441.4,promien_500m
10A,91-421,448.4,promien_500m
10A,91-444,466.4,promien_500m
10A,90-205,473.8,promien_500m
10A,90-720,480.9,promien_500m
10A,91-067,491.6,promien_500m
10A,91-005,497.3,promien_500m
110B,90-743,0.0,promien_500m
110B,90-746,45.1,promien_500m
110B,90-735,48.0,promien_500m
110B,90-736,50.1,promien_500m
110B,90-734,89.5,promien_500m
110B,90-604,101.2,promien_500m
110B,90-745,102.5,promien_500m
110B,90-742,115.5,promien_500m
110B,90-602,119.1,promien_500m
110B,90-737,132.4,promien_500m
110B,90-411,132.9,promien_500m
110B,90-748,145.1,promien_500m
110B,90-747,150.5,promien_500m
110B,90-711,152.8,promien_500m
110B,90-718,153.0,promien_500m
110B,90-741,156.7,promien_500m
110B,90-558,159.9,promien_500m
110B,90-750,159.9,promien_500m
110B,90-624,166.5,promien_500m
110B,90-629,182.7,promien_500m
110B,90-618,186.0,promien_500m
110B,90-739,192.7,promien_500m
110B,90-717,192.8,promien_500m
110B,90-507,198.4,promien_500m
110B,90-740,200.4,promien_500m
110B,90-749,224.2,promien_500m
110B,90-758,234.4,promien_500m
110B,90-729,247.4,promien_500m
110B,90-756,253.4,promien_500m
110B,90-635,263.5,promien_500m
110B,90-639,265.3,promien_500m
110B,90-615,268.4,promien_500m
110B,90-713,269.0,promien_500m
110B,90-569,290.0,promien_500m
110B,90-617,304.7,promien_500m
110B,90-712,306.7,promien_500m
110B,90-502,312.6,promien_500m
110B,90-754,313.7,promien_500m
110B,90-715,319.7,promien_500m
110B,90-753,321.3,promien_500m
110B,90-730,321.4,promien_500m
110B,90-636,322.8,promien_500m
110B,90-710,325.5,promien_500m
110B,90-612,341.0,promien_500m
110B,90-727,349.9,promien_500m
110B,90-637,353.0,promien_500m
110B,90-630,355.5,promien_500m
110B,90-616,356.1,promien_500m
110B,90-638,357.0,promien_500m
110B,90-762,362.6,promien_500m
110B,90-703,368.3,promien_500m
110B,90-623,369.4,promien_500m
110B,90-401,371.7,promien_500m
110B,90-625,373.0,promien_500m
110B,90-643,373.3,promien_500m
110B,90-601,373.6,promien_500m
110B,90-728,377.2,promien_500m
110B,90-752,377.3,promien_500m
110B,90-716,384.1,promien_500m
110B,90-757,386.3,promien_500m
110B,90-546,391.8,promien_500m
110B,90-619,393.1,promien_500m
110B,90-626,394.2,promien_500m
110B,91-070,400.5,promien_500m
110B,90-645,403.9,promien_500m
110B,90-646,429.8,promien_500m
110B,90-640,435.3,promien_500m
110B,90-759,437.3,promien_500m
110B,90-755,443.0,promien_500m
110B,91-072,446.1,promien_500m
110B,90-706,448.6,promien_500m
110B,90-763,457.1,promien_500m
110B,90-647,460.4,promien_500m
110B,94-015,463.8,promien_500m
110B,91-068,465.8,promien_500m
110B,90-731,466.7,promien_500m
110B,90-415,467.3,promien_500m
110B,91-069,468.6,promien_500m
110B,90-708,469.1,promien_500m
110B,90-707,470.5,promien_500m
110B,90-515,471.4,promien_500m
110B,90-702,472.1,promien_500m
110B,90-613,478.3,promien_500m
110B,90-720,490.4,promien_500m
111B,90-743,0.0,promien_500m
111B,90-735,0.6,promien_500m
111B,90-734,36.6,promien_500m
111B,90-736,44.8,promien_500m
111B,90-742,62.8,promien_500m
111B,90-746,66.9,promien_500m
111B,90-718,100.3,promien_500m
111B,90-711,106.5,promien_500m
111B,90-745,109.7,promien_500m
111B,90-741,111.1,promien_500m
111B,90-737,119.0,promien_500m
111B,90-411,127.1,promien_500m
111B,90-739,148.2,promien_500m
111B,90-747,153.0,promien_500m
111B,90-604,153.1,promien_500m
111B,90-748,155.7,promien_500m
111B,90-602,157.9,promien_500m
111B,90-740,168.1,promien_500m
111B,90-717,168.9,promien_500m
111B,90-558,188.5,promien_500m
111B,90-750,191.6,promien_500m
111B,90-507,200.4,promien_500m
111B,90-624,203.7,promien_500m
111B,90-713,216.0,promien_500m
111B,90-749,233.1,promien_500m
111B,90-629,234.2,promien_500m
111B,90-618,235.3,promien_500m
111B,90-729,238.8,promien_500m
111B,90-569,242.3,promien_500m
111B,90-756,249.3,promien_500m
111B,90-758,254.1,promien_500m
111B,90-712,254.7,promien_500m
111B,90-710,272.6,promien_500m
111B,90-715,287.8,promien_500m
111B,90-615,298.5,promien_500m
111B,90-635,304.6,promien_500m
111B,90-639,314.0,promien_500m
111B,90-730,321.8,promien_500m
111B,90-401,325.5,promien_500m
111B,90-727,328.5,promien_500m
111B,90-762,330.5,promien_500m
111B,90-703,333.6,promien_500m
111B,90-754,340.8,promien_500m
111B,90-753,347.5,promien_500m
111B,91-070,351.5,promien_500m
111B,90-502,353.2,promien_500m
111B,90-716,354.2,promien_500m
111B,90-617,357.7,promien_500m
111B,90-612,358.2,promien_500m
111B,90-728,358.3,promien_500m
111B,90-636,373.4,promien_500m
111B,90-601,385.1,promien_500m
111B,90-752,385.7,promien_500m
111B,90-616,397.3,promien_500m
111B,90-706,404.0,promien_500m
111B,90-637,404.2,promien_500m
111B,90-757,406.2,promien_500m
111B,90-630,407.0,promien_500m
111B,90-638,409.8,promien_500m
111B,90-643,411.6,promien_500m
111B,90-623,414.0,promien_500m
111B,91-068,414.9,promien_500m
111B,91-069,416.2,promien_500m
111B,91-072,416.2,promien_500m
111B,94-015,417.6,promien_500m
111B,90-702,419.1,promien_500m
111B,90-625,419.3,promien_500m
111B,90-707,427.5,promien_500m
111B,90-708,430.3,promien_500m
111B,90-763,439.2,promien_500m
111B,90-626,439.5,promien_500m
111B,90-546,443.5,promien_500m
111B,90-619,446.1,promien_500m
111B,90-755,446.9,promien_500m
111B,90-645,451.0,promien_500m
111B,90-515,460.0,promien_500m
111B,91-067,463.9,promien_500m
111B,90-731,464.9,promien_500m
111B,90-720,465.9,promien_500m
111B,90-759,468.8,promien_500m
111B,90-646,479.1,promien_500m
111B,90-640,485.2,promien_500m
111B,90-415,492.6,promien_500m
111B,90-647,493.4,promien_500m
112B,90-743,0.0,promien_500m
112B,90-604,29.8,promien_500m
112B,90-602,48.5,promien_500m
112B,90-736,63.0,promien_500m
112B,90-746,64.4,promien_500m
112B,90-629,68.8,promien_500m
112B,90-624,85.1,promien_500m
112B,90-618,108.5,promien_500m
112B,90-745,109.8,promien_500m
112B,90-737,111.4,promien_500m
112B,90-735,148.4,promien_500m
112B,90-750,171.9,promien_500m
112B,90-558,180.8,promien_500m
112B,90-615,186.9,promien_500m
112B,90-507,191.9,promien_500m
112B,90-734,195.7,promien_500m
112B,90-617,198.5,promien_500m
112B,90-748,200.9,promien_500m
112B,90-639,201.7,promien_500m
112B,90-502,210.9,promien_500m
112B,90-411,220.5,promien_500m
112B,90-635,223.7,promien_500m
112B,90-747,225.3,promien_500m
112B,90-742,228.2,promien_500m
112B,90-637,239.3,promien_500m
112B,90-630,241.4,promien_500m
112B,90-636,244.2,promien_500m
112B,90-749,245.0,promien_500m
112B,90-711,246.1,promien_500m
112B,90-616,250.4,promien_500m
112B,90-638,257.5,promien_500m
112B,90-623,260.3,promien_500m
112B,90-718,261.3,promien_500m
112B,90-625,261.5,promien_500m
112B,90-729,263.9,promien_500m
112B,90-741,267.2,promien_500m
112B,90-758,267.8,promien_500m
112B,90-717,276.6,promien_500m
112B,90-546,278.0,promien_500m
112B,90-626,283.9,promien_500m
112B,90-612,284.0,promien_500m
112B,90-619,286.9,promien_500m
112B,90-739,306.7,promien_500m
112B,90-740,307.1,promien_500m
112B,90-730,311.0,promien_500m
112B,90-754,319.1,promien_500m
112B,90-756,326.6,promien_500m
112B,90-753,330.2,promien_500m
112B,90-601,334.4,promien_500m
112B,90-645,339.7,promien_500m
112B,90-643,343.5,promien_500m
112B,90-646,354.4,promien_500m
112B,90-640,355.6,promien_500m
112B,90-715,373.5,promien_500m
112B,90-613,376.6,promien_500m
112B,90-713,378.6,promien_500m
112B,90-727,383.0,promien_500m
112B,90-752,390.6,promien_500m
112B,90-415,393.7,promien_500m
112B,90-728,398.9,promien_500m
112B,90-569,404.6,promien_500m
112B,90-757,405.6,promien_500m
112B,90-712,420.3,promien_500m
112B,90-759,424.4,promien_500m
112B,90-710,432.8,promien_500m
112B,90-716,433.1,promien_500m
112B,90-416,439.2,promien_500m
112B,90-647,442.4,promien_500m
112B,90-607,444.7,promien_500m
112B,90-731,450.4,promien_500m
112B,90-644,451.8,promien_500m
112B,90-606,456.8,promien_500m
112B,90-762,461.5,promien_500m
112B,90-703,474.0,promien_500m
112B,90-515,477.0,promien_500m
112B,90-401,485.7,promien_500m
112B,90-755,492.5,promien_500m
113B,90-736,0.0,promien_500m
113B,90-737,14.8,promien_500m
113B,90-743,36.7,promien_500m
113B,90-735,72.1,promien_500m
113B,90-507,77.4,promien_500m
113B,90-602,78.7,promien_500m
113B,90-734,87.0,promien_500m
113B,90-624,102.3,promien_500m
113B,90-604,122.7,promien_500m
113B,90-411,132.9,promien_500m
113B,90-711,134.0,promien_500m
113B,90-729,134.1,promien_500m
113B,90-746,166.5,promien_500m
113B,90-615,171.9,promien_500m
113B,90-742,175.2,promien_500m
113B,90-718,178.0,promien_500m
113B,90-629,179.4,promien_500m
113B,90-730,199.8,promien_500m
113B,90-745,221.5,promien_500m
113B,90-612,224.4,promien_500m
113B,90-741,225.9,promien_500m
113B,90-739,234.7,promien_500m
113B,90-717,238.3,promien_500m
113B,90-715,238.6,promien_500m
113B,90-618,240.7,promien_500m
113B,90-502,244.7,promien_500m
113B,90-727,249.1,promien_500m
113B,90-601,253.1,promien_500m
113B,90-748,267.0,promien_500m
113B,90-728,271.3,promien_500m
113B,90-747,272.3,promien_500m
113B,90-750,272.6,promien_500m
113B,90-558,272.8,promien_500m
113B,90-617,277.8,promien_500m
113B,90-616,288.4,promien_500m
113B,90-713,293.5,promien_500m
113B,90-716,297.7,promien_500m
113B,90-740,301.4,promien_500m
113B,90-623,314.5,promien_500m
113B,90-637,316.7,promien_500m
113B,90-625,324.7,promien_500m
113B,90-639,335.6,promien_500m
113B,90-710,340.1,promien_500m
113B,90-626,341.6,promien_500m
113B,90-749,342.4,promien_500m
113B,90-630,344.0,promien_500m
113B,90-731,345.1,promien_500m
113B,90-712,345.8,promien_500m
113B,90-758,353.3,promien_500m
113B,90-635,354.2,promien_500m
113B,90-515,355.7,promien_500m
113B,90-569,357.8,promien_500m
113B,90-415,360.1,promien_500m
113B,90-756,374.5,promien_500m
113B,90-636,379.5,promien_500m
113B,90-546,380.0,promien_500m
113B,90-607,383.3,promien_500m
113B,90-638,386.4,promien_500m
113B,90-720,390.6,promien_500m
113B,90-606,398.7,promien_500m
113B,90-706,400.0,promien_500m
113B,90-708,401.3,promien_500m
113B,90-613,401.9,promien_500m
113B,90-619,405.2,promien_500m
113B,90-732,409.5,promien_500m
113B,90-707,416.0,promien_500m
113B,90-416,420.4,promien_500m
113B,90-722,421.1,promien_500m
113B,94-015,422.2,promien_500m
113B,90-721,426.1,promien_500m
113B,90-754,426.1,promien_500m
113B,90-703,433.5,promien_500m
113B,90-753,434.4,promien_500m
113B,90-401,442.4,promien_500m
113B,91-070,459.2,promien_500m
113B,90-723,460.7,promien_500m
113B,90-762,462.1,promien_500m
113B,90-402,464.0,promien_500m
113B,90-643,468.8,promien_500m
113B,90-418,473.9,promien_500m
113B,90-645,474.6,promien_500m
113B,90-702,477.4,promien_500m
113B,90-646,489.7,promien_500m
113B,90-640,490.6,promien_500m
113B,90-752,499.1,promien_500m
114B,90-737,0.0,promien_500m
114B,90-736,4.2,promien_500m
114B,90-602,39.5,promien_500m
114B,90-507,61.6,promien_500m
114B,90-624,62.0,promien_500m
114B,90-743,66.7,promien_500m
114B,90-604,87.1,promien_500m
114B,90-734,105.4,promien_500m
114B,90-735,121.7,promien_500m
114B,90-615,123.0,promien_500m
114B,90-729,137.6,promien_500m
114B,90-411,141.2,promien_500m
114B,90-629,148.9,promien_500m
114B,90-711,180.0,promien_500m
114B,90-730,181.7,promien_500m
114B,90-746,184.2,promien_500m
114B,90-612,184.3,promien_500m
114B,90-502,196.8,promien_500m
114B,90-601,218.7,promien_500m
114B,90-718,223.1,promien_500m
114B,90-742,223.9,promien_500m
114B,90-618,224.5,promien_500m
114B,90-617,235.8,promien_500m
114B,90-745,237.1,promien_500m
114B,90-616,240.1,promien_500m
114B,90-727,258.9,promien_500m
114B,90-715,261.7,promien_500m
114B,90-623,268.1,promien_500m
114B,90-728,269.1,promien_500m
114B,90-637,273.0,promien_500m
114B,90-741,275.3,promien_500m
114B,90-625,278.8,promien_500m
114B,90-739,280.2,promien_500m
114B,90-717,286.8,promien_500m
114B,90-750,289.3,promien_500m
114B,90-558,292.8,promien_500m
114B,90-626,295.3,promien_500m
114B,90-748,295.4,promien_500m
114B,90-747,306.5,promien_500m
114B,90-630,308.2,promien_500m
114B,90-716,313.2,promien_500m
114B,90-415,314.3,promien_500m
114B,90-731,323.9,promien_500m
114B,90-639,330.8,promien_500m
114B,90-713,339.7,promien_500m
114B,90-546,343.3,promien_500m
114B,90-607,343.7,promien_500m
114B,90-740,346.4,promien_500m
114B,90-515,346.7,promien_500m
114B,90-613,352.4,promien_500m
114B,90-635,353.9,promien_500m
114B,90-606,358.5,promien_500m
114B,90-638,363.3,promien_500m
114B,90-749,365.6,promien_500m
114B,90-636,367.4,promien_500m
114B,90-416,373.8,promien_500m
114B,90-619,374.8,promien_500m
114B,90-758,377.1,promien_500m
114B,90-710,386.3,promien_500m
114B,90-712,390.9,promien_500m
114B,90-732,396.6,promien_500m
114B,90-720,397.2,promien_500m
114B,90-569,407.2,promien_500m
114B,90-756,409.8,promien_500m
114B,90-722,413.3,promien_500m
114B,90-721,423.1,promien_500m
114B,90-708,426.3,promien_500m
114B,90-706,432.5,promien_500m
114B,90-754,442.1,promien_500m
114B,90-723,443.1,promien_500m
114B,90-707,446.1,promien_500m
114B,90-418,447.4,promien_500m
114B,90-753,451.4,promien_500m
114B,94-015,456.7,promien_500m
114B,90-402,464.9,promien_500m
114B,90-645,466.5,promien_500m
114B,90-643,473.5,promien_500m
114B,90-608,474.0,promien_500m
114B,90-640,475.5,promien_500m
114B,90-646,476.6,promien_500m
114B,90-703,482.1,promien_500m
114B,90-401,491.8,promien_500m
115B,90-602,0.0,promien_500m
115B,90-615,30.9,promien_500m
115B,90-737,51.4,promien_500m
115B,90-507,62.8,promien_500m
115B,90-624,65.4,promien_500m
115B,90-729,81.1,promien_500m
115B,90-736,87.8,promien_500m
115B,90-612,88.7,promien_500m
115B,90-730,120.7,promien_500m
115B,90-604,123.9,promien_500m
115B,90-601,132.1,promien_500m
115B,90-502,142.6,promien_500m
115B,90-734,143.5,promien_500m
115B,90-743,149.2,promien_500m
115B,90-629,159.0,promien_500m
115B,90-411,162.7,promien_500m
115B,90-616,172.3,promien_500m
115B,90-735,191.9,promien_500m
115B,90-623,200.3,promien_500m
115B,90-617,209.4,promien_500m
115B,90-415,213.2,promien_500m
115B,90-625,229.6,promien_500m
115B,90-637,235.2,promien_500m
115B,90-728,241.6,promien_500m
115B,90-626,242.7,promien_500m
115B,90-607,245.7,promien_500m
115B,90-731,257.0,promien_500m
115B,90-711,259.5,promien_500m
115B,90-606,259.6,promien_500m
115B,90-727,260.4,promien_500m
115B,90-746,266.1,promien_500m
115B,90-613,267.2,promien_500m
115B,90-618,267.8,promien_500m
115B,90-416,273.3,promien_500m
115B,90-715,278.2,promien_500m
115B,90-718,281.8,promien_500m
115B,90-630,296.3,promien_500m
115B,90-515,300.2,promien_500m
115B,90-745,312.5,promien_500m
115B,90-716,316.0,promien_500m
115B,90-742,322.1,promien_500m
115B,90-546,326.7,promien_500m
115B,90-732,328.9,promien_500m
115B,90-717,332.2,promien_500m
115B,90-739,342.6,promien_500m
115B,90-723,365.6,promien_500m
115B,90-418,366.8,promien_500m
115B,90-722,368.3,promien_500m
115B,90-741,371.0,promien_500m
115B,90-608,372.8,promien_500m
115B,90-750,373.9,promien_500m
115B,90-619,375.0,promien_500m
115B,90-558,380.7,promien_500m
115B,90-638,382.1,promien_500m
115B,90-720,382.1,promien_500m
115B,90-646,383.9,promien_500m
115B,90-639,386.0,promien_500m
115B,90-721,387.1,promien_500m
115B,90-748,390.2,promien_500m
115B,90-713,402.3,promien_500m
115B,90-636,404.0,promien_500m
115B,90-747,404.9,promien_500m
115B,90-635,414.5,promien_500m
115B,90-414,432.5,promien_500m
115B,90-402,435.5,promien_500m
115B,90-419,436.2,promien_500m
115B,90-725,441.5,promien_500m
115B,90-708,445.1,promien_500m
115B,90-749,447.0,promien_500m
115B,90-740,447.5,promien_500m
115B,90-712,453.4,promien_500m
115B,90-710,458.5,promien_500m
115B,90-758,467.1,promien_500m
115B,90-706,471.1,promien_500m
115B,90-631,475.6,promien_500m
115B,90-707,479.0,promien_500m
115B,90-640,497.4,promien_500m
115B,94-015,499.2,promien_500m
116B,90-602,0.0,promien_500m
116B,90-612,32.7,promien_500m
116B,90-729,39.9,promien_500m
116B,90-615,42.7,promien_500m
116B,90-507,57.2,promien_500m
116B,90-730,63.7,promien_500m
116B,90-601,72.0,promien_500m
116B,90-737,105.9,promien_500m
116B,90-624,112.0,promien_500m
116B,90-736,144.1,promien_500m
116B,90-734,152.6,promien_500m
116B,90-616,159.8,promien_500m
116B,90-411,163.2,promien_500m
116B,90-415,171.5,promien_500m
116B,90-502,176.3,promien_500m
116B,90-604,183.8,promien_500m
116B,90-607,192.0,promien_500m
116B,90-731,199.8,promien_500m
116B,90-728,203.4,promien_500m
116B,90-743,207.0,promien_500m
116B,90-606,207.2,promien_500m
116B,90-623,208.0,promien_500m
116B,90-735,213.2,promien_500m
116B,90-629,215.0,promien_500m
116B,90-727,236.1,promien_500m
116B,90-416,236.2,promien_500m
116B,90-515,249.7,promien_500m
116B,90-617,250.4,promien_500m
116B,90-715,257.2,promien_500m
116B,90-613,257.3,promien_500m
116B,90-625,258.6,promien_500m
116B,90-626,265.1,promien_500m
116B,90-637,267.0,promien_500m
116B,90-732,270.0,promien_500m
116B,90-718,283.3,promien_500m
116B,90-711,283.7,promien_500m
116B,90-716,290.6,promien_500m
116B,90-723,305.7,promien_500m
116B,90-418,306.7,promien_500m
116B,90-722,317.5,promien_500m
116B,90-746,325.2,promien_500m
116B,90-717,325.9,promien_500m
116B,90-618,326.5,promien_500m
116B,90-608,332.0,promien_500m
116B,90-646,332.0,promien_500m
116B,90-630,337.8,promien_500m
116B,90-721,339.2,promien_500m
116B,90-720,344.8,promien_500m
116B,90-739,345.7,promien_500m
116B,90-742,361.7,promien_500m
116B,90-546,368.3,promien_500m
116B,90-745,372.3,promien_500m
116B,90-414,372.4,promien_500m
116B,90-419,376.8,promien_500m
116B,90-725,381.4,promien_500m
116B,90-402,386.8,promien_500m
116B,90-713,403.3,promien_500m
116B,90-741,406.7,promien_500m
116B,90-619,420.6,promien_500m
116B,90-708,423.2,promien_500m
116B,90-750,432.9,promien_500m
116B,90-638,434.7,promien_500m
116B,90-558,439.0,promien_500m
116B,90-413,442.5,promien_500m
116B,90-639,445.4,promien_500m
116B,90-748,446.2,promien_500m
116B,90-712,451.7,promien_500m
116B,90-747,458.5,promien_500m
116B,90-636,460.1,promien_500m
116B,90-706,461.8,promien_500m
116B,90-410,462.5,promien_500m
116B,90-707,465.9,promien_500m
116B,90-710,471.8,promien_500m
116B,90-635,474.3,promien_500m
116B,90-631,477.7,promien_500m
116B,90-403,485.9,promien_500m
116B,94-015,491.6,promien_500m
116B,90-740,492.6,promien_500m
116B,90-404,495.7,promien_500m
117A,90-729,0.0,promien_500m
117A,90-730,3.9,promien_500m
117A,90-507,22.9,promien_500m
117A,90-734,46.8,promien_500m
117A,90-728,56.4,promien_500m
117A,90-727,78.4,promien_500m
117A,90-411,93.0,promien_500m
117A,90-715,103.7,promien_500m
117A,90-602,106.7,promien_500m
117A,90-601,116.0,promien_500m
117A,90-737,125.6,promien_500m
117A,90-716,133.3,promien_500m
117A,90-515,137.2,promien_500m
117A,90-731,140.5,promien_500m
117A,90-612,144.9,promien_500m
117A,90-718,158.4,promien_500m
117A,90-735,167.7,promien_500m
117A,90-717,180.9,promien_500m
117A,90-732,192.9,promien_500m
117A,90-720,193.2,promien_500m
117A,90-615,197.6,promien_500m
117A,90-736,199.3,promien_500m
117A,90-711,200.6,promien_500m
117A,90-722,202.6,promien_500m
117A,90-721,210.4,promien_500m
117A,90-739,224.6,promien_500m
117A,90-607,239.4,promien_500m
117A,90-723,246.3,promien_500m
117A,90-624,249.5,promien_500m
117A,90-402,253.3,promien_500m
117A,90-743,254.1,promien_500m
117A,90-415,255.1,promien_500m
117A,90-713,259.9,promien_500m
117A,90-708,266.4,promien_500m
117A,90-606,282.3,promien_500m
117A,90-418,282.5,promien_500m
117A,90-604,288.1,promien_500m
117A,90-616,309.5,promien_500m
117A,90-712,310.1,promien_500m
117A,90-706,314.4,promien_500m
117A,90-707,314.8,promien_500m
117A,90-742,317.7,promien_500m
117A,90-725,321.2,promien_500m
117A,90-502,328.9,promien_500m
117A,90-629,339.7,promien_500m
117A,90-404,340.5,promien_500m
117A,90-414,344.9,promien_500m
117A,94-015,345.1,promien_500m
117A,90-416,351.1,promien_500m
117A,90-623,354.0,promien_500m
117A,90-710,359.9,promien_500m
117A,90-741,362.1,promien_500m
117A,90-403,362.9,promien_500m
117A,90-746,372.3,promien_500m
117A,90-419,373.8,promien_500m
117A,90-646,392.0,promien_500m
117A,90-617,398.6,promien_500m
117A,90-613,399.6,promien_500m
117A,90-410,406.7,promien_500m
117A,90-625,414.1,promien_500m
117A,90-637,421.6,promien_500m
117A,90-626,422.5,promien_500m
117A,90-608,424.2,promien_500m
117A,90-413,432.7,promien_500m
117A,90-745,433.8,promien_500m
117A,90-618,434.3,promien_500m
117A,90-401,435.0,promien_500m
117A,90-701,444.4,promien_500m
117A,90-408,446.4,promien_500m
117A,90-406,452.6,promien_500m
117A,90-569,459.0,promien_500m
117A,90-702,459.5,promien_500m
117A,90-407,464.8,promien_500m
117A,90-740,472.7,promien_500m
117A,90-748,477.3,promien_500m
117A,90-747,477.8,promien_500m
117A,90-630,485.4,promien_500m
117A,90-703,487.6,promien_500m
117A,90-558,490.7,promien_500m
117A,90-750,490.7,promien_500m
117A,90-265,499.0,promien_500m
118A,90-730,0.0,promien_500m
118A,90-729,6.4,promien_500m
118A,90-507,19.0,promien_500m
118A,90-728,44.6,promien_500m
118A,90-734,53.7,promien_500m
118A,90-727,72.8,promien_500m
118A,90-715,103.1,promien_500m
118A,90-411,105.5,promien_500m
118A,90-601,108.1,promien_500m
118A,90-602,115.2,promien_500m
118A,90-515,124.3,promien_500m
118A,90-731,127.5,promien_500m
118A,90-716,129.3,promien_500m
118A,90-737,138.6,promien_500m
118A,90-612,145.4,promien_500m
118A,90-718,162.2,promien_500m
118A,90-717,174.1,promien_500m
118A,90-732,180.0,promien_500m
118A,90-735,180.0,promien_500m
118A,90-720,183.7,promien_500m
118A,90-722,189.7,promien_500m
118A,90-721,198.1,promien_500m
118A,90-615,205.3,promien_500m
118A,90-711,209.7,promien_500m
118A,90-736,212.2,promien_500m
118A,90-739,230.2,promien_500m
118A,90-607,231.0,promien_500m
118A,90-723,233.6,promien_500m
118A,90-402,241.6,promien_500m
118A,90-415,251.8,promien_500m
118A,90-624,260.3,promien_500m
118A,90-713,261.2,promien_500m
118A,90-708,262.4,promien_500m
118A,90-743,267.1,promien_500m
118A,90-418,271.8,promien_500m
118A,90-606,278.4,promien_500m
118A,90-604,299.7,promien_500m
118A,90-725,308.5,promien_500m
118A,90-712,311.5,promien_500m
118A,90-616,312.9,promien_500m
118A,90-707,313.4,promien_500m
118A,90-706,313.6,promien_500m
118A,90-742,328.9,promien_500m
118A,90-404,332.4,promien_500m
118A,90-414,333.7,promien_500m
118A,90-502,337.0,promien_500m
118A,94-015,344.1,promien_500m
118A,90-416,349.9,promien_500m
118A,90-629,350.5,promien_500m
118A,90-403,350.6,promien_500m
118A,90-623,355.4,promien_500m
118A,90-710,362.8,promien_500m
118A,90-419,363.3,promien_500m
118A,90-741,373.1,promien_500m
118A,90-746,384.3,promien_500m
118A,90-646,385.8,promien_500m
118A,90-410,394.3,promien_500m
118A,90-613,401.2,promien_500m
118A,90-617,407.5,promien_500m
118A,90-608,419.6,promien_500m
118A,90-625,421.6,promien_500m
118A,90-413,421.9,promien_500m
118A,90-401,428.6,promien_500m
118A,90-626,429.1,promien_500m
118A,90-637,429.4,promien_500m
118A,90-408,436.4,promien_500m
118A,90-701,437.3,promien_500m
118A,90-406,440.1,promien_500m
118A,90-618,446.2,promien_500m
118A,90-745,446.3,promien_500m
118A,90-407,452.6,promien_500m
118A,90-702,459.8,promien_500m
118A,90-569,467.0,promien_500m
118A,90-740,484.5,promien_500m
118A,90-265,486.2,promien_500m
118A,90-748,490.1,promien_500m
118A,90-747,490.6,promien_500m
118A,90-703,494.5,promien_500m
118A,90-630,494.7,promien_500m
119A,90-730,0.0,promien_500m
119A,90-729,7.0,promien_500m
119A,90-602,34.3,promien_500m
119A,90-601,55.4,promien_500m
119A,90-612,58.3,promien_500m
119A,90-507,60.8,promien_500m
119A,90-728,117.5,promien_500m
119A,90-731,117.5,promien_500m
119A,90-734,121.9,promien_500m
119A,90-615,131.3,promien_500m
119A,90-411,143.0,promien_500m
119A,90-737,149.9,promien_500m
119A,90-515,158.1,promien_500m
119A,90-727,158.6,promien_500m
119A,90-415,172.4,promien_500m
119A,90-607,178.2,promien_500m
119A,90-715,189.9,promien_500m
119A,90-732,193.0,promien_500m
119A,90-606,201.2,promien_500m
119A,90-624,203.4,promien_500m
119A,90-736,208.7,promien_500m
119A,90-735,214.3,promien_500m
119A,90-716,216.0,promien_500m
119A,90-722,226.1,promien_500m
119A,90-616,227.4,promien_500m
119A,90-723,236.7,promien_500m
119A,90-418,242.3,promien_500m
119A,90-718,243.6,promien_500m
119A,90-721,247.2,promien_500m
119A,90-720,256.5,promien_500m
119A,90-717,256.7,promien_500m
119A,90-604,262.5,promien_500m
119A,90-416,264.8,promien_500m
119A,90-743,267.5,promien_500m
119A,90-502,267.8,promien_500m
119A,90-623,268.2,promien_500m
119A,90-711,271.7,promien_500m
119A,90-402,298.6,promien_500m
119A,90-629,302.2,promien_500m
119A,90-739,306.5,promien_500m
119A,90-414,308.4,promien_500m
119A,90-725,312.5,promien_500m
119A,90-613,314.0,promien_500m
119A,90-646,317.7,promien_500m
119A,90-419,325.1,promien_500m
119A,90-617,342.3,promien_500m
119A,90-608,344.0,promien_500m
119A,90-713,346.6,promien_500m
119A,90-625,348.3,promien_500m
119A,90-708,348.7,promien_500m
119A,90-626,351.9,promien_500m
119A,90-637,357.3,promien_500m
119A,90-742,371.7,promien_500m
119A,90-410,388.3,promien_500m
119A,90-413,389.4,promien_500m
119A,90-746,391.1,promien_500m
119A,90-403,394.5,promien_500m
119A,90-712,396.7,promien_500m
119A,90-707,400.6,promien_500m
119A,90-706,400.7,promien_500m
119A,90-618,409.2,promien_500m
119A,90-404,409.6,promien_500m
119A,90-741,416.4,promien_500m
119A,90-630,429.3,promien_500m
119A,94-015,431.3,promien_500m
119A,90-745,442.2,promien_500m
119A,90-710,442.6,promien_500m
119A,90-546,460.2,promien_500m
119A,90-406,480.2,promien_500m
119A,90-422,484.2,promien_500m
119A,90-265,488.5,promien_500m
119A,90-105,494.6,promien_500m
119A,90-135,495.1,promien_500m
119A,90-750,496.3,promien_500m
119A,90-407,497.1,promien_500m
119A,90-748,498.3,promien_500m
119A,90-558,499.5,promien_500m
11A,91-063,0.0,promien_500m
11A,90-402,30.0,promien_500m
11A,91-062,62.1,promien_500m
11A,91-069,72.1,promien_500m
11A,90-401,94.4,promien_500m
11A,91-065,103.0,promien_500m
11A,91-415,105.0,promien_500m
11A,90-701,126.4,promien_500m
11A,90-403,144.2,promien_500m
11A,91-061,145.4,promien_500m
11A,91-064,170.5,promien_500m
11A,91-066,187.2,promien_500m
11A,91-414,198.5,promien_500m
11A,90-507,221.3,promien_500m
11A,91-420,230.9,promien_500m
11A,91-002,240.5,promien_500m
11A,90-270,242.7,promien_500m
11A,90-406,243.1,promien_500m
11A,90-707,257.2,promien_500m
11A,91-416,264.4,promien_500m
11A,90-708,271.7,promien_500m
11A,91-006,272.2,promien_500m
11A,90-408,287.0,promien_500m
11A,90-201,288.6,promien_500m
11A,91-417,298.6,promien_500m
11A,91-067,305.6,promien_500m
11A,90-706,317.8,promien_500m
11A,90-702,327.3,promien_500m
11A,90-404,337.7,promien_500m
11A,90-272,355.2,promien_500m
11A,90-004,363.8,promien_500m
11A,90-273,374.4,promien_500m
11A,90-720,376.2,promien_500m
11A,91-437,387.5,promien_500m
11A,90-269,389.6,promien_500m
11A,90-202,403.2,promien_500m
11A,94-015,406.1,promien_500m
11A,90-271,410.9,promien_500m
11A,90-407,412.2,promien_500m
11A,91-434,412.3,promien_500m
11A,90-717,422.4,promien_500m
11A,91-071,424.7,promien_500m
11A,90-715,431.4,promien_500m
11A,91-438,438.8,promien_500m
11A,90-712,450.0,promien_500m
11A,90-716,455.8,promien_500m
11A,90-718,462.8,promien_500m
11A,90-710,465.3,promien_500m
11A,90-713,465.4,promien_500m
11A,90-206,479.4,promien_500m
120A,90-515,0.0,promien_500m
120A,90-732,8.9,promien_500m
120A,90-722,15.7,promien_500m
120A,90-728,17.5,promien_500m
120A,90-731,27.7,promien_500m
120A,90-721,53.4,promien_500m
120A,90-723,53.4,promien_500m
120A,90-727,59.0,promien_500m
120A,90-730,61.1,promien_500m
120A,90-720,91.8,promien_500m
120A,90-402,99.5,promien_500m
120A,90-601,114.2,promien_500m
120A,90-725,130.1,promien_500m
120A,90-411,133.4,promien_500m
120A,90-718,135.5,promien_500m
120A,90-418,164.3,promien_500m
120A,90-607,164.9,promien_500m
120A,90-716,169.0,promien_500m
120A,90-507,170.3,promien_500m
120A,90-717,178.7,promien_500m
120A,90-403,179.1,promien_500m
120A,90-729,182.1,promien_500m
120A,90-715,195.0,promien_500m
120A,90-414,196.6,promien_500m
120A,90-734,201.6,promien_500m
120A,90-410,222.7,promien_500m
120A,90-419,238.1,promien_500m
120A,90-404,239.1,promien_500m
120A,90-708,241.6,promien_500m
120A,90-602,244.6,promien_500m
120A,90-612,249.1,promien_500m
120A,90-406,263.3,promien_500m
120A,90-415,279.1,promien_500m
120A,90-407,281.0,promien_500m
120A,90-413,290.1,promien_500m
120A,90-606,291.1,promien_500m
120A,90-265,299.4,promien_500m
120A,90-408,312.6,promien_500m
120A,90-269,323.3,promien_500m
120A,90-737,325.5,promien_500m
120A,90-264,331.4,promien_500m
120A,90-615,335.3,promien_500m
120A,90-713,336.2,promien_500m
120A,90-707,336.5,promien_500m
120A,90-135,345.0,promien_500m
120A,90-646,345.4,promien_500m
120A,90-105,346.0,promien_500m
120A,90-739,347.5,promien_500m
120A,90-616,348.3,promien_500m
120A,90-706,349.7,promien_500m
120A,90-231,354.3,promien_500m
120A,90-004,358.2,promien_500m
120A,90-735,362.3,promien_500m
120A,90-701,364.9,promien_500m
120A,90-711,366.0,promien_500m
120A,90-401,369.6,promien_500m
120A,90-712,372.4,promien_500m
120A,90-268,375.2,promien_500m
120A,94-015,376.3,promien_500m
120A,90-416,381.1,promien_500m
120A,90-736,398.9,promien_500m
120A,90-608,399.6,promien_500m
120A,90-624,419.7,promien_500m
120A,90-266,423.1,promien_500m
120A,90-623,424.7,promien_500m
120A,90-273,426.0,promien_500m
120A,90-272,434.7,promien_500m
120A,90-710,437.4,promien_500m
120A,90-613,443.8,promien_500m
120A,90-270,445.0,promien_500m
120A,90-267,452.7,promien_500m
120A,90-743,454.2,promien_500m
120A,90-422,454.6,promien_500m
120A,91-415,468.1,promien_500m
120A,90-117,472.0,promien_500m
120A,90-604,475.7,promien_500m
120A,90-502,480.2,promien_500m
120A,90-102,494.4,promien_500m
120A,90-206,495.9,promien_500m
120A,90-107,497.4,promien_500m
120A,90-261,498.8,promien_500m
120A,90-742,498.9,promien_500m
121A,90-723,0.0,promien_500m
121A,90-402,17.7,promien_500m
121A,90-725,18.8,promien_500m
121A,90-732,43.9,promien_500m
121A,90-414,78.2,promien_500m
121A,90-731,86.2,promien_500m
121A,90-418,87.0,promien_500m
121A,90-722,89.8,promien_500m
121A,90-410,95.8,promien_500m
121A,90-607,99.9,promien_500m
121A,90-411,101.1,promien_500m
121A,90-515,122.5,promien_500m
121A,90-419,124.8,promien_500m
121A,90-721,128.8,promien_500m
121A,90-601,132.2,promien_500m
121A,90-728,143.0,promien_500m
121A,90-730,164.2,promien_500m
121A,90-413,164.8,promien_500m
121A,90-727,175.7,promien_500m
121A,90-403,193.8,promien_500m
121A,90-265,194.9,promien_500m
121A,90-720,202.2,promien_500m
121A,90-105,215.6,promien_500m
121A,90-135,215.9,promien_500m
121A,90-406,242.9,promien_500m
121A,90-264,249.0,promien_500m
121A,90-004,249.2,promien_500m
121A,90-269,257.3,promien_500m
121A,90-718,260.7,promien_500m
121A,90-646,261.5,promien_500m
121A,90-407,271.2,promien_500m
121A,90-415,272.7,promien_500m
121A,90-606,277.3,promien_500m
121A,90-612,281.0,promien_500m
121A,90-231,282.1,promien_500m
121A,90-717,287.5,promien_500m
121A,90-507,289.1,promien_500m
121A,90-268,296.2,promien_500m
121A,90-716,298.8,promien_500m
121A,90-729,298.8,promien_500m
121A,90-602,305.3,promien_500m
121A,90-404,310.2,promien_500m
121A,90-266,323.2,promien_500m
121A,90-734,325.9,promien_500m
121A,90-715,326.7,promien_500m
121A,90-616,331.1,promien_500m
121A,90-117,341.1,promien_500m
121A,90-608,342.3,promien_500m
121A,90-422,346.3,promien_500m
121A,90-708,349.5,promien_500m
121A,90-416,350.5,promien_500m
121A,90-408,364.2,promien_500m
121A,90-107,368.5,promien_500m
121A,90-102,369.2,promien_500m
121A,90-267,383.2,promien_500m
121A,90-615,385.1,promien_500m
121A,90-113,388.2,promien_500m
121A,90-272,395.4,promien_500m
121A,90-273,402.6,promien_500m
121A,90-111,406.9,promien_500m
121A,90-261,412.3,promien_500m
121A,90-262,416.2,promien_500m
121A,90-613,417.3,promien_500m
121A,90-623,426.2,promien_500m
121A,90-263,426.7,promien_500m
121A,90-737,434.8,promien_500m
121A,90-110,437.9,promien_500m
121A,90-106,438.6,promien_500m
121A,90-707,443.1,promien_500m
121A,90-270,446.0,promien_500m
121A,90-701,447.5,promien_500m
121A,90-101,454.7,promien_500m
121A,90-401,456.0,promien_500m
121A,90-206,458.2,promien_500m
121A,90-423,458.6,promien_500m
121A,90-271,465.9,promien_500m
121A,90-713,466.8,promien_500m
121A,90-706,474.8,promien_500m
121A,90-735,478.5,promien_500m
121A,90-739,479.1,promien_500m
121A,90-624,483.8,promien_500m
121A,90-711,493.4,promien_500m
121A,94-015,499.7,promien_500m
122A,90-725,0.0,promien_500m
122A,90-402,3.3,promien_500m
122A,90-723,10.1,promien_500m
122A,90-410,69.6,promien_500m
122A,90-414,70.9,promien_500m
122A,90-732,72.8,promien_500m
122A,90-411,91.7,promien_500m
122A,90-418,96.0,promien_500m
122A,90-722,96.6,promien_500m
122A,90-731,111.1,promien_500m
122A,90-607,122.3,promien_500m
122A,90-721,127.2,promien_500m
122A,90-419,127.6,promien_500m
122A,90-515,144.3,promien_500m
122A,90-413,156.6,promien_500m
122A,90-601,156.9,promien_500m
122A,90-728,162.8,promien_500m
122A,90-265,166.7,promien_500m
122A,90-403,185.9,promien_500m
122A,90-135,191.6,promien_500m
122A,90-727,191.8,promien_500m
122A,90-730,191.9,promien_500m
122A,90-105,192.5,promien_500m
122A,90-720,212.9,promien_500m
122A,90-004,220.3,promien_500m
122A,90-264,221.4,promien_500m
122A,90-406,225.5,promien_500m
122A,90-269,231.8,promien_500m
122A,90-407,255.4,promien_500m
122A,90-231,255.5,promien_500m
122A,90-646,256.1,promien_500m
122A,90-415,268.5,promien_500m
122A,90-268,268.7,promien_500m
122A,90-718,277.1,promien_500m
122A,90-266,294.5,promien_500m
122A,90-404,296.8,promien_500m
122A,90-717,297.3,promien_500m
122A,90-606,300.4,promien_500m
122A,90-612,306.2,promien_500m
122A,90-507,315.4,promien_500m
122A,90-716,317.2,promien_500m
122A,90-117,318.5,promien_500m
122A,90-729,325.4,promien_500m
122A,90-602,334.1,promien_500m
122A,90-422,338.0,promien_500m
122A,90-715,348.2,promien_500m
122A,90-734,351.3,promien_500m
122A,90-616,353.5,promien_500m
122A,90-107,354.5,promien_500m
122A,90-267,356.3,promien_500m
122A,90-708,356.3,promien_500m
122A,90-608,357.2,promien_500m
122A,90-102,358.4,promien_500m
122A,90-408,359.1,promien_500m
122A,90-113,367.7,promien_500m
122A,90-416,370.5,promien_500m
122A,90-272,372.5,promien_500m
122A,90-273,380.1,promien_500m
122A,90-261,383.6,promien_500m
122A,90-262,387.8,promien_500m
122A,90-111,394.4,promien_500m
122A,90-263,398.9,promien_500m
122A,90-615,413.4,promien_500m
122A,90-110,423.8,promien_500m
122A,90-106,423.9,promien_500m
122A,90-270,429.5,promien_500m
122A,90-206,435.0,promien_500m
122A,90-613,436.9,promien_500m
122A,90-271,439.5,promien_500m
122A,90-101,443.5,promien_500m
122A,90-701,448.7,promien_500m
122A,90-623,450.0,promien_500m
122A,90-707,451.1,promien_500m
122A,90-423,455.7,promien_500m
122A,90-401,458.1,promien_500m
122A,90-737,462.6,promien_500m
122A,90-211,477.7,promien_500m
122A,90-713,485.3,promien_500m
122A,90-260,486.2,promien_500m
122A,90-706,489.5,promien_500m
122A,91-415,491.1,promien_500m
123A,90-135,0.0,promien_500m
123A,90-105,10.4,promien_500m
123A,90-117,36.4,promien_500m
123A,90-266,47.3,promien_500m
123A,90-265,48.7,promien_500m
123A,90-004,80.9,promien_500m
123A,90-410,107.1,promien_500m
123A,90-113,110.7,promien_500m
123A,90-413,114.9,promien_500m
123A,90-107,127.1,promien_500m
123A,90-414,127.1,promien_500m
123A,90-264,155.3,promien_500m
123A,90-261,201.2,promien_500m
123A,90-106,211.9,promien_500m
123A,90-725,220.7,promien_500m
123A,90-231,223.1,promien_500m
123A,90-268,223.2,promien_500m
123A,90-402,226.0,promien_500m
123A,90-102,231.9,promien_500m
123A,90-646,233.6,promien_500m
123A,90-722,237.3,promien_500m
123A,90-267,242.3,promien_500m
123A,90-419,243.0,promien_500m
123A,90-114,244.4,promien_500m
123A,90-262,244.5,promien_500m
123A,90-269,244.6,promien_500m
123A,90-111,247.0,promien_500m
123A,90-422,247.6,promien_500m
123A,90-110,248.1,promien_500m
123A,90-411,266.8,promien_500m
123A,90-415,271.5,promien_500m
123A,90-263,275.0,promien_500m
123A,90-101,281.4,promien_500m
123A,90-418,289.5,promien_500m
123A,90-723,291.9,promien_500m
123A,90-257,299.6,promien_500m
123A,90-406,315.2,promien_500m
123A,90-272,322.7,promien_500m
123A,90-271,338.9,promien_500m
123A,90-260,340.5,promien_500m
123A,90-403,354.2,promien_500m
123A,90-211,358.1,promien_500m
123A,90-732,360.4,promien_500m
123A,90-607,368.0,promien_500m
123A,90-731,368.5,promien_500m
123A,90-721,369.2,promien_500m
123A,90-001,370.0,promien_500m
123A,90-407,374.7,promien_500m
123A,90-423,377.8,promien_500m
123A,90-273,383.3,promien_500m
123A,90-258,386.4,promien_500m
123A,90-118,392.3,promien_500m
123A,90-601,404.9,promien_500m
123A,90-206,409.7,promien_500m
123A,90-103,416.2,promien_500m
123A,90-124,426.4,promien_500m
123A,90-003,426.5,promien_500m
123A,90-404,428.4,promien_500m
123A,90-515,436.3,promien_500m
123A,90-256,440.7,promien_500m
123A,90-254,444.9,promien_500m
123A,90-252,445.7,promien_500m
123A,90-728,454.8,promien_500m
123A,90-253,456.8,promien_500m
123A,90-608,460.3,promien_500m
123A,90-207,463.0,promien_500m
123A,90-259,474.4,promien_500m
123A,90-408,475.1,promien_500m
123A,90-727,476.5,promien_500m
123A,90-720,477.5,promien_500m
123A,90-208,479.4,promien_500m
123A,90-730,485.2,promien_500m
123A,90-270,489.2,promien_500m
123A,90-606,494.4,promien_500m
123A,90-119,495.1,promien_500m
124A,90-266,0.0,promien_500m
124A,90-135,44.1,promien_500m
124A,90-265,53.1,promien_500m
124A,90-004,53.5,promien_500m
124A,90-117,88.1,promien_500m
124A,90-105,101.6,promien_500m
124A,90-113,109.3,promien_500m
124A,90-264,110.5,promien_500m
124A,90-261,117.1,promien_500m
124A,90-268,160.7,promien_500m
124A,90-262,166.3,promien_500m
124A,90-267,166.9,promien_500m
124A,90-410,177.2,promien_500m
124A,90-413,193.9,promien_500m
124A,90-231,194.6,promien_500m
124A,90-263,198.5,promien_500m
124A,90-107,200.7,promien_500m
124A,90-414,205.4,promien_500m
124A,90-257,217.2,promien_500m
124A,90-269,219.3,promien_500m
124A,90-722,245.3,promien_500m
124A,90-260,254.5,promien_500m
124A,90-272,254.5,promien_500m
124A,90-271,260.4,promien_500m
124A,90-725,263.8,promien_500m
124A,90-411,264.2,promien_500m
124A,90-114,265.6,promien_500m
124A,90-106,277.9,promien_500m
124A,90-211,278.2,promien_500m
124A,90-402,282.7,promien_500m
124A,90-406,292.4,promien_500m
124A,90-102,316.2,promien_500m
124A,90-258,316.3,promien_500m
124A,90-110,316.7,promien_500m
124A,90-111,322.2,promien_500m
124A,90-646,324.9,promien_500m
124A,90-419,326.4,promien_500m
124A,90-422,334.7,promien_500m
124A,90-273,335.1,promien_500m
124A,90-206,340.7,promien_500m
124A,90-101,345.4,promien_500m
124A,90-256,349.6,promien_500m
124A,90-403,350.0,promien_500m
124A,90-723,354.4,promien_500m
124A,90-407,354.9,promien_500m
124A,90-118,356.9,promien_500m
124A,90-252,357.6,promien_500m
124A,90-124,360.5,promien_500m
124A,90-415,362.7,promien_500m
124A,90-418,366.2,promien_500m
124A,90-253,366.5,promien_500m
124A,90-254,372.9,promien_500m
124A,90-259,388.2,promien_500m
124A,90-208,389.2,promien_500m
124A,90-207,390.4,promien_500m
124A,90-721,395.6,promien_500m
124A,90-404,410.7,promien_500m
124A,90-732,420.5,promien_500m
124A,90-001,424.8,promien_500m
124A,90-731,438.6,promien_500m
124A,90-607,439.1,promien_500m
124A,90-408,439.6,promien_500m
124A,90-270,445.4,promien_500m
124A,90-423,459.8,promien_500m
124A,90-003,475.0,promien_500m
124A,90-601,476.4,promien_500m
124A,90-119,477.5,promien_500m
124A,90-515,480.0,promien_500m
124A,90-103,488.7,promien_500m
124A,90-720,494.1,promien_500m
124A,90-728,498.0,promien_500m
124A,90-214,498.6,promien_500m
125A,90-266,0.0,promien_500m
125A,90-261,45.6,promien_500m
125A,90-264,45.9,promien_500m
125A,90-004,50.5,promien_500m
125A,90-268,80.4,promien_500m
125A,90-265,81.3,promien_500m
125A,90-267,86.5,promien_500m
125A,90-262,88.3,promien_500m
125A,90-135,98.3,promien_500m
125A,90-263,118.7,promien_500m
125A,90-231,135.8,promien_500m
125A,90-269,144.5,promien_500m
125A,90-105,165.1,promien_500m
125A,90-117,169.1,promien_500m
125A,90-272,173.5,promien_500m
125A,90-410,176.8,promien_500m
125A,90-271,181.9,promien_500m
125A,90-260,183.1,promien_500m
125A,90-113,186.9,promien_500m
125A,90-211,200.6,promien_500m
125A,90-722,205.6,promien_500m
125A,90-257,215.5,promien_500m
125A,90-411,218.8,promien_500m
125A,90-406,232.3,promien_500m
125A,90-413,233.9,promien_500m
125A,90-414,243.7,promien_500m
125A,90-273,258.6,promien_500m
125A,90-725,259.1,promien_500m
125A,90-206,262.7,promien_500m
125A,90-107,278.3,promien_500m
125A,90-407,287.3,promien_500m
125A,90-402,291.6,promien_500m
125A,90-403,300.1,promien_500m
125A,90-256,307.8,promien_500m
125A,90-207,310.0,promien_500m
125A,90-258,323.7,promien_500m
125A,90-208,328.2,promien_500m
125A,90-253,330.6,promien_500m
125A,90-252,331.5,promien_500m
125A,90-114,343.2,promien_500m
125A,90-404,346.0,promien_500m
125A,90-723,347.5,promien_500m
125A,90-106,357.8,promien_500m
125A,90-419,364.1,promien_500m
125A,90-259,367.4,promien_500m
125A,90-408,367.7,promien_500m
125A,90-721,369.5,promien_500m
125A,90-270,369.6,promien_500m
125A,90-124,376.4,promien_500m
125A,90-254,380.4,promien_500m
125A,90-646,385.2,promien_500m
125A,90-102,389.5,promien_500m
125A,90-118,391.9,promien_500m
125A,90-418,392.7,promien_500m
125A,90-110,397.4,promien_500m
125A,90-111,402.7,promien_500m
125A,90-422,405.4,promien_500m
125A,90-415,418.1,promien_500m
125A,90-732,423.4,promien_500m
125A,90-101,425.2,promien_500m
125A,90-202,430.1,promien_500m
125A,91-415,433.6,promien_500m
125A,90-209,446.2,promien_500m
125A,90-205,451.5,promien_500m
125A,90-731,452.0,promien_500m
125A,90-213,452.7,promien_500m
125A,90-720,454.6,promien_500m
125A,90-214,455.0,promien_500m
125A,90-607,455.5,promien_500m
125A,90-515,466.9,promien_500m
125A,90-201,470.9,promien_500m
125A,90-728,483.9,promien_500m
125A,90-255,489.2,promien_500m
125A,90-727,493.0,promien_500m
125A,90-601,493.3,promien_500m
125A,90-708,496.6,promien_500m
126A,90-117,0.0,promien_500m
126A,90-105,6.9,promien_500m
126A,90-135,20.0,promien_500m
126A,90-113,58.9,promien_500m
126A,90-257,98.8,promien_500m
126A,90-118,114.6,promien_500m
126A,90-258,115.4,promien_500m
126A,90-124,138.8,promien_500m
126A,90-261,147.1,promien_500m
126A,90-114,169.5,promien_500m
126A,90-266,169.8,promien_500m
126A,90-254,176.4,promien_500m
126A,90-107,195.1,promien_500m
126A,90-106,226.3,promien_500m
126A,90-262,255.6,promien_500m
126A,90-119,255.8,promien_500m
126A,90-252,262.2,promien_500m
126A,90-123,269.4,promien_500m
126A,90-259,271.4,promien_500m
126A,90-111,281.0,promien_500m
126A,90-101,282.6,promien_500m
126A,90-265,292.2,promien_500m
126A,90-004,295.5,promien_500m
126A,90-248,298.3,promien_500m
126A,90-253,301.7,promien_500m
126A,90-256,310.1,promien_500m
126A,90-260,315.8,promien_500m
126A,90-110,325.9,promien_500m
126A,90-128,326.4,promien_500m
126A,90-264,328.4,promien_500m
126A,90-268,336.9,promien_500m
126A,90-125,337.5,promien_500m
126A,90-267,337.8,promien_500m
126A,90-127,351.5,promien_500m
126A,90-263,352.5,promien_500m
126A,90-211,369.8,promien_500m
126A,90-001,385.6,promien_500m
126A,90-136,386.9,promien_500m
126A,90-413,391.6,promien_500m
126A,90-271,393.2,promien_500m
126A,90-410,397.2,promien_500m
126A,90-208,403.8,promien_500m
126A,90-249,404.6,promien_500m
126A,90-102,406.7,promien_500m
126A,90-002,407.7,promien_500m
126A,90-003,409.7,promien_500m
126A,90-272,413.2,promien_500m
126A,90-269,414.7,promien_500m
126A,90-414,415.8,promien_500m
126A,90-231,421.6,promien_500m
126A,90-255,428.7,promien_500m
126A,90-206,430.4,promien_500m
126A,90-214,434.1,promien_500m
126A,90-422,437.9,promien_500m
126A,90-646,460.8,promien_500m
126A,90-207,475.8,promien_500m
126A,90-722,486.2,promien_500m
126A,90-209,489.7,promien_500m
126A,90-213,491.3,promien_500m
126A,90-130,493.5,promien_500m
126A,90-415,494.3,promien_500m
127A,90-135,0.0,promien_500m
127A,90-254,6.8,promien_500m
127A,90-124,34.3,promien_500m
127A,90-118,45.4,promien_500m
127A,90-258,63.6,promien_500m
127A,90-117,81.7,promien_500m
127A,90-257,101.3,promien_500m
127A,90-248,104.2,promien_500m
127A,90-123,108.9,promien_500m
127A,90-125,143.2,promien_500m
127A,90-259,175.9,promien_500m
127A,90-252,185.2,promien_500m
127A,90-136,188.5,promien_500m
127A,90-113,193.9,promien_500m
127A,90-119,198.0,promien_500m
127A,90-105,202.5,promien_500m
127A,90-128,207.5,promien_500m
127A,90-127,217.0,promien_500m
127A,90-249,220.0,promien_500m
127A,90-261,223.0,promien_500m
127A,90-262,240.2,promien_500m
127A,90-253,250.4,promien_500m
127A,90-256,285.5,promien_500m
127A,90-130,296.9,promien_500m
127A,90-255,303.6,promien_500m
127A,90-266,310.5,promien_500m
127A,90-260,312.1,promien_500m
127A,90-114,319.1,promien_500m
127A,90-214,339.8,promien_500m
127A,90-211,351.1,promien_500m
127A,90-107,374.9,promien_500m
127A,90-231,378.5,promien_500m
127A,90-106,389.2,promien_500m
127A,90-208,389.7,promien_500m
127A,90-215,394.8,promien_500m
127A,90-213,403.7,promien_500m
127A,90-212,412.3,promien_500m
127A,90-101,427.2,promien_500m
127A,90-251,431.9,promien_500m
127A,90-111,439.9,promien_500m
127A,90-206,443.0,promien_500m
127A,90-207,443.4,promien_500m
127A,90-022,446.0,promien_500m
127A,90-263,446.2,promien_500m
127A,90-209,450.7,promien_500m
127A,90-131,457.5,promien_500m
127A,90-267,465.1,promien_500m
127A,90-268,465.7,promien_500m
127A,90-264,466.7,promien_500m
127A,90-002,469.5,promien_500m
127A,90-004,474.4,promien_500m
127A,90-265,474.4,promien_500m
127A,90-021,481.5,promien_500m
127A,90-271,486.2,promien_500m
127A,90-205,497.9,promien_500m
128A,90-254,0.0,promien_500m
128A,90-252,48.6,promien_500m
128A,90-248,50.7,promien_500m
128A,90-259,57.8,promien_500m
128A,90-258,58.1,promien_500m
128A,90-135,112.9,promien_500m
128A,90-257,124.5,promien_500m
128A,90-124,125.6,promien_500m
128A,90-249,127.2,promien_500m
128A,90-253,127.5,promien_500m
128A,90-262,146.6,promien_500m
128A,90-255,156.0,promien_500m
128A,90-261,174.4,promien_500m
128A,90-256,182.2,promien_500m
128A,90-214,187.1,promien_500m
128A,90-136,188.9,promien_500m
128A,90-118,199.5,promien_500m
128A,90-123,202.0,promien_500m
128A,90-125,202.0,promien_500m
128A,90-117,213.2,promien_500m
128A,90-260,216.2,promien_500m
128A,90-211,236.5,promien_500m
128A,90-213,249.9,promien_500m
128A,90-215,253.0,promien_500m
128A,90-208,265.0,promien_500m
128A,90-105,287.5,promien_500m
128A,90-212,293.9,promien_500m
128A,90-127,296.3,promien_500m
128A,90-231,298.8,promien_500m
128A,90-130,301.4,promien_500m
128A,90-207,311.3,promien_500m
128A,90-209,313.6,promien_500m
128A,90-206,314.8,promien_500m
128A,90-266,326.9,promien_500m
128A,90-119,335.4,promien_500m
128A,90-251,336.8,promien_500m
128A,90-113,339.7,promien_500m
128A,90-128,341.2,promien_500m
128A,90-011,358.4,promien_500m
128A,90-205,362.9,promien_500m
128A,90-263,391.7,promien_500m
128A,90-201,411.8,promien_500m
128A,90-217,415.8,promien_500m
128A,90-271,428.3,promien_500m
128A,90-267,440.9,promien_500m
128A,90-131,441.1,promien_500m
128A,90-268,445.9,promien_500m
128A,90-264,447.7,promien_500m
128A,90-114,449.9,promien_500m
128A,90-222,455.0,promien_500m
128A,90-203,457.2,promien_500m
128A,90-272,468.5,promien_500m
128A,90-204,471.1,promien_500m
128A,90-216,474.5,promien_500m
128A,90-202,485.0,promien_500m
128A,90-107,489.6,promien_500m
128A,90-004,497.9,promien_500m
129A,90-135,0.0,promien_500m
129A,90-254,30.7,promien_500m
129A,90-248,50.4,promien_500m
129A,90-123,61.4,promien_500m
129A,90-125,75.9,promien_500m
129A,90-118,76.7,promien_500m
129A,90-124,103.3,promien_500m
129A,90-258,119.3,promien_500m
129A,90-136,120.5,promien_500m
129A,90-117,146.5,promien_500m
129A,90-252,164.3,promien_500m
129A,90-127,165.6,promien_500m
129A,90-257,168.6,promien_500m
129A,90-249,169.0,promien_500m
129A,90-119,182.8,promien_500m
129A,90-128,187.8,promien_500m
129A,90-259,195.8,promien_500m
129A,90-130,227.9,promien_500m
129A,90-113,243.9,promien_500m
129A,90-105,271.5,promien_500m
129A,90-261,272.6,promien_500m
129A,90-253,273.7,promien_500m
129A,90-262,273.9,promien_500m
129A,90-255,275.2,promien_500m
129A,90-256,317.3,promien_500m
129A,90-231,319.0,promien_500m
129A,90-214,338.7,promien_500m
129A,90-260,347.7,promien_500m
129A,90-215,359.4,promien_500m
129A,90-212,363.1,promien_500m
129A,90-266,375.4,promien_500m
129A,90-251,375.8,promien_500m
129A,90-114,376.4,promien_500m
129A,90-211,379.4,promien_500m
129A,90-131,388.5,promien_500m
129A,90-022,394.2,promien_500m
129A,90-213,399.0,promien_500m
129A,90-208,413.2,promien_500m
129A,90-107,436.7,promien_500m
129A,90-106,446.9,promien_500m
129A,90-207,462.7,promien_500m
129A,90-206,465.9,promien_500m
129A,90-209,466.5,promien_500m
129A,90-021,469.9,promien_500m
129A,90-101,479.4,promien_500m
129A,90-137,484.6,promien_500m
129A,90-111,496.6,promien_500m
129A,90-263,498.2,promien_500m
129A,90-002,498.6,promien_500m
12A,90-701,0.0,promien_500m
12A,91-069,6.4,promien_500m
12A,90-401,44.4,promien_500m
12A,90-707,74.9,promien_500m
12A,91-066,86.7,promien_500m
12A,91-063,110.5,promien_500m
12A,90-706,119.4,promien_500m
12A,91-065,126.3,promien_500m
12A,90-702,136.1,promien_500m
12A,90-402,147.5,promien_500m
12A,90-708,153.9,promien_500m
12A,91-067,157.2,promien_500m
12A,90-507,157.6,promien_500m
12A,91-062,181.4,promien_500m
12A,90-403,197.1,promien_500m
12A,94-015,211.6,promien_500m
12A,90-404,241.6,promien_500m
12A,90-712,250.8,promien_500m
12A,90-715,251.8,promien_500m
12A,90-710,265.1,promien_500m
12A,90-720,265.2,promien_500m
12A,90-713,272.8,promien_500m
12A,91-415,273.7,promien_500m
12A,90-408,277.0,promien_500m
12A,90-717,282.5,promien_500m
12A,90-716,283.5,promien_500m
12A,90-406,307.9,promien_500m
12A,91-064,321.3,promien_500m
12A,90-502,329.8,promien_500m
12A,91-002,332.7,promien_500m
12A,91-061,333.9,promien_500m
12A,90-718,335.7,promien_500m
12A,91-071,360.0,promien_500m
12A,90-270,369.9,promien_500m
12A,91-414,382.4,promien_500m
12A,90-739,386.6,promien_500m
12A,90-703,390.7,promien_500m
12A,90-727,393.9,promien_500m
12A,90-711,396.8,promien_500m
12A,90-407,412.7,promien_500m
12A,90-721,420.4,promien_500m
12A,90-004,421.3,promien_500m
12A,91-068,425.8,promien_500m
12A,91-420,432.2,promien_500m
12A,90-734,434.0,promien_500m
12A,90-269,435.4,promien_500m
12A,90-201,436.1,promien_500m
12A,91-416,441.2,promien_500m
12A,91-006,442.5,promien_500m
12A,90-273,444.9,promien_500m
12A,90-569,448.2,promien_500m
12A,90-411,451.7,promien_500m
12A,90-728,460.1,promien_500m
12A,90-722,468.6,promien_500m
12A,90-272,475.0,promien_500m
12A,90-730,475.2,promien_500m
12A,90-410,484.0,promien_500m
12A,91-417,485.4,promien_500m
12A,91-070,495.4,promien_500m
12A,90-742,495.7,promien_500m
12A,90-723,497.2,promien_500m
130A,90-248,0.0,promien_500m
130A,90-249,37.7,promien_500m
130A,90-254,52.3,promien_500m
130A,90-252,64.4,promien_500m
130A,90-135,84.6,promien_500m
130A,90-136,92.1,promien_500m
130A,90-125,128.3,promien_500m
130A,90-255,142.0,promien_500m
130A,90-123,143.3,promien_500m
130A,90-259,161.8,promien_500m
130A,90-258,164.9,promien_500m
130A,90-124,188.4,promien_500m
130A,90-130,199.6,promien_500m
130A,90-231,203.9,promien_500m
130A,90-118,214.1,promien_500m
130A,90-127,216.7,promien_500m
130A,90-253,218.2,promien_500m
130A,90-215,220.2,promien_500m
130A,90-257,224.8,promien_500m
130A,90-212,228.1,promien_500m
130A,90-214,238.4,promien_500m
130A,90-251,250.9,promien_500m
130A,90-262,251.8,promien_500m
130A,90-117,264.3,promien_500m
130A,90-256,279.4,promien_500m
130A,90-261,281.1,promien_500m
130A,90-213,288.9,promien_500m
130A,90-128,309.0,promien_500m
130A,90-119,309.7,promien_500m
130A,90-260,315.2,promien_500m
130A,90-211,326.9,promien_500m
130A,90-131,334.3,promien_500m
130A,90-208,351.2,promien_500m
130A,90-105,365.5,promien_500m
130A,90-113,376.9,promien_500m
130A,90-206,377.8,promien_500m
130A,90-217,385.8,promien_500m
130A,90-209,386.2,promien_500m
130A,90-207,389.3,promien_500m
130A,90-216,399.5,promien_500m
130A,90-222,404.0,promien_500m
130A,90-011,404.9,promien_500m
130A,90-137,407.1,promien_500m
130A,90-266,427.6,promien_500m
130A,90-205,435.9,promien_500m
130A,90-201,436.4,promien_500m
130A,90-022,449.8,promien_500m
130A,90-204,459.4,promien_500m
130A,90-203,481.8,promien_500m
130A,90-263,497.7,promien_500m
131A,90-136,0.0,promien_500m
131A,90-125,7.8,promien_500m
131A,90-248,34.8,promien_500m
131A,90-123,40.7,promien_500m
131A,90-130,70.9,promien_500m
131A,90-127,76.2,promien_500m
131A,90-135,80.9,promien_500m
131A,90-249,87.9,promien_500m
131A,90-254,144.2,promien_500m
131A,90-118,186.5,promien_500m
131A,90-231,199.1,promien_500m
131A,90-128,204.7,promien_500m
131A,90-252,209.0,promien_500m
131A,90-119,228.0,promien_500m
131A,90-131,231.3,promien_500m
131A,90-124,260.4,promien_500m
131A,90-255,268.2,promien_500m
131A,90-105,269.1,promien_500m
131A,90-258,269.8,promien_500m
131A,90-251,269.9,promien_500m
131A,90-212,281.4,promien_500m
131A,90-259,298.8,promien_500m
131A,90-117,301.3,promien_500m
131A,90-022,304.6,promien_500m
131A,90-215,315.2,promien_500m
131A,90-257,323.4,promien_500m
131A,90-137,331.1,promien_500m
131A,90-253,362.9,promien_500m
131A,90-113,363.4,promien_500m
131A,90-214,384.0,promien_500m
131A,90-262,386.5,promien_500m
131A,90-261,404.6,promien_500m
131A,90-216,418.6,promien_500m
131A,90-256,423.0,promien_500m
131A,90-213,427.9,promien_500m
131A,90-132,447.6,promien_500m
131A,90-206,449.8,promien_500m
131A,90-260,457.2,promien_500m
131A,90-021,457.9,promien_500m
131A,90-217,463.6,promien_500m
131A,90-222,465.9,promien_500m
131A,90-243,466.6,promien_500m
131A,90-211,472.7,promien_500m
131A,90-208,498.0,promien_500m
132A,90-125,0.0,promien_500m
132A,90-136,13.7,promien_500m
132A,90-123,22.2,promien_500m
132A,90-248,30.4,promien_500m
132A,90-127,56.9,promien_500m
132A,90-130,77.7,promien_500m
132A,90-135,78.9,promien_500m
132A,90-249,109.3,promien_500m
132A,90-254,146.9,promien_500m
132A,90-118,170.9,promien_500m
132A,90-128,183.2,promien_500m
132A,90-119,208.4,promien_500m
132A,90-231,218.1,promien_500m
132A,90-252,224.9,promien_500m
132A,90-131,237.8,promien_500m
132A,90-124,254.0,promien_500m
132A,90-258,268.0,promien_500m
132A,90-105,275.7,promien_500m
132A,90-255,287.3,promien_500m
132A,90-022,288.6,promien_500m
132A,90-251,291.0,promien_500m
132A,90-117,292.8,promien_500m
132A,90-212,303.1,promien_500m
132A,90-259,307.2,promien_500m
132A,90-257,320.4,promien_500m
132A,90-215,336.2,promien_500m
132A,90-137,343.3,promien_500m
132A,90-113,346.9,promien_500m
132A,90-253,373.6,promien_500m
132A,90-262,393.6,promien_500m
132A,90-214,399.3,promien_500m
132A,90-261,408.3,promien_500m
132A,90-256,431.6,promien_500m
132A,90-021,437.9,promien_500m
132A,90-216,439.0,promien_500m
132A,90-213,446.9,promien_500m
132A,90-132,453.5,promien_500m
132A,90-260,465.2,promien_500m
132A,90-206,471.5,promien_500m
132A,90-243,480.1,promien_500m
132A,90-211,483.7,promien_500m
132A,90-217,485.3,promien_500m
132A,90-222,487.5,promien_500m
133A,90-249,0.0,promien_500m
133A,90-231,36.1,promien_500m
133A,90-136,62.1,promien_500m
133A,90-130,90.1,promien_500m
133A,90-248,94.0,promien_500m
133A,90-251,104.6,promien_500m
133A,90-212,130.2,promien_500m
133A,90-125,138.6,promien_500m
133A,90-252,140.1,promien_500m
133A,90-131,179.1,promien_500m
133A,90-215,194.2,promien_500m
133A,90-255,199.1,promien_500m
133A,90-135,205.2,promien_500m
133A,90-127,205.4,promien_500m
133A,90-123,206.1,promien_500m
133A,90-105,222.7,promien_500m
133A,90-137,227.1,promien_500m
133A,90-254,235.6,promien_500m
133A,90-216,253.0,promien_500m
133A,90-206,295.1,promien_500m
133A,90-213,302.0,promien_500m
133A,90-222,304.2,promien_500m
133A,90-217,308.0,promien_500m
133A,90-259,335.2,promien_500m
133A,90-253,342.5,promien_500m
133A,90-243,343.1,promien_500m
133A,90-258,343.4,promien_500m
133A,90-118,344.9,promien_500m
133A,90-214,347.0,promien_500m
133A,90-128,360.1,promien_500m
133A,90-119,367.3,promien_500m
133A,90-124,368.0,promien_500m
133A,90-132,381.0,promien_500m
133A,90-221,398.8,promien_500m
133A,90-257,408.7,promien_500m
133A,90-022,412.9,promien_500m
133A,90-201,422.6,promien_500m
133A,90-262,422.8,promien_500m
133A,90-218,428.7,promien_500m
133A,90-204,430.0,promien_500m
133A,90-223,431.1,promien_500m
133A,90-256,431.2,promien_500m
133A,90-117,431.9,promien_500m
133A,90-219,450.0,promien_500m
133A,90-011,450.5,promien_500m
133A,90-261,453.8,promien_500m
133A,90-224,461.1,promien_500m
133A,90-260,469.4,promien_500m
133A,90-211,470.0,promien_500m
133A,90-208,486.4,promien_500m
134A,90-130,0.0,promien_500m
134A,90-131,26.7,promien_500m
134A,90-127,41.4,promien_500m
134A,90-249,44.7,promien_500m
134A,90-136,58.9,promien_500m
134A,90-105,64.7,promien_500m
134A,90-125,133.2,promien_500m
134A,90-251,143.2,promien_500m
134A,90-137,159.5,promien_500m
134A,90-231,165.6,promien_500m
134A,90-123,203.5,promien_500m
134A,90-248,226.1,promien_500m
134A,90-132,242.4,promien_500m
134A,90-022,250.7,promien_500m
134A,90-119,251.9,promien_500m
134A,90-128,268.1,promien_500m
134A,90-135,286.7,promien_500m
134A,90-212,289.2,promien_500m
134A,90-243,293.9,promien_500m
134A,90-252,325.0,promien_500m
134A,90-254,348.0,promien_500m
134A,90-216,355.2,promien_500m
134A,90-118,371.3,promien_500m
134A,90-206,378.7,promien_500m
134A,90-215,380.5,promien_500m
134A,90-255,388.3,promien_500m
134A,90-024,390.7,promien_500m
134A,90-138,398.2,promien_500m
134A,90-222,430.7,promien_500m
134A,90-219,442.2,promien_500m
134A,90-021,462.2,promien_500m
134A,90-217,462.3,promien_500m
134A,90-221,464.3,promien_500m
134A,90-124,465.2,promien_500m
134A,90-133,466.4,promien_500m
134A,90-258,475.6,promien_500m
134A,90-241,476.5,promien_500m
134A,90-245,483.6,promien_500m
134A,90-259,486.5,promien_500m
134A,90-213,487.0,promien_500m
134A,90-001,492.8,promien_500m
135A,90-249,0.0,promien_500m
135A,90-251,59.4,promien_500m
135A,90-130,64.2,promien_500m
135A,90-136,64.3,promien_500m
135A,90-131,71.7,promien_500m
135A,90-231,79.4,promien_500m
135A,90-137,102.2,promien_500m
135A,90-105,106.8,promien_500m
135A,90-127,148.2,promien_500m
135A,90-125,171.5,promien_500m
135A,90-212,179.8,promien_500m
135A,90-248,205.9,promien_500m
135A,90-243,233.4,promien_500m
135A,90-216,244.2,promien_500m
135A,90-132,251.8,promien_500m
135A,90-123,262.9,promien_500m
135A,90-252,268.4,promien_500m
135A,90-206,269.3,promien_500m
135A,90-215,288.4,promien_500m
135A,90-135,303.4,promien_500m
135A,90-255,317.5,promien_500m
135A,90-222,319.2,promien_500m
135A,90-254,352.6,promien_500m
135A,90-217,353.6,promien_500m
135A,90-119,356.5,promien_500m
135A,90-221,359.8,promien_500m
135A,90-022,360.4,promien_500m
135A,90-128,365.2,promien_500m
135A,90-219,365.2,promien_500m
135A,90-138,384.9,promien_500m
135A,90-213,392.2,promien_500m
135A,90-223,401.0,promien_500m
135A,90-241,411.6,promien_500m
135A,90-118,418.8,promien_500m
135A,90-220,431.7,promien_500m
135A,90-245,452.1,promien_500m
135A,90-224,457.2,promien_500m
135A,90-218,457.9,promien_500m
135A,90-259,462.0,promien_500m
135A,90-258,468.7,promien_500m
135A,90-253,469.4,promien_500m
135A,90-214,473.0,promien_500m
135A,90-124,478.8,promien_500m
135A,90-024,486.4,promien_500m
135A,90-133,487.5,promien_500m
135A,90-229,493.9,promien_500m
136A,90-249,0.0,promien_500m
136A,90-251,41.9,promien_500m
136A,90-231,47.6,promien_500m
136A,90-136,91.8,promien_500m
136A,90-130,97.0,promien_500m
136A,90-137,116.1,promien_500m
136A,90-131,117.9,promien_500m
136A,90-212,133.6,promien_500m
136A,90-105,150.5,promien_500m
136A,90-127,194.4,promien_500m
136A,90-125,195.8,promien_500m
136A,90-216,201.3,promien_500m
136A,90-248,204.7,promien_500m
136A,90-243,228.7,promien_500m
136A,90-206,228.8,promien_500m
136A,90-215,245.1,promien_500m
136A,90-252,246.1,promien_500m
136A,90-222,273.8,promien_500m
136A,90-132,277.8,promien_500m
136A,90-255,281.7,promien_500m
136A,90-123,287.9,promien_500m
136A,90-217,307.4,promien_500m
136A,90-135,309.8,promien_500m
136A,90-221,323.6,promien_500m
136A,90-219,348.0,promien_500m
136A,90-213,350.3,promien_500m
136A,90-254,350.6,promien_500m
136A,90-223,363.0,promien_500m
136A,90-119,396.2,promien_500m
136A,90-138,398.5,promien_500m
136A,90-241,400.6,promien_500m
136A,90-128,401.9,promien_500m
136A,90-022,406.6,promien_500m
136A,90-218,412.0,promien_500m
136A,90-220,414.5,promien_500m
136A,90-224,414.6,promien_500m
136A,90-118,436.3,promien_500m
136A,90-253,442.9,promien_500m
136A,90-214,444.4,promien_500m
136A,90-259,449.4,promien_500m
136A,90-245,456.8,promien_500m
136A,90-258,458.2,promien_500m
136A,90-229,460.5,promien_500m
136A,90-204,461.1,promien_500m
136A,90-201,461.7,promien_500m
136A,90-124,480.0,promien_500m
136A,90-226,495.1,promien_500m
137A,90-127,0.0,promien_500m
137A,90-131,45.8,promien_500m
137A,90-105,49.1,promien_500m
137A,90-130,62.8,promien_500m
137A,90-136,96.3,promien_500m
137A,90-249,125.5,promien_500m
137A,90-137,155.9,promien_500m
137A,90-022,169.9,promien_500m
137A,90-132,175.3,promien_500m
137A,90-251,190.8,promien_500m
137A,90-125,208.3,promien_500m
137A,90-119,226.4,promien_500m
137A,90-231,267.4,promien_500m
137A,90-123,272.0,promien_500m
137A,90-128,279.2,promien_500m
137A,90-243,279.9,promien_500m
137A,90-024,288.0,promien_500m
137A,90-248,326.4,promien_500m
137A,90-138,346.2,promien_500m
137A,90-135,372.1,promien_500m
137A,90-212,377.1,promien_500m
137A,90-133,383.9,promien_500m
137A,90-001,419.3,promien_500m
137A,90-026,425.5,promien_500m
137A,90-206,425.5,promien_500m
137A,90-216,426.5,promien_500m
137A,90-021,426.7,promien_500m
137A,90-252,432.5,promien_500m
137A,90-118,434.1,promien_500m
137A,90-254,440.9,promien_500m
137A,90-025,444.2,promien_500m
137A,90-245,445.5,promien_500m
137A,90-219,453.7,promien_500m
137A,90-020,457.9,promien_500m
137A,90-241,472.8,promien_500m
137A,90-215,483.4,promien_500m
137A,90-255,495.7,promien_500m
138A,90-127,0.0,promien_500m
138A,90-130,9.3,promien_500m
138A,90-131,79.6,promien_500m
138A,90-125,88.1,promien_500m
138A,90-136,113.9,promien_500m
138A,90-105,118.1,promien_500m
138A,90-249,121.9,promien_500m
138A,90-123,151.2,promien_500m
138A,90-119,170.6,promien_500m
138A,90-022,182.5,promien_500m
138A,90-128,186.8,promien_500m
138A,90-248,209.7,promien_500m
138A,90-231,223.9,promien_500m
138A,90-251,225.3,promien_500m
138A,90-137,237.7,promien_500m
138A,90-135,252.7,promien_500m
138A,90-132,288.0,promien_500m
138A,90-118,315.3,promien_500m
138A,90-254,325.9,promien_500m
138A,90-252,350.3,promien_500m
138A,90-212,352.9,promien_500m
138A,90-024,361.1,promien_500m
138A,90-243,367.9,promien_500m
138A,90-021,383.0,promien_500m
138A,90-255,414.5,promien_500m
138A,90-124,422.3,promien_500m
138A,90-215,428.8,promien_500m
138A,90-001,428.9,promien_500m
138A,90-216,431.8,promien_500m
138A,90-020,433.1,promien_500m
138A,90-258,446.2,promien_500m
138A,90-026,453.5,promien_500m
138A,90-206,457.3,promien_500m
138A,90-138,458.3,promien_500m
138A,90-117,459.9,promien_500m
138A,90-025,470.6,promien_500m
138A,90-113,472.1,promien_500m
138A,90-259,480.5,promien_500m
138A,90-257,495.9,promien_500m
139A,90-127,0.0,promien_500m
139A,90-130,56.2,promien_500m
139A,90-125,61.5,promien_500m
139A,90-123,96.1,promien_500m
139A,90-119,105.7,promien_500m
139A,90-128,111.9,promien_500m
139A,90-136,128.4,promien_500m
139A,90-022,152.4,promien_500m
139A,90-131,160.8,promien_500m
139A,90-248,172.2,promien_500m
139A,90-249,189.1,promien_500m
139A,90-105,198.8,promien_500m
139A,90-135,202.3,promien_500m
139A,90-118,240.4,promien_500m
139A,90-231,269.9,promien_500m
139A,90-254,286.1,promien_500m
139A,90-251,299.5,promien_500m
139A,90-132,317.9,promien_500m
139A,90-137,318.0,promien_500m
139A,90-021,328.8,promien_500m
139A,90-252,356.1,promien_500m
139A,90-124,359.5,promien_500m
139A,90-024,386.1,promien_500m
139A,90-020,388.8,promien_500m
139A,90-113,392.0,promien_500m
139A,90-212,394.6,promien_500m
139A,90-258,395.1,promien_500m
139A,90-117,396.2,promien_500m
139A,90-001,404.5,promien_500m
139A,90-255,418.3,promien_500m
139A,90-257,439.3,promien_500m
139A,90-026,442.9,promien_500m
139A,90-243,449.2,promien_500m
139A,90-259,450.1,promien_500m
139A,90-215,451.3,promien_500m
139A,90-025,457.0,promien_500m
139A,90-019,458.3,promien_500m
139A,90-015,473.3,promien_500m
139A,90-042,486.8,promien_500m
139A,90-216,491.5,promien_500m
13B,90-702,0.0,promien_500m
13B,91-069,22.2,promien_500m
13B,90-706,50.2,promien_500m
13B,90-710,52.9,promien_500m
13B,90-502,65.8,promien_500m
13B,91-067,74.6,promien_500m
13B,90-703,116.7,promien_500m
13B,91-066,137.5,promien_500m
13B,90-701,139.0,promien_500m
13B,90-712,144.1,promien_500m
13B,90-707,148.3,promien_500m
13B,94-015,154.3,promien_500m
13B,91-068,155.1,promien_500m
13B,91-065,176.2,promien_500m
13B,90-713,182.7,promien_500m
13B,90-569,185.4,promien_500m
13B,90-711,200.0,promien_500m
13B,90-715,216.5,promien_500m
13B,91-070,220.0,promien_500m
13B,90-717,225.5,promien_500m
13B,90-708,238.4,promien_500m
13B,90-739,241.0,promien_500m
13B,90-401,261.0,promien_500m
13B,90-507,263.5,promien_500m
13B,91-071,263.8,promien_500m
13B,90-742,269.3,promien_500m
13B,90-716,276.2,promien_500m
13B,90-718,289.2,promien_500m
13B,90-745,327.4,promien_500m
13B,90-746,331.6,promien_500m
13B,91-063,334.1,promien_500m
13B,91-072,345.9,promien_500m
13B,90-734,353.1,promien_500m
13B,90-741,353.7,promien_500m
13B,90-720,369.1,promien_500m
13B,90-402,382.0,promien_500m
13B,90-404,384.5,promien_500m
13B,90-735,396.5,promien_500m
13B,91-062,402.3,promien_500m
13B,90-727,406.9,promien_500m
13B,90-411,411.3,promien_500m
13B,90-740,430.1,promien_500m
13B,90-730,437.0,promien_500m
13B,90-762,437.7,promien_500m
13B,90-736,441.9,promien_500m
13B,90-737,444.0,promien_500m
13B,90-728,452.7,promien_500m
13B,90-403,459.8,promien_500m
13B,91-002,462.3,promien_500m
13B,90-729,475.7,promien_500m
13B,90-743,486.0,promien_500m
13B,91-008,487.7,promien_500m
13B,90-408,491.9,promien_500m
140A,90-123,0.0,promien_500m
140A,90-125,46.1,promien_500m
140A,90-127,48.0,promien_500m
140A,90-135,54.5,promien_500m
140A,90-248,59.1,promien_500m
140A,90-136,82.3,promien_500m
140A,90-118,89.8,promien_500m
140A,90-128,112.1,promien_500m
140A,90-119,124.1,promien_500m
140A,90-254,139.4,promien_500m
140A,90-130,144.1,promien_500m
140A,90-249,192.6,promien_500m
140A,90-124,194.5,promien_500m
140A,90-117,231.6,promien_500m
140A,90-258,233.9,promien_500m
140A,90-252,252.5,promien_500m
140A,90-113,260.7,promien_500m
140A,90-257,274.7,promien_500m
140A,90-022,276.7,promien_500m
140A,90-131,303.3,promien_500m
140A,90-231,306.9,promien_500m
140A,90-259,308.8,promien_500m
140A,90-105,342.0,promien_500m
140A,90-255,342.1,promien_500m
140A,90-251,376.9,promien_500m
140A,90-212,383.7,promien_500m
140A,90-021,386.0,promien_500m
140A,90-253,386.0,promien_500m
140A,90-262,390.0,promien_500m
140A,90-261,390.1,promien_500m
140A,90-215,405.6,promien_500m
140A,90-114,422.5,promien_500m
140A,90-137,425.6,promien_500m
140A,90-256,432.4,promien_500m
140A,90-214,433.1,promien_500m
140A,90-260,463.7,promien_500m
140A,90-020,466.4,promien_500m
140A,90-132,478.3,promien_500m
140A,90-002,483.0,promien_500m
140A,90-015,483.0,promien_500m
140A,90-266,484.5,promien_500m
140A,90-001,487.7,promien_500m
140A,90-213,488.1,promien_500m
140A,90-106,492.6,promien_500m
140A,90-211,492.6,promien_500m
140A,90-107,494.2,promien_500m
141C,90-119,0.0,promien_500m
141C,90-118,23.5,promien_500m
141C,90-128,75.7,promien_500m
141C,90-123,132.9,promien_500m
141C,90-127,135.0,promien_500m
141C,90-021,150.4,promien_500m
141C,90-113,166.1,promien_500m
141C,90-022,216.2,promien_500m
141C,90-135,226.7,promien_500m
141C,90-015,237.0,promien_500m
141C,90-001,243.7,promien_500m
141C,90-002,254.5,promien_500m
141C,90-114,267.2,promien_500m
141C,90-011,270.4,promien_500m
141C,90-117,273.6,promien_500m
141C,90-012,277.7,promien_500m
141C,90-125,284.7,promien_500m
141C,90-010,294.9,promien_500m
141C,90-019,301.2,promien_500m
141C,90-248,301.2,promien_500m
141C,90-020,301.3,promien_500m
141C,90-124,309.1,promien_500m
141C,90-254,316.6,promien_500m
141C,90-130,326.3,promien_500m
141C,90-136,327.9,promien_500m
141C,90-105,365.0,promien_500m
141C,90-042,384.7,promien_500m
141C,90-258,386.7,promien_500m
141C,90-257,394.8,promien_500m
141C,90-101,399.2,promien_500m
141C,90-025,400.1,promien_500m
141C,90-106,413.3,promien_500m
141C,90-107,422.9,promien_500m
141C,90-131,430.4,promien_500m
141C,90-249,436.4,promien_500m
141C,90-111,442.7,promien_500m
141C,90-009,447.4,promien_500m
141C,90-003,452.0,promien_500m
141C,90-024,463.9,promien_500m
141C,90-026,466.4,promien_500m
141C,90-252,482.7,promien_500m
141C,90-132,486.4,promien_500m
142C,90-022,0.0,promien_500m
142C,90-119,18.3,promien_500m
142C,90-127,79.8,promien_500m
142C,90-021,132.1,promien_500m
142C,90-128,139.7,promien_500m
142C,90-020,178.2,promien_500m
142C,90-001,198.6,promien_500m
142C,90-131,198.6,promien_500m
142C,90-024,239.4,promien_500m
142C,90-132,244.7,promien_500m
142C,90-025,246.0,promien_500m
142C,90-026,255.8,promien_500m
142C,90-019,257.0,promien_500m
142C,90-123,259.3,promien_500m
142C,90-130,264.2,promien_500m
142C,90-118,267.5,promien_500m
142C,90-125,273.1,promien_500m
142C,90-042,274.4,promien_500m
142C,90-015,292.9,promien_500m
142C,90-105,331.6,promien_500m
142C,90-136,340.8,promien_500m
142C,90-248,362.6,promien_500m
142C,90-135,363.5,promien_500m
142C,90-249,376.1,promien_500m
142C,90-012,380.7,promien_500m
142C,90-113,404.4,promien_500m
142C,90-011,408.8,promien_500m
142C,90-002,432.9,promien_500m
142C,90-137,450.9,promien_500m
142C,90-010,453.4,promien_500m
142C,90-254,454.6,promien_500m
142C,90-251,470.6,promien_500m
142C,90-231,475.8,promien_500m
142C,90-124,477.1,promien_500m
142C,90-117,495.7,promien_500m
143C,90-119,0.0,promien_500m
143C,90-128,40.6,promien_500m
143C,90-118,68.9,promien_500m
143C,90-127,130.4,promien_500m
143C,90-123,136.2,promien_500m
143C,90-021,145.3,promien_500m
143C,90-022,172.9,promien_500m
143C,90-113,209.4,promien_500m
143C,90-135,239.1,promien_500m
143C,90-015,241.6,promien_500m
143C,90-020,266.1,promien_500m
143C,90-001,267.1,promien_500m
143C,90-125,267.6,promien_500m
143C,90-002,280.8,promien_500m
143C,90-019,280.9,promien_500m
143C,90-011,286.5,promien_500m
143C,90-012,288.4,promien_500m
143C,90-248,300.2,promien_500m
143C,90-130,301.9,promien_500m
143C,90-114,310.8,promien_500m
143C,90-117,312.5,promien_500m
143C,90-010,317.4,promien_500m
143C,90-136,319.0,promien_500m
143C,90-124,333.0,promien_500m
143C,90-254,333.6,promien_500m
143C,90-042,359.3,promien_500m
143C,90-025,364.2,promien_500m
143C,90-131,385.7,promien_500m
143C,90-105,404.5,promien_500m
143C,90-258,409.1,promien_500m
143C,90-024,420.3,promien_500m
143C,90-257,421.2,promien_500m
143C,90-249,422.5,promien_500m
143C,90-026,424.5,promien_500m
143C,90-132,440.8,promien_500m
143C,90-101,445.0,promien_500m
143C,90-106,458.7,promien_500m
143C,90-009,467.8,promien_500m
143C,90-107,468.1,promien_500m
143C,90-252,488.3,promien_500m
143C,90-111,488.5,promien_500m
143C,90-003,490.8,promien_500m
144C,90-022,0.0,promien_500m
144C,90-119,57.1,promien_500m
144C,90-127,76.8,promien_500m
144C,90-021,154.6,promien_500m
144C,90-131,162.8,promien_500m
144C,90-128,169.4,promien_500m
144C,90-001,180.7,promien_500m
144C,90-020,183.3,promien_500m
144C,90-132,204.1,promien_500m
144C,90-024,204.5,promien_500m
144C,90-026,226.2,promien_500m
144C,90-025,235.4,promien_500m
144C,90-130,263.4,promien_500m
144C,90-042,269.5,promien_500m
144C,90-019,270.4,promien_500m
144C,90-125,285.3,promien_500m
144C,90-123,291.2,promien_500m
144C,90-118,309.3,promien_500m
144C,90-015,316.5,promien_500m
144C,90-105,316.7,promien_500m
144C,90-136,351.3,promien_500m
144C,90-249,371.2,promien_500m
144C,90-248,384.0,promien_500m
144C,90-135,397.4,promien_500m
144C,90-012,409.8,promien_500m
144C,90-137,431.3,promien_500m
144C,90-011,440.9,promien_500m
144C,90-113,445.9,promien_500m
144C,90-251,458.7,promien_500m
144C,90-002,469.3,promien_500m
144C,90-231,477.7,promien_500m
144C,90-254,482.7,promien_500m
144C,90-010,486.7,promien_500m
144C,90-023,490.4,promien_500m
144C,90-045,495.8,promien_500m
145C,90-022,0.0,promien_500m
145C,90-131,52.3,promien_500m
145C,90-132,61.2,promien_500m
145C,90-127,71.0,promien_500m
145C,90-024,97.7,promien_500m
145C,90-119,180.4,promien_500m
145C,90-026,191.9,promien_500m
145C,90-001,193.0,promien_500m
145C,90-025,210.6,promien_500m
145C,90-020,260.7,promien_500m
145C,90-021,267.5,promien_500m
145C,90-130,273.1,promien_500m
145C,90-105,283.5,promien_500m
145C,90-128,287.7,promien_500m
145C,90-042,302.9,promien_500m
145C,90-136,330.9,promien_500m
145C,90-125,345.9,promien_500m
145C,90-249,358.4,promien_500m
145C,90-019,369.0,promien_500m
145C,90-137,369.1,promien_500m
145C,90-133,378.0,promien_500m
145C,90-123,387.2,promien_500m
145C,90-023,391.7,promien_500m
145C,90-031,394.5,promien_500m
145C,90-251,423.8,promien_500m
145C,90-015,428.3,promien_500m
145C,90-118,454.5,promien_500m
145C,90-248,464.4,promien_500m
145C,90-138,469.1,promien_500m
145C,90-243,471.2,promien_500m
145C,90-030,483.4,promien_500m
145C,90-231,490.1,promien_500m
145C,90-135,491.4,promien_500m
145C,90-045,496.0,promien_500m
146C,90-022,0.0,promien_500m
146C,90-131,56.6,promien_500m
146C,90-127,65.1,promien_500m
146C,90-132,72.2,promien_500m
146C,90-024,110.1,promien_500m
146C,90-119,166.7,promien_500m
146C,90-001,193.6,promien_500m
146C,90-026,195.1,promien_500m
146C,90-025,213.7,promien_500m
146C,90-020,255.8,promien_500m
146C,90-021,259.0,promien_500m
146C,90-130,264.9,promien_500m
146C,90-128,274.0,promien_500m
146C,90-105,279.7,promien_500m
146C,90-042,301.4,promien_500m
146C,90-136,326.6,promien_500m
146C,90-125,334.7,promien_500m
146C,90-249,352.8,promien_500m
146C,90-019,361.7,promien_500m
146C,90-137,368.5,promien_500m
146C,90-123,375.0,promien_500m
146C,90-133,391.8,promien_500m
146C,90-023,403.4,promien_500m
146C,90-031,407.7,promien_500m
146C,90-015,420.4,promien_500m
146C,90-251,420.6,promien_500m
146C,90-118,441.1,promien_500m
146C,90-248,452.5,promien_500m
146C,90-243,473.1,promien_500m
146C,90-138,475.4,promien_500m
146C,90-135,478.9,promien_500m
146C,90-231,482.9,promien_500m
146C,90-030,495.9,promien_500m
146C,90-045,498.7,promien_500m
147A,90-113,0.0,promien_500m
147A,90-119,47.2,promien_500m
147A,90-118,49.6,promien_500m
147A,90-117,96.7,promien_500m
147A,90-114,113.8,promien_500m
147A,90-105,168.0,promien_500m
147A,90-123,200.4,promien_500m
147A,90-002,200.8,promien_500m
147A,90-106,200.8,promien_500m
147A,90-101,201.4,promien_500m
147A,90-107,209.1,promien_500m
147A,90-135,211.4,promien_500m
147A,90-128,213.1,promien_500m
147A,90-124,217.6,promien_500m
147A,90-111,237.5,promien_500m
147A,90-127,239.5,promien_500m
147A,90-254,265.5,promien_500m
147A,90-257,273.1,promien_500m
147A,90-258,274.0,promien_500m
147A,90-001,288.3,promien_500m
147A,90-003,301.0,promien_500m
147A,90-021,319.1,promien_500m
147A,90-110,319.5,promien_500m
147A,90-010,325.4,promien_500m
147A,90-248,338.1,promien_500m
147A,90-125,338.5,promien_500m
147A,90-011,346.0,promien_500m
147A,90-102,356.8,promien_500m
147A,90-012,359.3,promien_500m
147A,90-015,361.7,promien_500m
147A,90-004,371.7,promien_500m
147A,90-261,371.7,promien_500m
147A,90-266,375.6,promien_500m
147A,90-009,386.4,promien_500m
147A,90-136,388.1,promien_500m
147A,90-259,430.4,promien_500m
147A,90-022,432.4,promien_500m
147A,90-103,438.1,promien_500m
147A,90-252,443.9,promien_500m
147A,90-130,448.5,promien_500m
147A,90-007,457.4,promien_500m
147A,90-262,467.7,promien_500m
147A,90-019,469.4,promien_500m
147A,90-249,474.5,promien_500m
147A,90-265,475.8,promien_500m
147A,90-413,480.2,promien_500m
147A,90-422,481.9,promien_500m
147A,90-253,493.2,promien_500m
147A,90-020,494.6,promien_500m
147A,90-423,499.4,promien_500m
149A,90-114,0.0,promien_500m
149A,90-113,1.0,promien_500m
149A,90-106,74.7,promien_500m
149A,90-107,83.8,promien_500m
149A,90-101,89.0,promien_500m
149A,90-111,113.9,promien_500m
149A,90-117,124.2,promien_500m
149A,90-105,139.5,promien_500m
149A,90-118,141.1,promien_500m
149A,90-119,152.5,promien_500m
149A,90-110,193.9,promien_500m
149A,90-001,196.7,promien_500m
149A,90-003,208.9,promien_500m
149A,90-002,211.2,promien_500m
149A,90-135,218.7,promien_500m
149A,90-102,245.2,promien_500m
149A,90-004,254.6,promien_500m
149A,90-124,273.9,promien_500m
149A,90-266,298.1,promien_500m
149A,90-257,301.7,promien_500m
149A,90-258,303.0,promien_500m
149A,90-123,321.5,promien_500m
149A,90-010,322.5,promien_500m
149A,90-103,333.9,promien_500m
149A,90-128,335.1,promien_500m
149A,90-254,340.2,promien_500m
149A,90-261,352.7,promien_500m
149A,90-413,354.1,promien_500m
149A,90-422,356.4,promien_500m
149A,90-009,357.2,promien_500m
149A,90-127,362.2,promien_500m
149A,90-423,378.7,promien_500m
149A,90-265,385.6,promien_500m
149A,90-646,391.6,promien_500m
149A,90-021,401.3,promien_500m
149A,90-011,404.6,promien_500m
149A,90-007,409.5,promien_500m
149A,90-415,413.9,promien_500m
149A,90-012,423.2,promien_500m
149A,90-410,433.9,promien_500m
149A,90-248,437.8,promien_500m
149A,90-125,438.3,promien_500m
149A,90-414,439.3,promien_500m
149A,90-015,444.0,promien_500m
149A,90-419,464.4,promien_500m
149A,90-262,465.2,promien_500m
149A,90-264,466.8,promien_500m
149A,90-259,468.9,promien_500m
149A,90-252,471.2,promien_500m
149A,90-136,490.7,promien_500m
149A,90-425,493.7,promien_500m
14B,90-702,0.0,promien_500m
14B,91-069,3.5,promien_500m
14B,90-502,44.1,promien_500m
14B,90-710,52.6,promien_500m
14B,91-067,53.5,promien_500m
14B,90-703,73.6,promien_500m
14B,90-706,85.0,promien_500m
14B,91-068,106.2,promien_500m
14B,90-712,149.9,promien_500m
14B,90-569,150.9,promien_500m
14B,91-065,155.5,promien_500m
14B,91-070,173.2,promien_500m
14B,91-066,181.3,promien_500m
14B,90-701,186.3,promien_500m
14B,94-015,190.6,promien_500m
14B,90-713,191.1,promien_500m
14B,90-711,195.9,promien_500m
14B,90-707,197.2,promien_500m
14B,90-401,233.2,promien_500m
14B,90-742,242.3,promien_500m
14B,90-717,243.6,promien_500m
14B,91-071,245.2,promien_500m
14B,90-739,248.9,promien_500m
14B,90-715,249.6,promien_500m
14B,90-708,279.1,promien_500m
14B,90-745,286.5,promien_500m
14B,90-507,294.3,promien_500m
14B,90-718,296.4,promien_500m
14B,91-072,298.4,promien_500m
14B,90-746,299.9,promien_500m
14B,90-716,310.6,promien_500m
14B,90-741,333.6,promien_500m
14B,90-734,366.2,promien_500m
14B,91-063,374.6,promien_500m
14B,90-735,391.3,promien_500m
14B,90-762,393.4,promien_500m
14B,90-740,399.2,promien_500m
14B,90-720,410.0,promien_500m
14B,90-411,422.9,promien_500m
14B,90-404,429.5,promien_500m
14B,90-402,430.1,promien_500m
14B,90-727,433.9,promien_500m
14B,90-736,441.5,promien_500m
14B,91-062,442.6,promien_500m
14B,90-737,443.8,promien_500m
14B,90-730,459.3,promien_500m
14B,91-008,467.2,promien_500m
14B,90-743,473.7,promien_500m
14B,91-002,478.3,promien_500m
14B,90-728,479.3,promien_500m
14B,90-729,492.7,promien_500m
150A,90-113,0.0,promien_500m
150A,90-114,25.1,promien_500m
150A,90-107,36.1,promien_500m
150A,90-106,65.2,promien_500m
150A,90-117,81.2,promien_500m
150A,90-105,106.1,promien_500m
150A,90-111,118.6,promien_500m
150A,90-101,120.9,promien_500m
150A,90-135,123.6,promien_500m
150A,90-110,164.4,promien_500m
150A,90-118,176.1,promien_500m
150A,90-266,199.5,promien_500m
150A,90-001,223.8,promien_500m
150A,90-004,243.7,promien_500m
150A,90-119,251.0,promien_500m
150A,90-003,253.9,promien_500m
150A,90-102,255.4,promien_500m
150A,90-257,262.7,promien_500m
150A,90-124,272.4,promien_500m
150A,90-261,273.0,promien_500m
150A,90-258,275.6,promien_500m
150A,90-265,284.5,promien_500m
150A,90-413,296.0,promien_500m
150A,90-422,299.7,promien_500m
150A,90-002,306.7,promien_500m
150A,90-646,332.5,promien_500m
150A,90-254,333.6,promien_500m
150A,90-103,336.7,promien_500m
150A,90-410,339.9,promien_500m
150A,90-414,349.8,promien_500m
150A,90-423,357.4,promien_500m
150A,90-415,358.3,promien_500m
150A,90-264,366.6,promien_500m
150A,90-123,371.8,promien_500m
150A,90-262,386.7,promien_500m
150A,90-128,392.4,promien_500m
150A,90-419,394.0,promien_500m
150A,90-268,406.2,promien_500m
150A,90-267,407.9,promien_500m
150A,90-010,413.4,promien_500m
150A,90-127,420.0,promien_500m
150A,90-252,423.5,promien_500m
150A,90-009,432.2,promien_500m
150A,90-263,434.8,promien_500m
150A,90-259,435.5,promien_500m
150A,90-248,443.3,promien_500m
150A,90-260,444.2,promien_500m
150A,90-231,450.0,promien_500m
150A,90-253,460.0,promien_500m
150A,90-007,460.6,promien_500m
150A,90-725,460.6,promien_500m
150A,90-125,461.9,promien_500m
150A,90-402,462.3,promien_500m
150A,90-256,463.7,promien_500m
150A,90-269,473.7,promien_500m
150A,90-418,482.8,promien_500m
150A,90-722,484.9,promien_500m
150A,90-271,487.5,promien_500m
150A,90-272,494.5,promien_500m
150A,90-211,497.7,promien_500m
151A,90-260,0.0,promien_500m
151A,90-211,10.0,promien_500m
151A,90-262,34.3,promien_500m
151A,90-263,69.4,promien_500m
151A,90-206,70.9,promien_500m
151A,90-208,87.4,promien_500m
151A,90-261,90.6,promien_500m
151A,90-271,95.5,promien_500m
151A,90-256,126.3,promien_500m
151A,90-207,131.1,promien_500m
151A,90-272,138.5,promien_500m
151A,90-267,149.8,promien_500m
151A,90-253,154.5,promien_500m
151A,90-257,166.9,promien_500m
151A,90-268,175.1,promien_500m
151A,90-266,176.7,promien_500m
151A,90-264,178.4,promien_500m
151A,90-252,179.9,promien_500m
151A,90-269,194.0,promien_500m
151A,90-273,195.6,promien_500m
151A,90-209,208.2,promien_500m
151A,90-205,211.3,promien_500m
151A,90-258,211.3,promien_500m
151A,90-213,215.2,promien_500m
151A,90-135,215.9,promien_500m
151A,90-214,233.1,promien_500m
151A,90-259,234.1,promien_500m
151A,90-202,239.2,promien_500m
151A,90-231,253.8,promien_500m
151A,90-011,275.5,promien_500m
151A,90-004,277.1,promien_500m
151A,90-254,280.0,promien_500m
151A,90-255,292.2,promien_500m
151A,90-265,316.8,promien_500m
151A,90-270,331.6,promien_500m
151A,90-410,332.8,promien_500m
151A,90-406,335.2,promien_500m
151A,90-117,336.4,promien_500m
151A,90-407,339.8,promien_500m
151A,90-105,340.3,promien_500m
151A,91-415,346.2,promien_500m
151A,90-124,351.1,promien_500m
151A,90-201,353.7,promien_500m
151A,90-113,355.8,promien_500m
151A,91-416,357.9,promien_500m
151A,90-722,358.1,promien_500m
151A,91-422,364.4,promien_500m
151A,90-411,369.6,promien_500m
151A,90-404,375.2,promien_500m
151A,90-408,375.2,promien_500m
151A,90-203,377.2,promien_500m
151A,90-248,378.4,promien_500m
151A,91-408,388.3,promien_500m
151A,91-417,402.1,promien_500m
151A,91-423,407.0,promien_500m
151A,90-118,409.3,promien_500m
151A,90-403,416.1,promien_500m
151A,91-421,419.3,promien_500m
151A,90-215,421.6,promien_500m
151A,90-249,440.3,promien_500m
151A,90-725,455.8,promien_500m
151A,90-413,473.9,promien_500m
151A,90-414,483.0,promien_500m
151A,90-107,492.7,promien_500m
155A,90-419,0.0,promien_500m
155A,90-418,12.3,promien_500m
155A,90-646,54.6,promien_500m
155A,90-413,59.4,promien_500m
155A,90-415,81.4,promien_500m
155A,90-607,82.1,promien_500m
155A,90-414,94.9,promien_500m
155A,90-422,124.8,promien_500m
155A,90-723,139.4,promien_500m
155A,90-515,140.8,promien_500m
155A,90-725,151.0,promien_500m
155A,90-608,155.7,promien_500m
155A,90-731,166.8,promien_500m
155A,90-606,173.8,promien_500m
155A,90-105,174.9,promien_500m
155A,90-601,177.9,promien_500m
155A,90-732,185.5,promien_500m
155A,90-402,191.2,promien_500m
155A,90-410,191.4,promien_500m
155A,90-102,199.0,promien_500m
155A,90-416,207.1,promien_500m
155A,90-616,218.3,promien_500m
155A,90-135,221.7,promien_500m
155A,90-107,224.3,promien_500m
155A,90-004,238.6,promien_500m
155A,90-612,238.8,promien_500m
155A,90-111,239.4,promien_500m
155A,90-423,239.7,promien_500m
155A,90-265,239.9,promien_500m
155A,90-101,266.5,promien_500m
155A,90-613,270.5,promien_500m
155A,90-110,278.2,promien_500m
155A,90-117,283.8,promien_500m
155A,90-106,288.1,promien_500m
155A,90-730,288.8,promien_500m
155A,90-113,301.7,promien_500m
155A,90-722,302.1,promien_500m
155A,90-411,324.2,promien_500m
155A,90-103,328.3,promien_500m
155A,90-623,328.8,promien_500m
155A,90-602,343.1,promien_500m
155A,90-728,346.5,promien_500m
155A,90-721,356.9,promien_500m
155A,90-266,363.3,promien_500m
155A,90-729,367.9,promien_500m
155A,90-615,374.8,promien_500m
155A,90-420,383.9,promien_500m
155A,90-727,386.6,promien_500m
155A,90-264,386.8,promien_500m
155A,90-609,396.0,promien_500m
155A,90-001,404.7,promien_500m
155A,90-720,417.7,promien_500m
155A,90-403,417.9,promien_500m
155A,90-269,423.4,promien_500m
155A,90-231,428.3,promien_500m
155A,90-507,429.3,promien_500m
155A,90-426,429.7,promien_500m
155A,90-003,430.6,promien_500m
155A,90-268,436.5,promien_500m
155A,90-514,437.5,promien_500m
155A,90-513,440.4,promien_500m
155A,90-114,447.0,promien_500m
155A,90-406,449.3,promien_500m
155A,90-425,456.1,promien_500m
155A,90-718,465.0,promien_500m
155A,90-626,470.6,promien_500m
155A,90-734,472.5,promien_500m
155A,90-407,481.4,promien_500m
155A,90-427,483.2,promien_500m
155A,90-624,486.4,promien_500m
155A,90-502,488.4,promien_500m
155A,90-516,492.1,promien_500m
155A,90-716,493.3,promien_500m
156A,90-418,0.0,promien_500m
156A,90-419,16.7,promien_500m
156A,90-607,49.7,promien_500m
156A,90-646,55.8,promien_500m
156A,90-415,89.4,promien_500m
156A,90-413,92.6,promien_500m
156A,90-414,112.8,promien_500m
156A,90-515,122.6,promien_500m
156A,90-608,136.3,promien_500m
156A,90-606,140.5,promien_500m
156A,90-422,141.7,promien_500m
156A,90-723,143.2,promien_500m
156A,90-731,156.2,promien_500m
156A,90-725,156.7,promien_500m
156A,90-601,158.7,promien_500m
156A,90-416,175.2,promien_500m
156A,90-732,175.9,promien_500m
156A,90-616,184.8,promien_500m
156A,90-402,197.5,promien_500m
156A,90-612,205.8,promien_500m
156A,90-105,209.2,promien_500m
156A,90-410,212.7,promien_500m
156A,90-102,229.8,promien_500m
156A,90-613,239.4,promien_500m
156A,90-135,251.3,promien_500m
156A,90-423,254.1,promien_500m
156A,90-004,255.8,promien_500m
156A,90-107,256.4,promien_500m
156A,90-111,268.2,promien_500m
156A,90-730,268.5,promien_500m
156A,90-265,268.7,promien_500m
156A,90-101,292.6,promien_500m
156A,90-623,294.7,promien_500m
156A,90-722,304.9,promien_500m
156A,90-110,306.4,promien_500m
156A,90-602,313.3,promien_500m
156A,90-117,318.2,promien_500m
156A,90-106,319.6,promien_500m
156A,90-411,329.9,promien_500m
156A,90-113,336.1,promien_500m
156A,90-728,338.2,promien_500m
156A,90-729,339.0,promien_500m
156A,90-615,340.6,promien_500m
156A,90-103,345.7,promien_500m
156A,90-721,359.5,promien_500m
156A,90-727,379.0,promien_500m
156A,90-420,387.2,promien_500m
156A,90-609,387.5,promien_500m
156A,90-266,393.8,promien_500m
156A,90-507,402.6,promien_500m
156A,90-720,410.8,promien_500m
156A,90-264,411.6,promien_500m
156A,90-403,424.2,promien_500m
156A,90-001,431.5,promien_500m
156A,90-514,434.2,promien_500m
156A,90-513,436.6,promien_500m
156A,90-626,437.6,promien_500m
156A,90-426,438.6,promien_500m
156A,90-269,442.1,promien_500m
156A,90-231,450.4,promien_500m
156A,90-734,451.7,promien_500m
156A,90-003,451.8,promien_500m
156A,90-624,453.0,promien_500m
156A,90-718,454.5,promien_500m
156A,90-502,456.3,promien_500m
156A,90-268,458.9,promien_500m
156A,90-406,461.0,promien_500m
156A,90-425,465.3,promien_500m
156A,90-114,479.2,promien_500m
156A,90-716,479.2,promien_500m
156A,90-427,481.2,promien_500m
156A,90-516,481.7,promien_500m
156A,90-737,483.8,promien_500m
156A,90-715,486.0,promien_500m
156A,90-717,491.0,promien_500m
156A,90-407,492.3,promien_500m
156A,90-625,498.2,promien_500m
157A,90-646,0.0,promien_500m
157A,90-415,13.5,promien_500m
157A,90-418,21.4,promien_500m
157A,90-607,37.3,promien_500m
157A,90-515,41.5,promien_500m
157A,90-608,60.8,promien_500m
157A,90-419,68.4,promien_500m
157A,90-606,85.1,promien_500m
157A,90-416,106.9,promien_500m
157A,90-616,131.3,promien_500m
157A,90-422,140.3,promien_500m
157A,90-413,160.0,promien_500m
157A,90-613,166.9,promien_500m
157A,90-601,181.2,promien_500m
157A,90-414,194.9,promien_500m
157A,90-612,196.5,promien_500m
157A,90-731,211.8,promien_500m
157A,90-723,218.4,promien_500m
157A,90-423,231.2,promien_500m
157A,90-725,235.6,promien_500m
157A,90-004,236.7,promien_500m
157A,90-732,239.6,promien_500m
157A,90-623,242.3,promien_500m
157A,90-105,253.0,promien_500m
157A,90-102,254.8,promien_500m
157A,90-402,276.0,promien_500m
157A,90-111,287.4,promien_500m
157A,90-107,288.8,promien_500m
157A,90-410,294.9,promien_500m
157A,90-730,300.5,promien_500m
157A,90-101,301.0,promien_500m
157A,90-615,302.0,promien_500m
157A,90-609,310.7,promien_500m
157A,90-602,317.3,promien_500m
157A,90-110,321.9,promien_500m
157A,90-103,325.7,promien_500m
157A,90-135,328.0,promien_500m
157A,90-420,333.5,promien_500m
157A,90-729,346.1,promien_500m
157A,90-265,346.4,promien_500m
157A,90-106,347.7,promien_500m
157A,90-514,368.1,promien_500m
157A,90-513,368.4,promien_500m
157A,90-722,372.4,promien_500m
157A,90-117,373.7,promien_500m
157A,90-626,373.8,promien_500m
157A,90-426,382.1,promien_500m
157A,90-502,388.2,promien_500m
157A,90-113,388.3,promien_500m
157A,90-728,388.3,promien_500m
157A,90-516,405.8,promien_500m
157A,90-411,406.5,promien_500m
157A,90-507,407.6,promien_500m
157A,90-427,416.6,promien_500m
157A,90-425,422.2,promien_500m
157A,90-631,426.2,promien_500m
157A,90-001,428.2,promien_500m
157A,90-624,429.6,promien_500m
157A,90-721,430.5,promien_500m
157A,90-508,430.7,promien_500m
157A,90-003,438.5,promien_500m
157A,90-727,439.7,promien_500m
157A,90-625,447.1,promien_500m
157A,90-501,454.1,promien_500m
157A,90-637,466.8,promien_500m
157A,90-266,468.8,promien_500m
157A,90-509,469.0,promien_500m
157A,90-720,472.2,promien_500m
157A,90-737,474.8,promien_500m
157A,90-734,480.3,promien_500m
157A,90-617,484.3,promien_500m
157A,90-264,492.7,promien_500m
158A,90-607,0.0,promien_500m
158A,90-415,16.5,promien_500m
158A,90-646,17.4,promien_500m
158A,90-418,19.8,promien_500m
158A,90-606,41.6,promien_500m
158A,90-515,51.8,promien_500m
158A,90-608,51.8,promien_500m
158A,90-416,76.6,promien_500m
158A,90-616,86.4,promien_500m
158A,90-419,103.9,promien_500m
158A,90-601,127.5,promien_500m
158A,90-613,141.4,promien_500m
158A,90-612,141.9,promien_500m
158A,90-731,180.0,promien_500m
158A,90-413,191.6,promien_500m
158A,90-422,193.8,promien_500m
158A,90-414,195.9,promien_500m
158A,90-723,197.2,promien_500m
158A,90-623,197.9,promien_500m
158A,90-732,215.3,promien_500m
158A,90-725,229.1,promien_500m
158A,90-730,248.3,promien_500m
158A,90-615,251.8,promien_500m
158A,90-602,263.4,promien_500m
158A,90-402,267.4,promien_500m
158A,90-423,285.9,promien_500m
158A,90-004,291.6,promien_500m
158A,90-729,292.6,promien_500m
158A,90-105,299.1,promien_500m
158A,90-410,303.8,promien_500m
158A,90-102,305.8,promien_500m
158A,90-609,320.1,promien_500m
158A,90-107,337.3,promien_500m
158A,90-626,338.4,promien_500m
158A,90-111,339.2,promien_500m
158A,90-722,347.4,promien_500m
158A,90-728,349.2,promien_500m
158A,90-135,349.7,promien_500m
158A,90-507,353.5,promien_500m
158A,90-101,354.6,promien_500m
158A,90-502,357.1,promien_500m
158A,90-265,366.6,promien_500m
158A,90-110,374.6,promien_500m
158A,90-624,375.8,promien_500m
158A,90-420,379.5,promien_500m
158A,90-103,380.2,promien_500m
158A,90-411,392.0,promien_500m
158A,90-513,392.8,promien_500m
158A,90-106,397.8,promien_500m
158A,90-721,402.1,promien_500m
158A,90-625,402.8,promien_500m
158A,90-727,405.2,promien_500m
158A,90-514,405.8,promien_500m
158A,90-117,413.6,promien_500m
158A,90-631,416.4,promien_500m
158A,90-737,419.9,promien_500m
158A,90-637,421.2,promien_500m
158A,90-426,425.2,promien_500m
158A,90-734,429.1,promien_500m
158A,90-113,429.6,promien_500m
158A,90-516,431.8,promien_500m
158A,90-508,432.8,promien_500m
158A,90-617,438.1,promien_500m
158A,90-720,440.4,promien_500m
158A,90-629,450.6,promien_500m
158A,90-501,452.6,promien_500m
158A,90-736,453.3,promien_500m
158A,90-427,455.0,promien_500m
158A,90-604,463.1,promien_500m
158A,90-425,471.8,promien_500m
158A,90-718,472.3,promien_500m
158A,90-715,475.4,promien_500m
158A,90-716,480.6,promien_500m
158A,90-403,482.4,promien_500m
158A,90-001,483.1,promien_500m
158A,90-630,484.2,promien_500m
158A,90-509,486.9,promien_500m
158A,90-266,492.5,promien_500m
158A,90-003,492.6,promien_500m
158A,90-505,498.8,promien_500m
159A,90-607,0.0,promien_500m
159A,90-418,43.9,promien_500m
159A,90-601,55.2,promien_500m
159A,90-731,79.9,promien_500m
159A,90-606,87.9,promien_500m
159A,90-415,93.6,promien_500m
159A,90-646,97.7,promien_500m
159A,90-723,101.5,promien_500m
159A,90-419,105.3,promien_500m
159A,90-612,112.2,promien_500m
159A,90-732,118.1,promien_500m
159A,90-414,134.3,promien_500m
159A,90-616,137.0,promien_500m
159A,90-416,150.9,promien_500m
159A,90-515,151.5,promien_500m
159A,90-608,151.5,promien_500m
159A,90-725,151.6,promien_500m
159A,90-730,169.8,promien_500m
159A,90-413,170.0,promien_500m
159A,90-402,184.0,promien_500m
159A,90-602,208.2,promien_500m
159A,90-613,217.6,promien_500m
159A,90-729,233.2,promien_500m
159A,90-623,237.2,promien_500m
159A,90-410,242.1,promien_500m
159A,90-422,245.4,promien_500m
159A,90-722,248.3,promien_500m
159A,90-615,251.1,promien_500m
159A,90-728,252.0,promien_500m
159A,90-507,296.9,promien_500m
159A,90-105,297.9,promien_500m
159A,90-411,299.0,promien_500m
159A,90-721,302.0,promien_500m
159A,90-727,305.8,promien_500m
159A,90-135,308.3,promien_500m
159A,90-265,317.4,promien_500m
159A,90-102,333.9,promien_500m
159A,90-720,340.3,promien_500m
159A,90-734,351.0,promien_500m
159A,90-423,354.0,promien_500m
159A,90-004,357.1,promien_500m
159A,90-107,357.9,promien_500m
159A,90-624,358.2,promien_500m
159A,90-111,373.7,promien_500m
159A,90-718,373.8,promien_500m
159A,90-502,378.4,promien_500m
159A,90-737,379.2,promien_500m
159A,90-403,386.6,promien_500m
159A,90-716,387.2,promien_500m
159A,90-715,387.8,promien_500m
159A,90-626,388.7,promien_500m
159A,90-101,398.7,promien_500m
159A,90-117,400.4,promien_500m
159A,90-717,404.3,promien_500m
159A,90-110,412.2,promien_500m
159A,90-609,417.4,promien_500m
159A,90-736,419.5,promien_500m
159A,90-106,422.7,promien_500m
159A,90-113,426.6,promien_500m
159A,90-625,428.4,promien_500m
159A,90-264,430.8,promien_500m
159A,90-637,442.4,promien_500m
159A,90-406,442.6,promien_500m
159A,90-604,445.5,promien_500m
159A,90-103,447.4,promien_500m
159A,90-269,448.1,promien_500m
159A,90-266,449.0,promien_500m
159A,90-735,453.9,promien_500m
159A,90-617,455.9,promien_500m
159A,90-629,456.0,promien_500m
159A,90-231,468.3,promien_500m
159A,90-420,469.9,promien_500m
159A,90-407,470.6,promien_500m
159A,90-268,477.4,promien_500m
159A,90-743,482.0,promien_500m
159A,90-404,483.3,promien_500m
159A,90-708,487.2,promien_500m
159A,90-513,493.0,promien_500m
159A,90-631,495.5,promien_500m
160A,90-416,0.0,promien_500m
160A,90-606,0.2,promien_500m
160A,90-616,8.9,promien_500m
160A,90-415,20.8,promien_500m
160A,90-607,43.1,promien_500m
160A,90-608,52.8,promien_500m
160A,90-613,63.9,promien_500m
160A,90-515,71.8,promien_500m
160A,90-612,83.1,promien_500m
160A,90-646,97.3,promien_500m
160A,90-418,104.3,promien_500m
160A,90-623,116.4,promien_500m
160A,90-601,116.8,promien_500m
160A,90-615,179.6,promien_500m
160A,90-419,187.3,promien_500m
160A,90-731,228.0,promien_500m
160A,90-602,231.1,promien_500m
160A,90-730,237.6,promien_500m
160A,90-626,253.8,promien_500m
160A,90-422,254.9,promien_500m
160A,90-723,254.9,promien_500m
160A,90-732,270.5,promien_500m
160A,90-729,270.7,promien_500m
160A,90-502,273.1,promien_500m
160A,90-414,273.3,promien_500m
160A,90-413,276.3,promien_500m
160A,90-609,276.3,promien_500m
160A,90-725,300.9,promien_500m
160A,90-624,311.2,promien_500m
160A,90-625,321.3,promien_500m
160A,90-507,324.8,promien_500m
160A,90-423,333.6,promien_500m
160A,90-402,336.2,promien_500m
160A,90-637,340.9,promien_500m
160A,90-631,342.2,promien_500m
160A,90-004,346.3,promien_500m
160A,90-513,356.4,promien_500m
160A,90-420,356.8,promien_500m
160A,90-617,358.5,promien_500m
160A,90-737,371.9,promien_500m
160A,90-728,373.7,promien_500m
160A,90-629,375.1,promien_500m
160A,90-508,375.6,promien_500m
160A,90-105,378.7,promien_500m
160A,90-102,379.8,promien_500m
160A,90-410,383.2,promien_500m
160A,90-501,390.7,promien_500m
160A,90-722,395.9,promien_500m
160A,90-736,398.4,promien_500m
160A,90-630,399.9,promien_500m
160A,90-604,400.3,promien_500m
160A,90-514,404.7,promien_500m
160A,90-111,408.9,promien_500m
160A,90-516,409.0,promien_500m
160A,90-107,414.7,promien_500m
160A,90-734,415.7,promien_500m
160A,90-101,422.1,promien_500m
160A,90-426,426.6,promien_500m
160A,90-411,429.5,promien_500m
160A,90-103,430.2,promien_500m
160A,90-135,433.4,promien_500m
160A,90-727,434.4,promien_500m
160A,90-505,436.6,promien_500m
160A,90-721,439.1,promien_500m
160A,90-110,444.9,promien_500m
160A,90-743,445.7,promien_500m
160A,90-546,448.7,promien_500m
160A,90-265,449.8,promien_500m
160A,90-509,449.8,promien_500m
160A,90-427,454.3,promien_500m
160A,90-632,464.5,promien_500m
160A,90-106,473.1,promien_500m
160A,90-720,476.1,promien_500m
160A,90-715,477.4,promien_500m
160A,90-567,487.3,promien_500m
160A,90-735,490.2,promien_500m
160A,90-716,492.5,promien_500m
160A,90-117,496.8,promien_500m
160A,90-718,497.9,promien_500m
160A,90-425,498.3,promien_500m
161A,90-416,0.0,promien_500m
161A,90-616,13.2,promien_500m
161A,90-415,32.6,promien_500m
161A,90-613,37.3,promien_500m
161A,90-612,38.9,promien_500m
161A,90-606,42.1,promien_500m
161A,90-623,72.4,promien_500m
161A,90-608,81.5,promien_500m
161A,90-607,87.9,promien_500m
161A,90-515,113.8,promien_500m
161A,90-601,128.0,promien_500m
161A,90-615,141.5,promien_500m
161A,90-646,142.7,promien_500m
161A,90-418,149.4,promien_500m
161A,90-602,207.3,promien_500m
161A,90-626,209.3,promien_500m
161A,90-502,230.4,promien_500m
161A,90-419,232.6,promien_500m
161A,90-730,233.5,promien_500m
161A,90-731,255.9,promien_500m
161A,90-729,261.9,promien_500m
161A,90-609,268.6,promien_500m
161A,90-624,271.4,promien_500m
161A,90-625,276.5,promien_500m
161A,90-723,286.7,promien_500m
161A,90-422,295.5,promien_500m
161A,90-637,296.5,promien_500m
161A,90-732,300.5,promien_500m
161A,90-631,309.7,promien_500m
161A,90-507,310.3,promien_500m
161A,90-414,313.6,promien_500m
161A,90-617,314.4,promien_500m
161A,90-413,321.1,promien_500m
161A,90-629,332.5,promien_500m
161A,90-725,338.2,promien_500m
161A,90-513,341.6,promien_500m
161A,90-737,341.6,promien_500m
161A,90-420,350.3,promien_500m
161A,90-630,354.6,promien_500m
161A,90-508,356.3,promien_500m
161A,90-604,364.8,promien_500m
161A,90-501,366.0,promien_500m
161A,90-736,367.5,promien_500m
161A,90-423,368.7,promien_500m
161A,90-402,371.7,promien_500m
161A,90-728,383.9,promien_500m
161A,90-004,384.4,promien_500m
161A,90-546,403.5,promien_500m
161A,90-734,406.5,promien_500m
161A,90-516,411.1,promien_500m
161A,90-505,411.4,promien_500m
161A,90-743,411.4,promien_500m
161A,90-411,417.4,promien_500m
161A,90-514,418.1,promien_500m
161A,90-722,420.5,promien_500m
161A,90-102,423.5,promien_500m
161A,90-105,423.7,promien_500m
161A,90-410,424.0,promien_500m
161A,90-632,427.5,promien_500m
161A,90-509,439.6,promien_500m
161A,90-727,440.0,promien_500m
161A,90-426,441.5,promien_500m
161A,90-111,450.9,promien_500m
161A,90-567,451.9,promien_500m
161A,90-721,457.7,promien_500m
161A,90-107,459.2,promien_500m
161A,90-619,462.5,promien_500m
161A,90-101,463.9,promien_500m
161A,90-103,466.0,promien_500m
161A,90-427,467.6,promien_500m
161A,90-735,473.6,promien_500m
161A,90-618,474.2,promien_500m
161A,90-135,476.8,promien_500m
161A,90-715,477.1,promien_500m
161A,90-110,487.5,promien_500m
161A,90-265,492.6,promien_500m
161A,90-720,492.6,promien_500m
161A,90-716,497.3,promien_500m
162A,90-612,0.0,promien_500m
162A,90-415,25.8,promien_500m
162A,90-616,27.9,promien_500m
162A,90-623,37.1,promien_500m
162A,90-416,57.0,promien_500m
162A,90-615,63.0,promien_500m
162A,90-613,82.9,promien_500m
162A,90-606,83.4,promien_500m
162A,90-601,113.6,promien_500m
162A,90-607,119.6,promien_500m
162A,90-602,130.7,promien_500m
162A,90-608,162.3,promien_500m
162A,90-502,176.0,promien_500m
162A,90-730,176.2,promien_500m
162A,90-626,183.6,promien_500m
162A,90-515,188.7,promien_500m
162A,90-624,194.8,promien_500m
162A,90-729,201.7,promien_500m
162A,90-646,205.7,promien_500m
162A,90-418,206.3,promien_500m
162A,90-625,218.1,promien_500m
162A,90-637,234.3,promien_500m
162A,90-507,241.1,promien_500m
162A,90-731,250.0,promien_500m
162A,90-617,250.2,promien_500m
162A,90-737,260.1,promien_500m
162A,90-629,261.3,promien_500m
162A,90-604,284.1,promien_500m
162A,90-736,286.0,promien_500m
162A,90-419,292.0,promien_500m
162A,90-723,298.1,promien_500m
162A,90-732,301.8,promien_500m
162A,90-630,305.0,promien_500m
162A,90-631,323.5,promien_500m
162A,90-609,329.5,promien_500m
162A,90-743,330.2,promien_500m
162A,90-734,338.2,promien_500m
162A,90-728,340.2,promien_500m
162A,90-414,346.1,promien_500m
162A,90-546,346.9,promien_500m
162A,90-411,349.0,promien_500m
162A,90-725,361.3,promien_500m
162A,90-413,369.5,promien_500m
162A,90-422,371.8,promien_500m
162A,90-402,389.0,promien_500m
162A,90-727,390.4,promien_500m
162A,90-513,391.3,promien_500m
162A,90-501,398.4,promien_500m
162A,90-508,398.7,promien_500m
162A,90-735,400.0,promien_500m
162A,90-618,403.2,promien_500m
162A,90-722,403.5,promien_500m
162A,90-619,405.9,promien_500m
162A,90-420,410.4,promien_500m
162A,90-715,423.0,promien_500m
162A,90-632,427.3,promien_500m
162A,90-721,435.3,promien_500m
162A,90-505,441.4,promien_500m
162A,90-716,448.1,promien_500m
162A,90-423,449.1,promien_500m
162A,90-746,451.9,promien_500m
162A,90-410,452.6,promien_500m
162A,90-638,453.9,promien_500m
162A,90-567,456.7,promien_500m
162A,90-004,463.0,promien_500m
162A,90-720,463.3,promien_500m
162A,90-718,466.9,promien_500m
162A,90-711,470.2,promien_500m
162A,90-516,479.2,promien_500m
162A,90-717,484.0,promien_500m
162A,90-745,486.3,promien_500m
162A,90-105,488.5,promien_500m
162A,90-509,490.5,promien_500m
162A,90-636,493.2,promien_500m
162A,90-102,493.8,promien_500m
162A,90-514,494.5,promien_500m
163A,90-612,0.0,promien_500m
163A,90-615,43.3,promien_500m
163A,90-415,55.9,promien_500m
163A,90-602,67.3,promien_500m
163A,90-616,69.0,promien_500m
163A,90-601,70.1,promien_500m
163A,90-623,100.6,promien_500m
163A,90-607,111.1,promien_500m
163A,90-730,111.9,promien_500m
163A,90-606,113.2,promien_500m
163A,90-416,116.5,promien_500m
163A,90-729,135.5,promien_500m
163A,90-613,146.1,promien_500m
163A,90-624,157.3,promien_500m
163A,90-502,172.2,promien_500m
163A,90-507,173.6,promien_500m
163A,90-737,208.0,promien_500m
163A,90-608,215.3,promien_500m
163A,90-731,217.6,promien_500m
163A,90-626,217.8,promien_500m
163A,90-625,227.7,promien_500m
163A,90-418,228.7,promien_500m
163A,90-515,231.9,promien_500m
163A,90-646,235.7,promien_500m
163A,90-736,236.1,promien_500m
163A,90-637,239.7,promien_500m
163A,90-604,244.9,promien_500m
163A,90-629,246.9,promien_500m
163A,90-617,247.9,promien_500m
163A,90-732,267.6,promien_500m
163A,90-734,270.7,promien_500m
163A,90-723,277.5,promien_500m
163A,90-728,279.4,promien_500m
163A,90-411,281.5,promien_500m
163A,90-743,287.5,promien_500m
163A,90-419,310.6,promien_500m
163A,90-630,314.4,promien_500m
163A,90-727,326.4,promien_500m
163A,90-735,334.1,promien_500m
163A,90-414,335.0,promien_500m
163A,90-725,347.3,promien_500m
163A,90-546,354.1,promien_500m
163A,90-722,355.6,promien_500m
163A,90-715,357.2,promien_500m
163A,90-402,369.3,promien_500m
163A,90-413,377.3,promien_500m
163A,90-618,377.7,promien_500m
163A,90-631,381.2,promien_500m
163A,90-716,383.9,promien_500m
163A,90-721,385.2,promien_500m
163A,90-609,397.0,promien_500m
163A,90-718,399.3,promien_500m
163A,90-711,404.6,promien_500m
163A,90-746,408.4,promien_500m
163A,90-720,408.7,promien_500m
163A,90-422,411.4,promien_500m
163A,90-619,411.5,promien_500m
163A,90-717,422.4,promien_500m
163A,90-410,437.1,promien_500m
163A,90-745,447.6,promien_500m
163A,90-638,448.2,promien_500m
163A,90-513,458.5,promien_500m
163A,90-739,461.7,promien_500m
163A,90-501,462.2,promien_500m
163A,90-508,464.7,promien_500m
163A,90-632,477.8,promien_500m
163A,90-420,478.0,promien_500m
163A,90-742,478.2,promien_500m
163A,90-636,483.8,promien_500m
163A,90-639,494.6,promien_500m
163A,90-423,496.3,promien_500m
164B,90-616,0.0,promien_500m
164B,90-623,7.4,promien_500m
164B,90-615,34.2,promien_500m
164B,90-612,42.0,promien_500m
164B,90-613,49.9,promien_500m
164B,90-416,99.7,promien_500m
164B,90-415,106.2,promien_500m
164B,90-502,110.4,promien_500m
164B,90-626,111.6,promien_500m
164B,90-624,136.6,promien_500m
164B,90-625,140.2,promien_500m
164B,90-602,151.7,promien_500m
164B,90-637,158.8,promien_500m
164B,90-606,161.1,promien_500m
164B,90-617,176.3,promien_500m
164B,90-601,185.9,promien_500m
164B,90-629,195.1,promien_500m
164B,90-608,197.5,promien_500m
164B,90-607,200.0,promien_500m
164B,90-730,224.6,promien_500m
164B,90-630,226.6,promien_500m
164B,90-737,237.3,promien_500m
164B,90-604,243.9,promien_500m
164B,90-729,244.1,promien_500m
164B,90-515,252.1,promien_500m
164B,90-736,262.7,promien_500m
164B,90-507,266.5,promien_500m
164B,90-546,268.8,promien_500m
164B,90-631,269.8,promien_500m
164B,90-646,277.6,promien_500m
164B,90-418,281.9,promien_500m
164B,90-743,293.9,promien_500m
164B,90-609,325.7,promien_500m
164B,90-731,325.7,promien_500m
164B,90-619,327.9,promien_500m
164B,90-618,336.2,promien_500m
164B,90-734,358.4,promien_500m
164B,90-501,359.6,promien_500m
164B,90-632,361.9,promien_500m
164B,90-419,366.5,promien_500m
164B,90-513,369.4,promien_500m
164B,90-508,369.8,promien_500m
164B,90-411,370.7,promien_500m
164B,90-723,377.4,promien_500m
164B,90-732,377.7,promien_500m
164B,90-638,380.4,promien_500m
164B,90-728,393.2,promien_500m
164B,90-567,394.0,promien_500m
164B,90-505,399.0,promien_500m
164B,90-420,402.3,promien_500m
164B,90-746,408.4,promien_500m
164B,90-735,409.1,promien_500m
164B,90-636,421.4,promien_500m
164B,90-414,426.6,promien_500m
164B,90-569,430.7,promien_500m
164B,90-422,432.8,promien_500m
164B,90-727,436.3,promien_500m
164B,90-640,437.6,promien_500m
164B,90-745,440.1,promien_500m
164B,90-725,441.6,promien_500m
164B,90-568,447.8,promien_500m
164B,90-413,448.0,promien_500m
164B,90-639,452.0,promien_500m
164B,90-715,463.2,promien_500m
164B,90-509,468.4,promien_500m
164B,90-402,468.7,promien_500m
164B,90-722,471.3,promien_500m
164B,90-711,476.7,promien_500m
164B,90-516,481.0,promien_500m
164B,90-718,491.5,promien_500m
164B,90-716,493.1,promien_500m
164B,90-635,497.1,promien_500m
165B,90-623,0.0,promien_500m
165B,90-616,3.5,promien_500m
165B,90-615,23.9,promien_500m
165B,90-502,43.5,promien_500m
165B,90-626,48.9,promien_500m
165B,90-624,57.8,promien_500m
165B,90-625,62.9,promien_500m
165B,90-637,79.4,promien_500m
165B,90-613,79.9,promien_500m
165B,90-617,96.7,promien_500m
165B,90-612,102.5,promien_500m
165B,90-629,118.7,promien_500m
165B,90-602,149.2,promien_500m
165B,90-630,149.7,promien_500m
165B,90-415,178.4,promien_500m
165B,90-416,178.7,promien_500m
165B,90-604,186.5,promien_500m
165B,90-546,191.4,promien_500m
165B,90-737,203.0,promien_500m
165B,90-736,225.4,promien_500m
165B,90-601,231.4,promien_500m
165B,90-606,238.5,promien_500m
165B,90-743,241.6,promien_500m
165B,90-619,250.3,promien_500m
165B,90-618,257.6,promien_500m
165B,90-730,260.9,promien_500m
165B,90-729,263.2,promien_500m
165B,90-608,269.7,promien_500m
165B,90-631,269.8,promien_500m
165B,90-607,270.2,promien_500m
165B,90-507,271.8,promien_500m
165B,90-638,300.8,promien_500m
165B,90-632,330.6,promien_500m
165B,90-515,331.4,promien_500m
165B,90-746,341.2,promien_500m
165B,90-636,341.8,promien_500m
165B,90-734,351.8,promien_500m
165B,90-646,357.0,promien_500m
165B,90-418,360.5,promien_500m
165B,90-501,360.8,promien_500m
165B,90-411,371.5,promien_500m
165B,90-569,373.1,promien_500m
165B,90-567,373.6,promien_500m
165B,90-609,373.7,promien_500m
165B,90-639,373.7,promien_500m
165B,90-745,375.0,promien_500m
165B,90-640,385.2,promien_500m
165B,90-731,386.4,promien_500m
165B,90-513,393.9,promien_500m
165B,90-508,394.2,promien_500m
165B,90-735,395.8,promien_500m
165B,90-505,405.3,promien_500m
165B,90-568,412.7,promien_500m
165B,90-635,422.1,promien_500m
165B,90-728,424.4,promien_500m
165B,90-732,436.4,promien_500m
165B,90-723,444.2,promien_500m
165B,90-420,444.4,promien_500m
165B,90-419,445.6,promien_500m
165B,90-750,447.5,promien_500m
165B,90-711,458.6,promien_500m
165B,90-727,459.4,promien_500m
165B,90-558,462.4,promien_500m
165B,90-645,468.8,promien_500m
165B,90-715,479.6,promien_500m
165B,90-749,484.7,promien_500m
165B,90-718,490.6,promien_500m
165B,90-748,493.6,promien_500m
165B,90-742,495.6,promien_500m
165B,90-509,496.4,promien_500m
165B,90-414,498.5,promien_500m
166B,90-502,0.0,promien_500m
166B,90-624,11.2,promien_500m
166B,90-616,19.5,promien_500m
166B,90-615,29.7,promien_500m
166B,90-623,34.1,promien_500m
166B,90-625,45.6,promien_500m
166B,90-617,46.6,promien_500m
166B,90-637,50.7,promien_500m
166B,90-629,53.3,promien_500m
166B,90-626,61.3,promien_500m
166B,90-602,116.7,promien_500m
166B,90-604,120.4,promien_500m
166B,90-630,121.2,promien_500m
166B,90-612,147.4,promien_500m
166B,90-613,148.2,promien_500m
166B,90-546,155.8,promien_500m
166B,90-737,156.2,promien_500m
166B,90-736,174.4,promien_500m
166B,90-743,178.6,promien_500m
166B,90-618,196.0,promien_500m
166B,90-619,211.4,promien_500m
166B,90-415,227.0,promien_500m
166B,90-416,241.9,promien_500m
166B,90-507,245.9,promien_500m
166B,90-638,247.3,promien_500m
166B,90-601,252.1,promien_500m
166B,90-729,255.9,promien_500m
166B,90-730,271.1,promien_500m
166B,90-746,271.7,promien_500m
166B,90-636,285.0,promien_500m
166B,90-606,291.7,promien_500m
166B,90-745,305.6,promien_500m
166B,90-639,310.2,promien_500m
166B,90-607,311.5,promien_500m
166B,90-734,319.7,promien_500m
166B,90-631,321.1,promien_500m
166B,90-608,337.9,promien_500m
166B,90-640,344.7,promien_500m
166B,90-411,344.9,promien_500m
166B,90-735,349.2,promien_500m
166B,90-632,352.7,promien_500m
166B,90-635,354.6,promien_500m
166B,90-569,369.9,promien_500m
166B,90-750,378.1,promien_500m
166B,90-646,389.9,promien_500m
166B,90-515,392.9,promien_500m
166B,90-558,393.2,promien_500m
166B,90-567,403.1,promien_500m
166B,90-731,403.1,promien_500m
166B,90-501,404.1,promien_500m
166B,90-645,409.2,promien_500m
166B,90-711,413.8,promien_500m
166B,90-418,414.7,promien_500m
166B,90-749,415.6,promien_500m
166B,90-728,420.1,promien_500m
166B,90-748,425.2,promien_500m
166B,90-568,433.2,promien_500m
166B,90-742,439.7,promien_500m
166B,90-609,441.7,promien_500m
166B,90-727,445.2,promien_500m
166B,90-747,453.9,promien_500m
166B,90-513,454.3,promien_500m
166B,90-718,454.3,promien_500m
166B,90-508,454.5,promien_500m
166B,90-505,455.1,promien_500m
166B,90-643,458.9,promien_500m
166B,90-732,461.5,promien_500m
166B,90-715,463.2,promien_500m
166B,90-644,464.3,promien_500m
166B,90-758,476.0,promien_500m
166B,90-723,478.5,promien_500m
166B,90-741,492.9,promien_500m
166B,90-754,495.8,promien_500m
167B,90-624,0.0,promien_500m
167B,90-604,23.5,promien_500m
167B,90-602,41.4,promien_500m
167B,90-737,45.8,promien_500m
167B,90-629,48.6,promien_500m
167B,90-736,55.9,promien_500m
167B,90-615,59.0,promien_500m
167B,90-743,70.2,promien_500m
167B,90-502,89.6,promien_500m
167B,90-617,118.3,promien_500m
167B,90-616,133.5,promien_500m
167B,90-623,153.7,promien_500m
167B,90-507,154.7,promien_500m
167B,90-637,155.4,promien_500m
167B,90-618,161.9,promien_500m
167B,90-625,163.4,promien_500m
167B,90-612,168.1,promien_500m
167B,90-626,180.5,promien_500m
167B,90-729,190.4,promien_500m
167B,90-746,191.3,promien_500m
167B,90-630,196.0,promien_500m
167B,90-734,214.5,promien_500m
167B,90-745,226.5,promien_500m
167B,90-735,229.2,promien_500m
167B,90-546,229.4,promien_500m
167B,90-730,229.6,promien_500m
167B,90-601,236.4,promien_500m
167B,90-411,245.4,promien_500m
167B,90-613,255.0,promien_500m
167B,90-415,268.2,promien_500m
167B,90-619,269.6,promien_500m
167B,90-638,272.0,promien_500m
167B,90-639,281.8,promien_500m
167B,90-636,293.9,promien_500m
167B,90-711,295.6,promien_500m
167B,90-750,295.6,promien_500m
167B,90-558,306.7,promien_500m
167B,90-416,311.0,promien_500m
167B,90-635,312.9,promien_500m
167B,90-742,320.3,promien_500m
167B,90-607,327.9,promien_500m
167B,90-748,329.2,promien_500m
167B,90-606,333.8,promien_500m
167B,90-718,336.2,promien_500m
167B,90-728,348.3,promien_500m
167B,90-747,352.7,promien_500m
167B,90-749,355.2,promien_500m
167B,90-727,356.8,promien_500m
167B,90-731,366.2,promien_500m
167B,90-715,371.1,promien_500m
167B,90-741,374.7,promien_500m
167B,90-640,389.3,promien_500m
167B,90-758,393.4,promien_500m
167B,90-739,395.8,promien_500m
167B,90-717,398.5,promien_500m
167B,90-646,401.4,promien_500m
167B,90-645,402.5,promien_500m
167B,90-515,410.6,promien_500m
167B,90-716,412.7,promien_500m
167B,90-608,418.1,promien_500m
167B,90-740,423.6,promien_500m
167B,90-643,431.7,promien_500m
167B,90-754,433.8,promien_500m
167B,90-732,436.2,promien_500m
167B,90-631,440.7,promien_500m
167B,90-753,446.7,promien_500m
167B,90-418,450.2,promien_500m
167B,90-713,454.1,promien_500m
167B,90-756,454.6,promien_500m
167B,90-569,465.7,promien_500m
167B,90-632,466.7,promien_500m
167B,90-723,469.5,promien_500m
167B,90-722,478.7,promien_500m
167B,90-720,486.6,promien_500m
167B,90-644,494.9,promien_500m
167B,90-721,496.8,promien_500m
168B,90-617,0.0,promien_500m
168B,90-637,7.0,promien_500m
168B,90-629,28.0,promien_500m
168B,90-630,37.8,promien_500m
168B,90-624,40.5,promien_500m
168B,90-625,43.1,promien_500m
168B,90-546,68.1,promien_500m
168B,90-623,71.9,promien_500m
168B,90-502,74.0,promien_500m
168B,90-616,80.3,promien_500m
168B,90-626,81.8,promien_500m
168B,90-615,118.3,promien_500m
168B,90-619,122.4,promien_500m
168B,90-618,124.6,promien_500m
168B,90-604,139.0,promien_500m
168B,90-638,163.1,promien_500m
168B,90-613,189.1,promien_500m
168B,90-602,191.6,promien_500m
168B,90-743,192.3,promien_500m
168B,90-636,204.3,promien_500m
168B,90-737,211.9,promien_500m
168B,90-736,221.5,promien_500m
168B,90-612,232.7,promien_500m
168B,90-639,239.8,promien_500m
168B,90-746,243.0,promien_500m
168B,90-640,255.6,promien_500m
168B,90-745,280.3,promien_500m
168B,90-635,297.9,promien_500m
168B,90-569,298.7,promien_500m
168B,90-646,306.4,promien_500m
168B,90-632,308.6,promien_500m
168B,90-415,311.9,promien_500m
168B,90-507,315.9,promien_500m
168B,90-416,316.1,promien_500m
168B,90-631,320.7,promien_500m
168B,90-750,329.2,promien_500m
168B,90-645,331.9,promien_500m
168B,90-729,337.2,promien_500m
168B,90-601,341.1,promien_500m
168B,90-730,358.3,promien_500m
168B,90-567,362.5,promien_500m
168B,90-749,368.2,promien_500m
168B,90-558,368.4,promien_500m
168B,90-606,374.6,promien_500m
168B,90-644,375.1,promien_500m
168B,90-735,376.6,promien_500m
168B,90-501,377.8,promien_500m
168B,90-734,381.3,promien_500m
168B,90-568,384.0,promien_500m
168B,90-643,389.1,promien_500m
168B,90-607,399.2,promien_500m
168B,90-608,400.9,promien_500m
168B,90-748,403.1,promien_500m
168B,90-411,410.9,promien_500m
168B,90-505,440.3,promien_500m
168B,90-747,441.9,promien_500m
168B,90-753,443.5,promien_500m
168B,90-758,444.0,promien_500m
168B,90-754,446.7,promien_500m
168B,90-559,449.3,promien_500m
168B,90-420,454.7,promien_500m
168B,90-711,457.0,promien_500m
168B,90-742,462.8,promien_500m
168B,90-513,466.3,promien_500m
168B,90-508,466.6,promien_500m
168B,90-515,469.0,promien_500m
168B,90-609,477.4,promien_500m
168B,90-647,482.6,promien_500m
168B,90-557,489.3,promien_500m
168B,90-718,489.6,promien_500m
168B,90-731,490.9,promien_500m
168B,90-717,492.6,promien_500m
168B,90-752,495.5,promien_500m
168B,90-741,496.8,promien_500m
168B,90-418,497.3,promien_500m
169B,90-629,0.0,promien_500m
169B,90-604,54.7,promien_500m
169B,90-624,55.3,promien_500m
169B,90-618,65.8,promien_500m
169B,90-617,76.1,promien_500m
169B,90-743,93.6,promien_500m
169B,90-602,104.5,promien_500m
169B,90-637,110.5,promien_500m
169B,90-630,111.2,promien_500m
169B,90-502,126.0,promien_500m
169B,90-746,137.2,promien_500m
169B,90-615,141.6,promien_500m
169B,90-736,143.9,promien_500m
169B,90-546,147.9,promien_500m
169B,90-625,148.7,promien_500m
169B,90-616,150.3,promien_500m
169B,90-737,152.6,promien_500m
169B,90-623,156.3,promien_500m
169B,90-638,159.1,promien_500m
169B,90-619,166.9,promien_500m
169B,90-745,173.3,promien_500m
169B,90-626,173.7,promien_500m
169B,90-639,181.1,promien_500m
169B,90-636,181.6,promien_500m
169B,90-635,219.4,promien_500m
169B,90-750,241.7,promien_500m
169B,90-507,260.2,promien_500m
169B,90-558,261.9,promien_500m
169B,90-612,266.4,promien_500m
169B,90-735,276.0,promien_500m
169B,90-749,277.8,promien_500m
169B,90-640,279.5,promien_500m
169B,90-613,281.2,promien_500m
169B,90-646,288.3,promien_500m
169B,90-645,292.7,promien_500m
169B,90-748,295.8,promien_500m
169B,90-729,303.8,promien_500m
169B,90-734,313.4,promien_500m
169B,90-643,330.9,promien_500m
169B,90-747,332.0,promien_500m
169B,90-411,335.6,promien_500m
169B,90-758,341.6,promien_500m
169B,90-730,342.5,promien_500m
169B,90-601,345.3,promien_500m
169B,90-415,351.5,promien_500m
169B,90-754,358.1,promien_500m
169B,90-742,358.4,promien_500m
169B,90-711,366.1,promien_500m
169B,90-753,369.5,promien_500m
169B,90-416,376.9,promien_500m
169B,90-644,381.4,promien_500m
169B,90-717,383.0,promien_500m
169B,90-569,385.2,promien_500m
169B,90-741,386.4,promien_500m
169B,90-718,390.4,promien_500m
169B,90-632,414.6,promien_500m
169B,90-752,416.9,promien_500m
169B,90-606,418.0,promien_500m
169B,90-607,424.8,promien_500m
169B,90-756,425.4,promien_500m
169B,90-740,426.2,promien_500m
169B,90-631,429.7,promien_500m
169B,90-739,434.3,promien_500m
169B,90-759,434.6,promien_500m
169B,90-647,434.8,promien_500m
169B,90-757,451.5,promien_500m
169B,90-728,460.2,promien_500m
169B,90-727,463.3,promien_500m
169B,90-567,465.1,promien_500m
169B,90-715,470.2,promien_500m
169B,90-608,475.4,promien_500m
169B,90-731,478.8,promien_500m
169B,90-568,486.7,promien_500m
169B,90-501,487.1,promien_500m
16A,91-066,0.0,promien_500m
16A,91-067,13.7,promien_500m
16A,91-069,48.6,promien_500m
16A,90-507,77.5,promien_500m
16A,90-702,83.1,promien_500m
16A,90-701,87.7,promien_500m
16A,90-706,97.9,promien_500m
16A,91-065,107.6,promien_500m
16A,90-707,117.0,promien_500m
16A,91-063,150.7,promien_500m
16A,90-401,184.5,promien_500m
16A,91-071,216.8,promien_500m
16A,91-062,217.5,promien_500m
16A,90-710,218.3,promien_500m
16A,94-015,252.2,promien_500m
16A,90-502,256.3,promien_500m
16A,90-712,260.6,promien_500m
16A,90-708,269.7,promien_500m
16A,90-402,300.5,promien_500m
16A,90-703,300.5,promien_500m
16A,91-002,304.1,promien_500m
16A,90-713,306.7,promien_500m
16A,90-715,309.0,promien_500m
16A,91-068,313.1,promien_500m
16A,91-064,328.7,promien_500m
16A,90-403,346.6,promien_500m
16A,90-716,352.0,promien_500m
16A,90-717,354.6,promien_500m
16A,90-404,372.9,promien_500m
16A,90-569,375.3,promien_500m
16A,90-711,376.5,promien_500m
16A,90-720,389.3,promien_500m
16A,90-739,391.2,promien_500m
16A,91-070,394.9,promien_500m
16A,91-415,397.7,promien_500m
16A,90-718,421.4,promien_500m
16A,90-408,429.9,promien_500m
16A,91-006,436.7,promien_500m
16A,91-061,440.9,promien_500m
16A,91-008,456.9,promien_500m
16A,90-742,458.8,promien_500m
16A,90-406,460.2,promien_500m
16A,90-734,478.5,promien_500m
16A,90-727,482.5,promien_500m
170B,90-629,0.0,promien_500m
170B,90-617,44.1,promien_500m
170B,90-618,61.4,promien_500m
170B,90-630,77.5,promien_500m
170B,90-637,78.0,promien_500m
170B,90-624,80.5,promien_500m
170B,90-604,86.8,promien_500m
170B,90-546,113.7,promien_500m
170B,90-502,124.9,promien_500m
170B,90-625,126.0,promien_500m
170B,90-638,129.0,promien_500m
170B,90-743,129.5,promien_500m
170B,90-619,130.5,promien_500m
170B,90-602,141.0,promien_500m
170B,90-616,146.8,promien_500m
170B,90-623,147.3,promien_500m
170B,90-615,154.5,promien_500m
170B,90-746,155.4,promien_500m
170B,90-636,157.4,promien_500m
170B,90-626,162.3,promien_500m
170B,90-639,171.2,promien_500m
170B,90-736,179.7,promien_500m
170B,90-737,187.1,promien_500m
170B,90-745,192.8,promien_500m
170B,90-635,217.1,promien_500m
170B,90-750,244.9,promien_500m
170B,90-640,245.8,promien_500m
170B,90-646,263.3,promien_500m
170B,90-613,271.4,promien_500m
170B,90-645,274.2,promien_500m
170B,90-558,280.6,promien_500m
170B,90-749,283.1,promien_500m
170B,90-612,283.2,promien_500m
170B,90-507,294.7,promien_500m
170B,90-735,306.4,promien_500m
170B,90-748,315.5,promien_500m
170B,90-643,320.1,promien_500m
170B,90-729,334.0,promien_500m
170B,90-415,343.3,promien_500m
170B,90-734,348.9,promien_500m
170B,90-569,349.2,promien_500m
170B,90-644,354.8,promien_500m
170B,90-747,356.0,promien_500m
170B,90-758,356.1,promien_500m
170B,90-411,360.5,promien_500m
170B,90-754,362.6,promien_500m
170B,90-601,366.6,promien_500m
170B,90-753,367.0,promien_500m
170B,90-730,369.4,promien_500m
170B,90-416,381.0,promien_500m
170B,90-632,383.2,promien_500m
170B,90-742,392.7,promien_500m
170B,90-711,402.7,promien_500m
170B,90-717,406.3,promien_500m
170B,90-631,408.4,promien_500m
170B,90-741,411.6,promien_500m
170B,90-752,416.6,promien_500m
170B,90-647,420.6,promien_500m
170B,90-718,425.7,promien_500m
170B,90-606,428.3,promien_500m
170B,90-567,429.3,promien_500m
170B,90-759,429.4,promien_500m
170B,90-607,440.7,promien_500m
170B,90-756,441.4,promien_500m
170B,90-568,453.2,promien_500m
170B,90-740,453.4,promien_500m
170B,90-757,455.3,promien_500m
170B,90-501,458.1,promien_500m
170B,90-739,464.9,promien_500m
170B,90-420,473.4,promien_500m
170B,90-608,475.0,promien_500m
170B,90-559,477.8,promien_500m
170B,90-728,492.1,promien_500m
170B,90-727,497.7,promien_500m
172B,90-617,0.0,promien_500m
172B,90-637,1.6,promien_500m
172B,90-629,34.1,promien_500m
172B,90-630,39.7,promien_500m
172B,90-619,44.1,promien_500m
172B,90-618,49.4,promien_500m
172B,90-546,51.4,promien_500m
172B,90-638,54.9,promien_500m
172B,90-636,97.1,promien_500m
172B,90-625,113.5,promien_500m
172B,90-639,141.4,promien_500m
172B,90-624,142.5,promien_500m
172B,90-604,143.0,promien_500m
172B,90-640,160.1,promien_500m
172B,90-502,177.2,promien_500m
172B,90-623,179.8,promien_500m
172B,90-626,184.5,promien_500m
172B,90-616,188.4,promien_500m
172B,90-646,198.2,promien_500m
172B,90-746,199.4,promien_500m
172B,90-743,208.3,promien_500m
172B,90-635,214.4,promien_500m
172B,90-615,221.3,promien_500m
172B,90-645,225.7,promien_500m
172B,90-602,228.3,promien_500m
172B,90-745,235.6,promien_500m
172B,90-750,251.7,promien_500m
172B,90-736,267.5,promien_500m
172B,90-569,274.0,promien_500m
172B,90-737,274.5,promien_500m
172B,90-644,277.5,promien_500m
172B,90-415,280.9,promien_500m
172B,90-643,285.4,promien_500m
172B,90-613,289.6,promien_500m
172B,90-749,291.2,promien_500m
172B,90-558,320.3,promien_500m
172B,90-632,330.3,promien_500m
172B,90-612,339.5,promien_500m
172B,90-753,348.7,promien_500m
172B,90-567,354.5,promien_500m
172B,90-748,356.2,promien_500m
172B,90-754,365.7,promien_500m
172B,90-735,372.1,promien_500m
172B,90-758,374.1,promien_500m
172B,90-647,376.7,promien_500m
172B,90-507,382.4,promien_500m
172B,90-420,385.7,promien_500m
172B,90-631,385.9,promien_500m
172B,90-568,387.8,promien_500m
172B,90-559,391.5,promien_500m
172B,90-752,399.3,promien_500m
172B,90-747,405.1,promien_500m
172B,90-759,407.1,promien_500m
172B,90-411,410.9,promien_500m
172B,90-501,412.5,promien_500m
172B,90-729,418.4,promien_500m
172B,90-416,424.1,promien_500m
172B,90-557,426.2,promien_500m
172B,90-734,436.8,promien_500m
172B,90-601,439.4,promien_500m
172B,90-730,450.0,promien_500m
172B,90-757,450.4,promien_500m
172B,90-717,450.9,promien_500m
172B,90-505,457.6,promien_500m
172B,90-741,461.9,promien_500m
172B,90-742,467.4,promien_500m
172B,90-756,469.0,promien_500m
172B,90-606,482.4,promien_500m
172B,90-711,486.5,promien_500m
172B,90-740,492.1,promien_500m
173B,90-618,0.0,promien_500m
173B,90-617,19.2,promien_500m
173B,90-629,42.3,promien_500m
173B,90-638,47.3,promien_500m
173B,90-636,56.4,promien_500m
173B,90-637,58.1,promien_500m
173B,90-639,73.1,promien_500m
173B,90-619,84.9,promien_500m
173B,90-604,103.9,promien_500m
173B,90-630,110.3,promien_500m
173B,90-546,124.9,promien_500m
173B,90-746,137.6,promien_500m
173B,90-635,140.1,promien_500m
173B,90-640,155.3,promien_500m
173B,90-646,161.7,promien_500m
173B,90-645,170.7,promien_500m
173B,90-745,172.7,promien_500m
173B,90-743,177.2,promien_500m
173B,90-750,177.6,promien_500m
173B,90-624,181.0,promien_500m
173B,90-625,184.0,promien_500m
173B,90-749,217.0,promien_500m
173B,90-602,217.3,promien_500m
173B,90-643,222.4,promien_500m
173B,90-502,223.9,promien_500m
173B,90-623,237.3,promien_500m
173B,90-415,240.1,promien_500m
173B,90-616,242.9,promien_500m
173B,90-626,248.5,promien_500m
173B,90-558,253.3,promien_500m
173B,90-644,255.1,promien_500m
173B,90-615,258.1,promien_500m
173B,90-736,261.4,promien_500m
173B,90-737,273.7,promien_500m
173B,90-753,278.0,promien_500m
173B,90-748,289.4,promien_500m
173B,90-754,291.5,promien_500m
173B,90-758,299.8,promien_500m
173B,90-647,318.9,promien_500m
173B,90-735,321.2,promien_500m
173B,90-752,329.7,promien_500m
173B,90-569,331.2,promien_500m
173B,90-759,338.0,promien_500m
173B,90-747,341.7,promien_500m
173B,90-411,348.1,promien_500m
173B,90-613,355.1,promien_500m
173B,90-757,377.1,promien_500m
173B,90-507,379.8,promien_500m
173B,90-717,383.7,promien_500m
173B,90-612,385.8,promien_500m
173B,90-756,396.9,promien_500m
173B,90-741,397.7,promien_500m
173B,90-734,399.1,promien_500m
173B,90-632,400.8,promien_500m
173B,90-567,407.8,promien_500m
173B,90-420,411.1,promien_500m
173B,90-742,422.0,promien_500m
173B,90-740,423.0,promien_500m
173B,90-559,425.8,promien_500m
173B,90-729,429.5,promien_500m
173B,90-568,451.9,promien_500m
173B,90-557,455.5,promien_500m
173B,90-711,456.8,promien_500m
173B,90-631,458.5,promien_500m
173B,90-718,462.8,promien_500m
173B,90-730,469.1,promien_500m
173B,90-601,469.9,promien_500m
173B,90-739,473.0,promien_500m
173B,90-416,479.1,promien_500m
173B,90-501,484.5,promien_500m
173B,90-755,495.1,promien_500m
174B,90-618,0.0,promien_500m
174B,90-604,21.5,promien_500m
174B,90-746,52.5,promien_500m
174B,90-629,56.8,promien_500m
174B,90-639,62.5,promien_500m
174B,90-745,87.9,promien_500m
174B,90-636,95.1,promien_500m
174B,90-635,95.8,promien_500m
174B,90-617,98.6,promien_500m
174B,90-743,111.0,promien_500m
174B,90-750,119.2,promien_500m
174B,90-638,129.3,promien_500m
174B,90-637,142.9,promien_500m
174B,90-749,157.2,promien_500m
174B,90-619,169.5,promien_500m
174B,90-558,171.1,promien_500m
174B,90-624,173.5,promien_500m
174B,90-602,174.0,promien_500m
174B,90-630,176.1,promien_500m
174B,90-645,191.9,promien_500m
174B,90-546,200.2,promien_500m
174B,90-646,205.3,promien_500m
174B,90-748,206.9,promien_500m
174B,90-640,207.5,promien_500m
174B,90-736,209.4,promien_500m
174B,90-643,212.3,promien_500m
174B,90-758,236.4,promien_500m
174B,90-754,236.7,promien_500m
174B,90-737,236.8,promien_500m
174B,90-735,238.1,promien_500m
174B,90-625,242.7,promien_500m
174B,90-753,245.5,promien_500m
174B,90-502,247.7,promien_500m
174B,90-747,257.4,promien_500m
174B,90-615,262.8,promien_500m
174B,90-411,263.6,promien_500m
174B,90-616,270.9,promien_500m
174B,90-623,273.1,promien_500m
174B,90-415,274.3,promien_500m
174B,90-626,288.1,promien_500m
174B,90-752,293.1,promien_500m
174B,90-717,301.7,promien_500m
174B,90-644,302.7,promien_500m
174B,90-759,311.3,promien_500m
174B,90-741,313.7,promien_500m
174B,90-647,317.4,promien_500m
174B,90-734,319.5,promien_500m
174B,90-756,322.5,promien_500m
174B,90-757,330.0,promien_500m
174B,90-507,335.1,promien_500m
174B,90-742,339.4,promien_500m
174B,90-740,342.9,promien_500m
174B,90-711,382.6,promien_500m
174B,90-718,384.0,promien_500m
174B,90-612,384.4,promien_500m
174B,90-739,388.1,promien_500m
174B,90-613,397.3,promien_500m
174B,90-729,397.8,promien_500m
174B,90-569,416.1,promien_500m
174B,90-755,437.5,promien_500m
174B,90-730,445.0,promien_500m
174B,90-601,454.7,promien_500m
174B,90-632,479.6,promien_500m
174B,90-762,481.3,promien_500m
174B,90-420,490.0,promien_500m
174B,90-567,492.0,promien_500m
174B,90-713,497.9,promien_500m
175B,90-618,0.0,promien_500m
175B,90-639,52.6,promien_500m
175B,90-617,53.6,promien_500m
175B,90-629,54.4,promien_500m
175B,90-636,55.1,promien_500m
175B,90-604,72.7,promien_500m
175B,90-638,75.3,promien_500m
175B,90-637,91.0,promien_500m
175B,90-746,105.8,promien_500m
175B,90-635,107.1,promien_500m
175B,90-619,117.0,promien_500m
175B,90-745,139.8,promien_500m
175B,90-630,142.6,promien_500m
175B,90-750,143.4,promien_500m
175B,90-743,157.8,promien_500m
175B,90-546,159.8,promien_500m
175B,90-645,160.8,promien_500m
175B,90-640,161.9,promien_500m
175B,90-646,163.1,promien_500m
175B,90-749,182.8,promien_500m
175B,90-624,187.6,promien_500m
175B,90-643,201.4,promien_500m
175B,90-602,209.1,promien_500m
175B,90-625,214.9,promien_500m
175B,90-558,218.1,promien_500m
175B,90-415,237.7,promien_500m
175B,90-502,243.1,promien_500m
175B,90-753,250.9,promien_500m
175B,90-736,251.4,promien_500m
175B,90-748,254.5,promien_500m
175B,90-754,258.4,promien_500m
175B,90-644,259.8,promien_500m
175B,90-623,261.1,promien_500m
175B,90-616,263.9,promien_500m
175B,90-758,266.3,promien_500m
175B,90-737,269.1,promien_500m
175B,90-615,271.8,promien_500m
175B,90-626,273.9,promien_500m
175B,90-735,292.0,promien_500m
175B,90-752,302.7,promien_500m
175B,90-647,303.0,promien_500m
175B,90-747,307.1,promien_500m
175B,90-759,312.3,promien_500m
175B,90-411,314.2,promien_500m
175B,90-757,346.1,promien_500m
175B,90-717,348.5,promien_500m
175B,90-756,361.3,promien_500m
175B,90-741,363.3,promien_500m
175B,90-569,364.8,promien_500m
175B,90-507,372.5,promien_500m
175B,90-734,373.0,promien_500m
175B,90-613,381.9,promien_500m
175B,90-740,387.5,promien_500m
175B,90-742,393.4,promien_500m
175B,90-612,398.6,promien_500m
175B,90-729,428.3,promien_500m
175B,90-711,434.4,promien_500m
175B,90-420,436.2,promien_500m
175B,90-632,436.5,promien_500m
175B,90-718,437.4,promien_500m
175B,90-567,438.6,promien_500m
175B,90-739,440.7,promien_500m
175B,90-559,453.8,promien_500m
175B,90-755,462.0,promien_500m
175B,90-730,471.3,promien_500m
175B,90-601,477.2,promien_500m
175B,90-557,481.6,promien_500m
175B,90-568,487.0,promien_500m
175B,90-631,493.9,promien_500m
175B,90-416,499.3,promien_500m
176B,90-636,0.0,promien_500m
176B,90-638,14.3,promien_500m
176B,90-639,26.6,promien_500m
176B,90-618,32.5,promien_500m
176B,90-619,55.3,promien_500m
176B,90-617,63.3,promien_500m
176B,90-640,64.3,promien_500m
176B,90-637,68.3,promien_500m
176B,90-646,75.4,promien_500m
176B,90-645,107.1,promien_500m
176B,90-629,125.8,promien_500m
176B,90-604,139.5,promien_500m
176B,90-546,141.6,promien_500m
176B,90-630,143.0,promien_500m
176B,90-635,157.1,promien_500m
176B,90-415,157.7,promien_500m
176B,90-643,164.5,promien_500m
176B,90-644,165.4,promien_500m
176B,90-750,195.1,promien_500m
176B,90-746,204.3,promien_500m
176B,90-745,229.2,promien_500m
176B,90-749,231.2,promien_500m
176B,90-625,232.0,promien_500m
176B,90-753,251.7,promien_500m
176B,90-647,255.5,promien_500m
176B,90-743,262.2,promien_500m
176B,90-624,262.5,promien_500m
176B,90-754,286.1,promien_500m
176B,90-569,287.5,promien_500m
176B,90-558,288.9,promien_500m
176B,90-752,297.2,promien_500m
176B,90-502,298.9,promien_500m
176B,90-759,300.9,promien_500m
176B,90-758,302.7,promien_500m
176B,90-623,303.3,promien_500m
176B,90-626,306.4,promien_500m
176B,90-602,308.1,promien_500m
176B,90-616,311.8,promien_500m
176B,90-748,330.1,promien_500m
176B,90-420,336.3,promien_500m
176B,90-615,339.5,promien_500m
176B,90-567,351.0,promien_500m
176B,90-736,352.3,promien_500m
176B,90-559,358.5,promien_500m
176B,90-757,362.7,promien_500m
176B,90-737,364.9,promien_500m
176B,90-747,369.7,promien_500m
176B,90-557,382.8,promien_500m
176B,90-632,388.0,promien_500m
176B,90-735,391.3,promien_500m
176B,90-411,400.8,promien_500m
176B,90-613,408.7,promien_500m
176B,90-756,416.0,promien_500m
176B,90-568,418.0,promien_500m
176B,90-717,425.4,promien_500m
176B,90-741,444.5,promien_500m
176B,90-562,448.3,promien_500m
176B,90-740,458.7,promien_500m
176B,90-631,459.3,promien_500m
176B,90-563,461.1,promien_500m
176B,90-612,461.8,promien_500m
176B,90-507,470.9,promien_500m
176B,90-648,473.1,promien_500m
176B,90-734,475.3,promien_500m
176B,90-501,481.9,promien_500m
176B,90-755,484.4,promien_500m
176B,90-742,492.7,promien_500m
177B,90-636,0.0,promien_500m
177B,90-639,9.6,promien_500m
177B,90-645,21.7,promien_500m
177B,90-646,40.0,promien_500m
177B,90-640,52.7,promien_500m
177B,90-638,56.2,promien_500m
177B,90-643,82.3,promien_500m
177B,90-618,84.9,promien_500m
177B,90-415,97.6,promien_500m
177B,90-635,99.0,promien_500m
177B,90-604,125.8,promien_500m
177B,90-644,129.3,promien_500m
177B,90-619,134.3,promien_500m
177B,90-617,142.9,promien_500m
177B,90-750,150.5,promien_500m
177B,90-637,151.6,promien_500m
177B,90-753,171.4,promien_500m
177B,90-647,172.8,promien_500m
177B,90-749,181.2,promien_500m
177B,90-629,192.2,promien_500m
177B,90-746,208.4,promien_500m
177B,90-745,209.1,promien_500m
177B,90-752,213.3,promien_500m
177B,90-754,214.4,promien_500m
177B,90-759,214.6,promien_500m
177B,90-546,228.2,promien_500m
177B,90-630,229.7,promien_500m
177B,90-758,237.5,promien_500m
177B,90-558,249.1,promien_500m
177B,90-757,284.8,promien_500m
177B,90-743,287.1,promien_500m
177B,90-748,287.8,promien_500m
177B,90-747,298.5,promien_500m
177B,90-625,315.9,promien_500m
177B,90-624,328.4,promien_500m
177B,90-602,348.4,promien_500m
177B,90-569,352.5,promien_500m
177B,90-756,353.7,promien_500m
177B,90-420,366.3,promien_500m
177B,90-502,372.7,promien_500m
177B,90-411,373.7,promien_500m
177B,90-623,382.1,promien_500m
177B,90-735,385.4,promien_500m
177B,90-717,385.6,promien_500m
177B,90-736,386.0,promien_500m
177B,90-626,388.5,promien_500m
177B,90-616,389.5,promien_500m
177B,90-559,399.0,promien_500m
177B,90-741,400.1,promien_500m
177B,90-567,403.7,promien_500m
177B,90-755,406.2,promien_500m
177B,90-615,408.1,promien_500m
177B,90-737,409.8,promien_500m
177B,90-557,409.9,promien_500m
177B,90-740,412.9,promien_500m
177B,90-562,447.6,promien_500m
177B,90-648,453.9,promien_500m
177B,90-632,463.9,promien_500m
177B,90-734,475.4,promien_500m
177B,90-563,482.8,promien_500m
177B,90-742,484.3,promien_500m
177B,90-568,486.2,promien_500m
177B,90-613,493.0,promien_500m
178B,90-639,0.0,promien_500m
178B,90-636,41.3,promien_500m
178B,90-635,51.9,promien_500m
178B,90-645,61.4,promien_500m
178B,90-618,69.6,promien_500m
178B,90-604,70.2,promien_500m
178B,90-643,79.1,promien_500m
178B,90-750,93.2,promien_500m
178B,90-646,96.9,promien_500m
178B,90-638,101.7,promien_500m
178B,90-640,109.9,promien_500m
178B,90-749,124.1,promien_500m
178B,90-753,138.5,promien_500m
178B,90-415,145.3,promien_500m
178B,90-745,153.4,promien_500m
178B,90-617,155.1,promien_500m
178B,90-746,159.5,promien_500m
178B,90-637,166.8,promien_500m
178B,90-754,169.3,promien_500m
178B,90-619,171.6,promien_500m
178B,90-629,175.8,promien_500m
178B,90-647,181.7,promien_500m
178B,90-644,183.0,promien_500m
178B,90-758,187.3,promien_500m
178B,90-752,188.0,promien_500m
178B,90-558,191.2,promien_500m
178B,90-759,195.7,promien_500m
178B,90-748,230.4,promien_500m
178B,90-743,246.4,promien_500m
178B,90-757,246.6,promien_500m
178B,90-546,249.1,promien_500m
178B,90-630,250.5,promien_500m
178B,90-747,254.9,promien_500m
178B,90-756,302.5,promien_500m
178B,90-624,308.2,promien_500m
178B,90-602,314.5,promien_500m
178B,90-411,315.9,promien_500m
178B,90-625,324.8,promien_500m
178B,90-717,328.3,promien_500m
178B,90-735,330.9,promien_500m
178B,90-741,343.1,promien_500m
178B,90-736,346.6,promien_500m
178B,90-740,356.0,promien_500m
178B,90-502,365.2,promien_500m
178B,90-755,368.2,promien_500m
178B,90-737,377.4,promien_500m
178B,90-623,380.8,promien_500m
178B,90-616,385.3,promien_500m
178B,90-626,392.1,promien_500m
178B,90-615,394.3,promien_500m
178B,90-569,400.1,promien_500m
178B,90-734,421.8,promien_500m
178B,90-420,423.8,promien_500m
178B,90-742,428.6,promien_500m
178B,90-739,448.0,promien_500m
178B,90-559,455.0,promien_500m
178B,90-567,456.3,promien_500m
178B,90-764,461.6,promien_500m
178B,90-763,465.0,promien_500m
178B,90-557,468.0,promien_500m
178B,90-507,474.2,promien_500m
178B,90-762,485.4,promien_500m
178B,90-718,486.2,promien_500m
178B,90-711,495.6,promien_500m
178B,90-613,498.5,promien_500m
179B,90-646,0.0,promien_500m
179B,90-645,9.4,promien_500m
179B,90-636,26.4,promien_500m
179B,90-415,28.1,promien_500m
179B,90-640,48.5,promien_500m
179B,90-643,52.1,promien_500m
179B,90-639,52.7,promien_500m
179B,90-644,62.8,promien_500m
179B,90-638,66.9,promien_500m
179B,90-635,124.0,promien_500m
179B,90-647,126.7,promien_500m
179B,90-618,153.5,promien_500m
179B,90-619,159.5,promien_500m
179B,90-753,188.9,promien_500m
179B,90-604,190.8,promien_500m
179B,90-617,194.6,promien_500m
179B,90-637,197.8,promien_500m
179B,90-750,205.2,promien_500m
179B,90-759,205.7,promien_500m
179B,90-752,216.8,promien_500m
179B,90-749,228.2,promien_500m
179B,90-754,243.8,promien_500m
179B,90-629,252.7,promien_500m
179B,90-630,265.4,promien_500m
179B,90-546,265.7,promien_500m
179B,90-758,273.7,promien_500m
179B,90-745,274.0,promien_500m
179B,90-746,277.4,promien_500m
179B,90-757,300.5,promien_500m
179B,90-558,304.6,promien_500m
179B,90-420,319.0,promien_500m
179B,90-747,320.8,promien_500m
179B,90-748,339.4,promien_500m
179B,90-569,343.8,promien_500m
179B,90-743,357.2,promien_500m
179B,90-557,359.6,promien_500m
179B,90-559,361.5,promien_500m
179B,90-625,361.6,promien_500m
179B,90-756,366.8,promien_500m
179B,90-567,380.8,promien_500m
179B,90-648,387.0,promien_500m
179B,90-562,387.6,promien_500m
179B,90-624,392.9,promien_500m
179B,90-602,417.6,promien_500m
179B,90-755,417.6,promien_500m
179B,90-502,429.8,promien_500m
179B,90-411,432.7,promien_500m
179B,90-563,434.3,promien_500m
179B,90-623,434.8,promien_500m
179B,90-717,435.6,promien_500m
179B,90-626,437.1,promien_500m
179B,90-616,443.3,promien_500m
179B,90-741,449.1,promien_500m
179B,90-735,451.5,promien_500m
179B,90-736,456.0,promien_500m
179B,90-740,459.1,promien_500m
179B,90-632,466.1,promien_500m
179B,90-615,468.7,promien_500m
179B,90-568,477.6,promien_500m
179B,90-737,478.4,promien_500m
17B,90-401,0.0,promien_500m
17B,91-070,8.9,promien_500m
17B,90-745,25.7,promien_500m
17B,90-703,42.5,promien_500m
17B,90-569,47.1,promien_500m
17B,91-068,50.1,promien_500m
17B,91-072,61.4,promien_500m
17B,91-067,108.7,promien_500m
17B,90-746,111.9,promien_500m
17B,90-712,113.2,promien_500m
17B,90-742,114.8,promien_500m
17B,90-762,120.1,promien_500m
17B,90-710,150.2,promien_500m
17B,91-069,152.7,promien_500m
17B,90-713,155.7,promien_500m
17B,90-739,164.4,promien_500m
17B,90-740,192.2,promien_500m
17B,90-502,195.2,promien_500m
17B,90-702,200.7,promien_500m
17B,90-741,215.6,promien_500m
17B,90-718,220.6,promien_500m
17B,90-711,223.5,promien_500m
17B,91-071,233.2,promien_500m
17B,90-717,242.6,promien_500m
17B,90-753,255.3,promien_500m
17B,91-065,271.8,promien_500m
17B,90-735,290.5,promien_500m
17B,90-763,296.9,promien_500m
17B,90-411,303.1,promien_500m
17B,90-734,304.0,promien_500m
17B,90-747,310.0,promien_500m
17B,90-706,321.9,promien_500m
17B,90-756,326.4,promien_500m
17B,90-749,331.5,promien_500m
17B,90-752,332.8,promien_500m
17B,90-748,361.9,promien_500m
17B,90-743,371.1,promien_500m
17B,94-015,392.7,promien_500m
17B,90-736,408.4,promien_500m
17B,90-758,409.3,promien_500m
17B,90-737,416.3,promien_500m
17B,91-074,418.7,promien_500m
17B,90-558,421.5,promien_500m
17B,90-715,424.7,promien_500m
17B,91-062,433.2,promien_500m
17B,90-750,439.5,promien_500m
17B,90-507,445.6,promien_500m
17B,90-707,446.3,promien_500m
17B,90-755,452.8,promien_500m
17B,91-066,454.7,promien_500m
17B,90-701,456.5,promien_500m
17B,90-764,456.9,promien_500m
17B,90-708,470.3,promien_500m
17B,90-716,474.4,promien_500m
17B,90-757,496.9,promien_500m
180B,90-643,0.0,promien_500m
180B,90-647,37.9,promien_500m
180B,90-639,49.9,promien_500m
180B,90-645,50.1,promien_500m
180B,90-646,54.1,promien_500m
180B,90-415,66.5,promien_500m
180B,90-644,85.2,promien_500m
180B,90-635,87.9,promien_500m
180B,90-759,108.1,promien_500m
180B,90-636,111.8,promien_500m
180B,90-753,121.1,promien_500m
180B,90-752,126.9,promien_500m
180B,90-640,143.7,promien_500m
180B,90-638,164.7,promien_500m
180B,90-754,173.1,promien_500m
180B,90-758,183.7,promien_500m
180B,90-750,193.1,promien_500m
180B,90-749,193.4,promien_500m
180B,90-604,205.6,promien_500m
180B,90-757,210.1,promien_500m
180B,90-618,211.4,promien_500m
180B,90-747,242.4,promien_500m
180B,90-619,258.1,promien_500m
180B,90-745,267.9,promien_500m
180B,90-756,276.1,promien_500m
180B,90-617,277.7,promien_500m
180B,90-558,281.3,promien_500m
180B,90-637,286.0,promien_500m
180B,90-746,299.3,promien_500m
180B,90-748,305.3,promien_500m
180B,90-629,322.3,promien_500m
180B,90-755,326.9,promien_500m
180B,90-546,359.6,promien_500m
180B,90-630,360.7,promien_500m
180B,90-743,385.5,promien_500m
180B,90-420,390.7,promien_500m
180B,90-740,391.0,promien_500m
180B,90-717,393.7,promien_500m
180B,90-741,404.6,promien_500m
180B,90-411,410.1,promien_500m
180B,90-648,414.0,promien_500m
180B,90-557,416.3,promien_500m
180B,90-764,426.7,promien_500m
180B,90-763,437.7,promien_500m
180B,90-562,438.0,promien_500m
180B,90-735,444.3,promien_500m
180B,90-569,444.8,promien_500m
180B,90-559,446.4,promien_500m
180B,90-625,450.3,promien_500m
180B,90-624,455.3,promien_500m
180B,90-602,462.3,promien_500m
180B,90-567,471.6,promien_500m
180B,90-766,477.8,promien_500m
180B,90-736,491.7,promien_500m
180B,90-765,493.3,promien_500m
180B,90-563,497.7,promien_500m
181B,90-644,0.0,promien_500m
181B,90-646,26.8,promien_500m
181B,90-415,48.8,promien_500m
181B,90-640,71.8,promien_500m
181B,90-643,81.3,promien_500m
181B,90-645,82.9,promien_500m
181B,90-647,94.3,promien_500m
181B,90-636,142.3,promien_500m
181B,90-639,150.7,promien_500m
181B,90-638,167.8,promien_500m
181B,90-635,209.8,promien_500m
181B,90-619,223.0,promien_500m
181B,90-759,237.1,promien_500m
181B,90-753,257.8,promien_500m
181B,90-752,260.4,promien_500m
181B,90-420,260.8,promien_500m
181B,90-618,265.8,promien_500m
181B,90-648,281.3,promien_500m
181B,90-557,283.0,promien_500m
181B,90-758,289.6,promien_500m
181B,90-637,292.2,promien_500m
181B,90-617,298.4,promien_500m
181B,90-562,300.7,promien_500m
181B,90-604,302.7,promien_500m
181B,90-750,308.3,promien_500m
181B,90-754,310.1,promien_500m
181B,90-757,320.4,promien_500m
181B,90-749,320.8,promien_500m
181B,90-559,327.3,promien_500m
181B,90-630,348.6,promien_500m
181B,90-558,351.8,promien_500m
181B,90-546,352.0,promien_500m
181B,90-567,358.9,promien_500m
181B,90-563,361.3,promien_500m
181B,90-629,361.4,promien_500m
181B,90-569,363.5,promien_500m
181B,90-747,378.9,promien_500m
181B,90-745,382.4,promien_500m
181B,90-746,392.0,promien_500m
181B,90-756,392.9,promien_500m
181B,90-748,434.4,promien_500m
181B,90-625,450.7,promien_500m
181B,90-755,454.5,promien_500m
181B,90-743,473.2,promien_500m
181B,90-568,487.9,promien_500m
181B,90-766,488.2,promien_500m
181B,90-632,493.4,promien_500m
181B,90-624,497.3,promien_500m
182B,90-644,0.0,promien_500m
182B,90-646,34.4,promien_500m
182B,90-415,41.9,promien_500m
182B,90-640,55.4,promien_500m
182B,90-645,82.3,promien_500m
182B,90-643,90.4,promien_500m
182B,90-647,108.2,promien_500m
182B,90-636,135.0,promien_500m
182B,90-639,150.5,promien_500m
182B,90-638,155.8,promien_500m
182B,90-619,206.1,promien_500m
182B,90-635,211.7,promien_500m
182B,90-759,247.6,promien_500m
182B,90-420,248.7,promien_500m
182B,90-618,254.4,promien_500m
182B,90-753,263.3,promien_500m
182B,90-752,269.8,promien_500m
182B,90-637,277.7,promien_500m
182B,90-648,281.2,promien_500m
182B,90-557,281.5,promien_500m
182B,90-617,285.4,promien_500m
182B,90-562,294.5,promien_500m
182B,90-604,298.7,promien_500m
182B,90-758,303.7,promien_500m
182B,90-750,307.4,promien_500m
182B,90-559,312.5,promien_500m
182B,90-754,317.7,promien_500m
182B,90-749,322.5,promien_500m
182B,90-630,332.5,promien_500m
182B,90-546,336.2,promien_500m
182B,90-757,337.1,promien_500m
182B,90-558,340.1,promien_500m
182B,90-567,343.2,promien_500m
182B,90-569,345.7,promien_500m
182B,90-629,349.2,promien_500m
182B,90-563,353.1,promien_500m
182B,90-745,380.5,promien_500m
182B,90-746,386.5,promien_500m
182B,90-747,387.0,promien_500m
182B,90-756,407.4,promien_500m
182B,90-625,434.8,promien_500m
182B,90-748,435.9,promien_500m
182B,90-743,465.5,promien_500m
182B,90-755,466.6,promien_500m
182B,90-568,470.7,promien_500m
182B,90-632,475.4,promien_500m
182B,90-624,483.7,promien_500m
183B,90-644,0.0,promien_500m
183B,90-640,74.3,promien_500m
183B,90-646,100.2,promien_500m
183B,90-415,111.4,promien_500m
183B,90-645,153.6,promien_500m
183B,90-643,169.6,promien_500m
183B,90-420,172.5,promien_500m
183B,90-647,182.6,promien_500m
183B,90-638,190.5,promien_500m
183B,90-636,197.1,promien_500m
183B,90-639,198.8,promien_500m
183B,90-619,206.1,promien_500m
183B,90-557,208.2,promien_500m
183B,90-648,215.1,promien_500m
183B,90-562,216.5,promien_500m
183B,90-559,244.2,promien_500m
183B,90-558,262.9,promien_500m
183B,90-563,273.8,promien_500m
183B,90-567,279.4,promien_500m
183B,90-635,287.9,promien_500m
183B,90-618,294.2,promien_500m
183B,90-637,301.6,promien_500m
183B,90-569,305.5,promien_500m
183B,90-617,317.6,promien_500m
183B,90-759,326.0,promien_500m
183B,90-630,335.7,promien_500m
183B,90-753,342.0,promien_500m
183B,90-546,345.2,promien_500m
183B,90-752,348.8,promien_500m
183B,90-604,364.1,promien_500m
183B,90-758,377.0,promien_500m
183B,90-750,378.8,promien_500m
183B,90-629,385.1,promien_500m
183B,90-754,397.0,promien_500m
183B,90-749,397.7,promien_500m
183B,90-757,400.3,promien_500m
183B,90-568,417.8,promien_500m
183B,90-632,435.5,promien_500m
183B,90-570,437.9,promien_500m
183B,90-625,444.3,promien_500m
183B,90-746,446.9,promien_500m
183B,90-745,447.5,promien_500m
183B,90-554,448.4,promien_500m
183B,90-747,466.3,promien_500m
183B,90-571,478.1,promien_500m
183B,90-756,479.6,promien_500m
184B,90-644,0.0,promien_500m
184B,90-640,58.5,promien_500m
184B,90-420,73.8,promien_500m
184B,90-557,97.6,promien_500m
184B,90-562,104.5,promien_500m
184B,90-648,141.5,promien_500m
184B,90-558,153.2,promien_500m
184B,90-563,156.7,promien_500m
184B,90-559,161.4,promien_500m
184B,90-415,176.4,promien_500m
184B,90-646,181.0,promien_500m
184B,90-567,205.9,promien_500m
184B,90-619,211.9,promien_500m
184B,90-638,259.9,promien_500m
184B,90-645,267.0,promien_500m
184B,90-569,270.4,promien_500m
184B,90-643,286.7,promien_500m
184B,90-647,294.4,promien_500m
184B,90-639,295.4,promien_500m
184B,90-636,303.1,promien_500m
184B,90-630,327.1,promien_500m
184B,90-554,331.2,promien_500m
184B,90-546,335.0,promien_500m
184B,90-570,339.9,promien_500m
184B,90-568,358.2,promien_500m
184B,90-637,367.1,promien_500m
184B,90-571,368.2,promien_500m
184B,90-618,375.9,promien_500m
184B,90-617,388.4,promien_500m
184B,90-632,399.0,promien_500m
184B,90-635,402.8,promien_500m
184B,90-560,409.1,promien_500m
184B,90-759,442.6,promien_500m
184B,90-625,453.7,promien_500m
184B,90-629,458.8,promien_500m
184B,90-753,458.8,promien_500m
184B,90-752,465.8,promien_500m
184B,90-505,466.5,promien_500m
184B,90-604,467.7,promien_500m
184B,90-503,480.4,promien_500m
184B,90-502,480.6,promien_500m
184B,90-552,484.7,promien_500m
184B,90-758,488.8,promien_500m
184B,90-750,489.0,promien_500m
185B,90-644,0.0,promien_500m
185B,90-640,72.8,promien_500m
185B,90-420,86.1,promien_500m
185B,90-557,93.8,promien_500m
185B,90-562,98.7,promien_500m
185B,90-648,127.5,promien_500m
185B,90-563,156.2,promien_500m
185B,90-558,160.5,promien_500m
185B,90-415,163.2,promien_500m
185B,90-646,172.5,promien_500m
185B,90-559,173.4,promien_500m
185B,90-567,219.4,promien_500m
185B,90-619,227.0,promien_500m
185B,90-638,270.6,promien_500m
185B,90-645,270.6,promien_500m
185B,90-569,282.3,promien_500m
185B,90-643,286.3,promien_500m
185B,90-647,290.1,promien_500m
185B,90-639,303.2,promien_500m
185B,90-636,309.4,promien_500m
185B,90-554,331.6,promien_500m
185B,90-630,342.2,promien_500m
185B,90-570,349.2,promien_500m
185B,90-546,350.1,promien_500m
185B,90-568,372.1,promien_500m
185B,90-571,374.3,promien_500m
185B,90-637,378.6,promien_500m
185B,90-618,385.9,promien_500m
185B,90-617,399.5,promien_500m
185B,90-635,405.9,promien_500m
185B,90-560,406.4,promien_500m
185B,90-632,413.9,promien_500m
185B,90-759,441.6,promien_500m
185B,90-753,460.5,promien_500m
185B,90-752,465.5,promien_500m
185B,90-625,468.8,promien_500m
185B,90-629,469.8,promien_500m
185B,90-604,475.1,promien_500m
185B,90-505,480.5,promien_500m
185B,90-758,485.3,promien_500m
185B,90-503,487.1,promien_500m
185B,90-552,493.0,promien_500m
185B,90-750,494.0,promien_500m
185B,90-502,494.9,promien_500m
185B,90-757,495.7,promien_500m
186B,90-640,0.0,promien_500m
186B,90-619,61.6,promien_500m
186B,90-644,64.8,promien_500m
186B,90-420,71.2,promien_500m
186B,90-559,97.7,promien_500m
186B,90-567,113.7,promien_500m
186B,90-557,117.1,promien_500m
186B,90-569,127.8,promien_500m
186B,90-558,160.9,promien_500m
186B,90-638,170.6,promien_500m
186B,90-630,176.2,promien_500m
186B,90-546,182.8,promien_500m
186B,90-563,199.4,promien_500m
186B,90-646,214.7,promien_500m
186B,90-562,215.7,promien_500m
186B,90-415,224.5,promien_500m
186B,90-568,236.2,promien_500m
186B,90-639,243.1,promien_500m
186B,90-636,245.6,promien_500m
186B,90-632,256.3,promien_500m
186B,90-637,259.7,promien_500m
186B,90-645,265.6,promien_500m
186B,90-617,285.3,promien_500m
186B,90-570,287.6,promien_500m
186B,90-618,289.1,promien_500m
186B,90-648,290.8,promien_500m
186B,90-625,301.7,promien_500m
186B,90-643,303.9,promien_500m
186B,90-571,333.1,promien_500m
186B,90-505,339.3,promien_500m
186B,90-647,342.0,promien_500m
186B,90-502,346.4,promien_500m
186B,90-629,350.0,promien_500m
186B,90-626,363.0,promien_500m
186B,90-554,373.9,promien_500m
186B,90-631,377.4,promien_500m
186B,90-501,384.8,promien_500m
186B,90-635,390.3,promien_500m
186B,90-604,404.0,promien_500m
186B,90-624,422.6,promien_500m
186B,90-552,429.9,promien_500m
186B,90-623,438.8,promien_500m
186B,90-503,449.8,promien_500m
186B,90-750,450.5,promien_500m
186B,90-560,450.7,promien_500m
186B,90-616,455.2,promien_500m
186B,90-753,456.8,promien_500m
186B,90-613,458.3,promien_500m
186B,90-759,467.0,promien_500m
186B,90-746,469.1,promien_500m
186B,90-545,474.0,promien_500m
186B,90-749,481.6,promien_500m
186B,90-752,483.1,promien_500m
186B,90-745,493.7,promien_500m
186B,90-615,499.7,promien_500m
187B,90-640,0.0,promien_500m
187B,90-644,41.6,promien_500m
187B,90-619,77.7,promien_500m
187B,90-420,85.9,promien_500m
187B,90-559,118.1,promien_500m
187B,90-557,134.1,promien_500m
187B,90-567,138.4,promien_500m
187B,90-569,151.8,promien_500m
187B,90-638,160.0,promien_500m
187B,90-558,178.9,promien_500m
187B,90-646,189.3,promien_500m
187B,90-630,197.8,promien_500m
187B,90-415,198.7,promien_500m
187B,90-546,201.9,promien_500m
187B,90-563,209.3,promien_500m
187B,90-562,213.4,promien_500m
187B,90-639,223.7,promien_500m
187B,90-636,231.3,promien_500m
187B,90-645,240.6,promien_500m
187B,90-637,252.9,promien_500m
187B,90-568,263.5,promien_500m
187B,90-618,277.3,promien_500m
187B,90-617,277.5,promien_500m
187B,90-648,277.7,promien_500m
187B,90-643,278.1,promien_500m
187B,90-632,281.3,promien_500m
187B,90-570,311.1,promien_500m
187B,90-647,315.0,promien_500m
187B,90-625,321.3,promien_500m
187B,90-629,344.7,promien_500m
187B,90-571,357.6,promien_500m
187B,90-505,366.2,promien_500m
187B,90-635,367.5,promien_500m
187B,90-502,372.6,promien_500m
187B,90-626,382.2,promien_500m
187B,90-554,385.5,promien_500m
187B,90-604,388.6,promien_500m
187B,90-631,400.5,promien_500m
187B,90-501,409.0,promien_500m
187B,90-624,426.4,promien_500m
187B,90-750,431.4,promien_500m
187B,90-753,433.3,promien_500m
187B,90-759,441.4,promien_500m
187B,90-623,445.1,promien_500m
187B,90-552,455.6,promien_500m
187B,90-746,456.2,promien_500m
187B,90-752,458.3,promien_500m
187B,90-616,460.2,promien_500m
187B,90-749,462.2,promien_500m
187B,90-560,467.4,promien_500m
187B,90-503,472.1,promien_500m
187B,90-613,475.9,promien_500m
187B,90-745,477.8,promien_500m
187B,90-754,487.2,promien_500m
188B,90-640,0.0,promien_500m
188B,90-638,51.6,promien_500m
188B,90-644,57.2,promien_500m
188B,90-619,60.9,promien_500m
188B,90-646,93.7,promien_500m
188B,90-639,112.4,promien_500m
188B,90-636,120.2,promien_500m
188B,90-415,121.9,promien_500m
188B,90-645,149.6,promien_500m
188B,90-637,157.3,promien_500m
188B,90-618,169.1,promien_500m
188B,90-617,178.2,promien_500m
188B,90-630,183.6,promien_500m
188B,90-643,195.1,promien_500m
188B,90-546,195.4,promien_500m
188B,90-420,198.6,promien_500m
188B,90-569,199.0,promien_500m
188B,90-559,228.3,promien_500m
188B,90-567,235.7,promien_500m
188B,90-557,246.4,promien_500m
188B,90-647,247.1,promien_500m
188B,90-629,248.7,promien_500m
188B,90-635,263.8,promien_500m
188B,90-604,276.0,promien_500m
188B,90-558,290.9,promien_500m
188B,90-625,290.9,promien_500m
188B,90-562,310.1,promien_500m
188B,90-750,319.8,promien_500m
188B,90-563,320.6,promien_500m
188B,90-632,325.5,promien_500m
188B,90-753,331.7,promien_500m
188B,90-568,332.0,promien_500m
188B,90-746,345.4,promien_500m
188B,90-648,345.5,promien_500m
188B,90-749,350.8,promien_500m
188B,90-759,351.8,promien_500m
188B,90-624,356.7,promien_500m
188B,90-502,359.8,promien_500m
188B,90-752,363.0,promien_500m
188B,90-626,363.5,promien_500m
188B,90-745,365.1,promien_500m
188B,90-754,381.9,promien_500m
188B,90-623,382.5,promien_500m
188B,90-616,394.1,promien_500m
188B,90-743,401.6,promien_500m
188B,90-758,407.5,promien_500m
188B,90-570,416.4,promien_500m
188B,90-631,424.8,promien_500m
188B,90-505,427.0,promien_500m
188B,90-615,435.7,promien_500m
188B,90-602,440.4,promien_500m
188B,90-501,440.6,promien_500m
188B,90-757,444.9,promien_500m
188B,90-613,453.0,promien_500m
188B,90-748,456.5,promien_500m
188B,90-571,459.7,promien_500m
188B,90-747,463.5,promien_500m
188B,90-736,482.7,promien_500m
188B,90-737,492.7,promien_500m
188B,90-554,497.3,promien_500m
189B,90-640,0.0,promien_500m
189B,90-638,43.8,promien_500m
189B,90-646,56.6,promien_500m
189B,90-644,56.9,promien_500m
189B,90-619,72.1,promien_500m
189B,90-639,79.7,promien_500m
189B,90-415,90.0,promien_500m
189B,90-636,94.4,promien_500m
189B,90-645,112.7,promien_500m
189B,90-618,153.1,promien_500m
189B,90-637,154.8,promien_500m
189B,90-643,158.8,promien_500m
189B,90-617,171.4,promien_500m
189B,90-630,200.3,promien_500m
189B,90-546,204.9,promien_500m
189B,90-647,213.8,promien_500m
189B,90-635,227.0,promien_500m
189B,90-420,229.9,promien_500m
189B,90-569,235.6,promien_500m
189B,90-629,240.2,promien_500m
189B,90-604,249.4,promien_500m
189B,90-559,262.2,promien_500m
189B,90-567,272.8,promien_500m
189B,90-557,277.1,promien_500m
189B,90-750,287.1,promien_500m
189B,90-753,294.6,promien_500m
189B,90-625,303.0,promien_500m
189B,90-759,314.5,promien_500m
189B,90-749,318.0,promien_500m
189B,90-558,321.7,promien_500m
189B,90-746,322.6,promien_500m
189B,90-752,325.5,promien_500m
189B,90-562,326.5,promien_500m
189B,90-745,337.3,promien_500m
189B,90-754,345.6,promien_500m
189B,90-563,348.2,promien_500m
189B,90-648,352.3,promien_500m
189B,90-632,360.9,promien_500m
189B,90-624,362.7,promien_500m
189B,90-568,369.0,promien_500m
189B,90-758,372.0,promien_500m
189B,90-502,380.1,promien_500m
189B,90-626,381.4,promien_500m
189B,90-743,384.4,promien_500m
189B,90-623,390.2,promien_500m
189B,90-616,401.0,promien_500m
189B,90-757,407.7,promien_500m
189B,90-748,424.4,promien_500m
189B,90-747,426.7,promien_500m
189B,90-602,428.8,promien_500m
189B,90-615,440.9,promien_500m
189B,90-570,451.9,promien_500m
189B,90-631,456.8,promien_500m
189B,90-505,463.5,promien_500m
189B,90-613,472.3,promien_500m
189B,90-736,472.4,promien_500m
189B,90-501,473.6,promien_500m
189B,90-756,475.3,promien_500m
189B,90-737,483.7,promien_500m
189B,90-571,495.9,promien_500m
18B,91-070,0.0,promien_500m
18B,90-703,30.2,promien_500m
18B,90-569,32.0,promien_500m
18B,90-401,35.6,promien_500m
18B,91-068,40.7,promien_500m
18B,91-067,76.1,promien_500m
18B,90-745,83.3,promien_500m
18B,91-069,92.8,promien_500m
18B,91-072,95.4,promien_500m
18B,90-712,100.9,promien_500m
18B,90-710,103.2,promien_500m
18B,90-742,115.9,promien_500m
18B,90-502,138.2,promien_500m
18B,90-746,138.9,promien_500m
18B,90-713,139.2,promien_500m
18B,90-702,141.8,promien_500m
18B,90-762,179.7,promien_500m
18B,90-739,182.3,promien_500m
18B,90-711,193.1,promien_500m
18B,90-718,223.8,promien_500m
18B,90-717,224.2,promien_500m
18B,91-065,229.6,promien_500m
18B,90-741,231.4,promien_500m
18B,90-740,234.1,promien_500m
18B,91-071,244.0,promien_500m
18B,90-706,266.1,promien_500m
18B,90-734,306.5,promien_500m
18B,90-753,313.4,promien_500m
18B,90-735,314.9,promien_500m
18B,90-411,340.9,promien_500m
18B,94-015,343.3,promien_500m
18B,90-747,349.2,promien_500m
18B,90-763,356.6,promien_500m
18B,90-756,374.7,promien_500m
18B,90-749,379.1,promien_500m
18B,90-715,383.6,promien_500m
18B,90-743,385.0,promien_500m
18B,90-752,391.7,promien_500m
18B,90-707,393.2,promien_500m
18B,91-066,395.1,promien_500m
18B,90-701,397.9,promien_500m
18B,90-748,399.8,promien_500m
18B,90-507,408.3,promien_500m
18B,90-736,410.0,promien_500m
18B,90-737,412.9,promien_500m
18B,90-708,424.5,promien_500m
18B,90-716,433.6,promien_500m
18B,90-758,455.2,promien_500m
18B,90-558,459.8,promien_500m
18B,91-062,469.5,promien_500m
18B,91-074,471.6,promien_500m
18B,90-750,481.2,promien_500m
190B,90-567,0.0,promien_500m
190B,90-640,17.6,promien_500m
190B,90-569,24.8,promien_500m
190B,90-559,48.5,promien_500m
190B,90-619,53.4,promien_500m
190B,90-420,94.1,promien_500m
190B,90-557,103.4,promien_500m
190B,90-558,104.0,promien_500m
190B,90-568,105.1,promien_500m
190B,90-630,115.0,promien_500m
190B,90-632,158.2,promien_500m
190B,90-546,161.3,promien_500m
190B,90-570,167.1,promien_500m
190B,90-644,181.3,promien_500m
190B,90-563,185.1,promien_500m
190B,90-571,203.8,promien_500m
190B,90-505,213.5,promien_500m
190B,90-502,229.8,promien_500m
190B,90-625,234.7,promien_500m
190B,90-562,248.1,promien_500m
190B,90-638,278.3,promien_500m
190B,90-626,284.0,promien_500m
190B,90-501,287.7,promien_500m
190B,90-631,288.3,promien_500m
190B,90-552,292.9,promien_500m
190B,90-554,314.9,promien_500m
190B,90-637,329.0,promien_500m
190B,90-503,329.3,promien_500m
190B,90-545,334.0,promien_500m
190B,90-646,350.2,promien_500m
190B,90-636,354.9,promien_500m
190B,90-648,362.8,promien_500m
190B,90-560,363.0,promien_500m
190B,90-415,364.3,promien_500m
190B,90-639,369.0,promien_500m
190B,90-617,373.4,promien_500m
190B,90-618,384.5,promien_500m
190B,90-613,400.1,promien_500m
190B,90-645,404.0,promien_500m
190B,90-549,412.3,promien_500m
190B,90-629,417.4,promien_500m
190B,90-561,433.5,promien_500m
190B,90-507,436.6,promien_500m
190B,90-643,443.6,promien_500m
190B,90-511,443.9,promien_500m
190B,90-547,444.0,promien_500m
190B,90-553,449.1,promien_500m
190B,90-623,450.5,promien_500m
190B,90-624,453.1,promien_500m
190B,90-550,477.2,promien_500m
190B,90-616,477.6,promien_500m
190B,90-647,482.9,promien_500m
190B,90-508,490.7,promien_500m
191B,90-619,0.0,promien_500m
191B,90-569,30.3,promien_500m
191B,90-640,53.1,promien_500m
191B,90-630,64.1,promien_500m
191B,90-546,67.3,promien_500m
191B,90-567,104.7,promien_500m
191B,90-559,142.6,promien_500m
191B,90-632,157.5,promien_500m
191B,90-420,159.5,promien_500m
191B,90-568,164.6,promien_500m
191B,90-638,166.2,promien_500m
191B,90-644,176.6,promien_500m
191B,90-557,185.2,promien_500m
191B,90-625,186.5,promien_500m
191B,90-637,202.2,promien_500m
191B,90-558,215.7,promien_500m
191B,90-636,238.0,promien_500m
191B,90-617,247.2,promien_500m
191B,90-626,247.6,promien_500m
191B,90-502,255.3,promien_500m
191B,90-505,257.9,promien_500m
191B,90-618,260.1,promien_500m
191B,90-646,262.2,promien_500m
191B,90-639,265.9,promien_500m
191B,90-631,268.0,promien_500m
191B,90-570,276.7,promien_500m
191B,90-563,278.0,promien_500m
191B,90-501,279.2,promien_500m
191B,90-415,289.6,promien_500m
191B,90-629,290.4,promien_500m
191B,90-645,312.3,promien_500m
191B,90-571,318.7,promien_500m
191B,90-562,319.2,promien_500m
191B,90-624,334.4,promien_500m
191B,90-623,342.7,promien_500m
191B,90-613,342.9,promien_500m
191B,90-616,362.5,promien_500m
191B,90-643,364.3,promien_500m
191B,90-604,394.3,promien_500m
191B,90-552,404.2,promien_500m
191B,90-648,405.0,promien_500m
191B,90-615,407.3,promien_500m
191B,90-647,414.8,promien_500m
191B,90-545,415.1,promien_500m
191B,90-635,415.5,promien_500m
191B,90-554,436.6,promien_500m
191B,90-507,438.7,promien_500m
191B,90-503,439.3,promien_500m
191B,90-746,443.9,promien_500m
191B,90-750,453.6,promien_500m
191B,90-743,468.2,promien_500m
191B,90-745,478.4,promien_500m
191B,90-508,479.3,promien_500m
191B,90-513,480.1,promien_500m
191B,90-602,483.2,promien_500m
191B,90-560,489.0,promien_500m
191B,90-749,489.5,promien_500m
191B,90-612,490.3,promien_500m
191B,90-753,492.0,promien_500m
191B,90-549,492.9,promien_500m
192B,90-619,0.0,promien_500m
192B,90-640,56.3,promien_500m
192B,90-638,59.4,promien_500m
192B,90-630,67.6,promien_500m
192B,90-637,82.0,promien_500m
192B,90-546,82.8,promien_500m
192B,90-636,108.3,promien_500m
192B,90-617,110.1,promien_500m
192B,90-618,121.7,promien_500m
192B,90-639,144.5,promien_500m
192B,90-629,164.2,promien_500m
192B,90-569,165.2,promien_500m
192B,90-646,167.9,promien_500m
192B,90-625,173.6,promien_500m
192B,90-644,174.2,promien_500m
192B,90-645,209.6,promien_500m
192B,90-415,223.7,promien_500m
192B,90-567,239.7,promien_500m
192B,90-502,244.1,promien_500m
192B,90-624,244.1,promien_500m
192B,90-626,246.1,promien_500m
192B,90-420,255.6,promien_500m
192B,90-604,257.8,promien_500m
192B,90-632,260.3,promien_500m
192B,90-559,262.0,promien_500m
192B,90-623,267.8,promien_500m
192B,90-643,268.5,promien_500m
192B,90-616,280.0,promien_500m
192B,90-635,281.4,promien_500m
192B,90-568,291.8,promien_500m
192B,90-557,296.0,promien_500m
192B,90-746,305.5,promien_500m
192B,90-750,320.1,promien_500m
192B,90-615,323.1,promien_500m
192B,90-558,335.0,promien_500m
192B,90-743,336.3,promien_500m
192B,90-613,336.5,promien_500m
192B,90-631,337.7,promien_500m
192B,90-745,340.0,promien_500m
192B,90-647,342.0,promien_500m
192B,90-749,357.5,promien_500m
192B,90-501,358.5,promien_500m
192B,90-602,358.5,promien_500m
192B,90-505,374.1,promien_500m
192B,90-753,376.1,promien_500m
192B,90-563,384.5,promien_500m
192B,90-736,397.4,promien_500m
192B,90-562,398.8,promien_500m
192B,90-737,402.2,promien_500m
192B,90-570,409.1,promien_500m
192B,90-754,413.6,promien_500m
192B,90-759,417.1,promien_500m
192B,90-752,418.4,promien_500m
192B,90-758,430.5,promien_500m
192B,90-612,432.7,promien_500m
192B,90-748,452.3,promien_500m
192B,90-648,453.2,promien_500m
192B,90-571,455.9,promien_500m
192B,90-757,488.6,promien_500m
192B,90-735,489.3,promien_500m
192B,90-747,497.4,promien_500m
192B,90-416,498.4,promien_500m
192B,90-507,498.7,promien_500m
193B,90-619,0.0,promien_500m
193B,90-630,53.2,promien_500m
193B,90-637,58.0,promien_500m
193B,90-638,58.1,promien_500m
193B,90-546,60.1,promien_500m
193B,90-640,74.1,promien_500m
193B,90-617,87.2,promien_500m
193B,90-636,99.8,promien_500m
193B,90-618,101.0,promien_500m
193B,90-639,137.8,promien_500m
193B,90-629,139.0,promien_500m
193B,90-625,155.2,promien_500m
193B,90-646,168.0,promien_500m
193B,90-569,185.0,promien_500m
193B,90-644,192.9,promien_500m
193B,90-645,209.7,promien_500m
193B,90-624,222.1,promien_500m
193B,90-415,233.3,promien_500m
193B,90-626,233.3,promien_500m
193B,90-502,233.9,promien_500m
193B,90-604,240.6,promien_500m
193B,90-623,246.9,promien_500m
193B,90-616,258.8,promien_500m
193B,90-567,262.8,promien_500m
193B,90-635,266.1,promien_500m
193B,90-643,268.5,promien_500m
193B,90-632,272.2,promien_500m
193B,90-420,280.9,promien_500m
193B,90-746,284.3,promien_500m
193B,90-559,286.8,promien_500m
193B,90-615,301.2,promien_500m
193B,90-750,305.0,promien_500m
193B,90-568,308.5,promien_500m
193B,90-743,311.7,promien_500m
193B,90-745,319.2,promien_500m
193B,90-557,321.1,promien_500m
193B,90-613,324.2,promien_500m
193B,90-602,333.3,promien_500m
193B,90-631,342.2,promien_500m
193B,90-749,343.1,promien_500m
193B,90-647,347.6,promien_500m
193B,90-558,359.9,promien_500m
193B,90-501,364.5,promien_500m
193B,90-753,368.9,promien_500m
193B,90-736,372.1,promien_500m
193B,90-737,377.1,promien_500m
193B,90-505,387.5,promien_500m
193B,90-754,403.3,promien_500m
193B,90-563,409.7,promien_500m
193B,90-612,412.1,promien_500m
193B,90-752,413.2,promien_500m
193B,90-759,414.1,promien_500m
193B,90-758,418.4,promien_500m
193B,90-562,423.4,promien_500m
193B,90-570,426.7,promien_500m
193B,90-748,433.3,promien_500m
193B,90-735,466.8,promien_500m
193B,90-648,475.6,promien_500m
193B,90-571,475.7,promien_500m
193B,90-757,480.2,promien_500m
193B,90-416,480.9,promien_500m
193B,90-747,483.2,promien_500m
193B,90-507,486.0,promien_500m
193B,90-411,494.0,promien_500m
194B,90-619,0.0,promien_500m
194B,90-630,54.3,promien_500m
194B,90-640,67.6,promien_500m
194B,90-546,77.6,promien_500m
194B,90-569,103.9,promien_500m
194B,90-638,108.4,promien_500m
194B,90-637,124.1,promien_500m
194B,90-617,167.6,promien_500m
194B,90-636,168.6,promien_500m
194B,90-625,175.7,promien_500m
194B,90-618,182.2,promien_500m
194B,90-567,183.8,promien_500m
194B,90-644,186.2,promien_500m
194B,90-632,202.1,promien_500m
194B,90-639,203.1,promien_500m
194B,90-629,211.6,promien_500m
194B,90-559,214.5,promien_500m
194B,90-420,218.4,promien_500m
194B,90-646,218.6,promien_500m
194B,90-568,229.9,promien_500m
194B,90-502,230.2,promien_500m
194B,90-626,235.9,promien_500m
194B,90-557,253.1,promien_500m
194B,90-415,258.3,promien_500m
194B,90-645,260.3,promien_500m
194B,90-624,267.4,promien_500m
194B,90-623,282.5,promien_500m
194B,90-558,288.4,promien_500m
194B,90-631,289.2,promien_500m
194B,90-616,299.1,promien_500m
194B,90-501,307.4,promien_500m
194B,90-505,313.9,promien_500m
194B,90-643,318.1,promien_500m
194B,90-604,319.8,promien_500m
194B,90-613,323.3,promien_500m
194B,90-635,343.3,promien_500m
194B,90-615,343.8,promien_500m
194B,90-563,344.7,promien_500m
194B,90-570,347.1,promien_500m
194B,90-746,365.6,promien_500m
194B,90-562,371.9,promien_500m
194B,90-647,381.8,promien_500m
194B,90-750,381.9,promien_500m
194B,90-743,388.8,promien_500m
194B,90-571,394.6,promien_500m
194B,90-745,400.5,promien_500m
194B,90-602,405.3,promien_500m
194B,90-749,419.1,promien_500m
194B,90-753,433.2,promien_500m
194B,90-648,441.2,promien_500m
194B,90-736,442.3,promien_500m
194B,90-737,442.3,promien_500m
194B,90-612,446.6,promien_500m
194B,90-507,458.1,promien_500m
194B,90-759,469.4,promien_500m
194B,90-754,473.0,promien_500m
194B,90-752,473.4,promien_500m
194B,90-545,479.7,promien_500m
194B,90-552,479.9,promien_500m
194B,90-503,487.1,promien_500m
194B,90-513,489.2,promien_500m
194B,90-508,489.4,promien_500m
194B,90-758,491.1,promien_500m
195B,90-569,0.0,promien_500m
195B,90-619,0.2,promien_500m
195B,90-630,45.4,promien_500m
195B,90-640,47.4,promien_500m
195B,90-546,60.2,promien_500m
195B,90-567,78.8,promien_500m
195B,90-632,129.7,promien_500m
195B,90-559,133.0,promien_500m
195B,90-568,133.6,promien_500m
195B,90-420,161.6,promien_500m
195B,90-625,173.0,promien_500m
195B,90-557,181.3,promien_500m
195B,90-644,195.9,promien_500m
195B,90-638,197.1,promien_500m
195B,90-558,206.0,promien_500m
195B,90-637,223.6,promien_500m
195B,90-502,226.2,promien_500m
195B,90-505,227.5,promien_500m
195B,90-626,231.6,promien_500m
195B,90-631,245.9,promien_500m
195B,90-570,246.0,promien_500m
195B,90-501,254.9,promien_500m
195B,90-636,268.0,promien_500m
195B,90-617,272.1,promien_500m
195B,90-563,273.1,promien_500m
195B,90-618,287.3,promien_500m
195B,90-571,289.8,promien_500m
195B,90-646,292.8,promien_500m
195B,90-639,297.0,promien_500m
195B,90-629,311.5,promien_500m
195B,90-415,319.2,promien_500m
195B,90-562,323.0,promien_500m
195B,90-613,332.3,promien_500m
195B,90-645,343.3,promien_500m
195B,90-624,346.7,promien_500m
195B,90-623,350.0,promien_500m
195B,90-616,372.4,promien_500m
195B,90-552,375.3,promien_500m
195B,90-545,384.1,promien_500m
195B,90-643,394.6,promien_500m
195B,90-503,409.7,promien_500m
195B,90-507,415.5,promien_500m
195B,90-648,415.7,promien_500m
195B,90-615,416.9,promien_500m
195B,90-554,418.5,promien_500m
195B,90-604,423.3,promien_500m
195B,90-647,444.1,promien_500m
195B,90-635,445.2,promien_500m
195B,90-508,457.2,promien_500m
195B,90-513,459.8,promien_500m
195B,90-549,461.8,promien_500m
195B,90-560,470.2,promien_500m
195B,90-746,470.9,promien_500m
195B,90-750,483.4,promien_500m
195B,90-511,486.3,promien_500m
195B,90-612,489.1,promien_500m
195B,90-743,490.8,promien_500m
195B,90-547,496.1,promien_500m
196B,90-567,0.0,promien_500m
196B,90-640,10.3,promien_500m
196B,90-568,25.4,promien_500m
196B,90-569,37.3,promien_500m
196B,90-630,39.4,promien_500m
196B,90-619,45.9,promien_500m
196B,90-632,55.1,promien_500m
196B,90-546,110.0,promien_500m
196B,90-505,123.2,promien_500m
196B,90-502,131.0,promien_500m
196B,90-625,138.7,promien_500m
196B,90-559,139.3,promien_500m
196B,90-570,140.9,promien_500m
196B,90-626,182.5,promien_500m
196B,90-501,184.6,promien_500m
196B,90-631,185.2,promien_500m
196B,90-571,193.7,promien_500m
196B,90-558,194.7,promien_500m
196B,90-420,196.3,promien_500m
196B,90-557,205.0,promien_500m
196B,90-545,275.8,promien_500m
196B,90-644,277.9,promien_500m
196B,90-552,278.5,promien_500m
196B,90-563,283.5,promien_500m
196B,90-613,301.7,promien_500m
196B,90-638,305.0,promien_500m
196B,90-503,307.9,promien_500m
196B,90-637,310.9,promien_500m
196B,90-507,339.9,promien_500m
196B,90-562,345.9,promien_500m
196B,90-554,348.9,promien_500m
196B,90-549,353.4,promien_500m
196B,90-617,361.9,promien_500m
196B,90-636,373.8,promien_500m
196B,90-511,378.2,promien_500m
196B,90-623,378.5,promien_500m
196B,90-618,386.5,promien_500m
196B,90-547,387.7,promien_500m
196B,90-508,388.8,promien_500m
196B,90-629,388.9,promien_500m
196B,90-513,398.7,promien_500m
196B,90-646,400.2,promien_500m
196B,90-624,402.5,promien_500m
196B,90-639,405.2,promien_500m
196B,90-560,417.6,promien_500m
196B,90-616,422.3,promien_500m
196B,90-415,424.3,promien_500m
196B,90-550,430.7,promien_500m
196B,90-509,450.2,promien_500m
196B,90-645,451.7,promien_500m
196B,90-615,463.9,promien_500m
196B,90-648,465.9,promien_500m
196B,90-609,474.9,promien_500m
196B,90-561,482.8,promien_500m
196B,90-553,484.0,promien_500m
196B,90-519,486.3,promien_500m
196B,90-612,494.9,promien_500m
196B,90-608,499.2,promien_500m
197B,90-546,0.0,promien_500m
197B,90-630,6.3,promien_500m
197B,90-619,53.9,promien_500m
197B,90-569,64.2,promien_500m
197B,90-625,65.3,promien_500m
197B,90-640,83.4,promien_500m
197B,90-632,84.1,promien_500m
197B,90-567,109.1,promien_500m
197B,90-626,126.6,promien_500m
197B,90-568,129.3,promien_500m
197B,90-631,156.9,promien_500m
197B,90-502,157.5,promien_500m
197B,90-501,174.9,promien_500m
197B,90-637,198.6,promien_500m
197B,90-505,199.0,promien_500m
197B,90-613,223.4,promien_500m
197B,90-559,234.3,promien_500m
197B,90-617,236.6,promien_500m
197B,90-638,240.5,promien_500m
197B,90-623,254.9,promien_500m
197B,90-570,258.7,promien_500m
197B,90-629,265.4,promien_500m
197B,90-420,268.5,promien_500m
197B,90-624,272.5,promien_500m
197B,90-618,286.6,promien_500m
197B,90-557,286.8,promien_500m
197B,90-636,292.0,promien_500m
197B,90-616,292.5,promien_500m
197B,90-644,297.5,promien_500m
197B,90-558,300.3,promien_500m
197B,90-571,312.5,promien_500m
197B,90-507,327.0,promien_500m
197B,90-639,329.1,promien_500m
197B,90-615,334.9,promien_500m
197B,90-646,350.6,promien_500m
197B,90-503,360.5,promien_500m
197B,90-513,362.5,promien_500m
197B,90-508,362.7,promien_500m
197B,90-545,372.5,promien_500m
197B,90-563,376.5,promien_500m
197B,90-612,385.3,promien_500m
197B,90-415,389.4,promien_500m
197B,90-645,392.0,promien_500m
197B,90-604,399.6,promien_500m
197B,90-552,402.0,promien_500m
197B,90-562,431.5,promien_500m
197B,90-416,434.3,promien_500m
197B,90-609,434.6,promien_500m
197B,90-608,436.8,promien_500m
197B,90-602,439.8,promien_500m
197B,90-549,444.1,promien_500m
197B,90-509,444.2,promien_500m
197B,90-743,449.2,promien_500m
197B,90-643,450.2,promien_500m
197B,90-635,456.8,promien_500m
197B,90-746,458.8,promien_500m
197B,90-511,460.2,promien_500m
197B,90-737,470.8,promien_500m
197B,90-554,478.7,promien_500m
197B,90-547,479.8,promien_500m
197B,90-736,482.5,promien_500m
197B,90-745,494.9,promien_500m
197B,90-750,495.8,promien_500m
198B,90-630,0.0,promien_500m
198B,90-546,21.6,promien_500m
198B,90-619,47.1,promien_500m
198B,90-637,53.0,promien_500m
198B,90-625,55.5,promien_500m
198B,90-617,76.5,promien_500m
198B,90-629,103.2,promien_500m
198B,90-638,127.2,promien_500m
198B,90-626,130.6,promien_500m
198B,90-502,135.4,promien_500m
198B,90-624,136.2,promien_500m
198B,90-618,150.5,promien_500m
198B,90-623,152.2,promien_500m
198B,90-616,167.6,promien_500m
198B,90-640,175.0,promien_500m
198B,90-636,182.9,promien_500m
198B,90-569,191.8,promien_500m
198B,90-615,212.2,promien_500m
198B,90-613,221.2,promien_500m
198B,90-639,223.2,promien_500m
198B,90-632,226.8,promien_500m
198B,90-604,238.7,promien_500m
198B,90-646,262.7,promien_500m
198B,90-567,269.3,promien_500m
198B,90-631,281.0,promien_500m
198B,90-743,288.0,promien_500m
198B,90-568,291.8,promien_500m
198B,90-644,293.2,promien_500m
198B,90-602,293.8,promien_500m
198B,90-746,302.2,promien_500m
198B,90-645,303.0,promien_500m
198B,90-501,307.7,promien_500m
198B,90-612,317.1,promien_500m
198B,90-635,317.4,promien_500m
198B,90-737,319.9,promien_500m
198B,90-736,326.3,promien_500m
198B,90-415,335.5,promien_500m
198B,90-745,338.3,promien_500m
198B,90-559,341.4,promien_500m
198B,90-420,349.6,promien_500m
198B,90-750,355.4,promien_500m
198B,90-505,357.0,promien_500m
198B,90-643,360.7,promien_500m
198B,90-416,379.4,promien_500m
198B,90-557,382.3,promien_500m
198B,90-749,394.9,promien_500m
198B,90-558,414.8,promien_500m
198B,90-507,416.1,promien_500m
198B,90-570,420.6,promien_500m
198B,90-608,435.6,promien_500m
198B,90-601,438.8,promien_500m
198B,90-513,441.1,promien_500m
198B,90-508,441.3,promien_500m
198B,90-753,443.7,promien_500m
198B,90-729,444.0,promien_500m
198B,90-647,446.2,promien_500m
198B,90-606,449.5,promien_500m
198B,90-748,459.7,promien_500m
198B,90-730,460.5,promien_500m
198B,90-735,466.2,promien_500m
198B,90-754,467.9,promien_500m
198B,90-571,474.5,promien_500m
198B,90-563,474.6,promien_500m
198B,90-758,476.8,promien_500m
198B,90-609,480.9,promien_500m
198B,90-607,484.9,promien_500m
198B,90-734,489.1,promien_500m
198B,90-752,492.2,promien_500m
198B,90-759,498.3,promien_500m
199B,90-630,0.0,promien_500m
199B,90-619,61.2,promien_500m
199B,90-546,63.5,promien_500m
199B,90-625,65.5,promien_500m
199B,90-502,116.6,promien_500m
199B,90-626,122.2,promien_500m
199B,90-569,123.3,promien_500m
199B,90-637,126.9,promien_500m
199B,90-632,145.8,promien_500m
199B,90-617,155.4,promien_500m
199B,90-640,156.9,promien_500m
199B,90-629,184.7,promien_500m
199B,90-638,188.7,promien_500m
199B,90-567,190.0,promien_500m
199B,90-623,193.3,promien_500m
199B,90-624,196.1,promien_500m
199B,90-631,205.1,promien_500m
199B,90-613,208.1,promien_500m
199B,90-568,209.5,promien_500m
199B,90-616,218.0,promien_500m
199B,90-618,220.8,promien_500m
199B,90-501,229.9,promien_500m
199B,90-636,239.9,promien_500m
199B,90-615,261.9,promien_500m
199B,90-505,274.2,promien_500m
199B,90-639,278.2,promien_500m
199B,90-559,289.8,promien_500m
199B,90-644,301.2,promien_500m
199B,90-646,308.9,promien_500m
199B,90-420,312.2,promien_500m
199B,90-604,318.4,promien_500m
199B,90-557,336.7,promien_500m
199B,90-612,338.5,promien_500m
199B,90-570,339.9,promien_500m
199B,90-645,350.7,promien_500m
199B,90-507,356.6,promien_500m
199B,90-602,362.6,promien_500m
199B,90-558,362.7,promien_500m
199B,90-415,365.2,promien_500m
199B,90-743,368.0,promien_500m
199B,90-746,383.8,promien_500m
199B,90-513,385.2,promien_500m
199B,90-508,385.4,promien_500m
199B,90-737,391.0,promien_500m
199B,90-416,391.3,promien_500m
199B,90-635,391.4,promien_500m
199B,90-571,393.7,promien_500m
199B,90-736,401.9,promien_500m
199B,90-643,409.6,promien_500m
199B,90-745,420.0,promien_500m
199B,90-608,422.5,promien_500m
199B,90-503,426.2,promien_500m
199B,90-563,429.2,promien_500m
199B,90-750,430.1,promien_500m
199B,90-609,443.1,promien_500m
199B,90-545,450.5,promien_500m
199B,90-606,469.4,promien_500m
199B,90-749,469.4,promien_500m
199B,90-562,471.4,promien_500m
199B,90-509,477.0,promien_500m
199B,90-601,482.6,promien_500m
199B,90-552,483.3,promien_500m
199B,90-647,484.9,promien_500m
19B,91-070,0.0,promien_500m
19B,90-703,3.9,promien_500m
19B,90-762,12.2,promien_500m
19B,91-072,30.6,promien_500m
19B,90-745,44.0,promien_500m
19B,90-401,86.3,promien_500m
19B,90-569,86.3,promien_500m
19B,91-068,105.2,promien_500m
19B,90-740,106.9,promien_500m
19B,90-746,129.2,promien_500m
19B,90-753,162.0,promien_500m
19B,91-067,168.1,promien_500m
19B,90-742,178.4,promien_500m
19B,90-739,185.3,promien_500m
19B,90-712,186.0,promien_500m
19B,90-763,188.3,promien_500m
19B,90-741,217.5,promien_500m
19B,91-071,226.1,promien_500m
19B,90-713,231.4,promien_500m
19B,90-752,233.3,promien_500m
19B,90-710,254.4,promien_500m
19B,90-717,256.0,promien_500m
19B,91-069,261.1,promien_500m
19B,90-756,262.1,promien_500m
19B,90-718,267.2,promien_500m
19B,90-749,272.2,promien_500m
19B,90-411,272.7,promien_500m
19B,90-747,275.5,promien_500m
19B,90-735,291.5,promien_500m
19B,90-502,303.5,promien_500m
19B,90-702,309.6,promien_500m
19B,90-711,310.3,promien_500m
19B,91-074,319.7,promien_500m
19B,90-748,325.0,promien_500m
19B,90-734,342.3,promien_500m
19B,90-758,351.3,promien_500m
19B,91-065,351.6,promien_500m
19B,90-764,353.5,promien_500m
19B,90-755,356.7,promien_500m
19B,91-062,367.9,promien_500m
19B,90-743,375.9,promien_500m
19B,90-558,382.4,promien_500m
19B,90-750,390.6,promien_500m
19B,90-757,411.0,promien_500m
19B,90-706,429.4,promien_500m
19B,90-736,429.5,promien_500m
19B,91-073,440.9,promien_500m
19B,90-754,454.0,promien_500m
19B,90-737,457.9,promien_500m
19B,90-635,466.6,promien_500m
19B,90-604,472.8,promien_500m
19B,94-015,494.5,promien_500m
1A,91-062,0.0,promien_500m
1A,90-402,56.1,promien_500m
1A,91-061,56.1,promien_500m
1A,91-063,75.9,promien_500m
1A,91-420,80.3,promien_500m
1A,91-064,81.0,promien_500m
1A,91-065,82.8,promien_500m
1A,91-414,95.7,promien_500m
1A,91-006,124.0,promien_500m
1A,91-415,137.1,promien_500m
1A,91-416,199.1,promien_500m
1A,90-401,214.3,promien_500m
1A,91-417,214.5,promien_500m
1A,91-002,215.6,promien_500m
1A,91-069,220.0,promien_500m
1A,91-437,227.3,promien_500m
1A,91-434,254.8,promien_500m
1A,90-270,267.9,promien_500m
1A,90-403,272.4,promien_500m
1A,91-438,279.4,promien_500m
1A,90-201,280.1,promien_500m
1A,90-701,283.6,promien_500m
1A,90-406,297.1,promien_500m
1A,91-066,310.4,promien_500m
1A,90-507,332.9,promien_500m
1A,90-272,348.2,promien_500m
1A,90-202,355.7,promien_500m
1A,91-446,365.0,promien_500m
1A,90-408,379.5,promien_500m
1A,90-271,383.8,promien_500m
1A,91-423,394.3,promien_500m
1A,91-430,395.1,promien_500m
1A,91-431,400.6,promien_500m
1A,91-005,401.6,promien_500m
1A,91-439,401.9,promien_500m
1A,90-273,402.6,promien_500m
1A,91-444,412.9,promien_500m
1A,90-707,417.5,promien_500m
1A,90-708,422.6,promien_500m
1A,91-067,423.7,promien_500m
1A,91-058,423.9,promien_500m
1A,90-004,432.2,promien_500m
1A,91-004,448.1,promien_500m
1A,91-071,448.5,promien_500m
1A,90-404,452.7,promien_500m
1A,90-269,462.7,promien_500m
1A,90-706,470.5,promien_500m
1A,90-702,474.7,promien_500m
1A,91-422,498.8,promien_500m
200B,90-567,0.0,promien_500m
200B,90-632,6.4,promien_500m
200B,90-568,23.7,promien_500m
200B,90-502,39.1,promien_500m
200B,90-630,44.3,promien_500m
200B,90-625,55.1,promien_500m
200B,90-640,59.9,promien_500m
200B,90-505,69.0,promien_500m
200B,90-501,69.5,promien_500m
200B,90-631,70.2,promien_500m
200B,90-626,75.3,promien_500m
200B,90-546,119.8,promien_500m
200B,90-569,127.7,promien_500m
200B,90-619,132.5,promien_500m
200B,90-570,158.4,promien_500m
200B,90-613,198.2,promien_500m
200B,90-571,212.8,promien_500m
200B,90-503,226.7,promien_500m
200B,90-507,228.9,promien_500m
200B,90-559,246.6,promien_500m
200B,90-545,246.9,promien_500m
200B,90-508,273.9,promien_500m
200B,90-513,283.6,promien_500m
200B,90-552,304.7,promien_500m
200B,90-558,305.2,promien_500m
200B,90-420,311.2,promien_500m
200B,90-549,313.9,promien_500m
200B,90-623,315.7,promien_500m
200B,90-557,319.3,promien_500m
200B,90-637,326.9,promien_500m
200B,90-511,327.2,promien_500m
200B,90-509,344.4,promien_500m
200B,90-547,349.7,promien_500m
200B,90-617,357.3,promien_500m
200B,90-609,359.9,promien_500m
200B,90-638,369.0,promien_500m
200B,90-624,370.6,promien_500m
200B,90-616,380.4,promien_500m
200B,90-644,384.4,promien_500m
200B,90-608,387.2,promien_500m
200B,90-629,388.2,promien_500m
200B,90-563,394.1,promien_500m
200B,90-550,403.1,promien_500m
200B,90-554,407.6,promien_500m
200B,90-612,408.9,promien_500m
200B,90-615,416.3,promien_500m
200B,90-515,418.0,promien_500m
200B,90-618,420.9,promien_500m
200B,90-636,425.4,promien_500m
200B,90-519,434.4,promien_500m
200B,90-510,443.6,promien_500m
200B,90-520,446.4,promien_500m
200B,90-562,456.0,promien_500m
200B,90-416,458.2,promien_500m
200B,90-516,459.9,promien_500m
200B,90-639,461.9,promien_500m
200B,90-646,477.5,promien_500m
200B,90-560,495.8,promien_500m
201A,90-507,0.0,promien_500m
201A,90-508,1.5,promien_500m
201A,90-513,38.2,promien_500m
201A,90-501,43.1,promien_500m
201A,90-505,44.4,promien_500m
201A,90-613,51.7,promien_500m
201A,90-631,70.1,promien_500m
201A,90-509,70.7,promien_500m
201A,90-609,100.6,promien_500m
201A,90-420,105.7,promien_500m
201A,90-515,141.7,promien_500m
201A,90-503,143.2,promien_500m
201A,90-502,148.9,promien_500m
201A,90-608,168.9,promien_500m
201A,90-626,179.8,promien_500m
201A,90-516,181.8,promien_500m
201A,90-567,207.9,promien_500m
201A,90-632,210.7,promien_500m
201A,90-625,228.5,promien_500m
201A,90-514,236.9,promien_500m
201A,90-418,257.9,promien_500m
201A,90-511,259.6,promien_500m
201A,90-510,263.6,promien_500m
201A,90-568,269.5,promien_500m
201A,90-630,289.5,promien_500m
201A,90-547,295.1,promien_500m
201A,90-419,300.9,promien_500m
201A,90-427,303.9,promien_500m
201A,90-545,304.1,promien_500m
201A,90-520,306.7,promien_500m
201A,90-426,315.0,promien_500m
201A,90-416,332.1,promien_500m
201A,90-623,336.4,promien_500m
201A,90-612,337.5,promien_500m
201A,90-640,338.2,promien_500m
201A,90-428,339.0,promien_500m
201A,90-570,342.4,promien_500m
201A,90-519,343.5,promien_500m
201A,90-549,347.0,promien_500m
201A,90-431,349.4,promien_500m
201A,90-522,354.4,promien_500m
201A,90-521,355.5,promien_500m
201A,90-546,366.1,promien_500m
201A,90-569,377.7,promien_500m
201A,90-550,388.9,promien_500m
201A,90-415,394.3,promien_500m
201A,90-571,397.6,promien_500m
201A,90-616,397.7,promien_500m
201A,90-619,407.0,promien_500m
201A,90-430,415.0,promien_500m
201A,90-436,417.6,promien_500m
201A,90-425,417.8,promien_500m
201A,90-606,418.7,promien_500m
201A,90-432,420.5,promien_500m
201A,90-552,424.7,promien_500m
201A,90-423,444.0,promien_500m
201A,90-637,445.8,promien_500m
201A,90-607,448.3,promien_500m
201A,90-615,450.3,promien_500m
201A,90-646,454.9,promien_500m
201A,90-624,460.6,promien_500m
201A,90-422,462.0,promien_500m
201A,90-617,480.8,promien_500m
201A,90-004,492.6,promien_500m
202B,90-625,0.0,promien_500m
202B,90-626,12.2,promien_500m
202B,90-630,46.6,promien_500m
202B,90-632,58.8,promien_500m
202B,90-631,68.1,promien_500m
202B,90-567,92.9,promien_500m
202B,90-501,97.9,promien_500m
202B,90-502,99.1,promien_500m
202B,90-613,110.4,promien_500m
202B,90-546,112.6,promien_500m
202B,90-568,136.9,promien_500m
202B,90-640,136.9,promien_500m
202B,90-505,165.7,promien_500m
202B,90-619,173.3,promien_500m
202B,90-569,178.0,promien_500m
202B,90-623,199.5,promien_500m
202B,90-507,214.2,promien_500m
202B,90-637,230.9,promien_500m
202B,90-513,245.2,promien_500m
202B,90-508,245.4,promien_500m
202B,90-624,265.3,promien_500m
202B,90-617,266.3,promien_500m
202B,90-616,268.0,promien_500m
202B,90-570,273.3,promien_500m
202B,90-503,290.3,promien_500m
202B,90-612,297.9,promien_500m
202B,90-615,303.1,promien_500m
202B,90-629,303.2,promien_500m
202B,90-609,315.5,promien_500m
202B,90-608,318.1,promien_500m
202B,90-571,328.8,promien_500m
202B,90-509,332.6,promien_500m
202B,90-638,334.1,promien_500m
202B,90-559,337.3,promien_500m
202B,90-420,338.5,promien_500m
202B,90-416,347.3,promien_500m
202B,90-545,352.0,promien_500m
202B,90-618,364.1,promien_500m
202B,90-636,385.6,promien_500m
202B,90-515,387.4,promien_500m
202B,90-558,392.0,promien_500m
202B,90-557,392.7,promien_500m
202B,90-415,397.3,promien_500m
202B,90-549,410.8,promien_500m
202B,90-604,414.2,promien_500m
202B,90-511,415.1,promien_500m
202B,90-644,416.9,promien_500m
202B,90-552,420.6,promien_500m
202B,90-639,423.9,promien_500m
202B,90-602,424.0,promien_500m
202B,90-516,428.4,promien_500m
202B,90-606,429.8,promien_500m
202B,90-547,445.6,promien_500m
202B,90-646,453.1,promien_500m
202B,90-418,458.7,promien_500m
202B,90-737,467.7,promien_500m
202B,90-607,470.0,promien_500m
202B,90-743,471.0,promien_500m
202B,90-563,477.6,promien_500m
202B,90-736,484.8,promien_500m
202B,90-514,486.3,promien_500m
202B,90-510,491.0,promien_500m
202B,90-601,493.7,promien_500m
202B,90-645,494.9,promien_500m
203B,90-625,0.0,promien_500m
203B,90-626,12.4,promien_500m
203B,90-502,15.2,promien_500m
203B,90-630,49.2,promien_500m
203B,90-623,81.6,promien_500m
203B,90-637,86.7,promien_500m
203B,90-613,100.5,promien_500m
203B,90-624,119.0,promien_500m
203B,90-546,122.2,promien_500m
203B,90-617,122.7,promien_500m
203B,90-616,128.0,promien_500m
203B,90-615,164.9,promien_500m
203B,90-619,167.0,promien_500m
203B,90-629,168.9,promien_500m
203B,90-631,181.5,promien_500m
203B,90-632,187.9,promien_500m
203B,90-612,221.7,promien_500m
203B,90-569,232.0,promien_500m
203B,90-567,237.4,promien_500m
203B,90-501,242.8,promien_500m
203B,90-618,248.5,promien_500m
203B,90-640,248.7,promien_500m
203B,90-638,249.0,promien_500m
203B,90-604,269.2,promien_500m
203B,90-568,269.4,promien_500m
203B,90-416,274.7,promien_500m
203B,90-602,280.1,promien_500m
203B,90-505,300.3,promien_500m
203B,90-636,301.8,promien_500m
203B,90-415,302.6,promien_500m
203B,90-507,309.4,promien_500m
203B,90-608,314.6,promien_500m
203B,90-737,321.7,promien_500m
203B,90-743,327.2,promien_500m
203B,90-513,330.0,promien_500m
203B,90-508,330.3,promien_500m
203B,90-736,338.5,promien_500m
203B,90-639,345.5,promien_500m
203B,90-606,352.7,promien_500m
203B,90-609,358.7,promien_500m
203B,90-601,375.2,promien_500m
203B,90-746,383.1,promien_500m
203B,90-646,386.1,promien_500m
203B,90-607,397.4,promien_500m
203B,90-559,402.9,promien_500m
203B,90-730,406.6,promien_500m
203B,90-644,407.2,promien_500m
203B,90-729,407.8,promien_500m
203B,90-420,408.5,promien_500m
203B,90-570,411.5,promien_500m
203B,90-515,415.3,promien_500m
203B,90-745,420.5,promien_500m
203B,90-635,423.8,promien_500m
203B,90-645,426.2,promien_500m
203B,90-503,427.6,promien_500m
203B,90-509,430.9,promien_500m
203B,90-557,451.8,promien_500m
203B,90-418,458.0,promien_500m
203B,90-750,459.3,promien_500m
203B,90-571,463.8,promien_500m
203B,90-558,472.8,promien_500m
203B,90-643,483.5,promien_500m
203B,90-734,484.7,promien_500m
203B,90-545,497.2,promien_500m
203B,90-749,498.9,promien_500m
203B,90-516,499.9,promien_500m
204B,90-626,0.0,promien_500m
204B,90-625,4.1,promien_500m
204B,90-502,31.5,promien_500m
204B,90-623,50.7,promien_500m
204B,90-630,67.4,promien_500m
204B,90-637,71.0,promien_500m
204B,90-613,84.2,promien_500m
204B,90-624,94.3,promien_500m
204B,90-616,97.1,promien_500m
204B,90-617,106.0,promien_500m
204B,90-546,130.5,promien_500m
204B,90-615,133.6,promien_500m
204B,90-629,152.1,promien_500m
204B,90-619,183.2,promien_500m
204B,90-631,193.2,promien_500m
204B,90-612,196.3,promien_500m
204B,90-632,218.0,promien_500m
204B,90-618,245.1,promien_500m
204B,90-604,247.8,promien_500m
204B,90-416,248.9,promien_500m
204B,90-602,251.0,promien_500m
204B,90-638,257.5,promien_500m
204B,90-569,262.7,promien_500m
204B,90-567,265.5,promien_500m
204B,90-501,266.1,promien_500m
204B,90-415,273.9,promien_500m
204B,90-640,280.2,promien_500m
204B,90-737,294.8,promien_500m
204B,90-608,298.8,promien_500m
204B,90-568,299.9,promien_500m
204B,90-743,306.9,promien_500m
204B,90-636,307.0,promien_500m
204B,90-736,312.7,promien_500m
204B,90-507,320.0,promien_500m
204B,90-505,320.5,promien_500m
204B,90-606,324.7,promien_500m
204B,90-513,337.8,promien_500m
204B,90-508,338.0,promien_500m
204B,90-601,343.6,promien_500m
204B,90-639,353.8,promien_500m
204B,90-609,355.0,promien_500m
204B,90-607,368.1,promien_500m
204B,90-746,371.4,promien_500m
204B,90-730,374.9,promien_500m
204B,90-729,376.6,promien_500m
204B,90-515,393.9,promien_500m
204B,90-646,396.7,promien_500m
204B,90-745,408.4,promien_500m
204B,90-420,411.2,promien_500m
204B,90-635,421.1,promien_500m
204B,90-644,427.4,promien_500m
204B,90-559,433.1,promien_500m
204B,90-645,434.6,promien_500m
204B,90-418,437.4,promien_500m
204B,90-509,440.1,promien_500m
204B,90-570,441.8,promien_500m
204B,90-503,448.0,promien_500m
204B,90-750,454.8,promien_500m
204B,90-734,455.9,promien_500m
204B,90-411,478.9,promien_500m
204B,90-557,481.3,promien_500m
204B,90-735,484.8,promien_500m
204B,90-643,492.1,promien_500m
204B,90-731,493.1,promien_500m
204B,90-749,494.3,promien_500m
204B,90-571,494.4,promien_500m
204B,90-558,496.7,promien_500m
205B,90-626,0.0,promien_500m
205B,90-625,5.7,promien_500m
205B,90-630,64.6,promien_500m
205B,90-502,75.3,promien_500m
205B,90-631,79.4,promien_500m
205B,90-632,82.7,promien_500m
205B,90-613,90.3,promien_500m
205B,90-501,117.3,promien_500m
205B,90-567,117.9,promien_500m
205B,90-546,126.9,promien_500m
205B,90-640,162.9,promien_500m
205B,90-568,164.3,promien_500m
205B,90-623,172.2,promien_500m
205B,90-505,178.1,promien_500m
205B,90-619,185.5,promien_500m
205B,90-569,197.1,promien_500m
205B,90-507,211.2,promien_500m
205B,90-637,211.6,promien_500m
205B,90-513,239.8,promien_500m
205B,90-508,240.0,promien_500m
205B,90-616,243.5,promien_500m
205B,90-624,244.1,promien_500m
205B,90-617,247.4,promien_500m
205B,90-612,271.2,promien_500m
205B,90-615,278.1,promien_500m
205B,90-629,289.3,promien_500m
205B,90-570,300.1,promien_500m
205B,90-608,302.8,promien_500m
205B,90-503,304.3,promien_500m
205B,90-609,304.8,promien_500m
205B,90-416,320.6,promien_500m
205B,90-420,330.7,promien_500m
205B,90-638,331.1,promien_500m
205B,90-509,332.1,promien_500m
205B,90-571,355.9,promien_500m
205B,90-618,356.4,promien_500m
205B,90-559,359.6,promien_500m
205B,90-415,369.9,promien_500m
205B,90-545,376.4,promien_500m
205B,90-515,379.7,promien_500m
205B,90-636,384.4,promien_500m
205B,90-604,394.6,promien_500m
205B,90-602,400.0,promien_500m
205B,90-606,403.2,promien_500m
205B,90-557,414.5,promien_500m
205B,90-558,416.4,promien_500m
205B,90-516,421.7,promien_500m
205B,90-639,422.7,promien_500m
205B,90-644,431.7,promien_500m
205B,90-549,433.2,promien_500m
205B,90-511,433.9,promien_500m
205B,90-418,439.2,promien_500m
205B,90-607,443.8,promien_500m
205B,90-737,445.2,promien_500m
205B,90-552,447.6,promien_500m
205B,90-743,452.3,promien_500m
205B,90-646,454.4,promien_500m
205B,90-736,462.9,promien_500m
205B,90-601,466.2,promien_500m
205B,90-547,466.8,promien_500m
205B,90-514,479.6,promien_500m
205B,90-645,496.2,promien_500m
206B,90-631,0.0,promien_500m
206B,90-501,3.2,promien_500m
206B,90-626,50.2,promien_500m
206B,90-505,51.1,promien_500m
206B,90-502,59.7,promien_500m
206B,90-632,73.9,promien_500m
206B,90-567,74.9,promien_500m
206B,90-613,85.4,promien_500m
206B,90-625,86.0,promien_500m
206B,90-507,95.4,promien_500m
206B,90-508,134.4,promien_500m
206B,90-513,139.5,promien_500m
206B,90-630,146.9,promien_500m
206B,90-568,151.0,promien_500m
206B,90-503,177.9,promien_500m
206B,90-640,202.7,promien_500m
206B,90-509,212.5,promien_500m
206B,90-609,215.6,promien_500m
206B,90-546,223.5,promien_500m
206B,90-420,235.1,promien_500m
206B,90-608,245.8,promien_500m
206B,90-570,253.1,promien_500m
206B,90-623,260.6,promien_500m
206B,90-619,266.8,promien_500m
206B,90-569,267.4,promien_500m
206B,90-515,282.0,promien_500m
206B,90-545,287.2,promien_500m
206B,90-571,312.9,promien_500m
206B,90-511,313.4,promien_500m
206B,90-612,314.6,promien_500m
206B,90-516,319.4,promien_500m
206B,90-549,334.5,promien_500m
206B,90-637,337.4,promien_500m
206B,90-616,351.9,promien_500m
206B,90-416,352.3,promien_500m
206B,90-547,353.5,promien_500m
206B,90-624,363.5,promien_500m
206B,90-510,371.4,promien_500m
206B,90-418,372.9,promien_500m
206B,90-617,373.5,promien_500m
206B,90-514,376.3,promien_500m
206B,90-552,381.5,promien_500m
206B,90-615,383.5,promien_500m
206B,90-520,385.9,promien_500m
206B,90-559,389.8,promien_500m
206B,90-519,404.4,promien_500m
206B,90-415,417.4,promien_500m
206B,90-550,418.6,promien_500m
206B,90-629,419.2,promien_500m
206B,90-419,427.9,promien_500m
206B,90-606,430.6,promien_500m
206B,90-427,440.2,promien_500m
206B,90-426,447.3,promien_500m
206B,90-558,449.0,promien_500m
206B,90-638,458.7,promien_500m
206B,90-557,463.9,promien_500m
206B,90-607,468.5,promien_500m
206B,90-521,470.3,promien_500m
206B,90-522,475.2,promien_500m
206B,90-431,479.2,promien_500m
206B,90-428,481.5,promien_500m
206B,90-618,487.9,promien_500m
207A,90-613,0.0,promien_500m
207A,90-626,108.4,promien_500m
207A,90-502,112.0,promien_500m
207A,90-631,112.0,promien_500m
207A,90-608,113.8,promien_500m
207A,90-612,122.3,promien_500m
207A,90-609,139.2,promien_500m
207A,90-623,146.7,promien_500m
207A,90-416,152.0,promien_500m
207A,90-507,161.3,promien_500m
207A,90-513,164.8,promien_500m
207A,90-501,165.4,promien_500m
207A,90-508,166.2,promien_500m
207A,90-616,185.2,promien_500m
207A,90-625,192.4,promien_500m
207A,90-420,204.8,promien_500m
207A,90-505,209.8,promien_500m
207A,90-415,216.4,promien_500m
207A,90-606,228.3,promien_500m
207A,90-615,238.0,promien_500m
207A,90-632,240.8,promien_500m
207A,90-418,242.2,promien_500m
207A,90-515,243.3,promien_500m
207A,90-630,245.9,promien_500m
207A,90-567,260.1,promien_500m
207A,90-509,263.6,promien_500m
207A,90-607,266.2,promien_500m
207A,90-624,279.0,promien_500m
207A,90-637,279.8,promien_500m
207A,90-516,291.4,promien_500m
207A,90-646,305.7,promien_500m
207A,90-617,307.2,promien_500m
207A,90-419,313.9,promien_500m
207A,90-546,324.5,promien_500m
207A,90-601,328.8,promien_500m
207A,90-568,341.5,promien_500m
207A,90-503,344.4,promien_500m
207A,90-514,344.6,promien_500m
207A,90-629,344.7,promien_500m
207A,90-602,351.5,promien_500m
207A,90-640,356.4,promien_500m
207A,90-426,373.2,promien_500m
207A,90-619,378.5,promien_500m
207A,90-427,387.1,promien_500m
207A,90-422,387.7,promien_500m
207A,90-569,396.2,promien_500m
207A,90-730,410.0,promien_500m
207A,90-423,413.8,promien_500m
207A,90-604,425.8,promien_500m
207A,90-729,434.6,promien_500m
207A,90-737,436.6,promien_500m
207A,90-004,448.6,promien_500m
207A,90-570,452.7,promien_500m
207A,90-731,458.1,promien_500m
207A,90-618,460.1,promien_500m
207A,90-736,460.8,promien_500m
207A,90-510,469.8,promien_500m
207A,90-511,471.3,promien_500m
207A,90-638,471.9,promien_500m
207A,90-428,477.7,promien_500m
207A,90-413,478.5,promien_500m
207A,90-545,481.0,promien_500m
207A,90-743,481.3,promien_500m
207A,90-723,486.5,promien_500m
207A,90-425,489.9,promien_500m
208A,90-613,0.0,promien_500m
208A,90-612,25.6,promien_500m
208A,90-623,50.2,promien_500m
208A,90-416,74.6,promien_500m
208A,90-616,89.9,promien_500m
208A,90-626,109.0,promien_500m
208A,90-608,109.1,promien_500m
208A,90-502,119.8,promien_500m
208A,90-415,135.7,promien_500m
208A,90-615,146.8,promien_500m
208A,90-606,156.5,promien_500m
208A,90-631,196.3,promien_500m
208A,90-625,196.8,promien_500m
208A,90-607,197.5,promien_500m
208A,90-515,201.4,promien_500m
208A,90-609,213.1,promien_500m
208A,90-624,220.2,promien_500m
208A,90-601,234.2,promien_500m
208A,90-637,234.6,promien_500m
208A,90-418,248.0,promien_500m
208A,90-646,248.6,promien_500m
208A,90-602,252.8,promien_500m
208A,90-617,254.5,promien_500m
208A,90-630,260.7,promien_500m
208A,90-507,261.4,promien_500m
208A,90-513,262.1,promien_500m
208A,90-501,264.4,promien_500m
208A,90-508,265.9,promien_500m
208A,90-629,284.9,promien_500m
208A,90-420,290.0,promien_500m
208A,90-505,307.6,promien_500m
208A,90-730,309.8,promien_500m
208A,90-632,310.5,promien_500m
208A,90-419,315.8,promien_500m
208A,90-546,322.9,promien_500m
208A,90-729,334.4,promien_500m
208A,90-567,335.5,promien_500m
208A,90-737,349.8,promien_500m
208A,90-604,350.9,promien_500m
208A,90-509,360.8,promien_500m
208A,90-516,368.4,promien_500m
208A,90-731,368.7,promien_500m
208A,90-422,369.1,promien_500m
208A,90-736,375.0,promien_500m
208A,90-619,377.5,promien_500m
208A,90-723,403.1,promien_500m
208A,90-743,403.4,promien_500m
208A,90-514,404.0,promien_500m
208A,90-568,406.5,promien_500m
208A,90-640,409.7,promien_500m
208A,90-732,415.2,promien_500m
208A,90-618,416.5,promien_500m
208A,90-423,419.9,promien_500m
208A,90-413,427.2,promien_500m
208A,90-569,428.2,promien_500m
208A,90-414,429.5,promien_500m
208A,90-426,430.1,promien_500m
208A,90-503,442.8,promien_500m
208A,90-004,445.3,promien_500m
208A,90-638,447.4,promien_500m
208A,90-427,451.1,promien_500m
208A,90-725,455.2,promien_500m
208A,90-734,464.3,promien_500m
208A,90-728,474.1,promien_500m
208A,90-411,474.8,promien_500m
208A,90-402,488.9,promien_500m
208A,90-636,492.0,promien_500m
208A,90-102,498.8,promien_500m
209A,90-613,0.0,promien_500m
209A,90-612,43.2,promien_500m
209A,90-623,75.1,promien_500m
209A,90-416,85.1,promien_500m
209A,90-608,91.9,promien_500m
209A,90-616,106.1,promien_500m
209A,90-626,121.2,promien_500m
209A,90-502,125.9,promien_500m
209A,90-415,150.2,promien_500m
209A,90-606,161.5,promien_500m
209A,90-615,171.7,promien_500m
209A,90-631,182.6,promien_500m
209A,90-609,188.2,promien_500m
209A,90-515,195.7,promien_500m
209A,90-607,201.0,promien_500m
209A,90-625,209.0,promien_500m
209A,90-418,234.4,promien_500m
209A,90-513,238.2,promien_500m
209A,90-507,239.3,promien_500m
209A,90-624,241.3,promien_500m
209A,90-508,243.5,promien_500m
209A,90-501,244.7,promien_500m
209A,90-646,249.8,promien_500m
209A,90-601,250.3,promien_500m
209A,90-637,254.5,promien_500m
209A,90-420,265.2,promien_500m
209A,90-630,267.8,promien_500m
209A,90-617,274.5,promien_500m
209A,90-602,276.7,promien_500m
209A,90-505,288.8,promien_500m
209A,90-632,302.4,promien_500m
209A,90-419,302.9,promien_500m
209A,90-629,306.3,promien_500m
209A,90-567,325.5,promien_500m
209A,90-730,331.4,promien_500m
209A,90-509,337.1,promien_500m
209A,90-546,337.1,promien_500m
209A,90-516,343.6,promien_500m
209A,90-729,356.6,promien_500m
209A,90-422,359.2,promien_500m
209A,90-604,374.7,promien_500m
209A,90-737,374.7,promien_500m
209A,90-514,380.7,promien_500m
209A,90-731,382.6,promien_500m
209A,90-619,389.8,promien_500m
209A,90-736,399.8,promien_500m
209A,90-568,400.1,promien_500m
209A,90-423,404.9,promien_500m
209A,90-640,406.4,promien_500m
209A,90-426,406.9,promien_500m
209A,90-723,413.7,promien_500m
209A,90-503,423.6,promien_500m
209A,90-413,426.3,promien_500m
209A,90-427,427.5,promien_500m
209A,90-743,427.6,promien_500m
209A,90-732,427.7,promien_500m
209A,90-569,430.7,promien_500m
209A,90-004,432.0,promien_500m
209A,90-414,435.1,promien_500m
209A,90-618,435.6,promien_500m
209A,90-638,462.9,promien_500m
209A,90-725,462.9,promien_500m
209A,90-102,486.8,promien_500m
209A,90-734,488.1,promien_500m
209A,90-728,494.3,promien_500m
209A,90-402,497.6,promien_500m
209A,90-411,498.7,promien_500m
20B,90-703,0.0,promien_500m
20B,91-070,6.6,promien_500m
20B,90-745,32.3,promien_500m
20B,90-762,41.0,promien_500m
20B,91-072,47.2,promien_500m
20B,90-401,56.0,promien_500m
20B,90-569,62.6,promien_500m
20B,91-068,85.9,promien_500m
20B,90-746,113.2,promien_500m
20B,90-740,123.8,promien_500m
20B,91-067,151.8,promien_500m
20B,90-742,155.5,promien_500m
20B,90-712,159.1,promien_500m
20B,90-739,176.7,promien_500m
20B,90-753,183.1,promien_500m
20B,90-713,204.5,promien_500m
20B,90-741,209.6,promien_500m
20B,90-763,217.8,promien_500m
20B,90-710,224.2,promien_500m
20B,91-071,227.9,promien_500m
20B,91-069,231.8,promien_500m
20B,90-718,246.2,promien_500m
20B,90-752,257.8,promien_500m
20B,90-717,260.1,promien_500m
20B,90-411,272.2,promien_500m
20B,90-756,273.2,promien_500m
20B,90-502,273.4,promien_500m
20B,90-747,276.3,promien_500m
20B,90-702,279.7,promien_500m
20B,90-749,281.2,promien_500m
20B,90-735,282.1,promien_500m
20B,90-711,282.7,promien_500m
20B,90-734,324.7,promien_500m
20B,90-748,327.1,promien_500m
20B,91-065,331.3,promien_500m
20B,91-074,348.5,promien_500m
20B,90-758,360.5,promien_500m
20B,90-743,367.4,promien_500m
20B,90-764,379.9,promien_500m
20B,90-755,380.1,promien_500m
20B,90-558,385.7,promien_500m
20B,91-062,388.2,promien_500m
20B,90-750,397.3,promien_500m
20B,90-706,399.1,promien_500m
20B,90-736,416.1,promien_500m
20B,90-757,430.3,promien_500m
20B,90-737,439.7,promien_500m
20B,94-015,464.5,promien_500m
20B,90-754,466.5,promien_500m
20B,91-073,470.8,promien_500m
20B,90-604,477.3,promien_500m
20B,90-635,478.3,promien_500m
20B,90-715,486.2,promien_500m
210A,90-613,0.0,promien_500m
210A,90-631,67.3,promien_500m
210A,90-507,86.4,promien_500m
210A,90-513,89.2,promien_500m
210A,90-508,90.7,promien_500m
210A,90-608,96.1,promien_500m
210A,90-501,98.5,promien_500m
210A,90-609,99.2,promien_500m
210A,90-626,110.6,promien_500m
210A,90-420,142.3,promien_500m
210A,90-505,144.5,promien_500m
210A,90-502,157.9,promien_500m
210A,90-515,187.9,promien_500m
210A,90-509,188.4,promien_500m
210A,90-612,196.0,promien_500m
210A,90-416,201.8,promien_500m
210A,90-625,209.6,promien_500m
210A,90-623,211.4,promien_500m
210A,90-632,218.2,promien_500m
210A,90-567,229.6,promien_500m
210A,90-516,232.9,promien_500m
210A,90-418,239.7,promien_500m
210A,90-616,256.7,promien_500m
210A,90-630,266.1,promien_500m
210A,90-415,266.7,promien_500m
210A,90-503,275.9,promien_500m
210A,90-606,286.1,promien_500m
210A,90-514,288.8,promien_500m
210A,90-419,296.2,promien_500m
210A,90-568,309.9,promien_500m
210A,90-615,313.1,promien_500m
210A,90-607,321.4,promien_500m
210A,90-426,331.0,promien_500m
210A,90-546,333.4,promien_500m
210A,90-637,337.1,promien_500m
210A,90-427,337.5,promien_500m
210A,90-624,342.6,promien_500m
210A,90-646,343.1,promien_500m
210A,90-640,344.4,promien_500m
210A,90-617,368.8,promien_500m
210A,90-619,392.5,promien_500m
210A,90-422,394.5,promien_500m
210A,90-510,394.6,promien_500m
210A,90-601,397.1,promien_500m
210A,90-569,398.3,promien_500m
210A,90-511,398.9,promien_500m
210A,90-629,408.4,promien_500m
210A,90-423,410.2,promien_500m
210A,90-570,412.1,promien_500m
210A,90-428,415.8,promien_500m
210A,90-545,420.0,promien_500m
210A,90-602,427.2,promien_500m
210A,90-547,436.6,promien_500m
210A,90-520,448.1,promien_500m
210A,90-425,448.9,promien_500m
210A,90-004,452.3,promien_500m
210A,90-549,466.1,promien_500m
210A,90-431,466.9,promien_500m
210A,90-430,471.6,promien_500m
210A,90-571,471.7,promien_500m
210A,90-522,481.4,promien_500m
210A,90-521,483.0,promien_500m
210A,90-730,484.3,promien_500m
210A,90-519,484.5,promien_500m
210A,90-604,493.9,promien_500m
210A,90-103,496.2,promien_500m
210A,90-102,497.9,promien_500m
212A,90-513,0.0,promien_500m
212A,90-420,12.1,promien_500m
212A,90-609,38.8,promien_500m
212A,90-509,41.4,promien_500m
212A,90-515,41.7,promien_500m
212A,90-613,59.8,promien_500m
212A,90-508,61.1,promien_500m
212A,90-516,71.8,promien_500m
212A,90-608,86.4,promien_500m
212A,90-507,94.3,promien_500m
212A,90-514,128.6,promien_500m
212A,90-501,145.6,promien_500m
212A,90-505,148.2,promien_500m
212A,90-418,160.0,promien_500m
212A,90-631,163.3,promien_500m
212A,90-419,192.6,promien_500m
212A,90-427,193.7,promien_500m
212A,90-426,204.6,promien_500m
212A,90-503,210.3,promien_500m
212A,90-510,238.2,promien_500m
212A,90-502,239.5,promien_500m
212A,90-428,243.8,promien_500m
212A,90-626,262.2,promien_500m
212A,90-431,294.9,promien_500m
212A,90-511,306.6,promien_500m
212A,90-430,311.6,promien_500m
212A,90-416,312.9,promien_500m
212A,90-425,312.9,promien_500m
212A,90-522,315.8,promien_500m
212A,90-567,317.7,promien_500m
212A,90-521,318.4,promien_500m
212A,90-632,319.1,promien_500m
212A,90-547,320.2,promien_500m
212A,90-520,324.5,promien_500m
212A,90-625,333.3,promien_500m
212A,90-423,337.5,promien_500m
212A,90-612,347.1,promien_500m
212A,90-432,361.6,promien_500m
212A,90-436,364.6,promien_500m
212A,90-415,366.1,promien_500m
212A,90-519,373.9,promien_500m
212A,90-422,376.3,promien_500m
212A,90-568,379.9,promien_500m
212A,90-004,382.5,promien_500m
212A,90-623,386.1,promien_500m
212A,90-545,388.9,promien_500m
212A,90-630,393.4,promien_500m
212A,90-103,394.4,promien_500m
212A,90-606,395.8,promien_500m
212A,90-616,402.0,promien_500m
212A,90-646,403.8,promien_500m
212A,90-007,408.2,promien_500m
212A,90-607,413.4,promien_500m
212A,90-006,417.3,promien_500m
212A,90-549,427.0,promien_500m
212A,90-102,436.9,promien_500m
212A,90-003,437.3,promien_500m
212A,90-550,439.4,promien_500m
212A,90-001,440.0,promien_500m
212A,90-640,447.8,promien_500m
212A,90-570,448.9,promien_500m
212A,90-437,452.6,promien_500m
212A,90-434,465.5,promien_500m
212A,90-546,469.0,promien_500m
212A,90-615,481.3,promien_500m
212A,90-569,485.6,promien_500m
212A,90-062,489.0,promien_500m
213A,90-507,0.0,promien_500m
213A,90-508,14.2,promien_500m
213A,90-501,28.9,promien_500m
213A,90-505,33.5,promien_500m
213A,90-613,45.6,promien_500m
213A,90-513,47.6,promien_500m
213A,90-631,58.7,promien_500m
213A,90-509,85.3,promien_500m
213A,90-609,111.7,promien_500m
213A,90-420,120.2,promien_500m
213A,90-502,134.2,promien_500m
213A,90-503,142.2,promien_500m
213A,90-515,156.9,promien_500m
213A,90-626,166.9,promien_500m
213A,90-608,176.1,promien_500m
213A,90-567,192.6,promien_500m
213A,90-632,195.3,promien_500m
213A,90-516,196.9,promien_500m
213A,90-625,213.2,promien_500m
213A,90-514,252.2,promien_500m
213A,90-568,254.7,promien_500m
213A,90-511,260.0,promien_500m
213A,90-418,270.5,promien_500m
213A,90-510,273.7,promien_500m
213A,90-630,274.3,promien_500m
213A,90-545,296.8,promien_500m
213A,90-547,298.6,promien_500m
213A,90-520,310.8,promien_500m
213A,90-419,315.0,promien_500m
213A,90-427,319.0,promien_500m
213A,90-640,323.0,promien_500m
213A,90-623,328.1,promien_500m
213A,90-570,329.5,promien_500m
213A,90-426,330.0,promien_500m
213A,90-416,333.9,promien_500m
213A,90-612,334.5,promien_500m
213A,90-549,340.5,promien_500m
213A,90-519,345.7,promien_500m
213A,90-546,350.9,promien_500m
213A,90-428,354.1,promien_500m
213A,90-431,361.7,promien_500m
213A,90-569,364.2,promien_500m
213A,90-522,365.1,promien_500m
213A,90-521,366.1,promien_500m
213A,90-571,385.2,promien_500m
213A,90-550,387.7,promien_500m
213A,90-619,391.6,promien_500m
213A,90-616,395.7,promien_500m
213A,90-415,396.8,promien_500m
213A,90-552,415.8,promien_500m
213A,90-606,420.3,promien_500m
213A,90-436,429.5,promien_500m
213A,90-430,430.4,promien_500m
213A,90-432,432.6,promien_500m
213A,90-425,433.2,promien_500m
213A,90-637,434.8,promien_500m
213A,90-615,444.3,promien_500m
213A,90-624,450.7,promien_500m
213A,90-607,451.4,promien_500m
213A,90-423,457.6,promien_500m
213A,90-646,460.3,promien_500m
213A,90-617,469.9,promien_500m
213A,90-422,472.3,promien_500m
213A,90-559,497.6,promien_500m
214B,90-505,0.0,promien_500m
214B,90-507,32.7,promien_500m
214B,90-502,43.3,promien_500m
214B,90-503,60.5,promien_500m
214B,90-501,65.1,promien_500m
214B,90-508,84.8,promien_500m
214B,90-631,107.6,promien_500m
214B,90-613,127.0,promien_500m
214B,90-567,134.0,promien_500m
214B,90-509,147.3,promien_500m
214B,90-632,148.5,promien_500m
214B,90-513,151.0,promien_500m
214B,90-626,161.8,promien_500m
214B,90-568,175.6,promien_500m
214B,90-625,181.2,promien_500m
214B,90-545,194.8,promien_500m
214B,90-511,196.4,promien_500m
214B,90-609,217.5,promien_500m
214B,90-420,218.0,promien_500m
214B,90-570,229.3,promien_500m
214B,90-515,232.3,promien_500m
214B,90-630,236.9,promien_500m
214B,90-547,239.3,promien_500m
214B,90-549,240.4,promien_500m
214B,90-640,255.7,promien_500m
214B,90-510,256.3,promien_500m
214B,90-569,267.0,promien_500m
214B,90-520,268.5,promien_500m
214B,90-516,277.9,promien_500m
214B,90-608,281.1,promien_500m
214B,90-571,282.4,promien_500m
214B,90-519,286.8,promien_500m
214B,90-550,308.4,promien_500m
214B,90-552,310.2,promien_500m
214B,90-546,311.6,promien_500m
214B,90-619,334.1,promien_500m
214B,90-514,337.0,promien_500m
214B,90-521,358.2,promien_500m
214B,90-522,371.6,promien_500m
214B,90-418,373.9,promien_500m
214B,90-623,374.7,promien_500m
214B,90-431,378.0,promien_500m
214B,90-427,398.6,promien_500m
214B,90-559,409.2,promien_500m
214B,90-612,411.0,promien_500m
214B,90-419,412.3,promien_500m
214B,90-428,414.0,promien_500m
214B,90-426,420.2,promien_500m
214B,90-416,427.4,promien_500m
214B,90-436,445.3,promien_500m
214B,90-432,449.7,promien_500m
214B,90-637,455.3,promien_500m
214B,90-616,462.9,promien_500m
214B,90-558,472.6,promien_500m
214B,90-554,473.4,promien_500m
214B,90-624,481.6,promien_500m
214B,90-617,491.4,promien_500m
214B,90-415,492.0,promien_500m
214B,90-557,497.8,promien_500m
215B,90-502,0.0,promien_500m
215B,90-505,9.5,promien_500m
215B,90-503,63.2,promien_500m
215B,90-568,92.9,promien_500m
215B,90-545,110.5,promien_500m
215B,90-507,111.9,promien_500m
215B,90-501,115.7,promien_500m
215B,90-567,125.0,promien_500m
215B,90-570,125.1,promien_500m
215B,90-632,156.4,promien_500m
215B,90-631,157.1,promien_500m
215B,90-549,158.3,promien_500m
215B,90-511,161.5,promien_500m
215B,90-569,166.4,promien_500m
215B,90-571,173.2,promien_500m
215B,90-508,176.4,promien_500m
215B,90-626,187.0,promien_500m
215B,90-547,191.0,promien_500m
215B,90-625,194.3,promien_500m
215B,90-640,204.5,promien_500m
215B,90-552,205.9,promien_500m
215B,90-630,214.1,promien_500m
215B,90-509,218.6,promien_500m
215B,90-613,226.6,promien_500m
215B,90-550,250.9,promien_500m
215B,90-513,261.2,promien_500m
215B,90-519,266.1,promien_500m
215B,90-520,282.3,promien_500m
215B,90-619,283.0,promien_500m
215B,90-510,285.2,promien_500m
215B,90-546,289.9,promien_500m
215B,90-559,315.0,promien_500m
215B,90-420,328.5,promien_500m
215B,90-609,328.5,promien_500m
215B,90-515,332.1,promien_500m
215B,90-554,362.2,promien_500m
215B,90-516,368.0,promien_500m
215B,90-558,375.6,promien_500m
215B,90-521,385.9,promien_500m
215B,90-608,389.3,promien_500m
215B,90-557,412.1,promien_500m
215B,90-522,423.1,promien_500m
215B,90-431,432.2,promien_500m
215B,90-514,433.4,promien_500m
215B,90-623,433.5,promien_500m
215B,90-563,442.3,promien_500m
215B,90-560,465.8,promien_500m
215B,90-050,466.9,promien_500m
215B,90-562,477.5,promien_500m
215B,90-418,485.1,promien_500m
215B,90-637,485.5,promien_500m
215B,90-553,488.1,promien_500m
215B,90-612,493.2,promien_500m
215B,90-427,496.0,promien_500m
216B,90-502,0.0,promien_500m
216B,90-501,29.0,promien_500m
216B,90-567,35.8,promien_500m
216B,90-505,50.3,promien_500m
216B,90-632,58.5,promien_500m
216B,90-631,59.2,promien_500m
216B,90-568,67.9,promien_500m
216B,90-626,89.1,promien_500m
216B,90-625,96.5,promien_500m
216B,90-630,134.3,promien_500m
216B,90-503,142.9,promien_500m
216B,90-507,143.5,promien_500m
216B,90-640,144.6,promien_500m
216B,90-570,156.0,promien_500m
216B,90-613,171.3,promien_500m
216B,90-569,182.0,promien_500m
216B,90-508,194.9,promien_500m
216B,90-545,204.0,promien_500m
216B,90-546,207.2,promien_500m
216B,90-571,215.7,promien_500m
216B,90-513,219.2,promien_500m
216B,90-619,223.3,promien_500m
216B,90-549,255.5,promien_500m
216B,90-509,257.2,promien_500m
216B,90-511,258.4,promien_500m
216B,90-547,288.9,promien_500m
216B,90-552,289.0,promien_500m
216B,90-609,293.8,promien_500m
216B,90-420,307.8,promien_500m
216B,90-559,310.1,promien_500m
216B,90-515,335.8,promien_500m
216B,90-608,337.4,promien_500m
216B,90-623,338.4,promien_500m
216B,90-550,348.4,promien_500m
216B,90-510,353.6,promien_500m
216B,90-520,358.6,promien_500m
216B,90-519,360.4,promien_500m
216B,90-558,371.9,promien_500m
216B,90-516,383.4,promien_500m
216B,90-637,387.9,promien_500m
216B,90-557,392.5,promien_500m
216B,90-612,407.5,promien_500m
216B,90-554,417.2,promien_500m
216B,90-616,420.3,promien_500m
216B,90-624,421.8,promien_500m
216B,90-617,423.2,promien_500m
216B,90-514,437.1,promien_500m
216B,90-416,449.5,promien_500m
216B,90-615,453.9,promien_500m
216B,90-418,454.2,promien_500m
216B,90-521,456.9,promien_500m
216B,90-629,456.9,promien_500m
216B,90-563,458.7,promien_500m
216B,90-638,459.0,promien_500m
216B,90-644,472.7,promien_500m
216B,90-522,479.0,promien_500m
216B,90-431,485.9,promien_500m
217B,90-502,0.0,promien_500m
217B,90-567,33.9,promien_500m
217B,90-501,38.5,promien_500m
217B,90-505,42.2,promien_500m
217B,90-568,48.6,promien_500m
217B,90-632,63.0,promien_500m
217B,90-631,63.9,promien_500m
217B,90-626,93.2,promien_500m
217B,90-625,99.1,promien_500m
217B,90-630,122.7,promien_500m
217B,90-640,127.7,promien_500m
217B,90-570,139.1,promien_500m
217B,90-503,149.3,promien_500m
217B,90-507,161.1,promien_500m
217B,90-569,162.4,promien_500m
217B,90-613,190.7,promien_500m
217B,90-545,195.6,promien_500m
217B,90-546,197.2,promien_500m
217B,90-571,198.9,promien_500m
217B,90-619,207.6,promien_500m
217B,90-508,212.8,promien_500m
217B,90-513,238.9,promien_500m
217B,90-549,252.0,promien_500m
217B,90-511,259.0,promien_500m
217B,90-509,272.9,promien_500m
217B,90-552,278.6,promien_500m
217B,90-547,287.1,promien_500m
217B,90-559,290.2,promien_500m
217B,90-609,313.7,promien_500m
217B,90-420,327.7,promien_500m
217B,90-550,344.3,promien_500m
217B,90-623,346.5,promien_500m
217B,90-558,352.1,promien_500m
217B,90-515,355.1,promien_500m
217B,90-608,356.3,promien_500m
217B,90-519,363.7,promien_500m
217B,90-510,364.9,promien_500m
217B,90-520,368.0,promien_500m
217B,90-557,372.9,promien_500m
217B,90-637,389.0,promien_500m
217B,90-554,400.6,promien_500m
217B,90-516,403.2,promien_500m
217B,90-612,420.3,promien_500m
217B,90-617,422.9,promien_500m
217B,90-624,424.1,promien_500m
217B,90-616,425.2,promien_500m
217B,90-563,438.7,promien_500m
217B,90-638,447.7,promien_500m
217B,90-629,454.5,promien_500m
217B,90-644,455.7,promien_500m
217B,90-514,456.7,promien_500m
217B,90-615,459.4,promien_500m
217B,90-416,465.3,promien_500m
217B,90-521,467.9,promien_500m
217B,90-418,474.0,promien_500m
217B,90-562,483.4,promien_500m
217B,90-522,493.0,promien_500m
217B,90-618,496.0,promien_500m
217B,90-560,498.0,promien_500m
218B,90-505,0.0,promien_500m
218B,90-568,29.1,promien_500m
218B,90-570,31.0,promien_500m
218B,90-502,42.6,promien_500m
218B,90-569,76.2,promien_500m
218B,90-571,78.0,promien_500m
218B,90-545,84.5,promien_500m
218B,90-567,120.1,promien_500m
218B,90-503,130.7,promien_500m
218B,90-552,153.0,promien_500m
218B,90-632,154.9,promien_500m
218B,90-549,160.8,promien_500m
218B,90-501,169.6,promien_500m
218B,90-640,171.4,promien_500m
218B,90-511,186.5,promien_500m
218B,90-631,192.5,promien_500m
218B,90-547,195.5,promien_500m
218B,90-630,196.8,promien_500m
218B,90-507,206.6,promien_500m
218B,90-625,216.7,promien_500m
218B,90-626,219.6,promien_500m
218B,90-559,220.6,promien_500m
218B,90-619,237.3,promien_500m
218B,90-550,242.2,promien_500m
218B,90-546,259.4,promien_500m
218B,90-508,270.9,promien_500m
218B,90-554,274.8,promien_500m
218B,90-558,283.4,promien_500m
218B,90-519,294.0,promien_500m
218B,90-613,307.7,promien_500m
218B,90-509,308.7,promien_500m
218B,90-557,326.5,promien_500m
218B,90-420,345.1,promien_500m
218B,90-563,346.9,promien_500m
218B,90-520,349.4,promien_500m
218B,90-513,349.6,promien_500m
218B,90-510,354.5,promien_500m
218B,90-560,376.0,promien_500m
218B,90-562,381.7,promien_500m
218B,90-553,406.6,promien_500m
218B,90-609,419.0,promien_500m
218B,90-515,420.0,promien_500m
218B,90-644,422.3,promien_500m
218B,90-561,428.9,promien_500m
218B,90-521,452.4,promien_500m
218B,90-516,462.5,promien_500m
218B,90-050,471.7,promien_500m
218B,90-623,473.7,promien_500m
218B,90-608,474.2,promien_500m
218B,90-637,486.7,promien_500m
218B,90-638,497.2,promien_500m
219B,90-568,0.0,promien_500m
219B,90-505,28.2,promien_500m
219B,90-569,54.1,promien_500m
219B,90-502,55.4,promien_500m
219B,90-570,58.9,promien_500m
219B,90-567,68.8,promien_500m
219B,90-632,79.0,promien_500m
219B,90-640,89.5,promien_500m
219B,90-571,111.5,promien_500m
219B,90-630,115.6,promien_500m
219B,90-501,137.8,promien_500m
219B,90-631,151.8,promien_500m
219B,90-619,154.4,promien_500m
219B,90-625,156.5,promien_500m
219B,90-545,167.8,promien_500m
219B,90-626,171.9,promien_500m
219B,90-559,184.6,promien_500m
219B,90-546,191.7,promien_500m
219B,90-552,203.7,promien_500m
219B,90-503,204.1,promien_500m
219B,90-549,243.9,promien_500m
219B,90-507,248.1,promien_500m
219B,90-558,249.2,promien_500m
219B,90-511,267.5,promien_500m
219B,90-557,274.5,promien_500m
219B,90-547,278.8,promien_500m
219B,90-420,281.9,promien_500m
219B,90-613,291.5,promien_500m
219B,90-554,306.9,promien_500m
219B,90-508,308.8,promien_500m
219B,90-550,325.0,promien_500m
219B,90-563,333.7,promien_500m
219B,90-513,347.3,promien_500m
219B,90-509,357.3,promien_500m
219B,90-644,365.4,promien_500m
219B,90-562,375.6,promien_500m
219B,90-519,375.8,promien_500m
219B,90-560,398.6,promien_500m
219B,90-637,405.1,promien_500m
219B,90-638,414.2,promien_500m
219B,90-623,417.3,promien_500m
219B,90-520,419.1,promien_500m
219B,90-609,421.9,promien_500m
219B,90-510,423.8,promien_500m
219B,90-553,442.3,promien_500m
219B,90-617,443.7,promien_500m
219B,90-515,456.8,promien_500m
219B,90-561,457.1,promien_500m
219B,90-608,463.7,promien_500m
219B,90-624,466.8,promien_500m
219B,90-629,473.3,promien_500m
219B,90-616,480.0,promien_500m
219B,90-636,480.6,promien_500m
219B,90-618,487.7,promien_500m
21B,90-762,0.0,promien_500m
21B,91-072,5.1,promien_500m
21B,91-070,35.8,promien_500m
21B,90-753,73.7,promien_500m
21B,90-763,77.6,promien_500m
21B,90-740,79.2,promien_500m
21B,90-745,85.6,promien_500m
21B,90-703,98.8,promien_500m
21B,90-752,129.6,promien_500m
21B,90-401,155.5,promien_500m
21B,90-569,179.0,promien_500m
21B,91-068,180.2,promien_500m
21B,90-746,192.5,promien_500m
21B,90-756,196.0,promien_500m
21B,91-071,206.1,promien_500m
21B,90-741,212.8,promien_500m
21B,90-739,223.5,promien_500m
21B,90-749,235.9,promien_500m
21B,91-074,237.9,promien_500m
21B,90-717,240.1,promien_500m
21B,90-764,247.3,promien_500m
21B,90-755,251.1,promien_500m
21B,90-742,258.8,promien_500m
21B,90-747,260.4,promien_500m
21B,91-067,263.0,promien_500m
21B,90-411,269.5,promien_500m
21B,90-712,278.8,promien_500m
21B,90-748,300.4,promien_500m
21B,90-758,307.8,promien_500m
21B,90-735,319.7,promien_500m
21B,90-713,322.4,promien_500m
21B,90-757,327.3,promien_500m
21B,91-073,331.1,promien_500m
21B,90-718,334.2,promien_500m
21B,91-062,337.2,promien_500m
21B,90-750,352.9,promien_500m
21B,90-558,353.1,promien_500m
21B,90-710,360.8,promien_500m
21B,91-069,371.9,promien_500m
21B,90-734,387.9,promien_500m
21B,90-754,393.9,promien_500m
21B,90-711,395.1,promien_500m
21B,90-743,395.7,promien_500m
21B,91-078,404.4,promien_500m
21B,90-635,408.9,promien_500m
21B,90-502,412.9,promien_500m
21B,90-702,419.8,promien_500m
21B,90-604,441.1,promien_500m
21B,90-759,449.1,promien_500m
21B,91-065,450.4,promien_500m
21B,90-736,464.7,promien_500m
21B,90-643,484.1,promien_500m
21B,91-009,490.8,promien_500m
220B,90-568,0.0,promien_500m
220B,90-567,37.2,promien_500m
220B,90-632,43.5,promien_500m
220B,90-505,50.4,promien_500m
220B,90-640,52.9,promien_500m
220B,90-569,57.2,promien_500m
220B,90-502,67.5,promien_500m
220B,90-630,79.3,promien_500m
220B,90-570,89.3,promien_500m
220B,90-619,116.3,promien_500m
220B,90-625,136.1,promien_500m
220B,90-501,136.7,promien_500m
220B,90-571,142.2,promien_500m
220B,90-631,145.2,promien_500m
220B,90-546,154.4,promien_500m
220B,90-626,157.4,promien_500m
220B,90-559,174.4,promien_500m
220B,90-545,206.5,promien_500m
220B,90-552,233.6,promien_500m
220B,90-503,234.8,promien_500m
220B,90-558,234.8,promien_500m
220B,90-557,255.4,promien_500m
220B,90-420,257.1,promien_500m
220B,90-507,273.1,promien_500m
220B,90-613,280.0,promien_500m
220B,90-549,282.5,promien_500m
220B,90-511,305.4,promien_500m
220B,90-547,317.5,promien_500m
220B,90-563,322.3,promien_500m
220B,90-508,327.9,promien_500m
220B,90-554,328.5,promien_500m
220B,90-644,343.2,promien_500m
220B,90-513,352.4,promien_500m
220B,90-550,363.6,promien_500m
220B,90-637,367.3,promien_500m
220B,90-638,375.8,promien_500m
220B,90-562,379.6,promien_500m
220B,90-509,381.9,promien_500m
220B,90-623,393.6,promien_500m
220B,90-617,408.1,promien_500m
220B,90-560,413.8,promien_500m
220B,90-519,413.9,promien_500m
220B,90-609,428.2,promien_500m
220B,90-624,435.0,promien_500m
220B,90-629,437.2,promien_500m
220B,90-636,441.9,promien_500m
220B,90-618,449.2,promien_500m
220B,90-616,451.1,promien_500m
220B,90-520,452.7,promien_500m
220B,90-510,456.8,promien_500m
220B,90-608,463.3,promien_500m
220B,90-553,463.4,promien_500m
220B,90-515,472.5,promien_500m
220B,90-561,473.1,promien_500m
220B,90-646,473.8,promien_500m
220B,90-639,475.7,promien_500m
220B,90-615,487.6,promien_500m
220B,90-612,490.7,promien_500m
220B,90-415,498.4,promien_500m
221B,90-571,0.0,promien_500m
221B,90-570,9.7,promien_500m
221B,90-568,20.2,promien_500m
221B,90-569,26.4,promien_500m
221B,90-505,67.4,promien_500m
221B,90-552,73.1,promien_500m
221B,90-502,120.1,promien_500m
221B,90-545,120.1,promien_500m
221B,90-559,131.0,promien_500m
221B,90-503,158.1,promien_500m
221B,90-567,165.4,promien_500m
221B,90-554,176.2,promien_500m
221B,90-549,185.6,promien_500m
221B,90-558,194.8,promien_500m
221B,90-632,204.5,promien_500m
221B,90-546,209.7,promien_500m
221B,90-640,212.8,promien_500m
221B,90-547,224.6,promien_500m
221B,90-511,237.0,promien_500m
221B,90-630,238.4,promien_500m
221B,90-563,244.3,promien_500m
221B,90-619,244.8,promien_500m
221B,90-550,249.3,promien_500m
221B,90-501,261.6,promien_500m
221B,90-557,262.6,promien_500m
221B,90-560,274.2,promien_500m
221B,90-631,279.8,promien_500m
221B,90-562,280.5,promien_500m
221B,90-625,290.0,promien_500m
221B,90-420,294.1,promien_500m
221B,90-626,302.9,promien_500m
221B,90-507,305.8,promien_500m
221B,90-553,311.0,promien_500m
221B,90-561,330.8,promien_500m
221B,90-519,331.7,promien_500m
221B,90-644,360.9,promien_500m
221B,90-508,369.0,promien_500m
221B,90-509,401.5,promien_500m
221B,90-613,409.2,promien_500m
221B,90-520,415.8,promien_500m
221B,90-510,424.9,promien_500m
221B,90-513,452.5,promien_500m
221B,90-050,473.8,promien_500m
221B,90-638,499.7,promien_500m
222B,90-569,0.0,promien_500m
222B,90-568,50.6,promien_500m
222B,90-567,62.4,promien_500m
222B,90-559,67.2,promien_500m
222B,90-570,76.2,promien_500m
222B,90-640,93.4,promien_500m
222B,90-571,110.6,promien_500m
222B,90-619,119.5,promien_500m
222B,90-558,132.2,promien_500m
222B,90-505,134.6,promien_500m
222B,90-632,135.8,promien_500m
222B,90-630,140.5,promien_500m
222B,90-557,160.0,promien_500m
222B,90-502,170.1,promien_500m
222B,90-420,177.3,promien_500m
222B,90-552,195.8,promien_500m
222B,90-546,210.8,promien_500m
222B,90-563,216.3,promien_500m
222B,90-625,231.5,promien_500m
222B,90-545,236.4,promien_500m
222B,90-501,245.6,promien_500m
222B,90-503,247.0,promien_500m
222B,90-554,247.8,promien_500m
222B,90-631,254.0,promien_500m
222B,90-644,254.1,promien_500m
222B,90-626,263.0,promien_500m
222B,90-562,273.8,promien_500m
222B,90-549,312.9,promien_500m
222B,90-560,317.3,promien_500m
222B,90-547,344.9,promien_500m
222B,90-511,347.6,promien_500m
222B,90-507,362.6,promien_500m
222B,90-638,371.6,promien_500m
222B,90-550,376.7,promien_500m
222B,90-561,381.7,promien_500m
222B,90-553,383.2,promien_500m
222B,90-613,385.9,promien_500m
222B,90-637,401.7,promien_500m
222B,90-648,419.4,promien_500m
222B,90-508,426.0,promien_500m
222B,90-636,446.3,promien_500m
222B,90-646,450.0,promien_500m
222B,90-519,450.4,promien_500m
222B,90-617,452.8,promien_500m
222B,90-513,460.7,promien_500m
222B,90-415,464.9,promien_500m
222B,90-639,466.1,promien_500m
222B,90-618,468.8,promien_500m
222B,90-509,470.7,promien_500m
222B,90-623,479.0,promien_500m
222B,90-629,484.5,promien_500m
223B,90-569,0.0,promien_500m
223B,90-567,27.8,promien_500m
223B,90-640,50.3,promien_500m
223B,90-568,59.6,promien_500m
223B,90-559,60.7,promien_500m
223B,90-619,78.5,promien_500m
223B,90-630,117.1,promien_500m
223B,90-558,119.2,promien_500m
223B,90-570,120.2,promien_500m
223B,90-632,128.7,promien_500m
223B,90-557,137.9,promien_500m
223B,90-420,144.1,promien_500m
223B,90-571,154.5,promien_500m
223B,90-505,164.9,promien_500m
223B,90-546,180.2,promien_500m
223B,90-502,184.5,promien_500m
223B,90-563,208.0,promien_500m
223B,90-625,218.0,promien_500m
223B,90-644,227.2,promien_500m
223B,90-552,239.5,promien_500m
223B,90-501,251.1,promien_500m
223B,90-631,255.6,promien_500m
223B,90-626,258.3,promien_500m
223B,90-562,269.9,promien_500m
223B,90-545,275.6,promien_500m
223B,90-554,281.2,promien_500m
223B,90-503,286.3,promien_500m
223B,90-638,328.0,promien_500m
223B,90-560,342.4,promien_500m
223B,90-549,353.9,promien_500m
223B,90-637,362.7,promien_500m
223B,90-613,379.4,promien_500m
223B,90-547,385.6,promien_500m
223B,90-511,385.8,promien_500m
223B,90-507,386.4,promien_500m
223B,90-648,401.1,promien_500m
223B,90-636,403.0,promien_500m
223B,90-646,406.3,promien_500m
223B,90-561,409.8,promien_500m
223B,90-617,412.3,promien_500m
223B,90-553,416.9,promien_500m
223B,90-550,419.3,promien_500m
223B,90-415,421.9,promien_500m
223B,90-639,422.2,promien_500m
223B,90-618,427.0,promien_500m
223B,90-508,444.7,promien_500m
223B,90-629,447.7,promien_500m
223B,90-623,455.4,promien_500m
223B,90-645,460.9,promien_500m
223B,90-513,467.3,promien_500m
223B,90-624,472.6,promien_500m
223B,90-519,490.2,promien_500m
223B,90-616,493.5,promien_500m
223B,90-509,495.6,promien_500m
224B,90-569,0.0,promien_500m
224B,90-570,42.6,promien_500m
224B,90-559,55.4,promien_500m
224B,90-571,63.6,promien_500m
224B,90-568,86.0,promien_500m
224B,90-567,94.0,promien_500m
224B,90-558,117.5,promien_500m
224B,90-505,134.5,promien_500m
224B,90-552,147.3,promien_500m
224B,90-640,147.7,promien_500m
224B,90-557,169.8,promien_500m
224B,90-619,175.7,promien_500m
224B,90-632,184.1,promien_500m
224B,90-503,189.4,promien_500m
224B,90-554,191.0,promien_500m
224B,90-563,194.1,promien_500m
224B,90-630,196.7,promien_500m
224B,90-502,199.1,promien_500m
224B,90-420,200.9,promien_500m
224B,90-545,212.5,promien_500m
224B,90-562,232.0,promien_500m
224B,90-560,265.5,promien_500m
224B,90-546,268.0,promien_500m
224B,90-644,268.1,promien_500m
224B,90-549,277.5,promien_500m
224B,90-501,280.7,promien_500m
224B,90-625,282.0,promien_500m
224B,90-631,292.6,promien_500m
224B,90-626,306.8,promien_500m
224B,90-547,317.7,promien_500m
224B,90-553,326.0,promien_500m
224B,90-561,327.3,promien_500m
224B,90-511,327.7,promien_500m
224B,90-550,341.8,promien_500m
224B,90-507,371.4,promien_500m
224B,90-648,416.6,promien_500m
224B,90-638,423.7,promien_500m
224B,90-519,424.7,promien_500m
224B,90-613,429.4,promien_500m
224B,90-508,435.9,promien_500m
224B,90-637,459.1,promien_500m
224B,90-509,474.9,promien_500m
224B,90-513,490.6,promien_500m
224B,90-646,495.7,promien_500m
225B,90-571,0.0,promien_500m
225B,90-570,17.3,promien_500m
225B,90-559,49.3,promien_500m
225B,90-554,61.2,promien_500m
225B,90-569,67.7,promien_500m
225B,90-558,69.9,promien_500m
225B,90-552,70.1,promien_500m
225B,90-503,71.1,promien_500m
225B,90-563,113.1,promien_500m
225B,90-568,116.1,promien_500m
225B,90-560,143.3,promien_500m
225B,90-562,145.8,promien_500m
225B,90-567,193.3,promien_500m
225B,90-553,195.9,promien_500m
225B,90-545,200.6,promien_500m
225B,90-561,201.7,promien_500m
225B,90-505,203.7,promien_500m
225B,90-546,212.5,promien_500m
225B,90-557,228.6,promien_500m
225B,90-502,247.0,promien_500m
225B,90-549,248.9,promien_500m
225B,90-640,266.8,promien_500m
225B,90-420,273.4,promien_500m
225B,90-619,300.4,promien_500m
225B,90-632,310.4,promien_500m
225B,90-547,311.5,promien_500m
225B,90-550,312.1,promien_500m
225B,90-644,317.7,promien_500m
225B,90-630,326.7,promien_500m
225B,90-511,339.4,promien_500m
225B,90-501,391.6,promien_500m
225B,90-631,407.1,promien_500m
225B,90-625,407.8,promien_500m
225B,90-519,415.8,promien_500m
225B,90-648,416.9,promien_500m
225B,90-626,426.7,promien_500m
225B,90-507,439.2,promien_500m
225B,90-556,496.9,promien_500m
226B,90-570,0.0,promien_500m
226B,90-571,0.1,promien_500m
226B,90-559,37.3,promien_500m
226B,90-569,57.2,promien_500m
226B,90-558,62.9,promien_500m
226B,90-554,74.4,promien_500m
226B,90-552,85.3,promien_500m
226B,90-503,88.3,promien_500m
226B,90-563,110.4,promien_500m
226B,90-568,123.7,promien_500m
226B,90-562,148.5,promien_500m
226B,90-560,152.3,promien_500m
226B,90-567,176.4,promien_500m
226B,90-505,201.7,promien_500m
226B,90-545,209.6,promien_500m
226B,90-553,210.0,promien_500m
226B,90-561,211.5,promien_500m
226B,90-557,211.6,promien_500m
226B,90-546,227.7,promien_500m
226B,90-640,249.5,promien_500m
226B,90-502,250.6,promien_500m
226B,90-420,256.1,promien_500m
226B,90-549,261.1,promien_500m
226B,90-619,284.8,promien_500m
226B,90-632,299.3,promien_500m
226B,90-644,301.1,promien_500m
226B,90-630,313.5,promien_500m
226B,90-547,321.1,promien_500m
226B,90-550,324.3,promien_500m
226B,90-511,347.5,promien_500m
226B,90-501,384.5,promien_500m
226B,90-625,397.4,promien_500m
226B,90-631,399.3,promien_500m
226B,90-648,404.1,promien_500m
226B,90-626,417.7,promien_500m
226B,90-519,425.7,promien_500m
226B,90-507,439.5,promien_500m
226B,90-556,496.5,promien_500m
227B,90-559,0.0,promien_500m
227B,90-558,15.3,promien_500m
227B,90-570,34.8,promien_500m
227B,90-571,36.4,promien_500m
227B,90-563,62.6,promien_500m
227B,90-569,73.1,promien_500m
227B,90-562,98.1,promien_500m
227B,90-554,109.7,promien_500m
227B,90-503,144.4,promien_500m
227B,90-560,145.1,promien_500m
227B,90-567,150.3,promien_500m
227B,90-557,152.8,promien_500m
227B,90-552,155.7,promien_500m
227B,90-568,193.9,promien_500m
227B,90-420,203.2,promien_500m
227B,90-640,210.4,promien_500m
227B,90-561,215.3,promien_500m
227B,90-553,236.7,promien_500m
227B,90-644,236.9,promien_500m
227B,90-505,253.3,promien_500m
227B,90-619,268.6,promien_500m
227B,90-545,280.4,promien_500m
227B,90-546,298.3,promien_500m
227B,90-502,309.1,promien_500m
227B,90-632,313.4,promien_500m
227B,90-630,314.9,promien_500m
227B,90-648,331.8,promien_500m
227B,90-549,333.3,promien_500m
227B,90-547,392.0,promien_500m
227B,90-550,396.6,promien_500m
227B,90-625,409.5,promien_500m
227B,90-501,414.7,promien_500m
227B,90-511,415.6,promien_500m
227B,90-631,426.3,promien_500m
227B,90-626,439.2,promien_500m
227B,90-556,450.2,promien_500m
227B,90-646,452.1,promien_500m
227B,90-638,481.8,promien_500m
227B,90-415,489.2,promien_500m
227B,90-507,493.0,promien_500m
227B,90-519,496.8,promien_500m
228B,90-558,0.0,promien_500m
228B,90-559,2.7,promien_500m
228B,90-563,59.6,promien_500m
228B,90-570,60.3,promien_500m
228B,90-571,66.0,promien_500m
228B,90-569,77.0,promien_500m
228B,90-562,102.8,promien_500m
228B,90-557,122.5,promien_500m
228B,90-567,131.9,promien_500m
228B,90-554,138.1,promien_500m
228B,90-560,166.2,promien_500m
228B,90-420,173.9,promien_500m
228B,90-503,175.5,promien_500m
228B,90-552,185.3,promien_500m
228B,90-640,185.3,promien_500m
228B,90-644,205.8,promien_500m
228B,90-568,217.4,promien_500m
228B,90-561,238.0,promien_500m
228B,90-619,246.4,promien_500m
228B,90-553,264.5,promien_500m
228B,90-505,265.7,promien_500m
228B,90-630,302.9,promien_500m
228B,90-545,304.4,promien_500m
228B,90-648,306.1,promien_500m
228B,90-632,307.6,promien_500m
228B,90-502,324.0,promien_500m
228B,90-546,327.7,promien_500m
228B,90-549,359.1,promien_500m
228B,90-625,401.6,promien_500m
228B,90-501,414.7,promien_500m
228B,90-547,415.5,promien_500m
228B,90-550,423.1,promien_500m
228B,90-631,424.8,promien_500m
228B,90-646,424.8,promien_500m
228B,90-626,435.1,promien_500m
228B,90-511,436.2,promien_500m
228B,90-556,448.6,promien_500m
228B,90-638,455.4,promien_500m
228B,90-415,459.1,promien_500m
229B,90-558,0.0,promien_500m
229B,90-559,8.9,promien_500m
229B,90-557,13.3,promien_500m
229B,90-420,59.2,promien_500m
229B,90-567,62.3,promien_500m
229B,90-563,71.1,promien_500m
229B,90-640,75.7,promien_500m
229B,90-569,82.2,promien_500m
229B,90-644,108.7,promien_500m
229B,90-562,133.6,promien_500m
229B,90-570,134.3,promien_500m
229B,90-619,150.4,promien_500m
229B,90-571,180.4,promien_500m
229B,90-568,198.8,promien_500m
229B,90-554,210.9,promien_500m
229B,90-630,231.6,promien_500m
229B,90-648,264.2,promien_500m
229B,90-632,265.9,promien_500m
229B,90-546,273.4,promien_500m
229B,90-560,276.2,promien_500m
229B,90-552,281.2,promien_500m
229B,90-503,284.0,promien_500m
229B,90-505,286.3,promien_500m
229B,90-502,321.9,promien_500m
229B,90-638,343.4,promien_500m
229B,90-561,348.8,promien_500m
229B,90-625,349.2,promien_500m
229B,90-646,365.9,promien_500m
229B,90-545,372.8,promien_500m
229B,90-415,374.7,promien_500m
229B,90-553,379.1,promien_500m
229B,90-501,390.5,promien_500m
229B,90-631,394.6,promien_500m
229B,90-626,395.0,promien_500m
229B,90-639,416.7,promien_500m
229B,90-636,420.0,promien_500m
229B,90-637,423.5,promien_500m
229B,90-645,427.4,promien_500m
229B,90-549,432.3,promien_500m
229B,90-617,453.5,promien_500m
229B,90-643,460.6,promien_500m
229B,90-618,461.8,promien_500m
229B,90-547,477.3,promien_500m
229B,90-647,486.1,promien_500m
229B,90-511,488.3,promien_500m
229B,90-550,497.2,promien_500m
22B,91-072,0.0,promien_500m
22B,90-762,1.7,promien_500m
22B,91-070,32.9,promien_500m
22B,90-763,78.7,promien_500m
22B,90-753,79.7,promien_500m
22B,90-740,86.0,promien_500m
22B,90-745,91.5,promien_500m
22B,90-703,98.4,promien_500m
22B,90-752,133.3,promien_500m
22B,90-401,156.1,promien_500m
22B,91-068,173.8,promien_500m
22B,90-569,181.0,promien_500m
22B,90-746,196.1,promien_500m
22B,91-071,200.1,promien_500m
22B,90-756,203.0,promien_500m
22B,90-741,219.6,promien_500m
22B,90-739,228.7,promien_500m
22B,91-074,233.4,promien_500m
22B,90-749,243.1,promien_500m
22B,90-717,247.0,promien_500m
22B,90-764,251.2,promien_500m
22B,90-755,254.9,promien_500m
22B,91-067,258.8,promien_500m
22B,90-742,261.7,promien_500m
22B,90-747,267.6,promien_500m
22B,90-411,276.3,promien_500m
22B,90-712,280.8,promien_500m
22B,90-748,307.6,promien_500m
22B,90-758,315.0,promien_500m
22B,90-713,324.7,promien_500m
22B,90-735,325.7,promien_500m
22B,91-062,330.4,promien_500m
22B,91-073,331.4,promien_500m
22B,90-757,333.5,promien_500m
22B,90-718,338.4,promien_500m
22B,90-750,360.1,promien_500m
22B,90-558,360.3,promien_500m
22B,90-710,361.2,promien_500m
22B,91-069,370.8,promien_500m
22B,90-734,393.2,promien_500m
22B,90-711,398.0,promien_500m
22B,90-754,400.9,promien_500m
22B,90-743,402.1,promien_500m
22B,91-078,403.7,promien_500m
22B,90-502,412.6,promien_500m
22B,90-635,415.9,promien_500m
22B,90-702,419.1,promien_500m
22B,91-065,446.1,promien_500m
22B,90-604,448.3,promien_500m
22B,90-759,455.3,promien_500m
22B,90-736,470.6,promien_500m
22B,91-009,484.5,promien_500m
22B,90-643,490.6,promien_500m
230B,90-562,0.0,promien_500m
230B,90-557,17.1,promien_500m
230B,90-644,22.9,promien_500m
230B,90-563,50.1,promien_500m
230B,90-648,83.1,promien_500m
230B,90-420,104.4,promien_500m
230B,90-558,111.5,promien_500m
230B,90-640,130.1,promien_500m
230B,90-559,175.5,promien_500m
230B,90-646,189.1,promien_500m
230B,90-554,211.4,promien_500m
230B,90-415,227.2,promien_500m
230B,90-567,231.8,promien_500m
230B,90-569,264.0,promien_500m
230B,90-570,278.0,promien_500m
230B,90-619,280.0,promien_500m
230B,90-560,281.7,promien_500m
230B,90-571,289.5,promien_500m
230B,90-568,377.1,promien_500m
230B,90-638,384.4,promien_500m
230B,90-630,386.8,promien_500m
230B,90-645,388.1,promien_500m
230B,90-561,397.0,promien_500m
230B,90-556,400.8,promien_500m
230B,90-647,402.6,promien_500m
230B,90-503,403.4,promien_500m
230B,90-643,407.5,promien_500m
230B,90-546,408.4,promien_500m
230B,90-552,420.0,promien_500m
230B,90-553,421.0,promien_500m
230B,90-639,425.1,promien_500m
230B,90-636,433.5,promien_500m
230B,90-632,438.3,promien_500m
230B,90-505,467.6,promien_500m
230B,90-637,486.9,promien_500m
231B,90-562,0.0,promien_500m
231B,90-563,3.8,promien_500m
231B,90-558,53.2,promien_500m
231B,90-554,87.3,promien_500m
231B,90-557,87.5,promien_500m
231B,90-644,133.8,promien_500m
231B,90-559,140.2,promien_500m
231B,90-570,155.2,promien_500m
231B,90-420,160.1,promien_500m
231B,90-560,171.8,promien_500m
231B,90-648,174.8,promien_500m
231B,90-571,178.3,promien_500m
231B,90-640,209.2,promien_500m
231B,90-569,218.9,promien_500m
231B,90-567,224.5,promien_500m
231B,90-561,268.0,promien_500m
231B,90-503,281.9,promien_500m
231B,90-553,293.4,promien_500m
231B,90-646,299.1,promien_500m
231B,90-552,307.4,promien_500m
231B,90-619,309.5,promien_500m
231B,90-556,339.9,promien_500m
231B,90-568,346.6,promien_500m
231B,90-415,351.4,promien_500m
231B,90-630,393.9,promien_500m
231B,90-505,408.7,promien_500m
231B,90-632,422.6,promien_500m
231B,90-546,434.1,promien_500m
231B,90-545,445.0,promien_500m
231B,90-502,465.8,promien_500m
231B,90-638,471.5,promien_500m
231B,90-549,495.1,promien_500m
232B,90-563,0.0,promien_500m
232B,90-562,6.3,promien_500m
232B,90-554,23.2,promien_500m
232B,90-558,52.5,promien_500m
232B,90-570,79.8,promien_500m
232B,90-571,96.8,promien_500m
232B,90-559,103.1,promien_500m
232B,90-560,122.4,promien_500m
232B,90-557,159.3,promien_500m
232B,90-561,187.1,promien_500m
232B,90-569,189.8,promien_500m
232B,90-503,201.3,promien_500m
232B,90-644,213.7,promien_500m
232B,90-553,216.3,promien_500m
232B,90-420,220.0,promien_500m
232B,90-567,235.8,promien_500m
232B,90-552,236.9,promien_500m
232B,90-648,254.2,promien_500m
232B,90-640,259.9,promien_500m
232B,90-568,302.6,promien_500m
232B,90-556,333.5,promien_500m
232B,90-619,339.0,promien_500m
232B,90-505,372.9,promien_500m
232B,90-646,378.9,promien_500m
232B,90-546,381.0,promien_500m
232B,90-545,387.0,promien_500m
232B,90-630,409.6,promien_500m
232B,90-632,421.7,promien_500m
232B,90-502,427.5,promien_500m
232B,90-549,429.1,promien_500m
232B,90-415,433.8,promien_500m
232B,90-550,493.2,promien_500m
232B,90-547,497.4,promien_500m
233B,90-554,0.0,promien_500m
233B,90-553,19.4,promien_500m
233B,90-561,23.4,promien_500m
233B,90-560,43.9,promien_500m
233B,90-503,54.6,promien_500m
233B,90-571,55.2,promien_500m
233B,90-552,57.7,promien_500m
233B,90-562,94.2,promien_500m
233B,90-563,121.1,promien_500m
233B,90-570,121.2,promien_500m
233B,90-558,161.3,promien_500m
233B,90-559,183.0,promien_500m
233B,90-546,207.6,promien_500m
233B,90-568,253.7,promien_500m
233B,90-569,253.8,promien_500m
233B,90-545,280.6,promien_500m
233B,90-549,291.2,promien_500m
233B,90-557,362.9,promien_500m
233B,90-550,365.5,promien_500m
233B,90-567,366.1,promien_500m
233B,90-505,369.6,promien_500m
233B,90-050,371.9,promien_500m
233B,90-502,377.2,promien_500m
233B,90-547,392.2,promien_500m
233B,90-556,395.4,promien_500m
233B,90-420,418.9,promien_500m
233B,90-640,430.2,promien_500m
233B,90-644,430.5,promien_500m
233B,90-511,432.2,promien_500m
233B,90-542,442.2,promien_500m
233B,90-648,467.0,promien_500m
233B,90-619,481.1,promien_500m
233B,90-519,483.1,promien_500m
233B,90-632,496.1,promien_500m
234B,90-554,0.0,promien_500m
234B,90-503,19.1,promien_500m
234B,90-571,35.9,promien_500m
234B,90-560,38.4,promien_500m
234B,90-553,52.5,promien_500m
234B,90-552,55.3,promien_500m
234B,90-561,65.6,promien_500m
234B,90-562,84.9,promien_500m
234B,90-570,96.6,promien_500m
234B,90-563,107.3,promien_500m
234B,90-558,135.8,promien_500m
234B,90-559,148.4,promien_500m
234B,90-546,195.5,promien_500m
234B,90-569,211.9,promien_500m
234B,90-568,212.9,promien_500m
234B,90-545,248.7,promien_500m
234B,90-549,269.2,promien_500m
234B,90-505,327.7,promien_500m
234B,90-567,328.1,promien_500m
234B,90-557,335.6,promien_500m
234B,90-550,339.0,promien_500m
234B,90-502,344.8,promien_500m
234B,90-547,361.7,promien_500m
234B,90-420,387.7,promien_500m
234B,90-640,394.6,promien_500m
234B,90-511,399.9,promien_500m
234B,90-644,409.3,promien_500m
234B,90-050,414.5,promien_500m
234B,90-556,421.6,promien_500m
234B,90-619,441.5,promien_500m
234B,90-632,453.8,promien_500m
234B,90-648,456.9,promien_500m
234B,90-519,457.2,promien_500m
234B,90-630,471.1,promien_500m
234B,90-542,472.0,promien_500m
235B,90-552,0.0,promien_500m
235B,90-503,12.5,promien_500m
235B,90-554,52.8,promien_500m
235B,90-553,85.0,promien_500m
235B,90-571,100.4,promien_500m
235B,90-546,104.9,promien_500m
235B,90-561,121.1,promien_500m
235B,90-560,129.1,promien_500m
235B,90-570,173.5,promien_500m
235B,90-562,174.7,promien_500m
235B,90-545,179.8,promien_500m
235B,90-549,183.0,promien_500m
235B,90-568,183.3,promien_500m
235B,90-563,194.9,promien_500m
235B,90-559,201.9,promien_500m
235B,90-558,203.6,promien_500m
235B,90-569,227.6,promien_500m
235B,90-550,258.3,promien_500m
235B,90-502,270.8,promien_500m
235B,90-547,287.9,promien_500m
235B,90-505,304.0,promien_500m
235B,90-511,329.9,promien_500m
235B,90-567,364.6,promien_500m
235B,90-519,375.1,promien_500m
235B,90-557,393.4,promien_500m
235B,90-050,396.4,promien_500m
235B,90-443,424.6,promien_500m
235B,90-542,431.1,promien_500m
235B,90-640,438.2,promien_500m
235B,90-420,441.7,promien_500m
235B,90-448,442.4,promien_500m
235B,90-632,455.0,promien_500m
235B,90-536,456.5,promien_500m
235B,90-507,464.7,promien_500m
235B,90-619,467.0,promien_500m
235B,90-644,477.3,promien_500m
235B,90-630,482.1,promien_500m
235B,90-520,488.0,promien_500m
236B,90-552,0.0,promien_500m
236B,90-503,9.6,promien_500m
236B,90-554,62.9,promien_500m
236B,90-571,74.3,promien_500m
236B,90-546,103.3,promien_500m
236B,90-553,108.7,promien_500m
236B,90-560,132.7,promien_500m
236B,90-561,141.5,promien_500m
236B,90-568,152.5,promien_500m
236B,90-545,156.4,promien_500m
236B,90-570,164.0,promien_500m
236B,90-549,171.9,promien_500m
236B,90-562,175.3,promien_500m
236B,90-559,182.0,promien_500m
236B,90-558,187.4,promien_500m
236B,90-563,192.3,promien_500m
236B,90-569,198.0,promien_500m
236B,90-550,242.1,promien_500m
236B,90-502,253.0,promien_500m
236B,90-547,267.6,promien_500m
236B,90-505,272.9,promien_500m
236B,90-511,307.8,promien_500m
236B,90-567,338.7,promien_500m
236B,90-519,360.5,promien_500m
236B,90-557,372.8,promien_500m
236B,90-050,395.9,promien_500m
236B,90-640,410.2,promien_500m
236B,90-420,419.7,promien_500m
236B,90-632,424.2,promien_500m
236B,90-443,437.1,promien_500m
236B,90-619,438.6,promien_500m
236B,90-507,441.8,promien_500m
236B,90-630,451.9,promien_500m
236B,90-448,455.8,promien_500m
236B,90-644,458.8,promien_500m
236B,90-542,459.9,promien_500m
236B,90-536,469.5,promien_500m
236B,90-520,470.6,promien_500m
236B,90-501,475.7,promien_500m
236B,90-508,484.1,promien_500m
236B,90-631,496.8,promien_500m
237B,90-552,0.0,promien_500m
237B,90-546,42.0,promien_500m
237B,90-545,58.6,promien_500m
237B,90-503,67.7,promien_500m
237B,90-568,76.6,promien_500m
237B,90-549,88.4,promien_500m
237B,90-571,95.4,promien_500m
237B,90-554,128.9,promien_500m
237B,90-550,151.9,promien_500m
237B,90-502,159.7,promien_500m
237B,90-547,171.0,promien_500m
237B,90-569,175.9,promien_500m
237B,90-570,179.4,promien_500m
237B,90-505,204.1,promien_500m
237B,90-553,205.9,promien_500m
237B,90-511,210.2,promien_500m
237B,90-559,219.0,promien_500m
237B,90-560,221.7,promien_500m
237B,90-558,235.4,promien_500m
237B,90-561,239.3,promien_500m
237B,90-562,258.4,promien_500m
237B,90-563,264.6,promien_500m
237B,90-519,267.7,promien_500m
237B,90-567,335.6,promien_500m
237B,90-050,336.8,promien_500m
237B,90-507,344.0,promien_500m
237B,90-632,374.8,promien_500m
237B,90-520,375.8,promien_500m
237B,90-640,383.8,promien_500m
237B,90-508,387.0,promien_500m
237B,90-557,392.3,promien_500m
237B,90-501,403.8,promien_500m
237B,90-510,405.3,promien_500m
237B,90-630,410.2,promien_500m
237B,90-443,412.8,promien_500m
237B,90-619,415.5,promien_500m
237B,90-631,427.7,promien_500m
237B,90-420,432.5,promien_500m
237B,90-448,437.3,promien_500m
237B,90-509,438.7,promien_500m
237B,90-536,449.2,promien_500m
237B,90-625,449.7,promien_500m
237B,90-626,454.8,promien_500m
237B,90-521,472.4,promien_500m
237B,90-644,485.0,promien_500m
237B,90-542,492.4,promien_500m
238B,90-552,0.0,promien_500m
238B,90-568,49.6,promien_500m
238B,90-545,51.3,promien_500m
238B,90-546,62.9,promien_500m
238B,90-571,75.1,promien_500m
238B,90-549,89.0,promien_500m
238B,90-503,89.3,promien_500m
238B,90-554,131.1,promien_500m
238B,90-550,153.0,promien_500m
238B,90-569,153.2,promien_500m
238B,90-570,156.6,promien_500m
238B,90-502,157.5,promien_500m
238B,90-547,163.8,promien_500m
238B,90-505,177.4,promien_500m
238B,90-511,199.2,promien_500m
238B,90-559,209.6,promien_500m
238B,90-553,223.1,promien_500m
238B,90-558,228.0,promien_500m
238B,90-560,229.3,promien_500m
238B,90-561,254.6,promien_500m
238B,90-563,261.2,promien_500m
238B,90-562,262.7,promien_500m
238B,90-519,263.8,promien_500m
238B,90-567,313.3,promien_500m
238B,90-507,330.5,promien_500m
238B,90-632,347.9,promien_500m
238B,90-050,350.2,promien_500m
238B,90-640,357.0,promien_500m
238B,90-520,369.5,promien_500m
238B,90-557,374.8,promien_500m
238B,90-508,376.2,promien_500m
238B,90-501,377.2,promien_500m
238B,90-630,383.4,promien_500m
238B,90-619,390.9,promien_500m
238B,90-510,396.0,promien_500m
238B,90-631,400.8,promien_500m
238B,90-420,414.0,promien_500m
238B,90-509,421.8,promien_500m
238B,90-625,422.5,promien_500m
238B,90-626,427.8,promien_500m
238B,90-443,432.4,promien_500m
238B,90-448,459.5,promien_500m
238B,90-521,467.6,promien_500m
238B,90-644,469.1,promien_500m
238B,90-536,471.0,promien_500m
239B,90-568,0.0,promien_500m
239B,90-571,31.8,promien_500m
239B,90-570,50.1,promien_500m
239B,90-505,57.0,promien_500m
239B,90-545,61.2,promien_500m
239B,90-552,66.8,promien_500m
239B,90-502,73.8,promien_500m
239B,90-569,85.1,promien_500m
239B,90-549,129.7,promien_500m
239B,90-503,137.3,promien_500m
239B,90-547,165.8,promien_500m
239B,90-546,176.6,promien_500m
239B,90-511,179.1,promien_500m
239B,90-559,187.9,promien_500m
239B,90-550,193.3,promien_500m
239B,90-554,194.4,promien_500m
239B,90-567,204.9,promien_500m
239B,90-632,230.5,promien_500m
239B,90-558,239.8,promien_500m
239B,90-640,240.3,promien_500m
239B,90-501,257.8,promien_500m
239B,90-630,266.7,promien_500m
239B,90-507,266.9,promien_500m
239B,90-519,272.9,promien_500m
239B,90-631,280.5,promien_500m
239B,90-563,286.9,promien_500m
239B,90-619,290.7,promien_500m
239B,90-560,298.7,promien_500m
239B,90-625,301.3,promien_500m
239B,90-626,307.0,promien_500m
239B,90-562,317.5,promien_500m
239B,90-553,321.4,promien_500m
239B,90-557,321.4,promien_500m
239B,90-508,327.7,promien_500m
239B,90-561,345.8,promien_500m
239B,90-420,352.4,promien_500m
239B,90-509,354.9,promien_500m
239B,90-520,357.8,promien_500m
239B,90-510,368.8,promien_500m
239B,90-613,391.2,promien_500m
239B,90-644,419.8,promien_500m
239B,90-050,420.8,promien_500m
239B,90-513,427.7,promien_500m
239B,90-521,458.1,promien_500m
239B,90-515,458.6,promien_500m
239B,90-609,496.5,promien_500m
23B,90-752,0.0,promien_500m
23B,90-753,1.7,promien_500m
23B,90-763,18.6,promien_500m
23B,90-762,48.7,promien_500m
23B,91-072,59.8,promien_500m
23B,90-740,69.8,promien_500m
23B,90-401,76.8,promien_500m
23B,90-764,116.2,promien_500m
23B,90-756,119.2,promien_500m
23B,90-755,119.8,promien_500m
23B,90-745,161.3,promien_500m
23B,91-070,167.1,promien_500m
23B,90-747,197.8,promien_500m
23B,90-749,199.9,promien_500m
23B,90-741,200.7,promien_500m
23B,90-703,213.5,promien_500m
23B,90-757,215.8,promien_500m
23B,90-717,216.3,promien_500m
23B,91-071,227.7,promien_500m
23B,91-073,229.0,promien_500m
23B,91-074,235.0,promien_500m
23B,90-758,240.3,promien_500m
23B,90-748,249.3,promien_500m
23B,90-411,271.5,promien_500m
23B,90-746,278.2,promien_500m
23B,90-739,281.2,promien_500m
23B,90-569,285.0,promien_500m
23B,91-068,297.3,promien_500m
23B,90-754,297.4,promien_500m
23B,90-750,301.2,promien_500m
23B,90-558,307.8,promien_500m
23B,91-078,313.8,promien_500m
23B,90-635,325.9,promien_500m
23B,90-759,335.1,promien_500m
23B,90-735,337.4,promien_500m
23B,90-742,348.1,promien_500m
23B,90-643,379.1,promien_500m
23B,90-712,379.3,promien_500m
23B,91-062,381.1,promien_500m
23B,90-604,388.5,promien_500m
23B,90-647,392.0,promien_500m
23B,91-067,394.1,promien_500m
23B,90-718,402.3,promien_500m
23B,90-743,403.7,promien_500m
23B,90-713,416.8,promien_500m
23B,90-734,430.2,promien_500m
23B,90-639,431.1,promien_500m
23B,90-618,469.3,promien_500m
23B,90-710,473.8,promien_500m
23B,90-711,475.9,promien_500m
23B,90-736,490.1,promien_500m
23B,91-069,494.7,promien_500m
240B,90-552,0.0,promien_500m
240B,90-545,4.0,promien_500m
240B,90-549,25.7,promien_500m
240B,90-546,43.8,promien_500m
240B,90-568,64.0,promien_500m
240B,90-550,89.6,promien_500m
240B,90-502,95.0,promien_500m
240B,90-547,105.6,promien_500m
240B,90-571,125.6,promien_500m
240B,90-503,128.9,promien_500m
240B,90-511,146.3,promien_500m
240B,90-554,156.9,promien_500m
240B,90-505,177.8,promien_500m
240B,90-570,190.8,promien_500m
240B,90-569,199.2,promien_500m
240B,90-519,202.5,promien_500m
240B,90-553,268.4,promien_500m
240B,90-559,272.4,promien_500m
240B,90-507,281.2,promien_500m
240B,90-560,287.1,promien_500m
240B,90-558,291.2,promien_500m
240B,90-050,293.3,promien_500m
240B,90-561,303.1,promien_500m
240B,90-520,310.2,promien_500m
240B,90-508,322.0,promien_500m
240B,90-562,323.1,promien_500m
240B,90-563,324.5,promien_500m
240B,90-567,336.7,promien_500m
240B,90-510,340.0,promien_500m
240B,90-632,370.1,promien_500m
240B,90-501,377.5,promien_500m
240B,90-509,379.3,promien_500m
240B,90-640,380.4,promien_500m
240B,90-443,386.0,promien_500m
240B,90-631,404.0,promien_500m
240B,90-630,406.7,promien_500m
240B,90-521,407.1,promien_500m
240B,90-536,418.8,promien_500m
240B,90-448,419.7,promien_500m
240B,90-619,429.4,promien_500m
240B,90-557,430.6,promien_500m
240B,90-626,432.6,promien_500m
240B,90-625,432.9,promien_500m
240B,90-515,457.2,promien_500m
240B,90-420,467.9,promien_500m
240B,90-613,485.1,promien_500m
240B,90-542,485.3,promien_500m
240B,90-513,490.8,promien_500m
240B,90-522,499.0,promien_500m
241B,90-545,0.0,promien_500m
241B,90-549,25.7,promien_500m
241B,90-568,32.9,promien_500m
241B,90-552,35.3,promien_500m
241B,90-502,73.3,promien_500m
241B,90-547,75.8,promien_500m
241B,90-503,78.0,promien_500m
241B,90-550,89.2,promien_500m
241B,90-546,100.5,promien_500m
241B,90-511,104.7,promien_500m
241B,90-505,120.8,promien_500m
241B,90-571,122.1,promien_500m
241B,90-570,148.1,promien_500m
241B,90-519,180.6,promien_500m
241B,90-569,182.4,promien_500m
241B,90-554,218.5,promien_500m
241B,90-507,233.2,promien_500m
241B,90-559,278.5,promien_500m
241B,90-520,279.3,promien_500m
241B,90-508,279.9,promien_500m
241B,90-567,283.3,promien_500m
241B,90-510,301.6,promien_500m
241B,90-558,306.0,promien_500m
241B,90-050,316.4,promien_500m
241B,90-501,316.7,promien_500m
241B,90-553,319.1,promien_500m
241B,90-632,319.8,promien_500m
241B,90-509,325.2,promien_500m
241B,90-560,325.5,promien_500m
241B,90-640,334.3,promien_500m
241B,90-563,345.8,promien_500m
241B,90-631,346.5,promien_500m
241B,90-561,351.6,promien_500m
241B,90-562,356.4,promien_500m
241B,90-630,360.2,promien_500m
241B,90-626,375.7,promien_500m
241B,90-625,378.5,promien_500m
241B,90-521,379.2,promien_500m
241B,90-619,392.3,promien_500m
241B,90-515,411.6,promien_500m
241B,90-557,419.9,promien_500m
241B,90-443,422.4,promien_500m
241B,90-613,423.5,promien_500m
241B,90-513,431.6,promien_500m
241B,90-536,439.2,promien_500m
241B,90-420,453.4,promien_500m
241B,90-448,463.3,promien_500m
241B,90-522,465.5,promien_500m
241B,90-516,474.7,promien_500m
241B,90-431,478.3,promien_500m
242B,90-502,0.0,promien_500m
242B,90-505,37.4,promien_500m
242B,90-568,47.8,promien_500m
242B,90-545,53.8,promien_500m
242B,90-503,58.1,promien_500m
242B,90-549,104.1,promien_500m
242B,90-570,105.5,promien_500m
242B,90-511,116.3,promien_500m
242B,90-547,139.5,promien_500m
242B,90-507,142.3,promien_500m
242B,90-571,145.6,promien_500m
242B,90-552,150.1,promien_500m
242B,90-569,157.2,promien_500m
242B,90-567,163.1,promien_500m
242B,90-501,173.6,promien_500m
242B,90-550,196.6,promien_500m
242B,90-508,203.4,promien_500m
242B,90-632,207.3,promien_500m
242B,90-631,210.5,promien_500m
242B,90-519,224.6,promien_500m
242B,90-640,234.1,promien_500m
242B,90-509,234.2,promien_500m
242B,90-626,240.4,promien_500m
242B,90-546,242.4,promien_500m
242B,90-625,246.8,promien_500m
242B,90-630,253.5,promien_500m
242B,90-520,268.3,promien_500m
242B,90-510,273.4,promien_500m
242B,90-613,282.0,promien_500m
242B,90-559,294.7,promien_500m
242B,90-513,305.4,promien_500m
242B,90-619,307.8,promien_500m
242B,90-554,317.5,promien_500m
242B,90-515,342.7,promien_500m
242B,90-558,360.9,promien_500m
242B,90-521,371.8,promien_500m
242B,90-420,372.5,promien_500m
242B,90-609,377.2,promien_500m
242B,90-516,391.6,promien_500m
242B,90-557,407.3,promien_500m
242B,90-563,409.3,promien_500m
242B,90-050,417.5,promien_500m
242B,90-560,422.5,promien_500m
242B,90-522,423.1,promien_500m
242B,90-431,433.5,promien_500m
242B,90-553,438.3,promien_500m
242B,90-608,441.7,promien_500m
242B,90-562,442.1,promien_500m
242B,90-514,453.0,promien_500m
242B,90-561,465.5,promien_500m
242B,90-623,490.0,promien_500m
243B,90-502,0.0,promien_500m
243B,90-503,39.0,promien_500m
243B,90-505,48.4,promien_500m
243B,90-545,60.4,promien_500m
243B,90-568,73.7,promien_500m
243B,90-549,107.7,promien_500m
243B,90-511,110.0,promien_500m
243B,90-507,117.6,promien_500m
243B,90-570,130.9,promien_500m
243B,90-547,139.1,promien_500m
243B,90-501,163.2,promien_500m
243B,90-552,169.2,promien_500m
243B,90-571,171.4,promien_500m
243B,90-567,171.5,promien_500m
243B,90-508,177.8,promien_500m
243B,90-569,180.6,promien_500m
243B,90-550,199.3,promien_500m
243B,90-509,208.3,promien_500m
243B,90-632,208.3,promien_500m
243B,90-631,209.0,promien_500m
243B,90-519,215.8,promien_500m
243B,90-626,238.9,promien_500m
243B,90-625,246.2,promien_500m
243B,90-640,246.9,promien_500m
243B,90-520,247.2,promien_500m
243B,90-510,252.2,promien_500m
243B,90-546,254.6,promien_500m
243B,90-630,261.8,promien_500m
243B,90-613,265.5,promien_500m
243B,90-513,282.5,promien_500m
243B,90-515,317.2,promien_500m
243B,90-559,320.4,promien_500m
243B,90-619,322.8,promien_500m
243B,90-554,341.9,promien_500m
243B,90-420,349.4,promien_500m
243B,90-521,351.8,promien_500m
243B,90-609,355.8,promien_500m
243B,90-516,365.7,promien_500m
243B,90-558,386.4,promien_500m
243B,90-522,399.2,promien_500m
243B,90-431,409.4,promien_500m
243B,90-050,415.0,promien_500m
243B,90-608,422.2,promien_500m
243B,90-514,427.9,promien_500m
243B,90-557,430.9,promien_500m
243B,90-563,435.2,promien_500m
243B,90-560,447.0,promien_500m
243B,90-553,460.6,promien_500m
243B,90-562,467.4,promien_500m
243B,90-436,478.0,promien_500m
243B,90-432,483.7,promien_500m
243B,90-623,484.1,promien_500m
243B,90-561,488.6,promien_500m
243B,90-427,498.1,promien_500m
243B,90-428,498.1,promien_500m
244B,90-503,0.0,promien_500m
244B,90-511,39.8,promien_500m
244B,90-502,58.2,promien_500m
244B,90-507,59.7,promien_500m
244B,90-547,78.8,promien_500m
244B,90-545,94.8,promien_500m
244B,90-505,102.2,promien_500m
244B,90-508,103.7,promien_500m
244B,90-549,119.0,promien_500m
244B,90-509,132.8,promien_500m
244B,90-519,133.9,promien_500m
244B,90-520,144.0,promien_500m
244B,90-550,147.4,promien_500m
244B,90-510,148.8,promien_500m
244B,90-568,158.4,promien_500m
244B,90-501,217.1,promien_500m
244B,90-552,219.1,promien_500m
244B,90-515,227.2,promien_500m
244B,90-570,228.6,promien_500m
244B,90-521,248.7,promien_500m
244B,90-513,250.1,promien_500m
244B,90-567,261.4,promien_500m
244B,90-571,263.8,promien_500m
244B,90-546,265.2,promien_500m
244B,90-631,269.3,promien_500m
244B,90-613,280.7,promien_500m
244B,90-632,282.3,promien_500m
244B,90-569,282.4,promien_500m
244B,90-516,284.4,promien_500m
244B,90-522,299.1,promien_500m
244B,90-431,310.0,promien_500m
244B,90-626,311.2,promien_500m
244B,90-420,318.5,promien_500m
244B,90-625,320.1,promien_500m
244B,90-514,333.4,promien_500m
244B,90-609,337.5,promien_500m
244B,90-640,345.0,promien_500m
244B,90-630,353.4,promien_500m
244B,90-050,357.7,promien_500m
244B,90-436,378.0,promien_500m
244B,90-432,383.9,promien_500m
244B,90-554,395.6,promien_500m
244B,90-608,400.7,promien_500m
244B,90-428,405.2,promien_500m
244B,90-559,415.0,promien_500m
244B,90-619,423.0,promien_500m
244B,90-427,424.1,promien_500m
244B,90-536,446.2,promien_500m
244B,90-443,448.7,promien_500m
244B,90-437,463.7,promien_500m
244B,90-558,471.6,promien_500m
244B,90-418,473.1,promien_500m
244B,90-426,480.9,promien_500m
244B,90-419,489.2,promien_500m
244B,90-525,495.7,promien_500m
245B,90-503,0.0,promien_500m
245B,90-507,27.1,promien_500m
245B,90-511,63.3,promien_500m
245B,90-508,65.6,promien_500m
245B,90-502,72.6,promien_500m
245B,90-505,72.8,promien_500m
245B,90-509,83.0,promien_500m
245B,90-547,111.5,promien_500m
245B,90-510,134.5,promien_500m
245B,90-520,138.1,promien_500m
245B,90-545,141.5,promien_500m
245B,90-519,153.6,promien_500m
245B,90-549,170.3,promien_500m
245B,90-515,187.0,promien_500m
245B,90-550,187.0,promien_500m
245B,90-501,197.1,promien_500m
245B,90-568,198.3,promien_500m
245B,90-513,199.0,promien_500m
245B,90-521,237.1,promien_500m
245B,90-631,238.0,promien_500m
245B,90-516,238.7,promien_500m
245B,90-613,240.5,promien_500m
245B,90-567,252.9,promien_500m
245B,90-570,261.2,promien_500m
245B,90-420,267.4,promien_500m
245B,90-552,268.2,promien_500m
245B,90-522,271.5,promien_500m
245B,90-632,271.8,promien_500m
245B,90-431,281.0,promien_500m
245B,90-609,287.1,promien_500m
245B,90-626,294.0,promien_500m
245B,90-514,297.5,promien_500m
245B,90-571,301.2,promien_500m
245B,90-625,308.0,promien_500m
245B,90-569,310.0,promien_500m
245B,90-546,317.4,promien_500m
245B,90-608,349.0,promien_500m
245B,90-436,350.0,promien_500m
245B,90-640,352.6,promien_500m
245B,90-630,353.7,promien_500m
245B,90-432,355.4,promien_500m
245B,90-428,367.7,promien_500m
245B,90-427,376.9,promien_500m
245B,90-050,395.5,promien_500m
245B,90-418,421.1,promien_500m
245B,90-426,429.4,promien_500m
245B,90-619,432.5,promien_500m
245B,90-419,437.0,promien_500m
245B,90-437,441.6,promien_500m
245B,90-554,447.8,promien_500m
245B,90-559,450.5,promien_500m
245B,90-536,467.3,promien_500m
245B,90-430,472.5,promien_500m
245B,90-443,480.2,promien_500m
245B,90-425,481.0,promien_500m
246A,90-507,0.0,promien_500m
246A,90-508,0.2,promien_500m
246A,90-505,37.6,promien_500m
246A,90-503,50.3,promien_500m
246A,90-509,59.6,promien_500m
246A,90-502,83.2,promien_500m
246A,90-513,95.8,promien_500m
246A,90-501,109.1,promien_500m
246A,90-613,145.1,promien_500m
246A,90-515,153.5,promien_500m
246A,90-631,153.7,promien_500m
246A,90-511,161.4,promien_500m
246A,90-420,163.6,promien_500m
246A,90-609,181.5,promien_500m
246A,90-510,185.2,promien_500m
246A,90-516,186.7,promien_500m
246A,90-547,197.7,promien_500m
246A,90-520,210.2,promien_500m
246A,90-567,225.5,promien_500m
246A,90-545,228.8,promien_500m
246A,90-632,237.8,promien_500m
246A,90-626,240.8,promien_500m
246A,90-519,245.0,promien_500m
246A,90-608,245.8,promien_500m
246A,90-514,250.5,promien_500m
246A,90-568,264.9,promien_500m
246A,90-549,266.5,promien_500m
246A,90-625,267.1,promien_500m
246A,90-521,280.9,promien_500m
246A,90-522,284.5,promien_500m
246A,90-431,289.8,promien_500m
246A,90-550,292.3,promien_500m
246A,90-570,308.9,promien_500m
246A,90-427,312.1,promien_500m
246A,90-418,320.5,promien_500m
246A,90-428,322.8,promien_500m
246A,90-630,325.6,promien_500m
246A,90-419,345.2,promien_500m
246A,90-426,345.3,promien_500m
246A,90-640,348.8,promien_500m
246A,90-569,349.4,promien_500m
246A,90-552,355.5,promien_500m
246A,90-436,355.9,promien_500m
246A,90-571,356.2,promien_500m
246A,90-432,359.9,promien_500m
246A,90-546,401.6,promien_500m
246A,90-430,414.0,promien_500m
246A,90-425,420.1,promien_500m
246A,90-623,424.9,promien_500m
246A,90-619,427.0,promien_500m
246A,90-416,429.7,promien_500m
246A,90-612,435.3,promien_500m
246A,90-437,452.9,promien_500m
246A,90-415,491.1,promien_500m
246A,90-423,491.9,promien_500m
246A,90-616,496.1,promien_500m
246A,90-559,496.4,promien_500m
246A,90-050,498.3,promien_500m
247A,90-508,0.0,promien_500m
247A,90-507,15.5,promien_500m
247A,90-509,32.9,promien_500m
247A,90-503,51.6,promien_500m
247A,90-505,64.2,promien_500m
247A,90-502,95.7,promien_500m
247A,90-513,100.6,promien_500m
247A,90-501,134.8,promien_500m
247A,90-511,146.4,promien_500m
247A,90-515,146.4,promien_500m
247A,90-510,159.0,promien_500m
247A,90-613,168.6,promien_500m
247A,90-516,168.7,promien_500m
247A,90-420,168.9,promien_500m
247A,90-547,176.1,promien_500m
247A,90-631,178.9,promien_500m
247A,90-520,187.6,promien_500m
247A,90-609,189.6,promien_500m
247A,90-519,225.5,promien_500m
247A,90-545,231.5,promien_500m
247A,90-514,234.3,promien_500m
247A,90-608,250.2,promien_500m
247A,90-567,250.5,promien_500m
247A,90-521,254.5,promien_500m
247A,90-522,258.0,promien_500m
247A,90-632,263.4,promien_500m
247A,90-431,263.5,promien_500m
247A,90-549,265.9,promien_500m
247A,90-626,267.4,promien_500m
247A,90-568,275.0,promien_500m
247A,90-550,279.1,promien_500m
247A,90-625,293.3,promien_500m
247A,90-427,297.6,promien_500m
247A,90-428,304.0,promien_500m
247A,90-418,322.4,promien_500m
247A,90-570,324.4,promien_500m
247A,90-436,329.8,promien_500m
247A,90-432,334.0,promien_500m
247A,90-426,337.6,promien_500m
247A,90-419,341.3,promien_500m
247A,90-630,351.4,promien_500m
247A,90-552,359.1,promien_500m
247A,90-569,365.6,promien_500m
247A,90-571,369.1,promien_500m
247A,90-640,371.9,promien_500m
247A,90-430,397.9,promien_500m
247A,90-425,404.6,promien_500m
247A,90-546,415.6,promien_500m
247A,90-437,426.9,promien_500m
247A,90-416,446.7,promien_500m
247A,90-623,449.8,promien_500m
247A,90-619,451.0,promien_500m
247A,90-612,456.6,promien_500m
247A,90-050,482.3,promien_500m
247A,90-434,485.6,promien_500m
247A,90-423,487.7,promien_500m
247A,90-004,493.1,promien_500m
247A,90-006,494.7,promien_500m
247A,90-007,495.8,promien_500m
248A,90-509,0.0,promien_500m
248A,90-508,29.9,promien_500m
248A,90-507,37.0,promien_500m
248A,90-503,79.9,promien_500m
248A,90-515,80.4,promien_500m
248A,90-510,93.8,promien_500m
248A,90-516,118.9,promien_500m
248A,90-513,132.3,promien_500m
248A,90-505,134.4,promien_500m
248A,90-511,137.8,promien_500m
248A,90-547,138.2,promien_500m
248A,90-520,142.3,promien_500m
248A,90-502,154.0,promien_500m
248A,90-521,186.5,promien_500m
248A,90-522,186.8,promien_500m
248A,90-514,188.9,promien_500m
248A,90-420,191.3,promien_500m
248A,90-431,192.3,promien_500m
248A,90-519,192.3,promien_500m
248A,90-501,202.3,promien_500m
248A,90-609,216.7,promien_500m
248A,90-613,221.8,promien_500m
248A,90-631,243.2,promien_500m
248A,90-428,251.8,promien_500m
248A,90-427,256.2,promien_500m
248A,90-608,257.9,promien_500m
248A,90-436,258.9,promien_500m
248A,90-545,261.8,promien_500m
248A,90-432,263.2,promien_500m
248A,90-550,265.4,promien_500m
248A,90-549,287.5,promien_500m
248A,90-426,316.0,promien_500m
248A,90-568,317.8,promien_500m
248A,90-567,320.7,promien_500m
248A,90-418,327.1,promien_500m
248A,90-419,329.9,promien_500m
248A,90-632,334.2,promien_500m
248A,90-626,338.4,promien_500m
248A,90-430,351.9,promien_500m
248A,90-437,356.0,promien_500m
248A,90-425,360.4,promien_500m
248A,90-625,364.5,promien_500m
248A,90-570,377.0,promien_500m
248A,90-552,387.8,promien_500m
248A,90-434,415.5,promien_500m
248A,90-571,418.1,promien_500m
248A,90-569,421.2,promien_500m
248A,90-630,422.4,promien_500m
248A,90-546,427.0,promien_500m
248A,90-640,439.6,promien_500m
248A,90-006,441.1,promien_500m
248A,90-007,447.2,promien_500m
248A,90-004,449.8,promien_500m
248A,90-050,454.7,promien_500m
248A,90-062,461.1,promien_500m
248A,90-423,468.0,promien_500m
248A,90-536,468.8,promien_500m
248A,90-008,486.9,promien_500m
248A,90-416,488.0,promien_500m
248A,90-060,489.2,promien_500m
248A,90-527,498.3,promien_500m
248A,90-525,499.0,promien_500m
249A,90-509,0.0,promien_500m
249A,90-515,45.5,promien_500m
249A,90-508,56.0,promien_500m
249A,90-516,60.9,promien_500m
249A,90-510,84.9,promien_500m
249A,90-507,92.1,promien_500m
249A,90-513,102.1,promien_500m
249A,90-514,128.4,promien_500m
249A,90-503,142.6,promien_500m
249A,90-431,162.6,promien_500m
249A,90-420,164.7,promien_500m
249A,90-505,167.7,promien_500m
249A,90-522,169.4,promien_500m
249A,90-521,170.9,promien_500m
249A,90-520,184.6,promien_500m
249A,90-609,184.8,promien_500m
249A,90-547,186.7,promien_500m
249A,90-428,191.2,promien_500m
249A,90-427,193.7,promien_500m
249A,90-511,198.5,promien_500m
249A,90-613,205.3,promien_500m
249A,90-502,208.5,promien_500m
249A,90-608,214.5,promien_500m
249A,90-501,224.5,promien_500m
249A,90-436,230.3,promien_500m
249A,90-432,233.3,promien_500m
249A,90-519,236.7,promien_500m
249A,90-426,255.8,promien_500m
249A,90-631,257.4,promien_500m
249A,90-419,273.6,promien_500m
249A,90-418,275.4,promien_500m
249A,90-430,289.5,promien_500m
249A,90-425,297.6,promien_500m
249A,90-550,321.3,promien_500m
249A,90-545,324.9,promien_500m
249A,90-437,325.6,promien_500m
249A,90-549,350.6,promien_500m
249A,90-567,361.5,promien_500m
249A,90-626,365.7,promien_500m
249A,90-632,372.4,promien_500m
249A,90-434,375.8,promien_500m
249A,90-568,379.5,promien_500m
249A,90-006,382.4,promien_500m
249A,90-007,385.7,promien_500m
249A,90-004,388.1,promien_500m
249A,90-625,399.1,promien_500m
249A,90-423,406.3,promien_500m
249A,90-062,410.3,promien_500m
249A,90-008,435.6,promien_500m
249A,90-570,436.3,promien_500m
249A,90-060,438.0,promien_500m
249A,90-103,447.8,promien_500m
249A,90-552,451.0,promien_500m
249A,90-630,459.0,promien_500m
249A,90-416,466.3,promien_500m
249A,90-003,475.2,promien_500m
249A,90-001,477.2,promien_500m
249A,90-571,478.1,promien_500m
249A,90-569,478.4,promien_500m
249A,90-440,479.4,promien_500m
249A,90-640,485.8,promien_500m
249A,90-536,486.4,promien_500m
249A,90-546,488.7,promien_500m
249A,90-422,492.2,promien_500m
249A,90-612,497.0,promien_500m
249A,90-050,498.9,promien_500m
24B,90-753,0.0,promien_500m
24B,90-752,3.3,promien_500m
24B,90-763,34.4,promien_500m
24B,90-762,49.8,promien_500m
24B,90-740,51.8,promien_500m
24B,91-072,75.9,promien_500m
24B,90-401,94.6,promien_500m
24B,90-756,108.1,promien_500m
24B,90-764,123.0,promien_500m
24B,90-755,126.3,promien_500m
24B,90-745,148.7,promien_500m
24B,91-070,163.2,promien_500m
24B,90-741,182.8,promien_500m
24B,90-749,183.7,promien_500m
24B,90-747,184.6,promien_500m
24B,90-717,198.6,promien_500m
24B,90-703,202.5,promien_500m
24B,90-757,208.7,promien_500m
24B,90-758,226.8,promien_500m
24B,90-748,233.1,promien_500m
24B,91-071,243.3,promien_500m
24B,91-073,245.2,promien_500m
24B,91-074,250.7,promien_500m
24B,90-411,253.5,promien_500m
24B,90-746,262.5,promien_500m
24B,90-739,264.9,promien_500m
24B,90-569,273.2,promien_500m
24B,90-750,285.3,promien_500m
24B,90-754,288.9,promien_500m
24B,90-558,291.7,promien_500m
24B,91-068,299.9,promien_500m
24B,90-635,313.6,promien_500m
24B,90-735,319.4,promien_500m
24B,90-759,329.4,promien_500m
24B,91-078,330.7,promien_500m
24B,90-742,332.9,promien_500m
24B,90-712,366.1,promien_500m
24B,90-643,371.1,promien_500m
24B,90-604,373.0,promien_500m
24B,90-743,385.7,promien_500m
24B,90-718,386.0,promien_500m
24B,90-647,389.0,promien_500m
24B,91-067,390.6,promien_500m
24B,91-062,395.2,promien_500m
24B,90-713,402.5,promien_500m
24B,90-734,412.7,promien_500m
24B,90-639,417.8,promien_500m
24B,90-618,453.2,promien_500m
24B,90-711,458.8,promien_500m
24B,90-710,462.2,promien_500m
24B,90-736,472.2,promien_500m
24B,91-069,485.3,promien_500m
250A,90-509,0.0,promien_500m
250A,90-515,12.2,promien_500m
250A,90-516,27.1,promien_500m
250A,90-513,74.8,promien_500m
250A,90-508,92.0,promien_500m
250A,90-514,93.2,promien_500m
250A,90-510,112.9,promien_500m
250A,90-507,124.9,promien_500m
250A,90-420,143.5,promien_500m
250A,90-609,154.7,promien_500m
250A,90-427,158.2,promien_500m
250A,90-428,163.2,promien_500m
250A,90-431,165.7,promien_500m
250A,90-503,179.3,promien_500m
250A,90-608,180.8,promien_500m
250A,90-522,184.3,promien_500m
250A,90-505,184.9,promien_500m
250A,90-521,187.0,promien_500m
250A,90-613,189.0,promien_500m
250A,90-426,215.5,promien_500m
250A,90-520,223.4,promien_500m
250A,90-547,226.5,promien_500m
250A,90-501,231.8,promien_500m
250A,90-419,233.6,promien_500m
250A,90-436,235.5,promien_500m
250A,90-418,236.1,promien_500m
250A,90-432,237.0,promien_500m
250A,90-502,237.3,promien_500m
250A,90-511,238.5,promien_500m
250A,90-430,256.5,promien_500m
250A,90-631,258.7,promien_500m
250A,90-425,263.7,promien_500m
250A,90-519,275.4,promien_500m
250A,90-437,327.0,promien_500m
250A,90-006,353.3,promien_500m
250A,90-004,354.1,promien_500m
250A,90-007,354.2,promien_500m
250A,90-545,361.6,promien_500m
250A,90-550,361.6,promien_500m
250A,90-434,362.0,promien_500m
250A,90-423,366.6,promien_500m
250A,90-626,368.9,promien_500m
250A,90-567,378.4,promien_500m
250A,90-632,387.2,promien_500m
250A,90-549,388.8,promien_500m
250A,90-062,392.7,promien_500m
250A,90-103,408.4,promien_500m
250A,90-625,411.2,promien_500m
250A,90-568,413.6,promien_500m
250A,90-008,416.8,promien_500m
250A,90-060,419.8,promien_500m
250A,90-003,436.6,promien_500m
250A,90-001,438.6,promien_500m
250A,90-416,442.1,promien_500m
250A,90-422,453.1,promien_500m
250A,90-570,466.1,promien_500m
250A,90-630,471.9,promien_500m
250A,90-440,477.3,promien_500m
250A,90-612,478.6,promien_500m
250A,90-102,486.7,promien_500m
250A,90-552,488.3,promien_500m
250A,90-415,492.3,promien_500m
250A,90-009,496.5,promien_500m
251A,90-516,0.0,promien_500m
251A,90-515,7.6,promien_500m
251A,90-509,27.7,promien_500m
251A,90-514,46.4,promien_500m
251A,90-508,81.3,promien_500m
251A,90-510,88.6,promien_500m
251A,90-431,90.1,promien_500m
251A,90-428,109.7,promien_500m
251A,90-522,118.1,promien_500m
251A,90-521,124.9,promien_500m
251A,90-427,125.4,promien_500m
251A,90-513,147.4,promien_500m
251A,90-432,159.0,promien_500m
251A,90-436,159.6,promien_500m
251A,90-507,178.1,promien_500m
251A,90-420,212.6,promien_500m
251A,90-430,216.2,promien_500m
251A,90-520,217.6,promien_500m
251A,90-609,218.3,promien_500m
251A,90-503,221.4,promien_500m
251A,90-547,222.8,promien_500m
251A,90-426,224.9,promien_500m
251A,90-425,227.4,promien_500m
251A,90-608,236.0,promien_500m
251A,90-437,248.8,promien_500m
251A,90-419,254.4,promien_500m
251A,90-505,255.8,promien_500m
251A,90-511,260.0,promien_500m
251A,90-418,260.9,promien_500m
251A,90-613,264.7,promien_500m
251A,90-519,266.4,promien_500m
251A,90-434,287.5,promien_500m
251A,90-502,295.2,promien_500m
251A,90-006,298.2,promien_500m
251A,90-007,308.3,promien_500m
251A,90-501,308.7,promien_500m
251A,90-004,311.4,promien_500m
251A,90-062,321.7,promien_500m
251A,90-631,337.1,promien_500m
251A,90-008,347.0,promien_500m
251A,90-060,349.4,promien_500m
251A,90-423,360.2,promien_500m
251A,90-550,367.2,promien_500m
251A,90-103,397.3,promien_500m
251A,90-440,398.6,promien_500m
251A,90-545,399.7,promien_500m
251A,90-003,419.2,promien_500m
251A,90-549,420.2,promien_500m
251A,90-001,420.9,promien_500m
251A,90-056,439.1,promien_500m
251A,90-009,442.5,promien_500m
251A,90-063,443.9,promien_500m
251A,90-626,447.1,promien_500m
251A,90-567,449.8,promien_500m
251A,90-443,452.9,promien_500m
251A,90-568,459.3,promien_500m
251A,90-632,460.2,promien_500m
251A,90-536,463.1,promien_500m
251A,90-527,464.3,promien_500m
251A,90-422,479.1,promien_500m
251A,90-525,482.5,promien_500m
251A,90-625,486.0,promien_500m
251A,90-102,497.7,promien_500m
252A,90-515,0.0,promien_500m
252A,90-516,0.8,promien_500m
252A,90-513,31.2,promien_500m
252A,90-514,43.9,promien_500m
252A,90-420,62.4,promien_500m
252A,90-609,63.1,promien_500m
252A,90-509,66.1,promien_500m
252A,90-608,73.2,promien_500m
252A,90-427,111.7,promien_500m
252A,90-418,124.3,promien_500m
252A,90-426,126.0,promien_500m
252A,90-419,127.6,promien_500m
252A,90-508,132.9,promien_500m
252A,90-613,133.4,promien_500m
252A,90-428,165.2,promien_500m
252A,90-507,173.0,promien_500m
252A,90-510,225.4,promien_500m
252A,90-505,226.3,promien_500m
252A,90-430,227.1,promien_500m
252A,90-425,228.0,promien_500m
252A,90-501,230.6,promien_500m
252A,90-631,248.3,promien_500m
252A,90-431,250.3,promien_500m
252A,90-503,265.7,promien_500m
252A,90-423,273.5,promien_500m
252A,90-522,281.1,promien_500m
252A,90-521,287.2,promien_500m
252A,90-004,300.2,promien_500m
252A,90-432,301.3,promien_500m
252A,90-502,303.2,promien_500m
252A,90-436,317.2,promien_500m
252A,90-103,321.7,promien_500m
252A,90-007,323.2,promien_500m
252A,90-006,333.0,promien_500m
252A,90-520,336.5,promien_500m
252A,90-547,337.9,promien_500m
252A,90-511,340.8,promien_500m
252A,90-422,341.0,promien_500m
252A,90-626,344.6,promien_500m
252A,90-416,348.9,promien_500m
252A,90-003,359.8,promien_500m
252A,90-001,362.4,promien_500m
252A,90-102,382.0,promien_500m
252A,90-434,388.4,promien_500m
252A,90-519,388.5,promien_500m
252A,90-415,392.4,promien_500m
252A,90-437,396.6,promien_500m
252A,90-612,398.9,promien_500m
252A,90-567,400.9,promien_500m
252A,90-632,403.2,promien_500m
252A,90-646,408.9,promien_500m
252A,90-062,411.2,promien_500m
252A,90-625,418.2,promien_500m
252A,90-606,424.6,promien_500m
252A,90-008,424.9,promien_500m
252A,90-607,432.1,promien_500m
252A,90-060,434.7,promien_500m
252A,90-616,442.1,promien_500m
252A,90-623,443.1,promien_500m
252A,90-545,445.8,promien_500m
252A,90-010,456.0,promien_500m
252A,90-568,461.2,promien_500m
252A,90-101,468.6,promien_500m
252A,90-550,469.4,promien_500m
252A,90-009,471.7,promien_500m
252A,90-111,477.5,promien_500m
252A,90-630,478.4,promien_500m
252A,90-549,479.2,promien_500m
253A,90-608,0.0,promien_500m
253A,90-418,55.5,promien_500m
253A,90-609,69.7,promien_500m
253A,90-613,84.3,promien_500m
253A,90-513,101.7,promien_500m
253A,90-515,109.8,promien_500m
253A,90-419,110.1,promien_500m
253A,90-420,113.6,promien_500m
253A,90-516,140.8,promien_500m
253A,90-514,145.4,promien_500m
253A,90-426,171.2,promien_500m
253A,90-416,185.5,promien_500m
253A,90-427,193.7,promien_500m
253A,90-509,203.3,promien_500m
253A,90-508,203.7,promien_500m
253A,90-507,207.2,promien_500m
253A,90-422,220.6,promien_500m
253A,90-415,221.2,promien_500m
253A,90-423,227.1,promien_500m
253A,90-646,239.1,promien_500m
253A,90-501,240.9,promien_500m
253A,90-631,249.2,promien_500m
253A,90-612,252.3,promien_500m
253A,90-606,254.1,promien_500m
253A,90-607,259.1,promien_500m
253A,90-004,274.6,promien_500m
253A,90-616,276.4,promien_500m
253A,90-505,279.1,promien_500m
253A,90-425,283.4,promien_500m
253A,90-626,298.1,promien_500m
253A,90-623,299.7,promien_500m
253A,90-103,308.6,promien_500m
253A,90-102,311.3,promien_500m
253A,90-428,312.7,promien_500m
253A,90-502,322.6,promien_500m
253A,90-430,333.1,promien_500m
253A,90-003,368.1,promien_500m
253A,90-111,371.4,promien_500m
253A,90-503,371.7,promien_500m
253A,90-101,374.8,promien_500m
253A,90-001,376.6,promien_500m
253A,90-413,379.1,promien_500m
253A,90-601,386.9,promien_500m
253A,90-510,392.6,promien_500m
253A,90-625,396.9,promien_500m
253A,90-615,398.0,promien_500m
253A,90-632,402.6,promien_500m
253A,90-105,404.6,promien_500m
253A,90-567,409.6,promien_500m
253A,90-110,410.0,promien_500m
253A,90-007,414.0,promien_500m
253A,90-431,422.8,promien_500m
253A,90-107,427.2,promien_500m
253A,90-006,437.3,promien_500m
253A,90-630,451.4,promien_500m
253A,90-414,453.4,promien_500m
253A,90-522,454.1,promien_500m
253A,90-106,459.6,promien_500m
253A,90-521,459.9,promien_500m
253A,90-432,466.3,promien_500m
253A,90-731,471.1,promien_500m
253A,90-010,471.4,promien_500m
253A,90-511,473.9,promien_500m
253A,90-624,476.7,promien_500m
253A,90-602,482.2,promien_500m
253A,90-723,485.4,promien_500m
253A,90-568,485.6,promien_500m
253A,90-637,485.6,promien_500m
253A,90-547,487.3,promien_500m
253A,90-436,488.1,promien_500m
253A,90-520,490.5,promien_500m
254A,90-608,0.0,promien_500m
254A,90-418,41.8,promien_500m
254A,90-613,84.2,promien_500m
254A,90-419,114.2,promien_500m
254A,90-416,118.1,promien_500m
254A,90-515,125.9,promien_500m
254A,90-609,129.6,promien_500m
254A,90-415,144.2,promien_500m
254A,90-646,162.4,promien_500m
254A,90-606,177.6,promien_500m
254A,90-607,179.4,promien_500m
254A,90-513,181.5,promien_500m
254A,90-420,188.5,promien_500m
254A,90-422,188.8,promien_500m
254A,90-612,200.6,promien_500m
254A,90-616,204.1,promien_500m
254A,90-514,209.6,promien_500m
254A,90-423,212.6,promien_500m
254A,90-516,220.5,promien_500m
254A,90-426,232.5,promien_500m
254A,90-004,247.8,promien_500m
254A,90-623,248.2,promien_500m
254A,90-507,255.8,promien_500m
254A,90-508,255.9,promien_500m
254A,90-427,259.3,promien_500m
254A,90-631,275.3,promien_500m
254A,90-509,279.4,promien_500m
254A,90-501,285.0,promien_500m
254A,90-102,304.3,promien_500m
254A,90-103,305.6,promien_500m
254A,90-626,309.2,promien_500m
254A,90-601,310.1,promien_500m
254A,90-502,310.2,promien_500m
254A,90-413,321.0,promien_500m
254A,90-425,324.3,promien_500m
254A,90-505,328.1,promien_500m
254A,90-615,339.5,promien_500m
254A,90-111,339.8,promien_500m
254A,90-101,349.1,promien_500m
254A,90-105,358.8,promien_500m
254A,90-110,379.4,promien_500m
254A,90-414,381.1,promien_500m
254A,90-107,384.0,promien_500m
254A,90-003,385.3,promien_500m
254A,90-428,387.4,promien_500m
254A,90-731,391.3,promien_500m
254A,90-625,392.2,promien_500m
254A,90-430,397.0,promien_500m
254A,90-723,406.2,promien_500m
254A,90-001,406.9,promien_500m
254A,90-602,416.2,promien_500m
254A,90-106,424.5,promien_500m
254A,90-732,424.9,promien_500m
254A,90-725,425.1,promien_500m
254A,90-632,425.5,promien_500m
254A,90-730,433.0,promien_500m
254A,90-503,436.3,promien_500m
254A,90-624,437.4,promien_500m
254A,90-567,437.8,promien_500m
254A,90-630,447.1,promien_500m
254A,90-637,452.2,promien_500m
254A,90-402,465.6,promien_500m
254A,90-729,466.0,promien_500m
254A,90-007,470.5,promien_500m
254A,90-510,471.4,promien_500m
254A,90-617,472.1,promien_500m
254A,90-410,477.5,promien_500m
254A,90-135,495.7,promien_500m
254A,90-006,496.9,promien_500m
254A,90-117,497.2,promien_500m
254A,90-010,497.3,promien_500m
255A,90-608,0.0,promien_500m
255A,90-418,59.5,promien_500m
255A,90-416,64.7,promien_500m
255A,90-515,66.4,promien_500m
255A,90-613,76.7,promien_500m
255A,90-415,82.5,promien_500m
255A,90-646,114.2,promien_500m
255A,90-606,116.0,promien_500m
255A,90-607,118.2,promien_500m
255A,90-419,130.2,promien_500m
255A,90-616,143.5,promien_500m
255A,90-612,155.0,promien_500m
255A,90-609,173.5,promien_500m
255A,90-422,187.2,promien_500m
255A,90-623,207.8,promien_500m
255A,90-423,231.6,promien_500m
255A,90-513,242.6,promien_500m
255A,90-420,245.1,promien_500m
255A,90-601,248.0,promien_500m
255A,90-004,257.0,promien_500m
255A,90-514,270.0,promien_500m
255A,90-516,282.1,promien_500m
255A,90-413,285.7,promien_500m
255A,90-615,290.4,promien_500m
255A,90-426,291.9,promien_500m
255A,90-507,293.3,promien_500m
255A,90-508,294.2,promien_500m
255A,90-626,296.0,promien_500m
255A,90-631,297.2,promien_500m
255A,90-502,299.9,promien_500m
255A,90-102,311.8,promien_500m
255A,90-501,319.1,promien_500m
255A,90-427,319.6,promien_500m
255A,90-103,328.2,promien_500m
255A,90-731,331.0,promien_500m
255A,90-414,332.1,promien_500m
255A,90-509,336.1,promien_500m
255A,90-111,340.2,promien_500m
255A,90-105,345.2,promien_500m
255A,90-723,347.7,promien_500m
255A,90-101,351.3,promien_500m
255A,90-602,360.3,promien_500m
255A,90-505,364.3,promien_500m
255A,90-732,366.1,promien_500m
255A,90-425,371.1,promien_500m
255A,90-730,371.3,promien_500m
255A,90-725,371.6,promien_500m
255A,90-107,371.7,promien_500m
255A,90-110,379.6,promien_500m
255A,90-625,382.7,promien_500m
255A,90-624,402.4,promien_500m
255A,90-729,405.5,promien_500m
255A,90-402,411.5,promien_500m
255A,90-106,419.5,promien_500m
255A,90-637,419.5,promien_500m
255A,90-003,420.8,promien_500m
255A,90-410,431.2,promien_500m
255A,90-001,435.0,promien_500m
255A,90-617,439.0,promien_500m
255A,90-630,440.0,promien_500m
255A,90-632,440.0,promien_500m
255A,90-428,449.6,promien_500m
255A,90-430,456.0,promien_500m
255A,90-567,456.1,promien_500m
255A,90-135,457.7,promien_500m
255A,90-629,465.1,promien_500m
255A,90-265,476.9,promien_500m
255A,90-117,477.2,promien_500m
255A,90-503,482.3,promien_500m
255A,90-113,488.3,promien_500m
255A,90-737,493.9,promien_500m
255A,90-728,495.6,promien_500m
255A,90-722,498.4,promien_500m
256A,90-608,0.0,promien_500m
256A,90-515,15.9,promien_500m
256A,90-415,44.2,promien_500m
256A,90-418,49.9,promien_500m
256A,90-416,51.5,promien_500m
256A,90-607,69.2,promien_500m
256A,90-646,69.6,promien_500m
256A,90-606,82.2,promien_500m
256A,90-613,89.6,promien_500m
256A,90-616,111.7,promien_500m
256A,90-419,114.5,promien_500m
256A,90-612,149.9,promien_500m
256A,90-422,168.6,promien_500m
256A,90-623,203.7,promien_500m
256A,90-601,207.2,promien_500m
256A,90-609,223.9,promien_500m
256A,90-423,234.5,promien_500m
256A,90-413,242.9,promien_500m
256A,90-004,252.0,promien_500m
256A,90-615,275.8,promien_500m
256A,90-731,280.9,promien_500m
256A,90-414,282.1,promien_500m
256A,90-513,291.9,promien_500m
256A,90-420,296.0,promien_500m
256A,90-723,296.8,promien_500m
256A,90-102,301.3,promien_500m
256A,90-626,310.4,promien_500m
256A,90-514,310.5,promien_500m
256A,90-732,315.2,promien_500m
256A,90-105,317.0,promien_500m
256A,90-502,319.3,promien_500m
256A,90-725,320.9,promien_500m
256A,90-111,325.4,promien_500m
256A,90-516,331.0,promien_500m
256A,90-426,331.1,promien_500m
256A,90-730,331.7,promien_500m
256A,90-103,331.9,promien_500m
256A,90-602,334.0,promien_500m
256A,90-101,337.6,promien_500m
256A,90-631,339.4,promien_500m
256A,90-507,341.4,promien_500m
256A,90-508,342.6,promien_500m
256A,90-107,346.3,promien_500m
256A,90-427,360.0,promien_500m
256A,90-402,360.7,promien_500m
256A,90-110,363.6,promien_500m
256A,90-501,366.0,promien_500m
256A,90-729,369.4,promien_500m
256A,90-410,383.0,promien_500m
256A,90-509,387.0,promien_500m
256A,90-425,395.5,promien_500m
256A,90-625,396.9,promien_500m
256A,90-106,398.8,promien_500m
256A,90-624,402.4,promien_500m
256A,90-505,411.6,promien_500m
256A,90-135,413.7,promien_500m
256A,90-637,421.5,promien_500m
256A,90-265,432.5,promien_500m
256A,90-003,433.7,promien_500m
256A,90-001,438.7,promien_500m
256A,90-617,440.4,promien_500m
256A,90-117,444.7,promien_500m
256A,90-722,447.8,promien_500m
256A,90-728,448.1,promien_500m
256A,90-113,457.3,promien_500m
256A,90-630,461.1,promien_500m
256A,90-629,462.5,promien_500m
256A,90-737,474.2,promien_500m
256A,90-632,477.1,promien_500m
256A,90-411,489.0,promien_500m
256A,90-430,493.6,promien_500m
256A,90-428,493.7,promien_500m
256A,90-567,495.0,promien_500m
256A,90-604,499.1,promien_500m
257A,90-418,0.0,promien_500m
257A,90-419,19.5,promien_500m
257A,90-609,26.9,promien_500m
257A,90-608,39.4,promien_500m
257A,90-514,50.7,promien_500m
257A,90-513,51.9,promien_500m
257A,90-420,58.3,promien_500m
257A,90-426,71.4,promien_500m
257A,90-427,100.2,promien_500m
257A,90-516,117.6,promien_500m
257A,90-515,118.2,promien_500m
257A,90-423,147.1,promien_500m
257A,90-425,176.6,promien_500m
257A,90-613,184.5,promien_500m
257A,90-422,189.9,promien_500m
257A,90-509,212.1,promien_500m
257A,90-103,213.6,promien_500m
257A,90-004,220.1,promien_500m
257A,90-430,235.6,promien_500m
257A,90-428,237.8,promien_500m
257A,90-102,239.7,promien_500m
257A,90-508,253.4,promien_500m
257A,90-003,268.5,promien_500m
257A,90-001,272.6,promien_500m
257A,90-415,273.5,promien_500m
257A,90-507,279.3,promien_500m
257A,90-416,279.7,promien_500m
257A,90-646,287.3,promien_500m
257A,90-007,310.1,promien_500m
257A,90-501,315.3,promien_500m
257A,90-101,320.7,promien_500m
257A,90-111,327.3,promien_500m
257A,90-607,327.4,promien_500m
257A,90-631,330.4,promien_500m
257A,90-006,335.8,promien_500m
257A,90-606,336.1,promien_500m
257A,90-505,341.6,promien_500m
257A,90-431,346.2,promien_500m
257A,90-612,355.6,promien_500m
257A,90-110,359.4,promien_500m
257A,90-413,361.9,promien_500m
257A,90-616,364.0,promien_500m
257A,90-010,368.4,promien_500m
257A,90-510,372.1,promien_500m
257A,90-105,378.9,promien_500m
257A,90-107,391.1,promien_500m
257A,90-626,394.6,promien_500m
257A,90-432,399.2,promien_500m
257A,90-623,403.3,promien_500m
257A,90-503,405.5,promien_500m
257A,90-522,412.5,promien_500m
257A,90-106,415.4,promien_500m
257A,90-521,421.2,promien_500m
257A,90-502,427.8,promien_500m
257A,90-436,431.5,promien_500m
257A,90-434,434.3,promien_500m
257A,90-114,449.0,promien_500m
257A,90-009,450.8,promien_500m
257A,90-008,452.2,promien_500m
257A,90-060,452.4,promien_500m
257A,90-062,452.7,promien_500m
257A,90-601,466.6,promien_500m
257A,90-414,475.7,promien_500m
257A,90-520,487.3,promien_500m
257A,90-547,489.0,promien_500m
257A,90-632,489.5,promien_500m
257A,90-511,490.3,promien_500m
257A,90-625,490.5,promien_500m
257A,90-567,492.1,promien_500m
257A,90-437,495.7,promien_500m
257A,90-615,498.8,promien_500m
258A,90-418,0.0,promien_500m
258A,90-419,20.3,promien_500m
258A,90-608,45.3,promien_500m
258A,90-422,111.2,promien_500m
258A,90-609,118.2,promien_500m
258A,90-423,121.8,promien_500m
258A,90-420,134.2,promien_500m
258A,90-515,150.5,promien_500m
258A,90-514,159.4,promien_500m
258A,90-513,161.5,promien_500m
258A,90-415,165.6,promien_500m
258A,90-004,165.7,promien_500m
258A,90-613,174.9,promien_500m
258A,90-426,176.6,promien_500m
258A,90-646,178.8,promien_500m
258A,90-416,199.1,promien_500m
258A,90-427,207.4,promien_500m
258A,90-102,212.3,promien_500m
258A,90-103,212.4,promien_500m
258A,90-516,216.6,promien_500m
258A,90-607,225.1,promien_500m
258A,90-425,236.8,promien_500m
258A,90-606,242.9,promien_500m
258A,90-111,262.1,promien_500m
258A,90-101,267.0,promien_500m
258A,90-616,272.2,promien_500m
258A,90-413,272.7,promien_500m
258A,90-612,288.7,promien_500m
258A,90-003,290.7,promien_500m
258A,90-105,296.5,promien_500m
258A,90-509,298.0,promien_500m
258A,90-110,300.9,promien_500m
258A,90-508,312.3,promien_500m
258A,90-001,315.2,promien_500m
258A,90-507,316.7,promien_500m
258A,90-107,317.9,promien_500m
258A,90-430,334.8,promien_500m
258A,90-623,338.9,promien_500m
258A,90-428,344.7,promien_500m
258A,90-501,349.9,promien_500m
258A,90-106,350.1,promien_500m
258A,90-631,353.4,promien_500m
258A,90-601,368.0,promien_500m
258A,90-414,368.4,promien_500m
258A,90-007,386.8,promien_500m
258A,90-505,388.6,promien_500m
258A,90-626,396.1,promien_500m
258A,90-502,403.9,promien_500m
258A,90-010,404.1,promien_500m
258A,90-723,417.6,promien_500m
258A,90-731,421.1,promien_500m
258A,90-615,424.7,promien_500m
258A,90-006,425.3,promien_500m
258A,90-725,430.3,promien_500m
258A,90-117,438.6,promien_500m
258A,90-113,444.0,promien_500m
258A,90-114,444.7,promien_500m
258A,90-732,447.1,promien_500m
258A,90-431,453.1,promien_500m
258A,90-410,458.6,promien_500m
258A,90-135,465.0,promien_500m
258A,90-402,470.9,promien_500m
258A,90-510,473.1,promien_500m
258A,90-503,476.9,promien_500m
258A,90-265,485.4,promien_500m
258A,90-625,485.6,promien_500m
258A,90-730,492.4,promien_500m
258A,90-602,493.0,promien_500m
258A,90-009,494.0,promien_500m
259A,90-418,0.0,promien_500m
259A,90-419,24.8,promien_500m
259A,90-608,42.7,promien_500m
259A,90-515,58.2,promien_500m
259A,90-415,68.6,promien_500m
259A,90-646,78.5,promien_500m
259A,90-422,79.1,promien_500m
259A,90-607,138.4,promien_500m
259A,90-423,139.4,promien_500m
259A,90-416,148.2,promien_500m
259A,90-004,155.4,promien_500m
259A,90-606,167.6,promien_500m
259A,90-613,178.7,promien_500m
259A,90-413,197.7,promien_500m
259A,90-616,202.5,promien_500m
259A,90-102,206.2,promien_500m
259A,90-609,220.0,promien_500m
259A,90-420,225.7,promien_500m
259A,90-111,232.8,promien_500m
259A,90-103,236.2,promien_500m
259A,90-105,238.3,promien_500m
259A,90-101,244.3,promien_500m
259A,90-612,246.3,promien_500m
259A,90-107,264.5,promien_500m
259A,90-514,265.0,promien_500m
259A,90-414,266.8,promien_500m
259A,90-513,267.3,promien_500m
259A,90-110,271.9,promien_500m
259A,90-426,274.7,promien_500m
259A,90-601,281.6,promien_500m
259A,90-623,300.2,promien_500m
259A,90-106,311.3,promien_500m
259A,90-723,311.9,promien_500m
259A,90-427,312.4,promien_500m
259A,90-425,316.0,promien_500m
259A,90-516,316.5,promien_500m
259A,90-731,317.9,promien_500m
259A,90-725,324.7,promien_500m
259A,90-732,342.0,promien_500m
259A,90-003,342.2,promien_500m
259A,90-001,342.8,promien_500m
259A,90-410,363.0,promien_500m
259A,90-402,365.5,promien_500m
259A,90-615,371.4,promien_500m
259A,90-135,373.4,promien_500m
259A,90-117,373.8,promien_500m
259A,90-507,380.7,promien_500m
259A,90-508,380.8,promien_500m
259A,90-113,383.6,promien_500m
259A,90-509,390.5,promien_500m
259A,90-265,393.5,promien_500m
259A,90-631,397.1,promien_500m
259A,90-626,401.5,promien_500m
259A,90-730,404.0,promien_500m
259A,90-502,407.2,promien_500m
259A,90-501,409.9,promien_500m
259A,90-602,417.5,promien_500m
259A,90-430,435.0,promien_500m
259A,90-428,445.7,promien_500m
259A,90-007,446.6,promien_500m
259A,90-729,447.0,promien_500m
259A,90-114,450.0,promien_500m
259A,90-505,453.0,promien_500m
259A,90-010,460.6,promien_500m
259A,90-722,473.3,promien_500m
259A,90-625,489.4,promien_500m
259A,90-728,495.7,promien_500m
259A,90-411,498.4,promien_500m
259A,90-624,498.7,promien_500m
259A,90-266,499.0,promien_500m
25B,90-752,0.0,promien_500m
25B,90-753,13.1,promien_500m
25B,90-740,31.8,promien_500m
25B,90-756,43.3,promien_500m
25B,90-755,61.0,promien_500m
25B,90-763,69.6,promien_500m
25B,90-764,83.5,promien_500m
25B,90-747,120.6,promien_500m
25B,90-762,125.4,promien_500m
25B,90-757,133.0,promien_500m
25B,91-072,136.9,promien_500m
25B,90-401,137.8,promien_500m
25B,90-749,142.1,promien_500m
25B,90-758,165.1,promien_500m
25B,90-741,166.4,promien_500m
25B,90-717,178.2,promien_500m
25B,90-748,191.2,promien_500m
25B,90-745,200.4,promien_500m
25B,90-754,214.6,promien_500m
25B,91-070,234.7,promien_500m
25B,90-750,238.8,promien_500m
25B,91-073,244.4,promien_500m
25B,90-411,244.7,promien_500m
25B,90-558,246.8,promien_500m
25B,90-635,247.8,promien_500m
25B,90-759,253.1,promien_500m
25B,90-703,257.2,promien_500m
25B,90-739,288.5,promien_500m
25B,90-746,290.6,promien_500m
25B,90-643,296.2,promien_500m
25B,91-071,301.1,promien_500m
25B,91-074,307.9,promien_500m
25B,90-735,313.0,promien_500m
25B,90-647,313.4,promien_500m
25B,90-604,321.8,promien_500m
25B,90-569,323.1,promien_500m
25B,91-078,333.4,promien_500m
25B,90-639,355.0,promien_500m
25B,90-742,363.9,promien_500m
25B,90-743,369.3,promien_500m
25B,91-068,376.0,promien_500m
25B,90-618,406.0,promien_500m
25B,90-718,407.0,promien_500m
25B,90-712,408.1,promien_500m
25B,90-734,416.6,promien_500m
25B,90-645,430.9,promien_500m
25B,90-713,437.8,promien_500m
25B,90-636,455.2,promien_500m
25B,91-062,458.3,promien_500m
25B,91-067,460.6,promien_500m
25B,90-736,463.4,promien_500m
25B,90-711,468.7,promien_500m
25B,90-415,469.6,promien_500m
25B,90-646,471.9,promien_500m
25B,90-765,484.2,promien_500m
25B,90-629,497.2,promien_500m
260A,90-419,0.0,promien_500m
260A,90-418,3.3,promien_500m
260A,90-422,42.3,promien_500m
260A,90-646,63.2,promien_500m
260A,90-415,73.1,promien_500m
260A,90-608,76.2,promien_500m
260A,90-515,79.9,promien_500m
260A,90-423,122.4,promien_500m
260A,90-004,130.0,promien_500m
260A,90-607,147.1,promien_500m
260A,90-413,163.3,promien_500m
260A,90-102,175.1,promien_500m
260A,90-416,175.9,promien_500m
260A,90-606,184.3,promien_500m
260A,90-111,198.7,promien_500m
260A,90-105,200.0,promien_500m
260A,90-101,210.8,promien_500m
260A,90-613,213.1,promien_500m
260A,90-103,216.7,promien_500m
260A,90-616,224.2,promien_500m
260A,90-107,226.3,promien_500m
260A,90-420,233.2,promien_500m
260A,90-110,237.2,promien_500m
260A,90-414,239.1,promien_500m
260A,90-609,247.1,promien_500m
260A,90-106,274.5,promien_500m
260A,90-612,276.1,promien_500m
260A,90-514,284.1,promien_500m
260A,90-426,285.3,promien_500m
260A,90-513,287.2,promien_500m
260A,90-601,291.6,promien_500m
260A,90-723,292.5,promien_500m
260A,90-725,304.5,promien_500m
260A,90-731,309.7,promien_500m
260A,90-425,314.8,promien_500m
260A,90-001,321.2,promien_500m
260A,90-623,327.4,promien_500m
260A,90-003,328.4,promien_500m
260A,90-427,329.6,promien_500m
260A,90-732,329.9,promien_500m
260A,90-410,331.7,promien_500m
260A,90-117,335.2,promien_500m
260A,90-135,339.3,promien_500m
260A,90-402,344.7,promien_500m
260A,90-113,345.0,promien_500m
260A,90-516,345.1,promien_500m
260A,90-265,359.6,promien_500m
260A,90-615,395.8,promien_500m
260A,90-730,411.0,promien_500m
260A,90-507,418.2,promien_500m
260A,90-508,418.3,promien_500m
260A,90-114,420.8,promien_500m
260A,90-509,422.5,promien_500m
260A,90-602,427.6,promien_500m
260A,90-007,434.7,promien_500m
260A,90-631,435.7,promien_500m
260A,90-626,435.8,promien_500m
260A,90-502,442.8,promien_500m
260A,90-430,445.3,promien_500m
260A,90-010,447.2,promien_500m
260A,90-501,447.8,promien_500m
260A,90-722,450.8,promien_500m
260A,90-729,456.5,promien_500m
260A,90-428,456.8,promien_500m
260A,90-266,461.5,promien_500m
260A,90-411,477.7,promien_500m
260A,90-728,489.8,promien_500m
260A,90-505,490.7,promien_500m
261A,90-419,0.0,promien_500m
261A,90-418,14.1,promien_500m
261A,90-422,61.3,promien_500m
261A,90-608,75.9,promien_500m
261A,90-423,86.5,promien_500m
261A,90-004,119.5,promien_500m
261A,90-515,130.0,promien_500m
261A,90-415,140.1,promien_500m
261A,90-646,143.1,promien_500m
261A,90-420,152.0,promien_500m
261A,90-609,169.5,promien_500m
261A,90-102,178.3,promien_500m
261A,90-103,181.7,promien_500m
261A,90-514,200.0,promien_500m
261A,90-426,202.3,promien_500m
261A,90-513,203.3,promien_500m
261A,90-416,204.8,promien_500m
261A,90-607,210.4,promien_500m
261A,90-613,212.7,promien_500m
261A,90-111,213.6,promien_500m
261A,90-413,219.5,promien_500m
261A,90-101,221.8,promien_500m
261A,90-606,237.8,promien_500m
261A,90-425,242.6,promien_500m
261A,90-105,243.7,promien_500m
261A,90-427,245.2,promien_500m
261A,90-110,252.9,promien_500m
261A,90-107,266.3,promien_500m
261A,90-516,266.9,promien_500m
261A,90-616,268.5,promien_500m
261A,90-003,276.8,promien_500m
261A,90-001,288.3,promien_500m
261A,90-612,299.8,promien_500m
261A,90-106,300.5,promien_500m
261A,90-414,321.7,promien_500m
261A,90-509,350.9,promien_500m
261A,90-601,354.1,promien_500m
261A,90-623,354.3,promien_500m
261A,90-430,362.7,promien_500m
261A,90-508,364.8,promien_500m
261A,90-507,367.3,promien_500m
261A,90-428,373.8,promien_500m
261A,90-723,377.0,promien_500m
261A,90-007,378.9,promien_500m
261A,90-117,385.8,promien_500m
261A,90-725,388.9,promien_500m
261A,90-731,390.5,promien_500m
261A,90-113,391.7,promien_500m
261A,90-010,394.1,promien_500m
261A,90-631,399.3,promien_500m
261A,90-501,399.9,promien_500m
261A,90-410,407.5,promien_500m
261A,90-114,409.1,promien_500m
261A,90-732,412.4,promien_500m
261A,90-135,413.5,promien_500m
261A,90-402,429.2,promien_500m
261A,90-615,431.7,promien_500m
261A,90-265,434.0,promien_500m
261A,90-502,437.4,promien_500m
261A,90-626,437.4,promien_500m
261A,90-505,439.6,promien_500m
261A,90-006,444.6,promien_500m
261A,90-730,477.2,promien_500m
261A,90-009,481.1,promien_500m
261A,90-431,487.1,promien_500m
261A,90-602,489.6,promien_500m
262A,90-419,0.0,promien_500m
262A,90-418,14.4,promien_500m
262A,90-420,45.3,promien_500m
262A,90-609,63.5,promien_500m
262A,90-608,71.0,promien_500m
262A,90-514,71.8,promien_500m
262A,90-513,76.0,promien_500m
262A,90-426,82.5,promien_500m
262A,90-423,113.1,promien_500m
262A,90-427,115.4,promien_500m
262A,90-422,153.4,promien_500m
262A,90-516,154.3,promien_500m
262A,90-515,157.3,promien_500m
262A,90-425,159.5,promien_500m
262A,90-103,180.9,promien_500m
262A,90-004,194.5,promien_500m
262A,90-102,200.6,promien_500m
262A,90-613,214.8,promien_500m
262A,90-003,238.1,promien_500m
262A,90-430,239.1,promien_500m
262A,90-001,246.0,promien_500m
262A,90-428,249.0,promien_500m
262A,90-509,250.4,promien_500m
262A,90-415,260.9,promien_500m
262A,90-646,268.1,promien_500m
262A,90-101,281.9,promien_500m
262A,90-416,284.6,promien_500m
262A,90-111,289.3,promien_500m
262A,90-508,292.2,promien_500m
262A,90-007,304.2,promien_500m
262A,90-507,316.0,promien_500m
262A,90-110,320.4,promien_500m
262A,90-607,320.5,promien_500m
262A,90-413,327.9,promien_500m
262A,90-006,331.7,promien_500m
262A,90-606,335.2,promien_500m
262A,90-010,340.5,promien_500m
262A,90-105,343.2,promien_500m
262A,90-501,351.8,promien_500m
262A,90-107,353.7,promien_500m
262A,90-431,358.8,promien_500m
262A,90-616,364.0,promien_500m
262A,90-631,366.6,promien_500m
262A,90-612,368.4,promien_500m
262A,90-106,377.1,promien_500m
262A,90-505,380.3,promien_500m
262A,90-510,405.8,promien_500m
262A,90-114,414.7,promien_500m
262A,90-623,415.9,promien_500m
262A,90-432,419.0,promien_500m
262A,90-626,426.0,promien_500m
262A,90-009,432.3,promien_500m
262A,90-434,440.3,promien_500m
262A,90-522,441.0,promien_500m
262A,90-503,444.6,promien_500m
262A,90-414,450.2,promien_500m
262A,90-521,450.3,promien_500m
262A,90-060,450.7,promien_500m
262A,90-008,451.9,promien_500m
262A,90-436,453.1,promien_500m
262A,90-502,453.4,promien_500m
262A,90-062,457.2,promien_500m
262A,90-601,462.6,promien_500m
262A,90-117,481.7,promien_500m
262A,90-002,483.1,promien_500m
262A,90-113,483.4,promien_500m
263A,90-426,0.0,promien_500m
263A,90-425,10.0,promien_500m
263A,90-423,16.1,promien_500m
263A,90-420,21.0,promien_500m
263A,90-004,46.2,promien_500m
263A,90-427,54.3,promien_500m
263A,90-103,58.5,promien_500m
263A,90-419,72.3,promien_500m
263A,90-003,96.8,promien_500m
263A,90-001,99.6,promien_500m
263A,90-514,134.8,promien_500m
263A,90-418,152.3,promien_500m
263A,90-609,152.3,promien_500m
263A,90-430,153.7,promien_500m
263A,90-513,158.2,promien_500m
263A,90-007,162.3,promien_500m
263A,90-428,168.0,promien_500m
263A,90-102,172.4,promien_500m
263A,90-010,195.9,promien_500m
263A,90-422,206.1,promien_500m
263A,90-006,206.2,promien_500m
263A,90-608,214.6,promien_500m
263A,90-516,226.1,promien_500m
263A,90-515,256.7,promien_500m
263A,90-101,258.8,promien_500m
263A,90-009,285.4,promien_500m
263A,90-431,287.6,promien_500m
263A,90-111,288.3,promien_500m
263A,90-114,293.6,promien_500m
263A,90-110,296.7,promien_500m
263A,90-060,324.1,promien_500m
263A,90-008,327.3,promien_500m
263A,90-509,329.1,promien_500m
263A,90-434,338.5,promien_500m
263A,90-415,340.2,promien_500m
263A,90-646,345.3,promien_500m
263A,90-002,348.7,promien_500m
263A,90-062,349.7,promien_500m
263A,90-107,358.9,promien_500m
263A,90-613,358.9,promien_500m
263A,90-106,359.7,promien_500m
263A,90-413,365.4,promien_500m
263A,90-105,367.4,promien_500m
263A,90-432,371.8,promien_500m
263A,90-508,398.1,promien_500m
263A,90-436,398.9,promien_500m
263A,90-416,432.5,promien_500m
263A,90-510,432.7,promien_500m
263A,90-522,434.1,promien_500m
263A,90-507,435.3,promien_500m
263A,90-521,446.5,promien_500m
263A,90-437,447.7,promien_500m
263A,90-607,453.3,promien_500m
263A,90-113,469.9,promien_500m
263A,90-056,474.4,promien_500m
263A,90-606,476.5,promien_500m
263A,90-501,477.6,promien_500m
263A,90-055,478.0,promien_500m
263A,90-117,484.8,promien_500m
263A,90-505,489.3,promien_500m
263A,90-631,494.1,promien_500m
263A,90-057,498.4,promien_500m
263A,90-061,499.0,promien_500m
264A,90-003,0.0,promien_500m
264A,90-007,10.2,promien_500m
264A,90-001,10.8,promien_500m
264A,90-010,17.4,promien_500m
264A,90-004,57.6,promien_500m
264A,90-103,82.7,promien_500m
264A,90-009,109.1,promien_500m
264A,90-423,122.9,promien_500m
264A,90-425,132.4,promien_500m
264A,90-114,136.3,promien_500m
264A,90-102,142.0,promien_500m
264A,90-426,167.9,promien_500m
264A,90-002,169.2,promien_500m
264A,90-420,185.1,promien_500m
264A,90-006,204.9,promien_500m
264A,90-427,207.3,promien_500m
264A,90-419,213.9,promien_500m
264A,90-430,214.0,promien_500m
264A,90-101,218.0,promien_500m
264A,90-060,254.8,promien_500m
264A,90-111,272.4,promien_500m
264A,90-428,276.6,promien_500m
264A,90-110,284.8,promien_500m
264A,90-422,299.7,promien_500m
264A,90-008,313.6,promien_500m
264A,90-514,314.1,promien_500m
264A,90-418,329.6,promien_500m
264A,90-106,330.8,promien_500m
264A,90-609,332.1,promien_500m
264A,90-119,337.4,promien_500m
264A,90-513,337.9,promien_500m
264A,90-055,340.4,promien_500m
264A,90-113,342.8,promien_500m
264A,90-107,347.4,promien_500m
264A,90-431,348.6,promien_500m
264A,90-062,356.2,promien_500m
264A,90-434,361.7,promien_500m
264A,90-061,385.1,promien_500m
264A,90-105,386.9,promien_500m
264A,90-608,390.6,promien_500m
264A,90-413,391.1,promien_500m
264A,90-058,394.5,promien_500m
264A,90-516,399.2,promien_500m
264A,90-646,399.3,promien_500m
264A,90-057,402.9,promien_500m
264A,90-011,403.2,promien_500m
264A,90-415,405.8,promien_500m
264A,90-056,425.2,promien_500m
264A,90-515,434.9,promien_500m
264A,90-432,438.6,promien_500m
264A,90-012,443.2,promien_500m
264A,90-117,461.9,promien_500m
264A,90-021,469.9,promien_500m
264A,90-436,480.8,promien_500m
264A,90-509,488.7,promien_500m
264A,90-437,499.3,promien_500m
265A,90-003,0.0,promien_500m
265A,90-010,18.0,promien_500m
265A,90-009,26.6,promien_500m
265A,90-007,43.6,promien_500m
265A,90-114,65.1,promien_500m
265A,90-002,66.0,promien_500m
265A,90-001,110.0,promien_500m
265A,90-004,141.4,promien_500m
265A,90-103,173.9,promien_500m
265A,90-102,192.1,promien_500m
265A,90-101,198.3,promien_500m
265A,90-423,225.0,promien_500m
265A,90-425,234.6,promien_500m
265A,90-006,236.2,promien_500m
265A,90-119,247.9,promien_500m
265A,90-426,270.6,promien_500m
265A,90-060,273.0,promien_500m
265A,90-113,274.0,promien_500m
265A,90-111,274.6,promien_500m
265A,90-420,286.2,promien_500m
265A,90-055,289.8,promien_500m
265A,90-430,291.1,promien_500m
265A,90-110,299.3,promien_500m
265A,90-427,308.6,promien_500m
265A,90-011,309.3,promien_500m
265A,90-419,311.8,promien_500m
265A,90-106,317.4,promien_500m
265A,90-008,326.8,promien_500m
265A,90-012,344.2,promien_500m
265A,90-061,352.5,promien_500m
265A,90-422,357.8,promien_500m
265A,90-058,365.0,promien_500m
265A,90-107,366.4,promien_500m
265A,90-021,366.7,promien_500m
265A,90-428,368.2,promien_500m
265A,90-057,377.4,promien_500m
265A,90-062,392.1,promien_500m
265A,90-431,415.4,promien_500m
265A,90-434,415.6,promien_500m
265A,90-514,417.3,promien_500m
265A,90-105,423.0,promien_500m
265A,90-118,424.6,promien_500m
265A,90-015,426.0,promien_500m
265A,90-056,427.0,promien_500m
265A,90-418,431.1,promien_500m
265A,90-413,434.0,promien_500m
265A,90-609,435.1,promien_500m
265A,90-513,441.0,promien_500m
265A,90-646,453.1,promien_500m
265A,90-415,460.5,promien_500m
265A,90-117,472.9,promien_500m
265A,90-608,491.9,promien_500m
267A,90-009,0.0,promien_500m
267A,90-010,0.8,promien_500m
267A,90-003,3.9,promien_500m
267A,90-007,10.4,promien_500m
267A,90-002,69.6,promien_500m
267A,90-114,95.2,promien_500m
267A,90-001,113.0,promien_500m
267A,90-004,132.7,promien_500m
267A,90-103,191.5,promien_500m
267A,90-006,208.4,promien_500m
267A,90-102,218.7,promien_500m
267A,90-101,232.2,promien_500m
267A,90-423,232.3,promien_500m
267A,90-425,235.0,promien_500m
267A,90-060,242.2,promien_500m
267A,90-055,257.9,promien_500m
267A,90-119,266.2,promien_500m
267A,90-430,274.6,promien_500m
267A,90-426,276.7,promien_500m
267A,90-008,292.9,promien_500m
267A,90-011,293.5,promien_500m
267A,90-420,294.8,promien_500m
267A,90-113,301.0,promien_500m
267A,90-427,305.5,promien_500m
267A,90-111,308.1,promien_500m
267A,90-061,319.0,promien_500m
267A,90-419,323.6,promien_500m
267A,90-058,331.3,promien_500m
267A,90-110,332.6,promien_500m
267A,90-012,333.6,promien_500m
267A,90-057,343.7,promien_500m
267A,90-106,351.2,promien_500m
267A,90-428,357.3,promien_500m
267A,90-062,363.1,promien_500m
267A,90-021,367.7,promien_500m
267A,90-422,384.7,promien_500m
267A,90-434,390.3,promien_500m
267A,90-431,393.6,promien_500m
267A,90-056,393.7,promien_500m
267A,90-107,399.9,promien_500m
267A,90-514,419.3,promien_500m
267A,90-015,424.5,promien_500m
267A,90-418,439.0,promien_500m
267A,90-609,439.4,promien_500m
267A,90-118,444.2,promien_500m
267A,90-513,445.1,promien_500m
267A,90-105,454.0,promien_500m
267A,90-413,464.0,promien_500m
267A,90-049,470.5,promien_500m
267A,90-646,481.3,promien_500m
267A,90-432,485.1,promien_500m
267A,90-415,488.6,promien_500m
267A,90-019,495.3,promien_500m
26B,90-752,0.0,promien_500m
26B,90-753,11.5,promien_500m
26B,90-740,12.4,promien_500m
26B,90-756,19.0,promien_500m
26B,90-755,59.0,promien_500m
26B,90-763,92.4,promien_500m
26B,90-747,96.7,promien_500m
26B,90-764,100.7,promien_500m
26B,90-757,116.0,promien_500m
26B,90-749,119.2,promien_500m
26B,90-762,138.4,promien_500m
26B,90-758,141.8,promien_500m
26B,90-741,148.2,promien_500m
26B,90-717,159.0,promien_500m
26B,91-072,159.4,promien_500m
26B,90-401,161.9,promien_500m
26B,90-748,167.8,promien_500m
26B,90-754,195.2,promien_500m
26B,90-745,202.1,promien_500m
26B,90-750,214.7,promien_500m
26B,90-558,222.8,promien_500m
26B,90-635,224.5,promien_500m
26B,90-411,227.1,promien_500m
26B,90-759,237.6,promien_500m
26B,91-070,245.0,promien_500m
26B,90-703,259.0,promien_500m
26B,91-073,265.6,promien_500m
26B,90-746,273.4,promien_500m
26B,90-643,277.5,promien_500m
26B,90-739,278.9,promien_500m
26B,90-735,295.1,promien_500m
26B,90-604,297.4,promien_500m
26B,90-647,301.7,promien_500m
26B,90-569,322.2,promien_500m
26B,91-071,324.8,promien_500m
26B,90-639,331.3,promien_500m
26B,91-074,331.6,promien_500m
26B,90-743,349.0,promien_500m
26B,91-078,354.3,promien_500m
26B,90-742,355.9,promien_500m
26B,90-618,381.7,promien_500m
26B,91-068,390.6,promien_500m
26B,90-718,395.5,promien_500m
26B,90-734,400.6,promien_500m
26B,90-712,403.4,promien_500m
26B,90-645,409.8,promien_500m
26B,90-713,430.7,promien_500m
26B,90-636,432.3,promien_500m
26B,90-736,444.3,promien_500m
26B,90-711,454.0,promien_500m
26B,90-646,454.1,promien_500m
26B,90-415,457.1,promien_500m
26B,91-067,468.8,promien_500m
26B,90-629,473.1,promien_500m
26B,91-062,481.4,promien_500m
26B,90-644,485.6,promien_500m
26B,90-765,492.7,promien_500m
270A,90-114,0.0,promien_500m
270A,90-002,45.5,promien_500m
270A,90-003,45.7,promien_500m
270A,90-009,99.4,promien_500m
270A,90-010,106.1,promien_500m
270A,90-001,110.3,promien_500m
270A,90-101,125.6,promien_500m
270A,90-119,146.2,promien_500m
270A,90-007,151.3,promien_500m
270A,90-113,161.4,promien_500m
270A,90-102,189.1,promien_500m
270A,90-103,196.6,promien_500m
270A,90-111,199.1,promien_500m
270A,90-004,218.5,promien_500m
270A,90-106,229.4,promien_500m
270A,90-110,241.7,promien_500m
270A,90-107,271.7,promien_500m
270A,90-011,281.3,promien_500m
270A,90-423,296.3,promien_500m
270A,90-425,310.6,promien_500m
270A,90-021,311.1,promien_500m
270A,90-118,319.4,promien_500m
270A,90-012,324.4,promien_500m
270A,90-426,342.4,promien_500m
270A,90-006,348.5,promien_500m
270A,90-422,350.0,promien_500m
270A,90-420,351.1,promien_500m
270A,90-055,355.0,promien_500m
270A,90-419,359.0,promien_500m
270A,90-015,376.7,promien_500m
270A,90-060,383.0,promien_500m
270A,90-117,383.3,promien_500m
270A,90-105,384.7,promien_500m
270A,90-427,394.1,promien_500m
270A,90-430,398.7,promien_500m
270A,90-413,401.8,promien_500m
270A,90-008,410.4,promien_500m
270A,90-646,432.3,promien_500m
270A,90-061,438.0,promien_500m
270A,90-415,441.2,promien_500m
270A,90-058,452.2,promien_500m
270A,90-135,454.8,promien_500m
270A,90-019,466.6,promien_500m
270A,90-057,466.9,promien_500m
270A,90-428,468.3,promien_500m
270A,90-418,483.7,promien_500m
270A,90-514,490.2,promien_500m
270A,90-123,490.9,promien_500m
270A,90-128,499.0,promien_500m
271A,90-114,0.0,promien_500m
271A,90-101,41.9,promien_500m
271A,90-001,69.0,promien_500m
271A,90-003,72.9,promien_500m
271A,90-113,85.8,promien_500m
271A,90-111,96.4,promien_500m
271A,90-002,107.5,promien_500m
271A,90-106,115.0,promien_500m
271A,90-119,137.5,promien_500m
271A,90-102,144.9,promien_500m
271A,90-107,152.7,promien_500m
271A,90-110,159.9,promien_500m
271A,90-004,168.0,promien_500m
271A,90-103,212.3,promien_500m
271A,90-010,213.6,promien_500m
271A,90-009,218.9,promien_500m
271A,90-007,263.9,promien_500m
271A,90-117,268.6,promien_500m
271A,90-118,273.2,promien_500m
271A,90-105,285.4,promien_500m
271A,90-423,295.9,promien_500m
271A,90-422,300.5,promien_500m
271A,90-413,330.4,promien_500m
271A,90-135,335.5,promien_500m
271A,90-011,342.3,promien_500m
271A,90-021,358.2,promien_500m
271A,90-425,361.1,promien_500m
271A,90-646,365.5,promien_500m
271A,90-419,369.5,promien_500m
271A,90-012,375.7,promien_500m
271A,90-415,380.5,promien_500m
271A,90-420,385.6,promien_500m
271A,90-426,386.3,promien_500m
271A,90-266,392.7,promien_500m
271A,90-124,417.6,promien_500m
271A,90-015,418.6,promien_500m
271A,90-123,425.3,promien_500m
271A,90-128,436.7,promien_500m
271A,90-427,448.7,promien_500m
271A,90-257,449.0,promien_500m
271A,90-258,450.3,promien_500m
271A,90-006,454.9,promien_500m
271A,90-127,461.4,promien_500m
271A,90-414,469.1,promien_500m
271A,90-265,469.3,promien_500m
271A,90-055,471.2,promien_500m
271A,90-410,478.1,promien_500m
271A,90-418,479.4,promien_500m
271A,90-254,479.9,promien_500m
271A,90-430,485.1,promien_500m
271A,90-261,486.4,promien_500m
271A,90-060,494.2,promien_500m
272A,90-111,0.0,promien_500m
272A,90-101,1.3,promien_500m
272A,90-114,42.4,promien_500m
272A,90-106,43.9,promien_500m
272A,90-001,61.1,promien_500m
272A,90-110,68.8,promien_500m
272A,90-107,91.6,promien_500m
272A,90-102,98.1,promien_500m
272A,90-003,99.4,promien_500m
272A,90-004,105.8,promien_500m
272A,90-113,130.8,promien_500m
272A,90-103,185.4,promien_500m
272A,90-117,192.9,promien_500m
272A,90-105,196.3,promien_500m
272A,90-002,204.2,promien_500m
272A,90-422,219.1,promien_500m
272A,90-119,224.3,promien_500m
272A,90-423,232.0,promien_500m
272A,90-413,236.7,promien_500m
272A,90-010,259.1,promien_500m
272A,90-135,270.1,promien_500m
272A,90-646,273.0,promien_500m
272A,90-118,290.4,promien_500m
272A,90-415,290.5,promien_500m
272A,90-009,295.7,promien_500m
272A,90-007,299.9,promien_500m
272A,90-266,310.5,promien_500m
272A,90-419,323.5,promien_500m
272A,90-425,353.7,promien_500m
272A,90-420,357.5,promien_500m
272A,90-426,365.1,promien_500m
272A,90-414,370.7,promien_500m
272A,90-265,378.2,promien_500m
272A,90-410,380.8,promien_500m
272A,90-418,408.6,promien_500m
272A,90-124,415.4,promien_500m
272A,90-257,423.7,promien_500m
272A,90-261,426.1,promien_500m
272A,90-258,432.0,promien_500m
272A,90-427,439.1,promien_500m
272A,90-011,440.7,promien_500m
272A,90-021,455.1,promien_500m
272A,90-123,467.2,promien_500m
272A,90-012,473.1,promien_500m
272A,90-264,477.6,promien_500m
272A,90-128,480.3,promien_500m
272A,90-608,481.7,promien_500m
272A,90-515,483.3,promien_500m
272A,90-254,485.1,promien_500m
272A,90-725,488.3,promien_500m
272A,90-514,496.7,promien_500m
272A,90-402,497.7,promien_500m
272A,90-006,498.1,promien_500m
273B,90-002,0.0,promien_500m
273B,90-010,3.7,promien_500m
273B,90-114,53.0,promien_500m
273B,90-009,57.8,promien_500m
273B,90-003,88.0,promien_500m
273B,90-119,113.9,promien_500m
273B,90-007,134.0,promien_500m
273B,90-001,159.2,promien_500m
273B,90-011,173.9,promien_500m
273B,90-113,178.9,promien_500m
273B,90-021,212.6,promien_500m
273B,90-012,215.6,promien_500m
273B,90-101,236.4,promien_500m
273B,90-055,271.8,promien_500m
273B,90-015,273.9,promien_500m
273B,90-004,294.8,promien_500m
273B,90-118,296.9,promien_500m
273B,90-103,301.8,promien_500m
273B,90-111,302.7,promien_500m
273B,90-102,303.1,promien_500m
273B,90-106,325.1,promien_500m
273B,90-008,340.4,promien_500m
273B,90-060,341.8,promien_500m
273B,90-006,351.6,promien_500m
273B,90-110,352.6,promien_500m
273B,90-019,357.6,promien_500m
273B,90-107,358.1,promien_500m
273B,90-061,365.9,promien_500m
273B,90-423,378.3,promien_500m
273B,90-425,389.6,promien_500m
273B,90-058,392.9,promien_500m
273B,90-057,410.0,promien_500m
273B,90-117,423.2,promien_500m
273B,90-426,424.2,promien_500m
273B,90-430,435.7,promien_500m
273B,90-420,437.8,promien_500m
273B,90-049,440.0,promien_500m
273B,90-014,447.9,promien_500m
273B,90-013,455.8,promien_500m
273B,90-419,456.4,promien_500m
273B,90-105,458.2,promien_500m
273B,90-422,463.3,promien_500m
273B,90-427,464.2,promien_500m
273B,90-020,464.4,promien_500m
273B,90-128,464.9,promien_500m
273B,90-123,479.2,promien_500m
273B,90-056,482.8,promien_500m
273B,90-062,489.0,promien_500m
273B,90-022,495.0,promien_500m
274B,90-010,0.0,promien_500m
274B,90-002,20.9,promien_500m
274B,90-009,54.3,promien_500m
274B,90-114,76.7,promien_500m
274B,90-003,101.1,promien_500m
274B,90-119,120.7,promien_500m
274B,90-007,128.6,promien_500m
274B,90-001,146.6,promien_500m
274B,90-011,156.4,promien_500m
274B,90-012,192.9,promien_500m
274B,90-113,196.9,promien_500m
274B,90-021,199.8,promien_500m
274B,90-055,250.7,promien_500m
274B,90-015,259.1,promien_500m
274B,90-101,260.8,promien_500m
274B,90-004,300.9,promien_500m
274B,90-118,306.1,promien_500m
274B,90-008,320.6,promien_500m
274B,90-103,321.5,promien_500m
274B,90-102,325.7,promien_500m
274B,90-111,327.5,promien_500m
274B,90-060,328.8,promien_500m
274B,90-019,339.1,promien_500m
274B,90-061,344.9,promien_500m
274B,90-006,347.0,promien_500m
274B,90-106,349.8,promien_500m
274B,90-058,375.7,promien_500m
274B,90-110,377.1,promien_500m
274B,90-107,382.3,promien_500m
274B,90-423,391.7,promien_500m
274B,90-057,393.2,promien_500m
274B,90-425,401.1,promien_500m
274B,90-049,415.2,promien_500m
274B,90-014,423.6,promien_500m
274B,90-013,431.1,promien_500m
274B,90-426,437.4,promien_500m
274B,90-430,438.8,promien_500m
274B,90-117,441.6,promien_500m
274B,90-020,451.3,promien_500m
274B,90-420,452.1,promien_500m
274B,90-128,467.5,promien_500m
274B,90-056,468.1,promien_500m
274B,90-419,473.4,promien_500m
274B,90-427,473.7,promien_500m
274B,90-062,476.8,promien_500m
274B,90-105,479.4,promien_500m
274B,90-422,485.5,promien_500m
274B,90-022,487.7,promien_500m
274B,90-123,488.9,promien_500m
274B,90-042,496.8,promien_500m
275B,90-002,0.0,promien_500m
275B,90-010,13.7,promien_500m
275B,90-001,61.0,promien_500m
275B,90-011,72.3,promien_500m
275B,90-119,73.6,promien_500m
275B,90-021,113.9,promien_500m
275B,90-012,119.6,promien_500m
275B,90-009,122.4,promien_500m
275B,90-114,151.9,promien_500m
275B,90-015,172.8,promien_500m
275B,90-003,187.4,promien_500m
275B,90-007,202.7,promien_500m
275B,90-113,202.7,promien_500m
275B,90-055,254.9,promien_500m
275B,90-019,256.3,promien_500m
275B,90-118,268.2,promien_500m
275B,90-101,321.2,promien_500m
275B,90-008,340.9,promien_500m
275B,90-061,344.7,promien_500m
275B,90-020,364.9,promien_500m
275B,90-014,368.7,promien_500m
275B,90-049,373.4,promien_500m
275B,90-060,377.2,promien_500m
275B,90-111,381.0,promien_500m
275B,90-004,383.1,promien_500m
275B,90-013,384.9,promien_500m
275B,90-106,395.9,promien_500m
275B,90-102,398.0,promien_500m
275B,90-103,403.2,promien_500m
275B,90-128,405.1,promien_500m
275B,90-022,405.9,promien_500m
275B,90-058,406.5,promien_500m
275B,90-042,411.5,promien_500m
275B,90-006,416.2,promien_500m
275B,90-107,419.2,promien_500m
275B,90-057,425.5,promien_500m
275B,90-117,436.9,promien_500m
275B,90-110,438.8,promien_500m
275B,90-123,447.3,promien_500m
275B,90-127,462.7,promien_500m
275B,90-423,478.0,promien_500m
275B,90-425,487.2,promien_500m
275B,90-018,488.0,promien_500m
275B,90-105,489.8,promien_500m
276B,90-015,0.0,promien_500m
276B,90-021,8.2,promien_500m
276B,90-012,45.2,promien_500m
276B,90-119,68.3,promien_500m
276B,90-019,88.0,promien_500m
276B,90-011,93.5,promien_500m
276B,90-001,103.6,promien_500m
276B,90-010,142.0,promien_500m
276B,90-020,149.2,promien_500m
276B,90-002,156.2,promien_500m
276B,90-042,204.2,promien_500m
276B,90-022,214.8,promien_500m
276B,90-009,241.5,promien_500m
276B,90-118,255.3,promien_500m
276B,90-014,281.0,promien_500m
276B,90-008,293.3,promien_500m
276B,90-025,296.1,promien_500m
276B,90-128,301.3,promien_500m
276B,90-114,306.8,promien_500m
276B,90-055,310.1,promien_500m
276B,90-113,327.1,promien_500m
276B,90-018,337.7,promien_500m
276B,90-061,346.1,promien_500m
276B,90-049,348.1,promien_500m
276B,90-013,349.4,promien_500m
276B,90-024,376.5,promien_500m
276B,90-127,395.4,promien_500m
276B,90-123,400.7,promien_500m
276B,90-003,403.2,promien_500m
276B,90-026,410.2,promien_500m
276B,90-007,410.3,promien_500m
276B,90-045,433.4,promien_500m
276B,90-043,444.9,promien_500m
276B,90-058,491.6,promien_500m
276B,90-117,492.3,promien_500m
276B,90-135,494.9,promien_500m
276B,90-101,498.5,promien_500m
277B,90-015,0.0,promien_500m
277B,90-021,8.7,promien_500m
277B,90-019,31.7,promien_500m
277B,90-020,87.4,promien_500m
277B,90-012,95.6,promien_500m
277B,90-119,108.8,promien_500m
277B,90-042,146.2,promien_500m
277B,90-011,155.4,promien_500m
277B,90-001,165.3,promien_500m
277B,90-022,170.4,promien_500m
277B,90-010,203.9,promien_500m
277B,90-002,218.1,promien_500m
277B,90-025,234.2,promien_500m
277B,90-118,272.3,promien_500m
277B,90-014,275.7,promien_500m
277B,90-008,285.8,promien_500m
277B,90-009,293.5,promien_500m
277B,90-128,295.4,promien_500m
277B,90-018,305.0,promien_500m
277B,90-024,316.9,promien_500m
277B,90-026,348.7,promien_500m
277B,90-055,349.4,promien_500m
277B,90-013,360.5,promien_500m
277B,90-049,362.2,promien_500m
277B,90-114,362.6,promien_500m
277B,90-061,366.8,promien_500m
277B,90-113,374.2,promien_500m
277B,90-127,375.8,promien_500m
277B,90-045,387.5,promien_500m
277B,90-123,403.5,promien_500m
277B,90-043,411.2,promien_500m
277B,90-003,465.2,promien_500m
277B,90-007,471.1,promien_500m
277B,90-131,481.1,promien_500m
278B,90-020,0.0,promien_500m
278B,90-019,16.9,promien_500m
278B,90-021,18.9,promien_500m
278B,90-042,59.2,promien_500m
278B,90-022,84.4,promien_500m
278B,90-015,85.3,promien_500m
278B,90-001,102.9,promien_500m
278B,90-025,122.8,promien_500m
278B,90-119,133.4,promien_500m
278B,90-012,173.1,promien_500m
278B,90-024,213.5,promien_500m
278B,90-026,238.5,promien_500m
278B,90-011,267.1,promien_500m
278B,90-018,268.7,promien_500m
278B,90-014,301.1,promien_500m
278B,90-008,306.6,promien_500m
278B,90-045,312.8,promien_500m
278B,90-010,315.6,promien_500m
278B,90-128,315.7,promien_500m
278B,90-002,329.7,promien_500m
278B,90-118,330.5,promien_500m
278B,90-127,336.6,promien_500m
278B,90-043,370.7,promien_500m
278B,90-009,395.1,promien_500m
278B,90-013,397.2,promien_500m
278B,90-131,403.9,promien_500m
278B,90-049,410.3,promien_500m
278B,90-132,412.1,promien_500m
278B,90-055,419.6,promien_500m
278B,90-061,425.6,promien_500m
278B,90-123,430.5,promien_500m
278B,90-023,445.7,promien_500m
278B,90-113,463.5,promien_500m
278B,90-114,466.8,promien_500m
278B,90-046,470.2,promien_500m
279B,90-025,0.0,promien_500m
279B,90-001,12.5,promien_500m
279B,90-022,40.7,promien_500m
279B,90-042,41.9,promien_500m
279B,90-020,72.8,promien_500m
279B,90-024,73.1,promien_500m
279B,90-026,81.1,promien_500m
279B,90-021,146.0,promien_500m
279B,90-019,153.9,promien_500m
279B,90-119,223.1,promien_500m
279B,90-045,238.1,promien_500m
279B,90-015,253.3,promien_500m
279B,90-132,289.4,promien_500m
279B,90-018,294.8,promien_500m
279B,90-023,294.9,promien_500m
279B,90-131,315.9,promien_500m
279B,90-127,320.4,promien_500m
279B,90-012,329.5,promien_500m
279B,90-043,364.3,promien_500m
279B,90-046,384.2,promien_500m
279B,90-036,390.7,promien_500m
279B,90-008,397.9,promien_500m
279B,90-014,397.9,promien_500m
279B,90-128,406.9,promien_500m
279B,90-031,411.3,promien_500m
279B,90-011,436.2,promien_500m
279B,90-034,445.8,promien_500m
279B,90-030,447.1,promien_500m
279B,90-118,459.2,promien_500m
279B,90-010,484.7,promien_500m
279B,90-133,491.8,promien_500m
279B,90-013,495.5,promien_500m
279B,90-037,496.0,promien_500m
279B,90-002,498.8,promien_500m
27B,90-756,0.0,promien_500m
27B,90-740,25.6,promien_500m
27B,90-749,39.2,promien_500m
27B,90-747,41.4,promien_500m
27B,90-752,65.9,promien_500m
27B,90-753,69.6,promien_500m
27B,90-741,70.4,promien_500m
27B,90-717,78.2,promien_500m
27B,90-758,88.5,promien_500m
27B,90-748,89.0,promien_500m
27B,90-755,127.8,promien_500m
27B,90-757,130.0,promien_500m
27B,90-762,138.5,promien_500m
27B,90-750,140.3,promien_500m
27B,90-558,147.0,promien_500m
27B,90-411,148.1,promien_500m
27B,90-745,159.7,promien_500m
27B,90-754,165.7,promien_500m
27B,90-763,174.5,promien_500m
27B,90-635,180.5,promien_500m
27B,90-764,183.1,promien_500m
27B,90-746,191.3,promien_500m
27B,90-735,215.2,promien_500m
27B,91-072,215.4,promien_500m
27B,90-739,216.0,promien_500m
27B,90-604,227.9,promien_500m
27B,90-401,233.0,promien_500m
27B,90-703,237.8,promien_500m
27B,90-759,242.9,promien_500m
27B,91-070,252.8,promien_500m
27B,90-643,261.6,promien_500m
27B,90-743,266.1,promien_500m
27B,90-639,278.1,promien_500m
27B,90-742,285.3,promien_500m
27B,90-569,286.1,promien_500m
27B,90-647,299.8,promien_500m
27B,90-618,308.5,promien_500m
27B,90-734,322.4,promien_500m
27B,90-718,325.3,promien_500m
27B,91-073,348.7,promien_500m
27B,90-712,355.5,promien_500m
27B,90-736,362.2,promien_500m
27B,90-713,375.0,promien_500m
27B,90-645,377.7,promien_500m
27B,90-711,378.8,promien_500m
27B,90-636,386.0,promien_500m
27B,91-071,388.4,promien_500m
27B,91-068,394.0,promien_500m
27B,91-074,395.8,promien_500m
27B,90-629,398.1,promien_500m
27B,90-602,420.3,promien_500m
27B,90-646,429.3,promien_500m
27B,90-737,436.5,promien_500m
27B,91-078,437.5,promien_500m
27B,90-415,441.3,promien_500m
27B,90-638,451.4,promien_500m
27B,90-710,455.4,promien_500m
27B,90-640,457.0,promien_500m
27B,90-617,457.3,promien_500m
27B,91-067,459.4,promien_500m
27B,90-624,465.6,promien_500m
27B,90-644,467.2,promien_500m
27B,90-637,489.4,promien_500m
280B,90-042,0.0,promien_500m
280B,90-025,46.4,promien_500m
280B,90-020,50.9,promien_500m
280B,90-022,57.9,promien_500m
280B,90-019,85.7,promien_500m
280B,90-024,85.8,promien_500m
280B,90-001,94.7,promien_500m
280B,90-021,145.3,promien_500m
280B,90-026,179.6,promien_500m
280B,90-045,187.2,promien_500m
280B,90-018,197.4,promien_500m
280B,90-015,200.5,promien_500m
280B,90-119,243.5,promien_500m
280B,90-012,254.7,promien_500m
280B,90-043,278.5,promien_500m
280B,90-008,297.0,promien_500m
280B,90-014,297.0,promien_500m
280B,90-023,316.7,promien_500m
280B,90-046,358.8,promien_500m
280B,90-011,365.5,promien_500m
280B,90-132,390.4,promien_500m
280B,90-013,395.2,promien_500m
280B,90-127,399.2,promien_500m
280B,90-036,404.5,promien_500m
280B,90-131,414.5,promien_500m
280B,90-049,420.8,promien_500m
280B,90-010,426.9,promien_500m
280B,90-128,434.3,promien_500m
280B,90-061,442.3,promien_500m
280B,90-002,444.8,promien_500m
280B,90-055,447.2,promien_500m
280B,90-118,461.2,promien_500m
280B,90-009,465.8,promien_500m
280B,90-031,475.9,promien_500m
280B,90-037,476.6,promien_500m
280B,90-047,481.4,promien_500m
280B,90-034,491.6,promien_500m
281B,90-042,0.0,promien_500m
281B,90-019,32.4,promien_500m
281B,90-024,95.0,promien_500m
281B,90-025,108.9,promien_500m
281B,90-018,120.7,promien_500m
281B,90-020,121.1,promien_500m
281B,90-045,130.7,promien_500m
281B,90-022,136.1,promien_500m
281B,90-001,173.7,promien_500m
281B,90-043,200.3,promien_500m
281B,90-021,202.8,promien_500m
281B,90-015,221.5,promien_500m
281B,90-014,226.8,promien_500m
281B,90-012,227.1,promien_500m
281B,90-008,235.1,promien_500m
281B,90-026,243.9,promien_500m
281B,90-046,287.9,promien_500m
281B,90-119,310.5,promien_500m
281B,90-023,310.6,promien_500m
281B,90-013,335.4,promien_500m
281B,90-011,339.7,promien_500m
281B,90-049,365.6,promien_500m
281B,90-061,389.3,promien_500m
281B,90-036,392.1,promien_500m
281B,90-055,398.2,promien_500m
281B,90-047,405.0,promien_500m
281B,90-010,417.3,promien_500m
281B,90-037,436.3,promien_500m
281B,90-009,436.8,promien_500m
281B,90-002,455.5,promien_500m
281B,90-132,461.5,promien_500m
281B,90-127,478.1,promien_500m
281B,90-040,487.9,promien_500m
281B,90-039,489.4,promien_500m
281B,90-131,490.0,promien_500m
281B,90-038,490.5,promien_500m
281B,90-128,498.0,promien_500m
282B,90-042,0.0,promien_500m
282B,90-019,59.1,promien_500m
282B,90-018,60.6,promien_500m
282B,90-045,61.0,promien_500m
282B,90-043,101.4,promien_500m
282B,90-024,103.0,promien_500m
282B,90-022,145.1,promien_500m
282B,90-014,166.6,promien_500m
282B,90-025,179.5,promien_500m
282B,90-046,190.2,promien_500m
282B,90-008,208.1,promien_500m
282B,90-020,219.2,promien_500m
282B,90-012,229.9,promien_500m
282B,90-001,271.2,promien_500m
282B,90-013,289.2,promien_500m
282B,90-015,294.1,promien_500m
282B,90-021,296.5,promien_500m
282B,90-023,300.3,promien_500m
282B,90-047,304.3,promien_500m
282B,90-026,313.3,promien_500m
282B,90-011,332.6,promien_500m
282B,90-049,339.2,promien_500m
282B,90-036,367.4,promien_500m
282B,90-061,367.7,promien_500m
282B,90-037,372.8,promien_500m
282B,90-055,380.9,promien_500m
282B,90-307,405.0,promien_500m
282B,90-119,410.2,promien_500m
282B,90-038,413.8,promien_500m
282B,90-040,441.1,promien_500m
282B,90-039,442.4,promien_500m
282B,90-051,443.7,promien_500m
282B,90-009,450.6,promien_500m
282B,90-010,455.8,promien_500m
282B,90-312,459.2,promien_500m
282B,90-323,470.8,promien_500m
282B,90-034,498.0,promien_500m
283B,90-018,0.0,promien_500m
283B,90-019,31.4,promien_500m
283B,90-022,46.9,promien_500m
283B,90-042,52.3,promien_500m
283B,90-014,55.1,promien_500m
283B,90-043,55.2,promien_500m
283B,90-045,73.4,promien_500m
283B,90-008,116.1,promien_500m
283B,90-012,162.0,promien_500m
283B,90-046,173.1,promien_500m
283B,90-013,174.9,promien_500m
283B,90-024,216.6,promien_500m
283B,90-049,232.9,promien_500m
283B,90-047,243.5,promien_500m
283B,90-011,248.4,promien_500m
283B,90-061,272.3,promien_500m
283B,90-055,288.8,promien_500m
283B,90-020,294.2,promien_500m
283B,90-025,300.2,promien_500m
283B,90-307,306.6,promien_500m
283B,90-015,310.6,promien_500m
283B,90-051,324.1,promien_500m
283B,90-021,349.0,promien_500m
283B,90-001,374.0,promien_500m
283B,90-009,384.4,promien_500m
283B,90-312,395.4,promien_500m
283B,90-323,397.9,promien_500m
283B,90-023,408.7,promien_500m
283B,90-316,410.9,promien_500m
283B,90-010,421.3,promien_500m
283B,90-037,423.2,promien_500m
283B,90-026,434.7,promien_500m
283B,90-058,437.6,promien_500m
283B,90-038,442.8,promien_500m
283B,90-315,451.9,promien_500m
283B,90-036,463.8,promien_500m
283B,90-119,468.4,promien_500m
283B,90-258,485.0,promien_500m
284B,90-019,0.0,promien_500m
284B,90-014,19.0,promien_500m
284B,90-018,37.0,promien_500m
284B,90-008,43.7,promien_500m
284B,90-012,81.8,promien_500m
284B,90-042,101.9,promien_500m
284B,90-022,111.1,promien_500m
284B,90-013,124.9,promien_500m
284B,90-043,132.1,promien_500m
284B,90-045,151.9,promien_500m
284B,90-049,169.8,promien_500m
284B,90-011,175.9,promien_500m
284B,90-061,200.2,promien_500m
284B,90-055,215.0,promien_500m
284B,90-015,249.0,promien_500m
284B,90-046,250.2,promien_500m
284B,90-024,271.9,promien_500m
284B,90-020,273.3,promien_500m
284B,90-021,303.5,promien_500m
284B,90-009,304.2,promien_500m
284B,90-047,308.6,promien_500m
284B,90-051,318.6,promien_500m
284B,90-025,322.4,promien_500m
284B,90-307,325.8,promien_500m
284B,90-010,343.1,promien_500m
284B,90-001,372.0,promien_500m
284B,90-058,374.5,promien_500m
284B,90-119,406.9,promien_500m
284B,90-316,428.2,promien_500m
284B,90-002,430.9,promien_500m
284B,90-323,443.7,promien_500m
284B,90-312,456.6,promien_500m
284B,90-315,456.8,promien_500m
284B,90-026,457.3,promien_500m
284B,90-023,468.9,promien_500m
284B,90-306,497.0,promien_500m
285B,90-019,0.0,promien_500m
285B,90-042,84.2,promien_500m
285B,90-012,85.0,promien_500m
285B,90-018,119.9,promien_500m
285B,90-014,121.0,promien_500m
285B,90-008,123.8,promien_500m
285B,90-015,129.4,promien_500m
285B,90-020,144.5,promien_500m
285B,90-021,167.1,promien_500m
285B,90-011,199.1,promien_500m
285B,90-022,208.5,promien_500m
285B,90-045,216.5,promien_500m
285B,90-013,218.9,promien_500m
285B,90-043,226.7,promien_500m
285B,90-025,228.9,promien_500m
285B,90-024,236.2,promien_500m
285B,90-049,240.0,promien_500m
285B,90-001,254.4,promien_500m
285B,90-061,260.2,promien_500m
285B,90-055,264.2,promien_500m
285B,90-010,281.6,promien_500m
285B,90-119,285.3,promien_500m
285B,90-009,293.5,promien_500m
285B,90-002,338.9,promien_500m
285B,90-046,345.1,promien_500m
285B,90-026,361.1,promien_500m
285B,90-047,427.4,promien_500m
285B,90-058,440.9,promien_500m
285B,90-051,441.6,promien_500m
285B,90-023,450.8,promien_500m
285B,90-118,461.4,promien_500m
285B,90-307,462.7,promien_500m
285B,90-128,478.0,promien_500m
286B,90-019,0.0,promien_500m
286B,90-042,63.9,promien_500m
286B,90-015,66.8,promien_500m
286B,90-020,79.6,promien_500m
286B,90-021,85.1,promien_500m
286B,90-012,100.2,promien_500m
286B,90-022,154.9,promien_500m
286B,90-001,191.7,promien_500m
286B,90-025,192.1,promien_500m
286B,90-018,193.6,promien_500m
286B,90-014,196.7,promien_500m
286B,90-008,202.9,promien_500m
286B,90-011,211.6,promien_500m
286B,90-119,213.8,promien_500m
286B,90-024,238.4,promien_500m
286B,90-010,272.5,promien_500m
286B,90-045,279.9,promien_500m
286B,90-013,292.4,promien_500m
286B,90-002,299.6,promien_500m
286B,90-043,299.9,promien_500m
286B,90-049,306.1,promien_500m
286B,90-026,315.4,promien_500m
286B,90-009,316.2,promien_500m
286B,90-055,318.3,promien_500m
286B,90-061,322.2,promien_500m
286B,90-118,382.5,promien_500m
286B,90-128,393.1,promien_500m
286B,90-046,413.9,promien_500m
286B,90-127,438.4,promien_500m
286B,90-023,461.4,promien_500m
286B,90-114,461.7,promien_500m
286B,90-113,482.0,promien_500m
286B,90-058,496.6,promien_500m
287B,90-014,0.0,promien_500m
287B,90-013,27.0,promien_500m
287B,90-008,34.5,promien_500m
287B,90-012,44.9,promien_500m
287B,90-019,54.1,promien_500m
287B,90-049,64.6,promien_500m
287B,90-011,73.6,promien_500m
287B,90-061,95.1,promien_500m
287B,90-055,112.1,promien_500m
287B,90-018,122.3,promien_500m
287B,90-022,187.4,promien_500m
287B,90-042,207.7,promien_500m
287B,90-043,215.6,promien_500m
287B,90-009,221.5,promien_500m
287B,90-051,244.3,promien_500m
287B,90-045,250.1,promien_500m
287B,90-015,258.7,promien_500m
287B,90-058,267.3,promien_500m
287B,90-010,293.4,promien_500m
287B,90-307,293.4,promien_500m
287B,90-046,319.2,promien_500m
287B,90-021,337.0,promien_500m
287B,90-020,342.6,promien_500m
287B,90-047,351.8,promien_500m
287B,90-001,377.6,promien_500m
287B,90-024,379.2,promien_500m
287B,90-119,388.4,promien_500m
287B,90-315,398.5,promien_500m
287B,90-002,399.2,promien_500m
287B,90-316,401.7,promien_500m
287B,90-306,409.6,promien_500m
287B,90-025,415.5,promien_500m
287B,90-057,419.5,promien_500m
287B,90-060,433.5,promien_500m
287B,90-056,447.7,promien_500m
287B,90-317,452.1,promien_500m
287B,90-323,453.4,promien_500m
287B,90-007,484.2,promien_500m
287B,90-258,485.6,promien_500m
287B,90-312,493.4,promien_500m
288B,90-011,0.0,promien_500m
288B,90-012,4.5,promien_500m
288B,90-010,80.4,promien_500m
288B,90-009,92.0,promien_500m
288B,90-019,114.5,promien_500m
288B,90-015,121.0,promien_500m
288B,90-055,128.7,promien_500m
288B,90-021,155.9,promien_500m
288B,90-001,164.2,promien_500m
288B,90-014,164.9,promien_500m
288B,90-061,172.3,promien_500m
288B,90-119,183.4,promien_500m
288B,90-049,184.7,promien_500m
288B,90-002,185.1,promien_500m
288B,90-013,189.1,promien_500m
288B,90-008,196.8,promien_500m
288B,90-042,286.8,promien_500m
288B,90-020,291.2,promien_500m
288B,90-018,295.9,promien_500m
288B,90-058,307.2,promien_500m
288B,90-007,315.9,promien_500m
288B,90-114,344.8,promien_500m
288B,90-003,350.7,promien_500m
288B,90-022,373.3,promien_500m
288B,90-060,381.1,promien_500m
288B,90-051,387.0,promien_500m
288B,90-057,389.3,promien_500m
288B,90-043,395.3,promien_500m
288B,90-113,400.0,promien_500m
288B,90-045,402.7,promien_500m
288B,90-118,414.5,promien_500m
288B,90-025,416.5,promien_500m
288B,90-024,450.1,promien_500m
288B,90-056,469.2,promien_500m
288B,90-128,480.8,promien_500m
288B,90-006,483.4,promien_500m
288B,90-307,490.5,promien_500m
289B,90-055,0.0,promien_500m
289B,90-061,4.4,promien_500m
289B,90-011,33.0,promien_500m
289B,90-049,50.8,promien_500m
289B,90-012,73.4,promien_500m
289B,90-014,79.2,promien_500m
289B,90-013,79.5,promien_500m
289B,90-009,107.4,promien_500m
289B,90-058,140.0,promien_500m
289B,90-019,166.6,promien_500m
289B,90-008,181.6,promien_500m
289B,90-051,206.0,promien_500m
289B,90-010,214.3,promien_500m
289B,90-018,269.5,promien_500m
289B,90-057,274.5,promien_500m
289B,90-060,286.5,promien_500m
289B,90-015,295.2,promien_500m
289B,90-056,317.6,promien_500m
289B,90-307,324.8,promien_500m
289B,90-022,331.9,promien_500m
289B,90-001,339.9,promien_500m
289B,90-002,340.6,promien_500m
289B,90-021,343.5,promien_500m
289B,90-042,347.7,promien_500m
289B,90-306,350.3,promien_500m
289B,90-043,355.2,promien_500m
289B,90-007,361.7,promien_500m
289B,90-119,367.8,promien_500m
289B,90-315,390.9,promien_500m
289B,90-045,397.2,promien_500m
289B,90-318,407.6,promien_500m
289B,90-062,408.5,promien_500m
289B,90-368,431.9,promien_500m
289B,90-020,435.8,promien_500m
289B,90-003,437.7,promien_500m
289B,90-317,443.0,promien_500m
289B,90-006,446.2,promien_500m
289B,90-316,449.7,promien_500m
289B,90-046,456.3,promien_500m
289B,90-114,462.0,promien_500m
289B,90-301,464.7,promien_500m
289B,90-047,472.7,promien_500m
28B,90-741,0.0,promien_500m
28B,90-740,5.6,promien_500m
28B,90-717,19.3,promien_500m
28B,90-756,43.0,promien_500m
28B,90-749,44.8,promien_500m
28B,90-747,47.7,promien_500m
28B,90-411,52.8,promien_500m
28B,90-745,60.0,promien_500m
28B,90-748,89.2,promien_500m
28B,90-746,98.7,promien_500m
28B,90-739,105.7,promien_500m
28B,90-735,118.3,promien_500m
28B,90-758,118.5,promien_500m
28B,90-753,126.5,promien_500m
28B,90-762,137.9,promien_500m
28B,90-558,142.5,promien_500m
28B,90-750,151.4,promien_500m
28B,90-752,170.0,promien_500m
28B,90-742,175.8,promien_500m
28B,90-703,177.4,promien_500m
28B,90-743,185.8,promien_500m
28B,90-569,191.7,promien_500m
28B,90-718,215.2,promien_500m
28B,90-763,217.9,promien_500m
28B,90-734,218.5,promien_500m
28B,91-070,220.9,promien_500m
28B,91-072,222.5,promien_500m
28B,90-754,230.8,promien_500m
28B,90-604,232.5,promien_500m
28B,90-757,235.4,promien_500m
28B,90-755,235.7,promien_500m
28B,90-635,240.2,promien_500m
28B,90-401,250.8,promien_500m
28B,90-712,254.4,promien_500m
28B,90-713,267.9,promien_500m
28B,90-736,271.1,promien_500m
28B,90-711,271.2,promien_500m
28B,90-764,281.6,promien_500m
28B,90-618,292.5,promien_500m
28B,90-639,310.7,promien_500m
28B,91-068,328.7,promien_500m
28B,90-643,329.0,promien_500m
28B,90-737,337.4,promien_500m
28B,90-759,338.4,promien_500m
28B,90-710,346.4,promien_500m
28B,90-602,354.5,promien_500m
28B,90-629,368.3,promien_500m
28B,90-647,383.3,promien_500m
28B,91-067,394.9,promien_500m
28B,90-624,401.3,promien_500m
28B,90-636,406.7,promien_500m
28B,91-069,412.2,promien_500m
28B,91-071,421.2,promien_500m
28B,90-502,425.9,promien_500m
28B,90-507,427.0,promien_500m
28B,90-645,433.1,promien_500m
28B,91-074,437.1,promien_500m
28B,91-073,437.7,promien_500m
28B,90-702,439.5,promien_500m
28B,90-617,452.0,promien_500m
28B,90-729,463.5,promien_500m
28B,90-638,465.3,promien_500m
28B,90-646,473.0,promien_500m
28B,90-715,481.2,promien_500m
28B,90-640,491.8,promien_500m
28B,90-637,492.0,promien_500m
290B,90-011,0.0,promien_500m
290B,90-049,16.0,promien_500m
290B,90-061,48.6,promien_500m
290B,90-013,60.9,promien_500m
290B,90-055,108.2,promien_500m
290B,90-051,114.0,promien_500m
290B,90-019,120.7,promien_500m
290B,90-012,121.2,promien_500m
290B,90-014,121.7,promien_500m
290B,90-058,132.3,promien_500m
290B,90-008,186.4,promien_500m
290B,90-307,213.4,promien_500m
290B,90-009,218.0,promien_500m
290B,90-306,255.1,promien_500m
290B,90-018,264.6,promien_500m
290B,90-315,278.2,promien_500m
290B,90-057,286.3,promien_500m
290B,90-022,298.1,promien_500m
290B,90-056,300.7,promien_500m
290B,90-043,302.3,promien_500m
290B,90-060,327.5,promien_500m
290B,90-010,327.9,promien_500m
290B,90-317,334.9,promien_500m
290B,90-316,336.5,promien_500m
290B,90-318,342.1,promien_500m
290B,90-042,361.8,promien_500m
290B,90-368,372.8,promien_500m
290B,90-045,381.9,promien_500m
290B,90-015,388.0,promien_500m
290B,90-047,402.1,promien_500m
290B,90-046,403.9,promien_500m
290B,90-301,404.0,promien_500m
290B,90-258,422.6,promien_500m
290B,90-062,429.7,promien_500m
290B,90-323,437.8,promien_500m
290B,90-021,447.2,promien_500m
290B,90-001,452.0,promien_500m
290B,90-322,452.4,promien_500m
290B,90-002,454.5,promien_500m
290B,90-007,458.1,promien_500m
290B,90-319,475.1,promien_500m
290B,90-119,477.5,promien_500m
290B,90-054,498.6,promien_500m
290B,90-020,499.8,promien_500m
291B,90-011,0.0,promien_500m
291B,90-049,4.1,promien_500m
291B,90-061,37.1,promien_500m
291B,90-013,60.5,promien_500m
291B,90-055,95.1,promien_500m
291B,90-012,108.5,promien_500m
291B,90-014,109.3,promien_500m
291B,90-019,118.8,promien_500m
291B,90-051,126.9,promien_500m
291B,90-058,131.8,promien_500m
291B,90-008,178.6,promien_500m
291B,90-009,206.1,promien_500m
291B,90-307,225.2,promien_500m
291B,90-018,258.9,promien_500m
291B,90-306,267.7,promien_500m
291B,90-057,289.7,promien_500m
291B,90-315,291.8,promien_500m
291B,90-022,298.1,promien_500m
291B,90-043,303.2,promien_500m
291B,90-056,304.2,promien_500m
291B,90-010,315.1,promien_500m
291B,90-060,324.3,promien_500m
291B,90-317,348.5,promien_500m
291B,90-316,349.1,promien_500m
291B,90-318,351.7,promien_500m
291B,90-042,356.0,promien_500m
291B,90-015,374.9,promien_500m
291B,90-045,378.2,promien_500m
291B,90-368,381.7,promien_500m
291B,90-046,405.5,promien_500m
291B,90-047,406.1,promien_500m
291B,90-301,413.2,promien_500m
291B,90-062,429.4,promien_500m
291B,90-021,433.6,promien_500m
291B,90-258,434.3,promien_500m
291B,90-001,438.5,promien_500m
291B,90-002,441.4,promien_500m
291B,90-323,447.1,promien_500m
291B,90-007,448.4,promien_500m
291B,90-119,463.8,promien_500m
291B,90-322,464.9,promien_500m
291B,90-020,488.6,promien_500m
291B,90-319,488.7,promien_500m
292B,90-061,0.0,promien_500m
292B,90-055,30.2,promien_500m
292B,90-049,43.7,promien_500m
292B,90-058,62.0,promien_500m
292B,90-011,69.1,promien_500m
292B,90-009,116.4,promien_500m
292B,90-051,139.0,promien_500m
292B,90-008,145.5,promien_500m
292B,90-012,150.8,promien_500m
292B,90-014,155.8,promien_500m
292B,90-013,155.9,promien_500m
292B,90-057,198.0,promien_500m
292B,90-060,215.8,promien_500m
292B,90-019,222.9,promien_500m
292B,90-056,236.2,promien_500m
292B,90-010,242.8,promien_500m
292B,90-307,290.3,promien_500m
292B,90-306,298.6,promien_500m
292B,90-062,331.7,promien_500m
292B,90-318,336.9,promien_500m
292B,90-007,340.0,promien_500m
292B,90-018,342.9,promien_500m
292B,90-368,358.2,promien_500m
292B,90-015,364.7,promien_500m
292B,90-315,368.6,promien_500m
292B,90-002,369.4,promien_500m
292B,90-001,383.3,promien_500m
292B,90-006,387.8,promien_500m
292B,90-301,391.1,promien_500m
292B,90-022,399.6,promien_500m
292B,90-021,401.9,promien_500m
292B,90-317,405.7,promien_500m
292B,90-043,411.4,promien_500m
292B,90-119,417.7,promien_500m
292B,90-042,426.9,promien_500m
292B,90-003,430.8,promien_500m
292B,90-054,435.4,promien_500m
292B,90-316,443.5,promien_500m
292B,90-063,462.9,promien_500m
292B,90-114,467.8,promien_500m
292B,90-045,469.2,promien_500m
292B,90-004,474.4,promien_500m
293B,90-061,0.0,promien_500m
293B,90-055,0.1,promien_500m
293B,90-008,22.8,promien_500m
293B,90-009,59.2,promien_500m
293B,90-058,64.3,promien_500m
293B,90-057,99.3,promien_500m
293B,90-060,99.8,promien_500m
293B,90-049,128.3,promien_500m
293B,90-011,162.6,promien_500m
293B,90-051,185.1,promien_500m
293B,90-056,192.0,promien_500m
293B,90-010,216.5,promien_500m
293B,90-062,227.6,promien_500m
293B,90-007,240.7,promien_500m
293B,90-012,252.0,promien_500m
293B,90-006,263.9,promien_500m
293B,90-014,267.3,promien_500m
293B,90-013,267.6,promien_500m
293B,90-306,322.4,promien_500m
293B,90-002,325.3,promien_500m
293B,90-318,342.7,promien_500m
293B,90-019,345.8,promien_500m
293B,90-003,348.4,promien_500m
293B,90-368,349.0,promien_500m
293B,90-307,351.0,promien_500m
293B,90-004,353.3,promien_500m
293B,90-054,367.3,promien_500m
293B,90-001,378.9,promien_500m
293B,90-063,379.9,promien_500m
293B,90-301,382.8,promien_500m
293B,90-430,394.6,promien_500m
293B,90-114,395.0,promien_500m
293B,90-434,398.4,promien_500m
293B,90-015,408.8,promien_500m
293B,90-021,411.0,promien_500m
293B,90-431,421.3,promien_500m
293B,90-119,422.0,promien_500m
293B,90-425,429.9,promien_500m
293B,90-440,436.1,promien_500m
293B,90-315,453.8,promien_500m
293B,90-018,457.6,promien_500m
293B,90-317,461.7,promien_500m
293B,90-103,486.0,promien_500m
293B,90-428,489.5,promien_500m
294A,90-009,0.0,promien_500m
294A,90-055,51.5,promien_500m
294A,90-060,57.9,promien_500m
294A,90-008,71.3,promien_500m
294A,90-061,92.9,promien_500m
294A,90-058,106.2,promien_500m
294A,90-007,109.8,promien_500m
294A,90-057,120.9,promien_500m
294A,90-006,152.3,promien_500m
294A,90-010,172.8,promien_500m
294A,90-056,191.0,promien_500m
294A,90-062,204.9,promien_500m
294A,90-004,223.6,promien_500m
294A,90-003,230.3,promien_500m
294A,90-011,231.4,promien_500m
294A,90-002,237.6,promien_500m
294A,90-049,260.1,promien_500m
294A,90-001,276.8,promien_500m
294A,90-051,294.2,promien_500m
294A,90-114,295.0,promien_500m
294A,90-430,295.5,promien_500m
294A,90-012,307.6,promien_500m
294A,90-425,307.6,promien_500m
294A,90-434,313.9,promien_500m
294A,90-431,333.4,promien_500m
294A,90-103,354.0,promien_500m
294A,90-063,373.8,promien_500m
294A,90-014,375.5,promien_500m
294A,90-013,375.9,promien_500m
294A,90-054,380.8,promien_500m
294A,90-428,381.5,promien_500m
294A,90-119,390.0,promien_500m
294A,90-423,392.8,promien_500m
294A,90-427,395.7,promien_500m
294A,90-440,403.4,promien_500m
294A,90-021,408.0,promien_500m
294A,90-426,412.8,promien_500m
294A,90-306,418.5,promien_500m
294A,90-368,419.9,promien_500m
294A,90-432,430.2,promien_500m
294A,90-015,432.1,promien_500m
294A,90-318,432.2,promien_500m
294A,90-102,435.3,promien_500m
294A,90-437,442.2,promien_500m
294A,90-019,445.8,promien_500m
294A,90-420,450.2,promien_500m
294A,90-101,456.0,promien_500m
294A,90-301,461.0,promien_500m
294A,90-113,470.8,promien_500m
294A,90-307,471.7,promien_500m
294A,90-436,484.6,promien_500m
294A,90-514,485.8,promien_500m
294A,90-419,488.8,promien_500m
295A,90-060,0.0,promien_500m
295A,90-062,36.3,promien_500m
295A,90-008,39.3,promien_500m
295A,90-006,41.7,promien_500m
295A,90-009,93.8,promien_500m
295A,90-430,100.5,promien_500m
295A,90-434,102.1,promien_500m
295A,90-007,111.1,promien_500m
295A,90-056,113.4,promien_500m
295A,90-431,125.0,promien_500m
295A,90-057,150.8,promien_500m
295A,90-004,185.8,promien_500m
295A,90-058,195.0,promien_500m
295A,90-425,196.1,promien_500m
295A,90-428,201.2,promien_500m
295A,90-061,205.1,promien_500m
295A,90-440,209.1,promien_500m
295A,90-063,214.0,promien_500m
295A,90-432,218.5,promien_500m
295A,90-437,225.3,promien_500m
295A,90-055,241.2,promien_500m
295A,90-054,250.5,promien_500m
295A,90-051,265.2,promien_500m
295A,90-427,269.1,promien_500m
295A,90-436,272.5,promien_500m
295A,90-001,287.3,promien_500m
295A,90-514,292.1,promien_500m
295A,90-010,301.3,promien_500m
295A,90-368,327.0,promien_500m
295A,90-003,327.3,promien_500m
295A,90-426,340.3,promien_500m
295A,90-515,342.3,promien_500m
295A,90-103,344.7,promien_500m
295A,90-423,360.8,promien_500m
295A,90-516,361.9,promien_500m
295A,90-522,374.0,promien_500m
295A,90-447,376.1,promien_500m
295A,90-420,384.8,promien_500m
295A,90-002,391.7,promien_500m
295A,90-049,394.1,promien_500m
295A,90-521,405.2,promien_500m
295A,90-443,405.9,promien_500m
295A,90-318,410.9,promien_500m
295A,90-510,416.5,promien_500m
295A,90-301,426.2,promien_500m
295A,90-306,426.4,promien_500m
295A,90-114,432.2,promien_500m
295A,90-011,439.6,promien_500m
295A,90-419,443.4,promien_500m
295A,90-509,444.3,promien_500m
295A,90-513,447.3,promien_500m
295A,90-609,459.5,promien_500m
295A,90-418,463.9,promien_500m
295A,90-442,469.8,promien_500m
295A,90-102,475.8,promien_500m
295A,90-508,480.1,promien_500m
295A,90-441,493.2,promien_500m
296A,90-428,0.0,promien_500m
296A,90-514,16.6,promien_500m
296A,90-431,23.1,promien_500m
296A,90-432,59.2,promien_500m
296A,90-516,79.5,promien_500m
296A,90-430,84.9,promien_500m
296A,90-436,92.8,promien_500m
296A,90-515,97.9,promien_500m
296A,90-427,103.7,promien_500m
296A,90-522,136.8,promien_500m
296A,90-434,151.5,promien_500m
296A,90-437,154.1,promien_500m
296A,90-510,154.1,promien_500m
296A,90-521,156.7,promien_500m
296A,90-425,163.7,promien_500m
296A,90-509,164.2,promien_500m
296A,90-006,176.7,promien_500m
296A,90-062,185.2,promien_500m
296A,90-508,199.0,promien_500m
296A,90-007,204.9,promien_500m
296A,90-008,210.8,promien_500m
296A,90-060,213.2,promien_500m
296A,90-004,215.3,promien_500m
296A,90-426,227.2,promien_500m
296A,90-513,228.4,promien_500m
296A,90-420,276.1,promien_500m
296A,90-520,278.3,promien_500m
296A,90-440,281.1,promien_500m
296A,90-419,281.8,promien_500m
296A,90-609,289.3,promien_500m
296A,90-418,296.8,promien_500m
296A,90-056,304.0,promien_500m
296A,90-507,313.1,promien_500m
296A,90-547,318.2,promien_500m
296A,90-608,320.9,promien_500m
296A,90-063,321.6,promien_500m
296A,90-009,323.1,promien_500m
296A,90-423,329.1,promien_500m
296A,90-519,349.0,promien_500m
296A,90-503,351.4,promien_500m
296A,90-001,354.0,promien_500m
296A,90-103,354.0,promien_500m
296A,90-003,363.1,promien_500m
296A,90-511,364.6,promien_500m
296A,90-613,378.4,promien_500m
296A,90-443,380.3,promien_500m
296A,90-505,392.3,promien_500m
296A,90-054,415.6,promien_500m
296A,90-447,423.2,promien_500m
296A,90-010,425.1,promien_500m
296A,90-057,425.6,promien_500m
296A,90-527,425.7,promien_500m
296A,90-502,430.1,promien_500m
296A,90-368,435.6,promien_500m
296A,90-501,441.8,promien_500m
296A,90-442,448.3,promien_500m
296A,90-051,450.6,promien_500m
296A,90-441,452.6,promien_500m
296A,90-536,456.0,promien_500m
296A,90-525,459.8,promien_500m
296A,90-550,460.8,promien_500m
296A,90-631,467.4,promien_500m
296A,90-058,478.0,promien_500m
296A,90-102,485.4,promien_500m
296A,90-061,487.3,promien_500m
296A,90-422,494.1,promien_500m
297A,90-427,0.0,promien_500m
297A,90-514,15.7,promien_500m
297A,90-428,42.4,promien_500m
297A,90-516,74.8,promien_500m
297A,90-430,85.4,promien_500m
297A,90-426,87.2,promien_500m
297A,90-425,89.6,promien_500m
297A,90-513,104.1,promien_500m
297A,90-515,124.0,promien_500m
297A,90-420,130.0,promien_500m
297A,90-419,135.7,promien_500m
297A,90-609,144.7,promien_500m
297A,90-509,150.2,promien_500m
297A,90-418,151.2,promien_500m
297A,90-431,152.3,promien_500m
297A,90-004,178.1,promien_500m
297A,90-007,184.1,promien_500m
297A,90-006,190.2,promien_500m
297A,90-608,196.1,promien_500m
297A,90-432,204.7,promien_500m
297A,90-423,209.2,promien_500m
297A,90-508,231.8,promien_500m
297A,90-436,238.8,promien_500m
297A,90-510,240.0,promien_500m
297A,90-522,243.4,promien_500m
297A,90-103,245.2,promien_500m
297A,90-434,251.0,promien_500m
297A,90-521,255.1,promien_500m
297A,90-003,267.5,promien_500m
297A,90-001,269.3,promien_500m
297A,90-062,272.5,promien_500m
297A,90-613,277.1,promien_500m
297A,90-008,282.6,promien_500m
297A,90-060,291.1,promien_500m
297A,90-437,300.1,promien_500m
297A,90-507,300.9,promien_500m
297A,90-009,331.3,promien_500m
297A,90-505,349.5,promien_500m
297A,90-422,351.6,promien_500m
297A,90-010,352.2,promien_500m
297A,90-102,354.4,promien_500m
297A,90-503,354.4,promien_500m
297A,90-520,369.7,promien_500m
297A,90-501,371.6,promien_500m
297A,90-547,374.8,promien_500m
297A,90-631,390.0,promien_500m
297A,90-511,406.6,promien_500m
297A,90-056,407.3,promien_500m
297A,90-502,411.6,promien_500m
297A,90-440,416.0,promien_500m
297A,90-519,418.5,promien_500m
297A,90-101,444.7,promien_500m
297A,90-063,450.8,promien_500m
297A,90-416,462.3,promien_500m
297A,90-111,467.6,promien_500m
297A,90-415,470.1,promien_500m
297A,90-114,471.2,promien_500m
297A,90-646,479.8,promien_500m
297A,90-110,482.9,promien_500m
297A,90-626,488.5,promien_500m
297A,90-057,496.8,promien_500m
297A,90-002,499.5,promien_500m
298A,90-514,0.0,promien_500m
298A,90-427,13.0,promien_500m
298A,90-428,44.0,promien_500m
298A,90-516,45.9,promien_500m
298A,90-513,88.4,promien_500m
298A,90-515,94.3,promien_500m
298A,90-426,105.4,promien_500m
298A,90-430,113.2,promien_500m
298A,90-425,118.6,promien_500m
298A,90-509,120.6,promien_500m
298A,90-420,138.0,promien_500m
298A,90-419,142.8,promien_500m
298A,90-609,145.2,promien_500m
298A,90-418,155.3,promien_500m
298A,90-431,161.5,promien_500m
298A,90-608,182.1,promien_500m
298A,90-432,200.7,promien_500m
298A,90-508,204.4,promien_500m
298A,90-004,207.8,promien_500m
298A,90-007,212.1,promien_500m
298A,90-510,214.8,promien_500m
298A,90-006,216.3,promien_500m
298A,90-522,225.0,promien_500m
298A,90-436,232.8,promien_500m
298A,90-423,234.0,promien_500m
298A,90-521,235.9,promien_500m
298A,90-613,256.1,promien_500m
298A,90-434,266.2,promien_500m
298A,90-507,271.2,promien_500m
298A,90-103,271.7,promien_500m
298A,90-062,288.7,promien_500m
298A,90-003,295.5,promien_500m
298A,90-001,297.3,promien_500m
298A,90-437,297.5,promien_500m
298A,90-008,302.2,promien_500m
298A,90-060,312.4,promien_500m
298A,90-505,320.9,promien_500m
298A,90-503,324.8,promien_500m
298A,90-520,343.2,promien_500m
298A,90-501,345.7,promien_500m
298A,90-547,348.0,promien_500m
298A,90-009,358.5,promien_500m
298A,90-422,364.9,promien_500m
298A,90-631,365.3,promien_500m
298A,90-102,374.3,promien_500m
298A,90-511,377.7,promien_500m
298A,90-010,381.4,promien_500m
298A,90-502,382.0,promien_500m
298A,90-519,392.4,promien_500m
298A,90-440,421.8,promien_500m
298A,90-056,422.2,promien_500m
298A,90-416,454.2,promien_500m
298A,90-063,458.9,promien_500m
298A,90-101,465.0,promien_500m
298A,90-626,466.0,promien_500m
298A,90-415,471.4,promien_500m
298A,90-646,485.5,promien_500m
298A,90-111,485.9,promien_500m
298A,90-550,491.3,promien_500m
298A,90-114,499.5,promien_500m
299A,90-514,0.0,promien_500m
299A,90-428,17.1,promien_500m
299A,90-516,47.9,promien_500m
299A,90-427,52.5,promien_500m
299A,90-431,86.9,promien_500m
299A,90-515,98.6,promien_500m
299A,90-432,116.6,promien_500m
299A,90-509,118.0,promien_500m
299A,90-430,124.5,promien_500m
299A,90-425,143.6,promien_500m
299A,90-436,148.1,promien_500m
299A,90-522,153.5,promien_500m
299A,90-510,161.4,promien_500m
299A,90-513,165.2,promien_500m
299A,90-521,166.3,promien_500m
299A,90-508,172.6,promien_500m
299A,90-426,180.9,promien_500m
299A,90-006,204.1,promien_500m
299A,90-434,209.5,promien_500m
299A,90-437,213.6,promien_500m
299A,90-007,216.0,promien_500m
299A,90-004,219.6,promien_500m
299A,90-420,221.6,promien_500m
299A,90-419,226.7,promien_500m
299A,90-609,229.2,promien_500m
299A,90-062,236.4,promien_500m
299A,90-418,240.0,promien_500m
299A,90-608,257.2,promien_500m
299A,90-008,259.7,promien_500m
299A,90-060,263.1,promien_500m
299A,90-507,271.0,promien_500m
299A,90-520,288.3,promien_500m
299A,90-423,296.4,promien_500m
299A,90-547,306.2,promien_500m
299A,90-613,315.7,promien_500m
299A,90-503,315.8,promien_500m
299A,90-103,327.6,promien_500m
299A,90-505,341.8,promien_500m
299A,90-003,343.5,promien_500m
299A,90-001,343.7,promien_500m
299A,90-440,344.9,promien_500m
299A,90-519,345.4,promien_500m
299A,90-009,348.1,promien_500m
299A,90-511,348.8,promien_500m
299A,90-056,362.3,promien_500m
299A,90-501,384.9,promien_500m
299A,90-063,385.2,promien_500m
299A,90-502,387.8,promien_500m
299A,90-631,409.1,promien_500m
299A,90-010,417.3,promien_500m
299A,90-443,438.9,promien_500m
299A,90-422,445.8,promien_500m
299A,90-102,446.8,promien_500m
299A,90-550,451.5,promien_500m
299A,90-527,473.1,promien_500m
299A,90-057,475.3,promien_500m
299A,90-054,478.0,promien_500m
299A,90-447,485.4,promien_500m
299A,90-536,492.6,promien_500m
299A,90-545,493.6,promien_500m
299A,90-368,499.3,promien_500m
29B,90-746,0.0,promien_500m
29B,90-745,6.8,promien_500m
29B,90-739,29.5,promien_500m
29B,90-740,36.4,promien_500m
29B,90-569,51.3,promien_500m
29B,90-742,57.4,promien_500m
29B,90-741,64.3,promien_500m
29B,90-712,108.6,promien_500m
29B,90-762,112.8,promien_500m
29B,90-703,113.4,promien_500m
29B,90-401,116.5,promien_500m
29B,90-718,117.6,promien_500m
29B,90-713,130.5,promien_500m
29B,90-735,132.5,promien_500m
29B,90-411,143.2,promien_500m
29B,91-070,145.0,promien_500m
29B,90-717,150.9,promien_500m
29B,90-747,151.6,promien_500m
29B,90-734,180.3,promien_500m
29B,90-753,186.2,promien_500m
29B,90-756,187.7,promien_500m
29B,90-711,189.6,promien_500m
29B,90-749,190.7,promien_500m
29B,91-072,193.5,promien_500m
29B,90-748,202.4,promien_500m
29B,90-710,209.4,promien_500m
29B,91-068,210.8,promien_500m
29B,90-743,218.0,promien_500m
29B,90-758,261.9,promien_500m
29B,90-558,262.1,promien_500m
29B,90-752,262.1,promien_500m
29B,90-763,264.2,promien_500m
29B,90-736,266.6,promien_500m
29B,91-069,267.0,promien_500m
29B,91-067,270.1,promien_500m
29B,90-502,280.0,promien_500m
29B,90-750,284.1,promien_500m
29B,90-702,293.4,promien_500m
29B,90-737,298.2,promien_500m
29B,90-604,339.9,promien_500m
29B,90-755,358.8,promien_500m
29B,90-754,374.7,promien_500m
29B,91-071,376.3,promien_500m
29B,90-757,377.0,promien_500m
29B,90-706,377.9,promien_500m
29B,90-602,383.3,promien_500m
29B,90-635,383.7,promien_500m
29B,90-764,386.7,promien_500m
29B,90-618,392.0,promien_500m
29B,90-507,397.6,promien_500m
29B,90-715,397.7,promien_500m
29B,94-015,414.1,promien_500m
29B,90-729,424.6,promien_500m
29B,91-065,427.3,promien_500m
29B,90-624,429.8,promien_500m
29B,90-639,442.1,promien_500m
29B,90-629,442.2,promien_500m
29B,90-716,452.9,promien_500m
29B,91-074,454.3,promien_500m
29B,90-707,457.5,promien_500m
29B,90-727,463.6,promien_500m
29B,90-708,470.2,promien_500m
29B,90-730,471.8,promien_500m
29B,90-643,472.4,promien_500m
29B,90-759,484.0,promien_500m
300A,90-510,0.0,promien_500m
300A,90-521,39.4,promien_500m
300A,90-515,42.2,promien_500m
300A,90-508,54.1,promien_500m
300A,90-522,56.2,promien_500m
300A,90-431,68.9,promien_500m
300A,90-509,87.5,promien_500m
300A,90-520,89.5,promien_500m
300A,90-516,99.2,promien_500m
300A,90-514,105.5,promien_500m
300A,90-547,114.2,promien_500m
300A,90-507,127.9,promien_500m
300A,90-436,134.5,promien_500m
300A,90-432,140.6,promien_500m
300A,90-519,143.0,promien_500m
300A,90-511,162.8,promien_500m
300A,90-428,180.3,promien_500m
300A,90-503,180.6,promien_500m
300A,90-437,222.4,promien_500m
300A,90-427,251.1,promien_500m
300A,90-513,251.9,promien_500m
300A,90-550,254.3,promien_500m
300A,90-505,276.2,promien_500m
300A,90-502,277.3,promien_500m
300A,90-430,289.1,promien_500m
300A,90-434,292.0,promien_500m
300A,90-420,316.6,promien_500m
300A,90-004,324.9,promien_500m
300A,90-549,331.8,promien_500m
300A,90-545,333.3,promien_500m
300A,90-609,333.3,promien_500m
300A,90-536,335.7,promien_500m
300A,90-425,347.6,promien_500m
300A,90-501,352.0,promien_500m
300A,90-527,353.2,promien_500m
300A,90-443,354.1,promien_500m
300A,90-613,356.6,promien_500m
300A,90-608,359.0,promien_500m
300A,90-525,362.3,promien_500m
300A,90-426,362.9,promien_500m
300A,90-006,366.0,promien_500m
300A,90-050,371.5,promien_500m
300A,90-062,371.8,promien_500m
300A,90-440,375.4,promien_500m
300A,90-419,392.1,promien_500m
300A,90-631,392.8,promien_500m
300A,90-418,397.9,promien_500m
300A,90-008,398.1,promien_500m
300A,90-568,399.4,promien_500m
300A,90-060,400.0,promien_500m
300A,90-007,410.5,promien_500m
300A,90-441,424.5,promien_500m
300A,90-552,425.9,promien_500m
300A,90-442,426.0,promien_500m
300A,90-063,429.8,promien_500m
300A,90-056,433.9,promien_500m
300A,90-546,444.4,promien_500m
300A,90-447,455.4,promien_500m
300A,90-567,460.2,promien_500m
300A,90-570,472.6,promien_500m
300A,90-632,476.0,promien_500m
300A,90-626,485.3,promien_500m
300A,90-423,494.0,promien_500m
300A,90-368,495.5,promien_500m
301A,90-510,0.0,promien_500m
301A,90-508,27.4,promien_500m
301A,90-520,38.7,promien_500m
301A,90-547,50.8,promien_500m
301A,90-507,64.5,promien_500m
301A,90-521,70.8,promien_500m
301A,90-519,87.5,promien_500m
301A,90-515,90.6,promien_500m
301A,90-511,99.3,promien_500m
301A,90-509,100.5,promien_500m
301A,90-522,119.6,promien_500m
301A,90-503,122.0,promien_500m
301A,90-431,132.4,promien_500m
301A,90-516,151.2,promien_500m
301A,90-514,167.1,promien_500m
301A,90-550,193.9,promien_500m
301A,90-436,195.0,promien_500m
301A,90-432,203.2,promien_500m
301A,90-502,216.0,promien_500m
301A,90-505,231.8,promien_500m
301A,90-428,242.0,promien_500m
301A,90-513,262.1,promien_500m
301A,90-549,268.3,promien_500m
301A,90-545,271.6,promien_500m
301A,90-437,278.8,promien_500m
301A,90-427,301.6,promien_500m
301A,90-420,319.3,promien_500m
301A,90-501,325.6,promien_500m
301A,90-536,336.7,promien_500m
301A,90-568,337.9,promien_500m
301A,90-050,339.7,promien_500m
301A,90-609,344.7,promien_500m
301A,90-430,351.3,promien_500m
301A,90-434,352.5,promien_500m
301A,90-613,353.2,promien_500m
301A,90-552,363.3,promien_500m
301A,90-525,367.2,promien_500m
301A,90-631,370.0,promien_500m
301A,90-527,370.2,promien_500m
301A,90-443,374.5,promien_500m
301A,90-608,375.1,promien_500m
301A,90-004,380.7,promien_500m
301A,90-546,382.4,promien_500m
301A,90-426,400.1,promien_500m
301A,90-425,401.0,promien_500m
301A,90-570,413.0,promien_500m
301A,90-567,416.9,promien_500m
301A,90-419,425.9,promien_500m
301A,90-418,429.2,promien_500m
301A,90-006,429.5,promien_500m
301A,90-440,430.9,promien_500m
301A,90-632,434.4,promien_500m
301A,90-062,435.3,promien_500m
301A,90-571,441.8,promien_500m
301A,90-441,447.3,promien_500m
301A,90-626,449.4,promien_500m
301A,90-442,456.8,promien_500m
301A,90-008,461.6,promien_500m
301A,90-060,463.5,promien_500m
301A,90-569,467.4,promien_500m
301A,90-625,468.9,promien_500m
301A,90-007,470.2,promien_500m
301A,90-063,486.8,promien_500m
301A,90-056,491.1,promien_500m
301A,90-554,492.2,promien_500m
301A,90-447,497.8,promien_500m
302A,90-508,0.0,promien_500m
302A,90-507,6.1,promien_500m
302A,90-503,46.6,promien_500m
302A,90-510,51.4,promien_500m
302A,90-509,51.9,promien_500m
302A,90-547,57.4,promien_500m
302A,90-511,62.0,promien_500m
302A,90-520,68.4,promien_500m
302A,90-519,109.7,promien_500m
302A,90-515,117.0,promien_500m
302A,90-505,147.9,promien_500m
302A,90-502,152.4,promien_500m
302A,90-521,154.7,promien_500m
302A,90-516,181.6,promien_500m
302A,90-550,181.6,promien_500m
302A,90-522,188.3,promien_500m
302A,90-431,198.5,promien_500m
302A,90-545,206.4,promien_500m
302A,90-513,208.9,promien_500m
302A,90-514,220.7,promien_500m
302A,90-549,222.1,promien_500m
302A,90-501,249.6,promien_500m
302A,90-436,267.1,promien_500m
302A,90-568,271.1,promien_500m
302A,90-420,272.5,promien_500m
302A,90-432,272.8,promien_500m
302A,90-613,287.0,promien_500m
302A,90-428,292.9,promien_500m
302A,90-631,294.0,promien_500m
302A,90-609,296.8,promien_500m
302A,90-427,322.1,promien_500m
302A,90-552,325.7,promien_500m
302A,90-567,332.9,promien_500m
302A,90-570,340.0,promien_500m
302A,90-608,342.2,promien_500m
302A,90-632,350.5,promien_500m
302A,90-546,351.1,promien_500m
302A,90-437,357.1,promien_500m
302A,90-626,367.0,promien_500m
302A,90-050,371.5,promien_500m
302A,90-571,376.5,promien_500m
302A,90-625,385.3,promien_500m
302A,90-569,391.6,promien_500m
302A,90-426,396.1,promien_500m
302A,90-430,400.9,promien_500m
302A,90-536,407.8,promien_500m
302A,90-418,411.6,promien_500m
302A,90-419,412.8,promien_500m
302A,90-425,425.5,promien_500m
302A,90-434,426.0,promien_500m
302A,90-630,436.4,promien_500m
302A,90-640,437.0,promien_500m
302A,90-443,440.2,promien_500m
302A,90-525,440.5,promien_500m
302A,90-527,447.3,promien_500m
302A,90-004,459.6,promien_500m
302A,90-554,478.9,promien_500m
302A,90-006,487.9,promien_500m
302A,90-062,495.0,promien_500m
303A,90-507,0.0,promien_500m
303A,90-508,2.6,promien_500m
303A,90-503,36.6,promien_500m
303A,90-511,49.7,promien_500m
303A,90-547,53.8,promien_500m
303A,90-510,57.4,promien_500m
303A,90-509,62.8,promien_500m
303A,90-520,67.3,promien_500m
303A,90-519,103.4,promien_500m
303A,90-515,129.2,promien_500m
303A,90-505,143.6,promien_500m
303A,90-502,147.1,promien_500m
303A,90-521,160.2,promien_500m
303A,90-550,171.2,promien_500m
303A,90-516,193.8,promien_500m
303A,90-545,194.7,promien_500m
303A,90-522,198.4,promien_500m
303A,90-431,208.9,promien_500m
303A,90-549,209.8,promien_500m
303A,90-513,215.4,promien_500m
303A,90-514,232.4,promien_500m
303A,90-501,250.4,promien_500m
303A,90-568,259.6,promien_500m
303A,90-436,277.3,promien_500m
303A,90-420,280.0,promien_500m
303A,90-432,283.1,promien_500m
303A,90-613,289.0,promien_500m
303A,90-631,294.4,promien_500m
303A,90-609,303.9,promien_500m
303A,90-428,304.7,promien_500m
303A,90-552,313.5,promien_500m
303A,90-567,328.0,promien_500m
303A,90-570,329.4,promien_500m
303A,90-427,334.3,promien_500m
303A,90-546,339.0,promien_500m
303A,90-632,346.0,promien_500m
303A,90-608,351.3,promien_500m
303A,90-050,363.9,promien_500m
303A,90-626,364.1,promien_500m
303A,90-571,365.1,promien_500m
303A,90-437,366.0,promien_500m
303A,90-625,381.3,promien_500m
303A,90-569,381.5,promien_500m
303A,90-536,406.9,promien_500m
303A,90-426,407.4,promien_500m
303A,90-430,412.9,promien_500m
303A,90-418,421.3,promien_500m
303A,90-419,423.5,promien_500m
303A,90-640,429.8,promien_500m
303A,90-630,430.4,promien_500m
303A,90-443,435.4,promien_500m
303A,90-434,435.9,promien_500m
303A,90-425,437.8,promien_500m
303A,90-525,440.8,promien_500m
303A,90-527,448.2,promien_500m
303A,90-554,467.1,promien_500m
303A,90-004,468.4,promien_500m
303A,90-006,499.5,promien_500m
304B,90-511,0.0,promien_500m
304B,90-547,7.0,promien_500m
304B,90-507,20.7,promien_500m
304B,90-519,44.1,promien_500m
304B,90-503,46.3,promien_500m
304B,90-508,56.9,promien_500m
304B,90-520,65.5,promien_500m
304B,90-510,76.5,promien_500m
304B,90-550,91.6,promien_500m
304B,90-502,107.4,promien_500m
304B,90-509,142.0,promien_500m
304B,90-549,147.6,promien_500m
304B,90-545,154.7,promien_500m
304B,90-521,165.6,promien_500m
304B,90-505,181.7,promien_500m
304B,90-515,193.9,promien_500m
304B,90-568,223.8,promien_500m
304B,90-522,240.3,promien_500m
304B,90-552,246.0,promien_500m
304B,90-431,253.2,promien_500m
304B,90-516,264.2,promien_500m
304B,90-546,266.8,promien_500m
304B,90-514,286.4,promien_500m
304B,90-050,290.1,promien_500m
304B,90-513,290.2,promien_500m
304B,90-570,303.9,promien_500m
304B,90-501,304.3,promien_500m
304B,90-436,308.2,promien_500m
304B,90-432,323.3,promien_500m
304B,90-571,325.0,promien_500m
304B,90-631,348.0,promien_500m
304B,90-613,349.1,promien_500m
304B,90-567,351.7,promien_500m
304B,90-420,356.5,promien_500m
304B,90-536,358.6,promien_500m
304B,90-428,360.9,promien_500m
304B,90-569,361.5,promien_500m
304B,90-443,370.6,promien_500m
304B,90-632,372.3,promien_500m
304B,90-609,379.4,promien_500m
304B,90-554,390.5,promien_500m
304B,90-437,392.2,promien_500m
304B,90-626,399.8,promien_500m
304B,90-525,404.8,promien_500m
304B,90-427,406.6,promien_500m
304B,90-625,409.8,promien_500m
304B,90-527,416.3,promien_500m
304B,90-608,430.1,promien_500m
304B,90-640,434.9,promien_500m
304B,90-630,444.4,promien_500m
304B,90-434,469.7,promien_500m
304B,90-430,470.4,promien_500m
304B,90-004,481.1,promien_500m
304B,90-559,482.0,promien_500m
304B,90-426,485.9,promien_500m
304B,90-448,488.5,promien_500m
305B,90-511,0.0,promien_500m
305B,90-547,1.9,promien_500m
305B,90-503,35.0,promien_500m
305B,90-502,42.8,promien_500m
305B,90-550,63.4,promien_500m
305B,90-519,67.9,promien_500m
305B,90-549,71.2,promien_500m
305B,90-545,82.7,promien_500m
305B,90-507,93.1,promien_500m
305B,90-508,132.9,promien_500m
305B,90-520,133.5,promien_500m
305B,90-510,152.6,promien_500m
305B,90-568,158.5,promien_500m
305B,90-552,172.4,promien_500m
305B,90-505,182.4,promien_500m
305B,90-546,195.6,promien_500m
305B,90-509,201.9,promien_500m
305B,90-521,234.0,promien_500m
305B,90-570,242.5,promien_500m
305B,90-571,254.1,promien_500m
305B,90-515,267.5,promien_500m
305B,90-050,275.1,promien_500m
305B,90-501,294.1,promien_500m
305B,90-569,302.1,promien_500m
305B,90-522,316.6,promien_500m
305B,90-567,319.8,promien_500m
305B,90-554,324.8,promien_500m
305B,90-431,329.5,promien_500m
305B,90-513,331.4,promien_500m
305B,90-516,337.0,promien_500m
305B,90-631,349.9,promien_500m
305B,90-632,352.0,promien_500m
305B,90-514,362.6,promien_500m
305B,90-613,366.5,promien_500m
305B,90-443,371.2,promien_500m
305B,90-536,376.3,promien_500m
305B,90-436,381.6,promien_500m
305B,90-626,382.2,promien_500m
305B,90-625,390.2,promien_500m
305B,90-640,393.1,promien_500m
305B,90-432,399.2,promien_500m
305B,90-420,399.7,promien_500m
305B,90-630,410.2,promien_500m
305B,90-559,412.3,promien_500m
305B,90-609,420.0,promien_500m
305B,90-428,437.0,promien_500m
305B,90-525,441.9,promien_500m
305B,90-558,452.2,promien_500m
305B,90-527,456.9,promien_500m
305B,90-553,458.1,promien_500m
305B,90-448,463.7,promien_500m
305B,90-437,465.1,promien_500m
305B,90-619,466.4,promien_500m
305B,90-560,473.0,promien_500m
305B,90-427,477.4,promien_500m
305B,90-608,479.6,promien_500m
305B,90-561,492.9,promien_500m
305B,90-563,493.8,promien_500m
306B,90-550,0.0,promien_500m
306B,90-549,26.8,promien_500m
306B,90-519,74.3,promien_500m
306B,90-502,77.3,promien_500m
306B,90-547,93.4,promien_500m
306B,90-546,100.0,promien_500m
306B,90-552,121.4,promien_500m
306B,90-511,132.0,promien_500m
306B,90-545,132.2,promien_500m
306B,90-050,145.7,promien_500m
306B,90-503,170.4,promien_500m
306B,90-507,190.0,promien_500m
306B,90-554,197.5,promien_500m
306B,90-520,198.8,promien_500m
306B,90-568,201.2,promien_500m
306B,90-508,244.7,promien_500m
306B,90-510,254.3,promien_500m
306B,90-443,255.3,promien_500m
306B,90-536,267.6,promien_500m
306B,90-505,276.0,promien_500m
306B,90-571,281.0,promien_500m
306B,90-521,287.4,promien_500m
306B,90-448,315.3,promien_500m
306B,90-570,317.6,promien_500m
306B,90-509,340.4,promien_500m
306B,90-569,350.3,promien_500m
306B,90-522,377.6,promien_500m
306B,90-515,382.5,promien_500m
306B,90-553,383.0,promien_500m
306B,90-525,387.0,promien_500m
306B,90-542,399.4,promien_500m
306B,90-527,408.2,promien_500m
306B,90-431,416.4,promien_500m
306B,90-561,421.2,promien_500m
306B,90-560,424.9,promien_500m
306B,90-436,429.0,promien_500m
306B,90-559,429.3,promien_500m
306B,90-501,436.4,promien_500m
306B,90-567,436.5,promien_500m
306B,90-516,446.6,promien_500m
306B,90-558,447.3,promien_500m
306B,90-514,457.6,promien_500m
306B,90-562,466.0,promien_500m
306B,90-432,474.1,promien_500m
306B,90-563,477.4,promien_500m
306B,90-632,477.9,promien_500m
306B,90-513,481.7,promien_500m
306B,90-631,485.4,promien_500m
306B,90-640,497.8,promien_500m
306B,90-543,499.5,promien_500m
307B,90-550,0.0,promien_500m
307B,90-549,7.3,promien_500m
307B,90-519,80.0,promien_500m
307B,90-050,85.8,promien_500m
307B,90-546,96.2,promien_500m
307B,90-502,144.1,promien_500m
307B,90-547,152.7,promien_500m
307B,90-507,158.0,promien_500m
307B,90-552,164.2,promien_500m
307B,90-554,167.3,promien_500m
307B,90-545,183.7,promien_500m
307B,90-443,190.8,promien_500m
307B,90-520,197.7,promien_500m
307B,90-511,197.8,promien_500m
307B,90-536,211.3,promien_500m
307B,90-503,236.7,promien_500m
307B,90-448,249.3,promien_500m
307B,90-568,259.6,promien_500m
307B,90-508,288.8,promien_500m
307B,90-521,291.8,promien_500m
307B,90-510,292.2,promien_500m
307B,90-571,333.2,promien_500m
307B,90-542,335.7,promien_500m
307B,90-505,341.7,promien_500m
307B,90-525,351.3,promien_500m
307B,90-527,374.5,promien_500m
307B,90-522,380.4,promien_500m
307B,90-570,380.4,promien_500m
307B,90-509,389.6,promien_500m
307B,90-553,395.3,promien_500m
307B,90-569,405.7,promien_500m
307B,90-515,421.3,promien_500m
307B,90-436,425.7,promien_500m
307B,90-543,432.6,promien_500m
307B,90-561,433.9,promien_500m
307B,90-431,442.0,promien_500m
307B,90-560,449.0,promien_500m
307B,90-559,471.4,promien_500m
307B,90-539,473.1,promien_500m
307B,90-516,480.3,promien_500m
307B,90-514,485.3,promien_500m
307B,90-441,486.7,promien_500m
307B,90-558,487.0,promien_500m
307B,90-432,492.5,promien_500m
307B,90-562,492.7,promien_500m
307B,90-526,498.4,promien_500m
308B,90-550,0.0,promien_500m
308B,90-549,7.9,promien_500m
308B,90-502,20.0,promien_500m
308B,90-547,51.4,promien_500m
308B,90-552,68.0,promien_500m
308B,90-545,73.8,promien_500m
308B,90-546,81.8,promien_500m
308B,90-511,90.9,promien_500m
308B,90-519,107.9,promien_500m
308B,90-503,116.4,promien_500m
308B,90-568,135.4,promien_500m
308B,90-554,203.1,promien_500m
308B,90-507,208.8,promien_500m
308B,90-505,211.7,promien_500m
308B,90-050,212.1,promien_500m
308B,90-571,218.2,promien_500m
308B,90-520,219.6,promien_500m
308B,90-508,242.7,promien_500m
308B,90-570,251.1,promien_500m
308B,90-510,257.5,promien_500m
308B,90-569,285.3,promien_500m
308B,90-521,312.9,promien_500m
308B,90-443,321.0,promien_500m
308B,90-509,324.9,promien_500m
308B,90-536,334.1,promien_500m
308B,90-553,352.5,promien_500m
308B,90-448,372.0,promien_500m
308B,90-559,372.1,promien_500m
308B,90-567,373.9,promien_500m
308B,90-515,381.9,promien_500m
308B,90-560,382.8,promien_500m
308B,90-501,383.2,promien_500m
308B,90-561,389.5,promien_500m
308B,90-558,391.3,promien_500m
308B,90-522,406.3,promien_500m
308B,90-632,414.2,promien_500m
308B,90-562,420.9,promien_500m
308B,90-563,424.9,promien_500m
308B,90-631,427.0,promien_500m
308B,90-431,430.5,promien_500m
308B,90-640,432.8,promien_500m
308B,90-525,447.1,promien_500m
308B,90-516,450.8,promien_500m
308B,90-542,450.9,promien_500m
308B,90-513,452.3,promien_500m
308B,90-626,456.9,promien_500m
308B,90-630,458.1,promien_500m
308B,90-625,463.3,promien_500m
308B,90-436,464.4,promien_500m
308B,90-527,467.2,promien_500m
308B,90-514,468.4,promien_500m
308B,90-613,475.0,promien_500m
308B,90-432,494.3,promien_500m
308B,90-619,494.7,promien_500m
309B,90-550,0.0,promien_500m
309B,90-549,16.5,promien_500m
309B,90-546,67.8,promien_500m
309B,90-519,98.7,promien_500m
309B,90-502,103.0,promien_500m
309B,90-552,114.9,promien_500m
309B,90-547,128.2,promien_500m
309B,90-545,133.0,promien_500m
309B,90-050,136.4,promien_500m
309B,90-511,162.3,promien_500m
309B,90-554,162.9,promien_500m
309B,90-503,198.2,promien_500m
309B,90-507,199.3,promien_500m
309B,90-568,209.1,promien_500m
309B,90-520,222.0,promien_500m
309B,90-443,239.5,promien_500m
309B,90-536,261.8,promien_500m
309B,90-508,279.8,promien_500m
309B,90-571,282.6,promien_500m
309B,90-448,288.8,promien_500m
309B,90-510,289.1,promien_500m
309B,90-505,295.0,promien_500m
309B,90-521,314.2,promien_500m
309B,90-570,331.1,promien_500m
309B,90-569,355.0,promien_500m
309B,90-553,360.2,promien_500m
309B,90-542,369.8,promien_500m
309B,90-509,375.7,promien_500m
309B,90-525,395.6,promien_500m
309B,90-561,398.7,promien_500m
309B,90-522,404.4,promien_500m
309B,90-560,407.8,promien_500m
309B,90-515,417.2,promien_500m
309B,90-527,417.9,promien_500m
309B,90-559,423.1,promien_500m
309B,90-558,439.6,promien_500m
309B,90-431,449.0,promien_500m
309B,90-562,450.4,promien_500m
309B,90-436,454.2,promien_500m
309B,90-567,457.5,promien_500m
309B,90-501,464.2,promien_500m
309B,90-563,465.6,promien_500m
309B,90-543,475.3,promien_500m
309B,90-516,480.7,promien_500m
309B,90-514,490.6,promien_500m
309B,90-632,497.5,promien_500m
30B,90-569,0.0,promien_500m
30B,90-745,13.7,promien_500m
30B,90-401,35.2,promien_500m
30B,90-746,38.6,promien_500m
30B,90-703,42.5,promien_500m
30B,91-070,59.2,promien_500m
30B,90-742,77.4,promien_500m
30B,90-712,86.4,promien_500m
30B,90-762,87.2,promien_500m
30B,90-739,102.0,promien_500m
30B,91-072,119.7,promien_500m
30B,90-740,121.2,promien_500m
30B,91-068,124.5,promien_500m
30B,90-713,131.2,promien_500m
30B,90-741,148.2,promien_500m
30B,90-718,168.2,promien_500m
30B,90-710,173.9,promien_500m
30B,91-067,185.4,promien_500m
30B,90-753,202.1,promien_500m
30B,91-069,204.9,promien_500m
30B,90-711,208.7,promien_500m
30B,90-717,214.1,promien_500m
30B,90-735,217.4,promien_500m
30B,90-411,225.9,promien_500m
30B,90-502,232.7,promien_500m
30B,90-747,232.9,promien_500m
30B,90-702,243.1,promien_500m
30B,90-734,247.8,promien_500m
30B,90-756,253.1,promien_500m
30B,90-749,257.7,promien_500m
30B,90-763,262.3,promien_500m
30B,90-752,282.2,promien_500m
30B,90-748,284.8,promien_500m
30B,91-071,293.9,promien_500m
30B,90-743,302.1,promien_500m
30B,90-758,334.4,promien_500m
30B,90-736,343.8,promien_500m
30B,90-558,344.4,promien_500m
30B,91-065,347.2,promien_500m
30B,90-706,350.6,promien_500m
30B,90-737,362.6,promien_500m
30B,90-750,362.9,promien_500m
30B,90-755,395.6,promien_500m
30B,94-015,404.0,promien_500m
30B,90-764,409.1,promien_500m
30B,90-715,415.2,promien_500m
30B,91-074,419.1,promien_500m
30B,90-604,426.1,promien_500m
30B,90-757,430.9,promien_500m
30B,90-507,433.9,promien_500m
30B,90-754,446.5,promien_500m
30B,90-635,456.1,promien_500m
30B,90-707,458.7,promien_500m
30B,90-602,464.4,promien_500m
30B,91-062,466.4,promien_500m
30B,90-716,467.7,promien_500m
30B,90-708,472.5,promien_500m
30B,90-618,478.0,promien_500m
30B,90-729,483.8,promien_500m
30B,90-701,492.3,promien_500m
30B,91-066,493.6,promien_500m
310B,90-550,0.0,promien_500m
310B,90-549,8.1,promien_500m
310B,90-050,71.1,promien_500m
310B,90-554,113.7,promien_500m
310B,90-443,117.8,promien_500m
310B,90-546,118.0,promien_500m
310B,90-519,141.6,promien_500m
310B,90-448,161.2,promien_500m
310B,90-536,168.3,promien_500m
310B,90-507,185.1,promien_500m
310B,90-552,220.0,promien_500m
310B,90-520,230.6,promien_500m
310B,90-502,230.7,promien_500m
310B,90-547,242.7,promien_500m
310B,90-542,245.6,promien_500m
310B,90-545,248.2,promien_500m
310B,90-511,286.5,promien_500m
310B,90-503,295.9,promien_500m
310B,90-521,326.4,promien_500m
310B,90-568,327.7,promien_500m
310B,90-525,334.9,promien_500m
310B,90-543,347.8,promien_500m
310B,90-510,365.8,promien_500m
310B,90-508,372.8,promien_500m
310B,90-527,377.4,promien_500m
310B,90-553,379.4,promien_500m
310B,90-571,390.8,promien_500m
310B,90-539,399.0,promien_500m
310B,90-522,412.0,promien_500m
310B,90-505,421.5,promien_500m
310B,90-561,434.7,promien_500m
310B,90-570,453.5,promien_500m
310B,90-436,456.6,promien_500m
310B,90-560,464.5,promien_500m
310B,90-526,466.3,promien_500m
310B,90-569,466.3,promien_500m
310B,90-528,466.5,promien_500m
310B,90-509,475.8,promien_500m
310B,90-441,487.2,promien_500m
310B,90-515,499.3,promien_500m
311B,90-554,0.0,promien_500m
311B,90-549,41.9,promien_500m
311B,90-546,66.8,promien_500m
311B,90-550,79.7,promien_500m
311B,90-552,162.1,promien_500m
311B,90-443,176.3,promien_500m
311B,90-448,186.4,promien_500m
311B,90-050,204.3,promien_500m
311B,90-536,205.0,promien_500m
311B,90-542,215.7,promien_500m
311B,90-503,220.8,promien_500m
311B,90-553,247.4,promien_500m
311B,90-545,281.8,promien_500m
311B,90-519,294.5,promien_500m
311B,90-502,304.3,promien_500m
311B,90-561,325.7,promien_500m
311B,90-547,336.2,promien_500m
311B,90-507,341.8,promien_500m
311B,90-571,348.3,promien_500m
311B,90-568,353.3,promien_500m
311B,90-543,357.3,promien_500m
311B,90-560,374.5,promien_500m
311B,90-511,377.0,promien_500m
311B,90-520,386.4,promien_500m
311B,90-562,421.7,promien_500m
311B,90-570,431.1,promien_500m
311B,90-539,438.4,promien_500m
311B,90-563,445.4,promien_500m
311B,90-569,455.8,promien_500m
311B,90-559,459.7,promien_500m
311B,90-558,463.3,promien_500m
311B,90-525,465.9,promien_500m
311B,90-505,466.8,promien_500m
311B,90-521,477.0,promien_500m
312B,90-554,0.0,promien_500m
312B,90-546,80.2,promien_500m
312B,90-549,97.1,promien_500m
312B,90-552,98.7,promien_500m
312B,90-503,137.7,promien_500m
312B,90-553,154.6,promien_500m
312B,90-550,175.0,promien_500m
312B,90-561,228.8,promien_500m
312B,90-545,255.0,promien_500m
312B,90-571,269.4,promien_500m
312B,90-443,272.9,promien_500m
312B,90-542,274.8,promien_500m
312B,90-560,278.3,promien_500m
312B,90-448,282.5,promien_500m
312B,90-050,293.7,promien_500m
312B,90-502,298.7,promien_500m
312B,90-536,301.8,promien_500m
312B,90-568,304.4,promien_500m
312B,90-562,326.5,promien_500m
312B,90-547,327.9,promien_500m
312B,90-519,337.8,promien_500m
312B,90-570,339.0,promien_500m
312B,90-563,350.6,promien_500m
312B,90-511,374.0,promien_500m
312B,90-559,374.5,promien_500m
312B,90-558,375.1,promien_500m
312B,90-569,386.9,promien_500m
312B,90-507,405.8,promien_500m
312B,90-505,428.5,promien_500m
312B,90-543,449.9,promien_500m
312B,90-520,455.0,promien_500m
313B,90-554,0.0,promien_500m
313B,90-549,87.9,promien_500m
313B,90-546,98.4,promien_500m
313B,90-550,122.0,promien_500m
313B,90-552,163.5,promien_500m
313B,90-542,210.0,promien_500m
313B,90-553,210.2,promien_500m
313B,90-503,211.0,promien_500m
313B,90-443,213.7,promien_500m
313B,90-448,215.3,promien_500m
313B,90-536,239.5,promien_500m
313B,90-050,247.1,promien_500m
313B,90-561,296.5,promien_500m
313B,90-545,303.0,promien_500m
313B,90-502,334.1,promien_500m
313B,90-519,340.7,promien_500m
313B,90-571,342.3,promien_500m
313B,90-560,347.4,promien_500m
313B,90-547,365.4,promien_500m
313B,90-568,366.6,promien_500m
313B,90-507,376.4,promien_500m
313B,90-543,377.8,promien_500m
313B,90-562,398.4,promien_500m
313B,90-511,408.7,promien_500m
313B,90-570,412.8,promien_500m
313B,90-563,422.9,promien_500m
313B,90-520,433.6,promien_500m
313B,90-559,448.7,promien_500m
313B,90-558,449.5,promien_500m
313B,90-539,455.9,promien_500m
313B,90-569,457.0,promien_500m
313B,90-505,485.0,promien_500m
314B,90-554,0.0,promien_500m
314B,90-552,52.3,promien_500m
314B,90-553,62.6,promien_500m
314B,90-503,101.5,promien_500m
314B,90-546,126.6,promien_500m
314B,90-561,137.3,promien_500m
314B,90-549,186.3,promien_500m
314B,90-560,188.3,promien_500m
314B,90-571,197.8,promien_500m
314B,90-562,241.5,promien_500m
314B,90-570,264.0,promien_500m
314B,90-563,268.0,promien_500m
314B,90-550,269.8,promien_500m
314B,90-545,274.1,promien_500m
314B,90-568,298.3,promien_500m
314B,90-558,303.0,promien_500m
314B,90-542,309.9,promien_500m
314B,90-559,312.7,promien_500m
314B,90-050,340.3,promien_500m
314B,90-502,340.3,promien_500m
314B,90-569,351.0,promien_500m
314B,90-547,365.1,promien_500m
314B,90-443,367.2,promien_500m
314B,90-448,373.9,promien_500m
314B,90-536,395.4,promien_500m
314B,90-519,410.0,promien_500m
314B,90-511,410.8,promien_500m
314B,90-505,423.4,promien_500m
314B,90-556,476.0,promien_500m
314B,90-567,483.4,promien_500m
314B,90-507,489.6,promien_500m
315B,90-554,0.0,promien_500m
315B,90-553,166.5,promien_500m
315B,90-549,173.5,promien_500m
315B,90-542,176.6,promien_500m
315B,90-546,177.9,promien_500m
315B,90-552,188.1,promien_500m
315B,90-550,202.3,promien_500m
315B,90-503,229.3,promien_500m
315B,90-561,261.1,promien_500m
315B,90-448,269.1,promien_500m
315B,90-443,284.8,promien_500m
315B,90-050,293.4,promien_500m
315B,90-536,305.9,promien_500m
315B,90-560,310.4,promien_500m
315B,90-571,334.9,promien_500m
315B,90-545,361.9,promien_500m
315B,90-562,371.4,promien_500m
315B,90-570,402.3,promien_500m
315B,90-502,403.1,promien_500m
315B,90-563,403.4,promien_500m
315B,90-568,408.3,promien_500m
315B,90-543,418.1,promien_500m
315B,90-519,424.3,promien_500m
315B,90-547,433.1,promien_500m
315B,90-507,437.9,promien_500m
315B,90-558,441.0,promien_500m
315B,90-559,451.2,promien_500m
315B,90-511,478.9,promien_500m
315B,90-569,481.1,promien_500m
315B,90-539,486.0,promien_500m
316B,90-554,0.0,promien_500m
316B,90-542,105.9,promien_500m
316B,90-553,216.9,promien_500m
316B,90-549,223.4,promien_500m
316B,90-550,238.3,promien_500m
316B,90-546,240.8,promien_500m
316B,90-050,248.9,promien_500m
316B,90-552,255.6,promien_500m
316B,90-448,263.2,promien_500m
316B,90-503,301.1,promien_500m
316B,90-443,303.2,promien_500m
316B,90-561,311.0,promien_500m
316B,90-536,317.9,promien_500m
316B,90-560,354.2,promien_500m
316B,90-571,393.6,promien_500m
316B,90-543,399.0,promien_500m
316B,90-502,419.7,promien_500m
316B,90-562,421.9,promien_500m
316B,90-545,434.1,promien_500m
316B,90-507,439.3,promien_500m
316B,90-539,454.8,promien_500m
316B,90-519,459.0,promien_500m
316B,90-563,459.0,promien_500m
316B,90-570,460.0,promien_500m
316B,90-568,481.7,promien_500m
316B,93-570,489.7,promien_500m
316B,93-569,499.4,promien_500m
317B,90-554,0.0,promien_500m
317B,90-542,130.8,promien_500m
317B,90-549,139.0,promien_500m
317B,90-550,152.3,promien_500m
317B,90-546,173.9,promien_500m
317B,90-448,192.0,promien_500m
317B,90-443,218.4,promien_500m
317B,90-536,235.1,promien_500m
317B,90-552,241.8,promien_500m
317B,90-553,244.7,promien_500m
317B,90-050,263.4,promien_500m
317B,90-503,282.5,promien_500m
317B,90-543,338.4,promien_500m
317B,90-561,338.4,promien_500m
317B,90-507,362.6,promien_500m
317B,90-519,372.3,promien_500m
317B,90-545,383.2,promien_500m
317B,90-560,389.1,promien_500m
317B,90-502,392.1,promien_500m
317B,90-571,406.8,promien_500m
317B,90-539,407.2,promien_500m
317B,90-547,443.6,promien_500m
317B,90-568,446.1,promien_500m
317B,90-562,447.7,promien_500m
317B,90-570,472.3,promien_500m
317B,90-520,475.6,promien_500m
317B,90-563,476.9,promien_500m
317B,90-511,485.6,promien_500m
318A,90-519,0.0,promien_500m
318A,90-520,21.9,promien_500m
318A,90-507,31.6,promien_500m
318A,90-550,64.4,promien_500m
318A,90-521,101.3,promien_500m
318A,90-050,120.9,promien_500m
318A,90-536,133.6,promien_500m
318A,90-510,161.1,promien_500m
318A,90-443,165.4,promien_500m
318A,90-547,168.4,promien_500m
318A,90-522,187.5,promien_500m
318A,90-525,190.0,promien_500m
318A,90-549,199.8,promien_500m
318A,90-527,207.2,promien_500m
318A,90-502,208.4,promien_500m
318A,90-508,212.7,promien_500m
318A,90-511,216.4,promien_500m
318A,90-436,232.7,promien_500m
318A,90-515,270.4,promien_500m
318A,90-503,270.5,promien_500m
318A,90-546,287.9,promien_500m
318A,90-431,292.1,promien_500m
318A,90-441,315.0,promien_500m
318A,90-509,320.7,promien_500m
318A,90-545,325.2,promien_500m
318A,90-432,325.9,promien_500m
318A,90-437,326.8,promien_500m
318A,90-552,327.9,promien_500m
318A,90-448,329.6,promien_500m
318A,90-514,338.7,promien_500m
318A,90-516,347.4,promien_500m
318A,90-554,348.8,promien_500m
318A,90-442,352.4,promien_500m
318A,90-004,352.7,promien_500m
318A,90-418,356.4,promien_500m
318A,90-526,378.4,promien_500m
318A,90-568,392.5,promien_500m
318A,90-428,396.2,promien_500m
318A,90-505,406.3,promien_500m
318A,90-434,409.3,promien_500m
318A,90-528,412.6,promien_500m
318A,90-542,429.2,promien_500m
318A,90-447,436.6,promien_500m
318A,90-440,449.2,promien_500m
318A,90-539,450.1,promien_500m
318A,90-543,470.3,promien_500m
318A,90-571,479.7,promien_500m
318A,90-513,486.0,promien_500m
318A,90-570,489.1,promien_500m
318A,90-446,493.3,promien_500m
318A,90-427,497.3,promien_500m
318A,90-368,497.4,promien_500m
318A,90-430,497.7,promien_500m
319A,90-519,0.0,promien_500m
319A,90-520,6.6,promien_500m
319A,90-547,57.3,promien_500m
319A,90-510,75.6,promien_500m
319A,90-521,90.8,promien_500m
319A,90-508,101.9,promien_500m
319A,90-507,108.0,promien_500m
319A,90-511,111.4,promien_500m
319A,90-550,118.2,promien_500m
319A,90-502,147.0,promien_500m
319A,90-503,162.3,promien_500m
319A,90-522,184.7,promien_500m
319A,90-515,208.9,promien_500m
319A,90-509,211.1,promien_500m
319A,90-050,215.7,promien_500m
319A,90-549,221.6,promien_500m
319A,90-431,224.1,promien_500m
319A,90-436,238.6,promien_500m
319A,90-536,243.3,promien_500m
319A,90-545,249.4,promien_500m
319A,90-516,265.7,promien_500m
319A,90-514,267.6,promien_500m
319A,90-443,272.3,promien_500m
319A,90-432,277.2,promien_500m
319A,90-525,284.6,promien_500m
319A,90-552,294.1,promien_500m
319A,90-546,295.7,promien_500m
319A,90-527,296.1,promien_500m
319A,90-505,297.7,promien_500m
319A,90-437,319.3,promien_500m
319A,90-568,326.7,promien_500m
319A,90-428,339.0,promien_500m
319A,90-513,376.0,promien_500m
319A,90-004,382.0,promien_500m
319A,90-554,384.2,promien_500m
319A,90-441,392.3,promien_500m
319A,90-434,403.5,promien_500m
319A,90-570,410.7,promien_500m
319A,90-501,415.3,promien_500m
319A,90-442,417.5,promien_500m
319A,90-427,417.7,promien_500m
319A,90-448,418.6,promien_500m
319A,90-571,418.9,promien_500m
319A,90-420,436.3,promien_500m
319A,90-418,441.8,promien_500m
319A,90-430,444.5,promien_500m
319A,90-613,454.7,promien_500m
319A,90-440,457.9,promien_500m
319A,90-631,458.6,promien_500m
319A,90-609,461.8,promien_500m
319A,90-569,470.2,promien_500m
319A,90-567,471.9,promien_500m
319A,90-526,481.9,promien_500m
319A,90-447,483.5,promien_500m
319A,90-632,492.3,promien_500m
319A,90-608,497.4,promien_500m
319A,90-062,499.3,promien_500m
31B,90-741,0.0,promien_500m
31B,90-739,5.4,promien_500m
31B,90-746,22.9,promien_500m
31B,90-742,36.9,promien_500m
31B,90-740,52.9,promien_500m
31B,90-745,54.5,promien_500m
31B,90-718,61.5,promien_500m
31B,90-735,62.0,promien_500m
31B,90-734,97.4,promien_500m
31B,90-569,104.2,promien_500m
31B,90-411,118.1,promien_500m
31B,90-711,129.9,promien_500m
31B,90-713,130.2,promien_500m
31B,90-747,130.8,promien_500m
31B,90-717,135.5,promien_500m
31B,90-712,140.0,promien_500m
31B,90-743,140.5,promien_500m
31B,90-748,163.9,promien_500m
31B,90-401,183.3,promien_500m
31B,90-736,183.8,promien_500m
31B,90-762,193.2,promien_500m
31B,90-749,193.9,promien_500m
31B,90-703,194.9,promien_500m
31B,90-756,196.3,promien_500m
31B,90-710,198.2,promien_500m
31B,91-070,215.5,promien_500m
31B,90-737,217.8,promien_500m
31B,90-558,222.7,promien_500m
31B,90-753,244.7,promien_500m
31B,90-750,247.1,promien_500m
31B,90-758,249.7,promien_500m
31B,90-604,271.1,promien_500m
31B,91-072,276.6,promien_500m
31B,91-068,281.9,promien_500m
31B,90-502,300.6,promien_500m
31B,91-069,301.3,promien_500m
31B,90-602,302.6,promien_500m
31B,90-752,312.4,promien_500m
31B,90-702,316.1,promien_500m
31B,90-507,316.9,promien_500m
31B,90-763,328.7,promien_500m
31B,91-067,329.2,promien_500m
31B,90-618,334.0,promien_500m
31B,90-715,334.8,promien_500m
31B,90-729,345.6,promien_500m
31B,90-624,348.6,promien_500m
31B,90-635,356.1,promien_500m
31B,90-754,358.1,promien_500m
31B,90-629,368.7,promien_500m
31B,90-706,370.2,promien_500m
31B,90-757,387.6,promien_500m
31B,90-755,389.4,promien_500m
31B,94-015,390.8,promien_500m
31B,90-727,396.3,promien_500m
31B,90-639,397.8,promien_500m
31B,90-716,400.1,promien_500m
31B,90-730,402.3,promien_500m
31B,90-707,421.3,promien_500m
31B,90-764,429.4,promien_500m
31B,90-708,433.3,promien_500m
31B,90-728,435.3,promien_500m
31B,90-615,441.4,promien_500m
31B,90-643,451.8,promien_500m
31B,91-071,455.7,promien_500m
31B,90-636,469.8,promien_500m
31B,91-065,477.2,promien_500m
31B,90-617,480.3,promien_500m
31B,90-759,482.6,promien_500m
31B,90-612,491.5,promien_500m
320A,90-520,0.0,promien_500m
320A,90-547,13.4,promien_500m
320A,90-519,16.6,promien_500m
320A,90-510,32.9,promien_500m
320A,90-508,40.5,promien_500m
320A,90-507,52.1,promien_500m
320A,90-511,64.8,promien_500m
320A,90-521,86.3,promien_500m
320A,90-503,111.5,promien_500m
320A,90-550,128.1,promien_500m
320A,90-509,149.8,promien_500m
320A,90-502,151.9,promien_500m
320A,90-515,162.1,promien_500m
320A,90-522,172.9,promien_500m
320A,90-431,193.2,promien_500m
320A,90-549,216.6,promien_500m
320A,90-516,221.8,promien_500m
320A,90-545,230.5,promien_500m
320A,90-514,232.7,promien_500m
320A,90-436,234.0,promien_500m
320A,90-505,243.3,promien_500m
320A,90-432,257.1,promien_500m
320A,90-050,274.3,promien_500m
320A,90-536,301.1,promien_500m
320A,90-552,302.3,promien_500m
320A,90-568,302.6,promien_500m
320A,90-428,307.3,promien_500m
320A,90-513,314.6,promien_500m
320A,90-437,317.2,promien_500m
320A,90-546,319.3,promien_500m
320A,90-443,333.6,promien_500m
320A,90-525,336.9,promien_500m
320A,90-527,345.9,promien_500m
320A,90-501,356.3,promien_500m
320A,90-427,373.0,promien_500m
320A,90-420,375.2,promien_500m
320A,90-570,383.6,promien_500m
320A,90-613,394.9,promien_500m
320A,90-434,397.4,promien_500m
320A,90-631,400.1,promien_500m
320A,90-609,400.6,promien_500m
320A,90-004,401.4,promien_500m
320A,90-571,401.8,promien_500m
320A,90-430,415.6,promien_500m
320A,90-554,421.1,promien_500m
320A,90-567,422.6,promien_500m
320A,90-441,434.9,promien_500m
320A,90-608,437.9,promien_500m
320A,90-569,441.3,promien_500m
320A,90-632,442.2,promien_500m
320A,90-442,453.8,promien_500m
320A,90-440,464.4,promien_500m
320A,90-626,465.0,promien_500m
320A,90-426,470.7,promien_500m
320A,90-425,471.9,promien_500m
320A,90-448,475.8,promien_500m
320A,90-625,478.8,promien_500m
320A,90-418,487.6,promien_500m
320A,90-006,488.0,promien_500m
320A,90-062,490.8,promien_500m
320A,90-419,495.0,promien_500m
321A,90-520,0.0,promien_500m
321A,90-507,2.8,promien_500m
321A,90-519,12.7,promien_500m
321A,90-550,75.3,promien_500m
321A,90-536,89.1,promien_500m
321A,90-521,92.0,promien_500m
321A,90-050,106.5,promien_500m
321A,90-443,133.7,promien_500m
321A,90-525,149.2,promien_500m
321A,90-527,168.6,promien_500m
321A,90-522,173.0,promien_500m
321A,90-510,192.4,promien_500m
321A,90-547,212.0,promien_500m
321A,90-436,218.5,promien_500m
321A,90-549,219.5,promien_500m
321A,90-502,250.0,promien_500m
321A,90-508,254.9,promien_500m
321A,90-511,261.3,promien_500m
321A,90-441,279.1,promien_500m
321A,90-515,283.1,promien_500m
321A,90-448,307.1,promien_500m
321A,90-546,309.7,promien_500m
321A,90-431,311.2,promien_500m
321A,90-503,315.1,promien_500m
321A,90-418,317.1,promien_500m
321A,90-437,318.6,promien_500m
321A,90-442,320.8,promien_500m
321A,90-004,333.3,promien_500m
321A,90-526,333.8,promien_500m
321A,90-432,341.7,promien_500m
321A,90-554,349.3,promien_500m
321A,90-552,361.4,promien_500m
321A,90-509,361.5,promien_500m
321A,90-514,361.6,promien_500m
321A,90-545,367.2,promien_500m
321A,90-528,367.6,promien_500m
321A,90-516,372.2,promien_500m
321A,90-434,402.8,promien_500m
321A,90-542,409.3,promien_500m
321A,90-539,409.5,promien_500m
321A,90-447,411.3,promien_500m
321A,90-428,413.7,promien_500m
321A,90-568,430.7,promien_500m
321A,90-440,439.1,promien_500m
321A,90-543,439.3,promien_500m
321A,90-505,450.9,promien_500m
321A,90-446,453.5,promien_500m
321A,90-368,473.8,promien_500m
321A,90-450,489.0,promien_500m
321A,90-063,491.5,promien_500m
321A,90-062,496.5,promien_500m
322A,90-522,0.0,promien_500m
322A,90-521,12.9,promien_500m
322A,90-436,28.8,promien_500m
322A,90-520,94.6,promien_500m
322A,90-443,104.5,promien_500m
322A,90-527,108.4,promien_500m
322A,90-437,129.0,promien_500m
322A,90-525,135.3,promien_500m
322A,90-536,140.4,promien_500m
322A,90-004,148.8,promien_500m
322A,90-515,156.6,promien_500m
322A,90-441,174.9,promien_500m
322A,90-519,179.6,promien_500m
322A,90-442,181.9,promien_500m
322A,90-507,193.0,promien_500m
322A,90-510,194.3,promien_500m
322A,90-432,197.5,promien_500m
322A,90-431,206.0,promien_500m
322A,90-434,214.9,promien_500m
322A,90-418,234.2,promien_500m
322A,90-447,241.2,promien_500m
322A,90-440,248.9,promien_500m
322A,90-514,251.4,promien_500m
322A,90-550,262.7,promien_500m
322A,90-547,283.1,promien_500m
322A,90-516,283.2,promien_500m
322A,90-428,287.2,promien_500m
322A,90-050,292.9,promien_500m
322A,90-508,295.9,promien_500m
322A,90-368,298.0,promien_500m
322A,90-063,301.4,promien_500m
322A,90-062,306.3,promien_500m
322A,90-056,311.4,promien_500m
322A,90-526,324.7,promien_500m
322A,90-509,334.8,promien_500m
322A,90-511,338.1,promien_500m
322A,90-446,359.8,promien_500m
322A,90-430,366.8,promien_500m
322A,90-054,370.3,promien_500m
322A,90-528,370.9,promien_500m
322A,90-006,382.4,promien_500m
322A,90-503,383.1,promien_500m
322A,90-502,385.9,promien_500m
322A,90-060,393.7,promien_500m
322A,90-008,401.4,promien_500m
322A,90-549,403.8,promien_500m
322A,90-427,419.9,promien_500m
322A,90-051,440.1,promien_500m
322A,90-448,450.3,promien_500m
322A,90-450,462.3,promien_500m
322A,90-425,486.2,promien_500m
322A,90-007,489.9,promien_500m
322A,90-539,490.6,promien_500m
322A,90-545,492.0,promien_500m
322A,90-546,492.1,promien_500m
322A,90-513,494.0,promien_500m
323A,90-522,0.0,promien_500m
323A,90-521,7.6,promien_500m
323A,90-515,31.4,promien_500m
323A,90-436,37.4,promien_500m
323A,90-431,61.8,promien_500m
323A,90-510,72.8,promien_500m
323A,90-432,88.3,promien_500m
323A,90-520,107.1,promien_500m
323A,90-514,112.1,promien_500m
323A,90-437,119.4,promien_500m
323A,90-516,136.5,promien_500m
323A,90-428,160.6,promien_500m
323A,90-508,169.5,promien_500m
323A,90-519,192.3,promien_500m
323A,90-509,193.4,promien_500m
323A,90-434,201.2,promien_500m
323A,90-547,206.0,promien_500m
323A,90-004,218.6,promien_500m
323A,90-507,223.2,promien_500m
323A,90-443,247.5,promien_500m
323A,90-511,253.9,promien_500m
323A,90-527,256.6,promien_500m
323A,90-430,259.2,promien_500m
323A,90-536,264.7,promien_500m
323A,90-440,268.4,promien_500m
323A,90-525,277.3,promien_500m
323A,90-427,280.5,promien_500m
323A,90-503,285.7,promien_500m
323A,90-062,296.8,promien_500m
323A,90-550,298.0,promien_500m
323A,90-006,308.8,promien_500m
323A,90-442,314.6,promien_500m
323A,90-441,317.5,promien_500m
323A,90-063,325.5,promien_500m
323A,90-056,330.0,promien_500m
323A,90-008,336.5,promien_500m
323A,90-060,337.7,promien_500m
323A,90-447,339.2,promien_500m
323A,90-502,344.4,promien_500m
323A,90-513,347.4,promien_500m
323A,90-050,357.0,promien_500m
323A,90-425,359.0,promien_500m
323A,90-368,380.1,promien_500m
323A,90-418,380.4,promien_500m
323A,90-007,390.9,promien_500m
323A,90-505,391.2,promien_500m
323A,90-426,408.7,promien_500m
323A,90-549,414.3,promien_500m
323A,90-054,415.2,promien_500m
323A,90-420,416.1,promien_500m
323A,90-609,424.1,promien_500m
323A,90-545,427.5,promien_500m
323A,90-608,443.6,promien_500m
323A,90-419,448.8,promien_500m
323A,90-613,459.8,promien_500m
323A,90-501,466.9,promien_500m
323A,90-051,471.4,promien_500m
323A,90-526,472.6,promien_500m
323A,90-009,480.7,promien_500m
323A,90-552,494.6,promien_500m
323A,90-546,496.7,promien_500m
323A,90-568,496.9,promien_500m
324A,90-436,0.0,promien_500m
324A,90-432,34.5,promien_500m
324A,90-515,34.5,promien_500m
324A,90-437,44.4,promien_500m
324A,90-431,51.4,promien_500m
324A,90-522,56.7,promien_500m
324A,90-514,84.0,promien_500m
324A,90-521,94.8,promien_500m
324A,90-428,100.9,promien_500m
324A,90-434,111.7,promien_500m
324A,90-510,128.2,promien_500m
324A,90-516,132.9,promien_500m
324A,90-004,147.6,promien_500m
324A,90-430,178.5,promien_500m
324A,90-440,197.8,promien_500m
324A,90-520,201.4,promien_500m
324A,90-062,205.4,promien_500m
324A,90-006,215.6,promien_500m
324A,90-508,218.1,promien_500m
324A,90-509,232.8,promien_500m
324A,90-427,238.7,promien_500m
324A,90-008,242.4,promien_500m
324A,90-060,243.3,promien_500m
324A,90-063,249.8,promien_500m
324A,90-443,251.4,promien_500m
324A,90-056,253.7,promien_500m
324A,90-519,286.6,promien_500m
324A,90-547,288.2,promien_500m
324A,90-527,288.5,promien_500m
324A,90-425,296.3,promien_500m
324A,90-507,304.2,promien_500m
324A,90-447,307.0,promien_500m
324A,90-007,309.5,promien_500m
324A,90-442,314.3,promien_500m
324A,90-441,318.4,promien_500m
324A,90-525,325.1,promien_500m
324A,90-536,326.6,promien_500m
324A,90-368,333.9,promien_500m
324A,90-511,337.4,promien_500m
324A,90-054,346.2,promien_500m
324A,90-513,350.6,promien_500m
324A,90-503,361.6,promien_500m
324A,90-426,364.5,promien_500m
324A,90-009,388.3,promien_500m
324A,90-550,390.1,promien_500m
324A,90-051,394.4,promien_500m
324A,90-418,397.0,promien_500m
324A,90-420,411.0,promien_500m
324A,90-419,416.3,promien_500m
324A,90-609,416.9,promien_500m
324A,90-057,431.2,promien_500m
324A,90-502,436.2,promien_500m
324A,90-608,437.9,promien_500m
324A,90-050,443.7,promien_500m
324A,90-505,445.2,promien_500m
324A,90-423,464.2,promien_500m
324A,90-001,473.2,promien_500m
324A,90-613,476.4,promien_500m
324A,90-103,486.0,promien_500m
324A,90-003,490.6,promien_500m
324A,90-446,499.0,promien_500m
325A,90-436,0.0,promien_500m
325A,90-437,37.2,promien_500m
325A,90-522,53.9,promien_500m
325A,90-004,63.8,promien_500m
325A,90-521,90.8,promien_500m
325A,90-443,106.1,promien_500m
325A,90-434,126.1,promien_500m
325A,90-432,141.1,promien_500m
325A,90-527,148.6,promien_500m
325A,90-515,150.7,promien_500m
325A,90-440,156.8,promien_500m
325A,90-442,160.0,promien_500m
325A,90-441,164.0,promien_500m
325A,90-431,165.6,promien_500m
325A,90-447,175.5,promien_500m
325A,90-520,186.7,promien_500m
325A,90-525,196.3,promien_500m
325A,90-063,209.6,promien_500m
325A,90-062,214.3,promien_500m
325A,90-056,219.3,promien_500m
325A,90-536,219.4,promien_500m
325A,90-368,222.4,promien_500m
325A,90-514,236.3,promien_500m
325A,90-510,237.6,promien_500m
325A,90-418,243.6,promien_500m
325A,90-428,254.8,promien_500m
325A,90-519,269.7,promien_500m
325A,90-516,278.0,promien_500m
325A,90-054,281.8,promien_500m
325A,90-507,285.1,promien_500m
325A,90-430,300.1,promien_500m
325A,90-006,307.8,promien_500m
325A,90-060,313.2,promien_500m
325A,90-008,323.9,promien_500m
325A,90-508,334.2,promien_500m
325A,90-446,345.6,promien_500m
325A,90-526,349.6,promien_500m
325A,90-051,349.8,promien_500m
325A,90-547,350.2,promien_500m
325A,90-550,354.4,promien_500m
325A,90-509,356.7,promien_500m
325A,90-050,384.6,promien_500m
325A,90-427,393.1,promien_500m
325A,90-511,400.6,promien_500m
325A,90-528,405.2,promien_500m
325A,90-007,422.1,promien_500m
325A,90-425,434.2,promien_500m
325A,90-503,440.4,promien_500m
325A,90-448,444.1,promien_500m
325A,90-301,453.2,promien_500m
325A,90-057,455.2,promien_500m
325A,90-502,465.0,promien_500m
325A,90-009,474.0,promien_500m
325A,90-450,475.2,promien_500m
325A,90-549,494.4,promien_500m
326A,90-443,0.0,promien_500m
326A,90-436,32.8,promien_500m
326A,90-522,32.9,promien_500m
326A,90-527,35.3,promien_500m
326A,90-441,37.7,promien_500m
326A,90-442,58.1,promien_500m
326A,90-521,62.9,promien_500m
326A,90-525,64.4,promien_500m
326A,90-418,100.5,promien_500m
326A,90-004,107.1,promien_500m
326A,90-536,132.1,promien_500m
326A,90-437,146.5,promien_500m
326A,90-520,156.5,promien_500m
326A,90-447,159.9,promien_500m
326A,90-526,204.3,promien_500m
326A,90-446,222.0,promien_500m
326A,90-368,225.4,promien_500m
326A,90-519,230.5,promien_500m
326A,90-440,230.7,promien_500m
326A,90-434,249.4,promien_500m
326A,90-528,260.6,promien_500m
326A,90-507,260.7,promien_500m
326A,90-063,264.3,promien_500m
326A,90-515,280.6,promien_500m
326A,90-432,286.4,promien_500m
326A,90-062,301.3,promien_500m
326A,90-431,305.4,promien_500m
326A,90-056,305.6,promien_500m
326A,90-448,313.2,promien_500m
326A,90-054,314.8,promien_500m
326A,90-510,329.5,promien_500m
326A,90-450,332.8,promien_500m
326A,90-050,334.5,promien_500m
326A,90-550,335.9,promien_500m
326A,90-514,373.3,promien_500m
326A,90-530,379.2,promien_500m
326A,90-051,386.4,promien_500m
326A,90-451,392.9,promien_500m
326A,90-428,398.1,promien_500m
326A,90-539,406.3,promien_500m
326A,90-516,410.8,promien_500m
326A,90-547,411.3,promien_500m
326A,90-301,415.8,promien_500m
326A,90-508,430.3,promien_500m
326A,90-430,438.5,promien_500m
326A,90-060,440.4,promien_500m
326A,90-006,443.0,promien_500m
326A,90-008,455.5,promien_500m
326A,90-511,468.3,promien_500m
326A,90-369,468.4,promien_500m
326A,90-509,471.7,promien_500m
326A,90-549,478.6,promien_500m
326A,90-537,497.1,promien_500m
326A,90-502,497.8,promien_500m
327A,90-056,0.0,promien_500m
327A,90-063,16.7,promien_500m
327A,90-062,21.5,promien_500m
327A,90-440,51.9,promien_500m
327A,90-434,56.5,promien_500m
327A,90-054,69.3,promien_500m
327A,90-004,83.8,promien_500m
327A,90-051,105.6,promien_500m
327A,90-437,109.7,promien_500m
327A,90-368,126.4,promien_500m
327A,90-060,159.3,promien_500m
327A,90-431,160.7,promien_500m
327A,90-447,175.5,promien_500m
327A,90-432,191.5,promien_500m
327A,90-008,193.1,promien_500m
327A,90-006,195.7,promien_500m
327A,90-057,200.2,promien_500m
327A,90-430,213.4,promien_500m
327A,90-443,216.1,promien_500m
327A,90-436,216.9,promien_500m
327A,90-058,250.3,promien_500m
327A,90-442,273.1,promien_500m
327A,90-009,287.4,promien_500m
327A,90-301,294.0,promien_500m
327A,90-428,297.6,promien_500m
327A,90-007,299.8,promien_500m
327A,90-318,305.4,promien_500m
327A,90-061,307.8,promien_500m
327A,90-522,311.6,promien_500m
327A,90-441,318.9,promien_500m
327A,90-515,322.6,promien_500m
327A,90-514,325.0,promien_500m
327A,90-521,328.1,promien_500m
327A,90-306,338.3,promien_500m
327A,90-418,364.6,promien_500m
327A,90-055,365.7,promien_500m
327A,90-425,372.0,promien_500m
327A,90-527,375.4,promien_500m
327A,90-446,402.4,promien_500m
327A,90-427,405.5,promien_500m
327A,90-516,406.0,promien_500m
327A,90-317,412.9,promien_500m
327A,90-525,414.1,promien_500m
327A,90-510,418.1,promien_500m
327A,90-049,419.4,promien_500m
327A,90-520,452.9,promien_500m
327A,90-536,467.9,promien_500m
327A,90-307,473.8,promien_500m
327A,90-001,488.5,promien_500m
328A,90-056,0.0,promien_500m
328A,90-051,47.5,promien_500m
328A,90-057,70.8,promien_500m
328A,90-054,90.0,promien_500m
328A,90-058,104.6,promien_500m
328A,90-062,106.2,promien_500m
328A,90-060,114.6,promien_500m
328A,90-063,114.6,promien_500m
328A,90-368,134.9,promien_500m
328A,90-318,187.3,promien_500m
328A,90-440,198.6,promien_500m
328A,90-301,200.5,promien_500m
328A,90-008,202.9,promien_500m
328A,90-434,203.0,promien_500m
328A,90-061,208.2,promien_500m
328A,90-004,210.8,promien_500m
328A,90-306,211.6,promien_500m
328A,90-009,228.3,promien_500m
328A,90-437,252.9,promien_500m
328A,90-055,261.7,promien_500m
328A,90-006,263.1,promien_500m
328A,90-049,271.1,promien_500m
328A,90-447,276.1,promien_500m
328A,90-431,288.0,promien_500m
328A,90-430,295.6,promien_500m
328A,90-007,325.0,promien_500m
328A,90-432,328.5,promien_500m
328A,90-317,329.1,promien_500m
328A,90-443,333.7,promien_500m
328A,90-307,334.1,promien_500m
328A,90-436,361.7,promien_500m
328A,90-011,363.5,promien_500m
328A,90-442,363.6,promien_500m
328A,90-428,394.5,promien_500m
328A,90-425,421.8,promien_500m
328A,90-441,445.2,promien_500m
328A,90-315,445.4,promien_500m
328A,90-514,449.6,promien_500m
328A,90-013,459.2,promien_500m
328A,90-319,459.2,promien_500m
328A,90-522,460.4,promien_500m
328A,90-515,464.4,promien_500m
328A,90-010,466.5,promien_500m
328A,90-418,470.1,promien_500m
328A,90-521,476.5,promien_500m
328A,90-446,479.9,promien_500m
328A,90-427,488.0,promien_500m
328A,90-302,497.1,promien_500m
328A,90-012,497.4,promien_500m
328A,90-001,497.6,promien_500m
329A,90-051,0.0,promien_500m
329A,90-054,0.1,promien_500m
329A,90-368,28.9,promien_500m
329A,90-056,44.0,promien_500m
329A,90-063,64.7,promien_500m
329A,90-004,127.1,promien_500m
329A,90-057,135.6,promien_500m
329A,90-440,138.8,promien_500m
329A,90-062,149.4,promien_500m
329A,90-301,158.7,promien_500m
329A,90-447,168.5,promien_500m
329A,90-058,170.8,promien_500m
329A,90-318,182.4,promien_500m
329A,90-434,183.3,promien_500m
329A,90-437,187.9,promien_500m
329A,90-060,227.3,promien_500m
329A,90-306,227.8,promien_500m
329A,90-443,232.3,promien_500m
329A,90-442,243.1,promien_500m
329A,90-317,278.4,promien_500m
329A,90-436,291.4,promien_500m
329A,90-431,295.2,promien_500m
329A,90-008,311.9,promien_500m
329A,90-432,321.3,promien_500m
329A,90-006,321.7,promien_500m
329A,90-061,331.7,promien_500m
329A,90-430,343.9,promien_500m
329A,90-441,344.8,promien_500m
329A,90-009,351.7,promien_500m
329A,90-418,354.2,promien_500m
329A,90-446,355.5,promien_500m
329A,90-049,362.4,promien_500m
329A,90-307,371.8,promien_500m
329A,90-055,386.6,promien_500m
329A,90-522,388.9,promien_500m
329A,90-319,398.5,promien_500m
329A,90-302,399.7,promien_500m
329A,90-527,404.3,promien_500m
329A,90-007,416.3,promien_500m
329A,90-369,422.2,promien_500m
329A,90-448,429.4,promien_500m
329A,90-521,432.2,promien_500m
329A,90-428,432.3,promien_500m
329A,90-450,435.0,promien_500m
329A,90-011,440.4,promien_500m
329A,90-515,444.3,promien_500m
329A,90-525,451.1,promien_500m
329A,90-451,453.2,promien_500m
329A,90-514,458.1,promien_500m
329A,90-315,461.6,promien_500m
329A,90-357,481.1,promien_500m
329A,90-425,495.1,promien_500m
32B,90-718,0.0,promien_500m
32B,90-739,9.2,promien_500m
32B,90-717,18.6,promien_500m
32B,90-711,40.0,promien_500m
32B,90-742,50.0,promien_500m
32B,90-741,55.6,promien_500m
32B,90-734,56.1,promien_500m
32B,90-713,61.5,promien_500m
32B,90-735,86.4,promien_500m
32B,90-746,98.7,promien_500m
32B,90-712,114.7,promien_500m
32B,90-710,116.1,promien_500m
32B,90-569,143.2,promien_500m
32B,90-736,149.1,promien_500m
32B,90-737,152.0,promien_500m
32B,90-743,154.6,promien_500m
32B,90-745,165.1,promien_500m
32B,90-740,169.7,promien_500m
32B,90-703,199.2,promien_500m
32B,90-411,200.6,promien_500m
32B,90-401,218.2,promien_500m
32B,90-715,222.7,promien_500m
32B,91-070,225.0,promien_500m
32B,90-747,240.6,promien_500m
32B,90-502,242.0,promien_500m
32B,90-507,245.4,promien_500m
32B,90-748,259.0,promien_500m
32B,90-729,264.8,promien_500m
32B,90-702,265.2,promien_500m
32B,91-069,267.6,promien_500m
32B,90-706,269.2,promien_500m
32B,91-068,272.4,promien_500m
32B,94-015,283.7,promien_500m
32B,90-762,284.3,promien_500m
32B,90-716,285.3,promien_500m
32B,90-727,288.6,promien_500m
32B,90-602,289.4,promien_500m
32B,90-730,297.4,promien_500m
32B,90-749,306.5,promien_500m
32B,90-707,306.6,promien_500m
32B,90-604,309.5,promien_500m
32B,90-558,310.8,promien_500m
32B,90-756,311.1,promien_500m
32B,90-708,318.3,promien_500m
32B,90-750,326.4,promien_500m
32B,91-067,327.0,promien_500m
32B,91-072,327.7,promien_500m
32B,90-728,330.7,promien_500m
32B,90-624,332.5,promien_500m
32B,90-758,356.0,promien_500m
32B,90-753,357.0,promien_500m
32B,90-629,386.3,promien_500m
32B,90-618,389.3,promien_500m
32B,90-615,403.1,promien_500m
32B,90-720,409.5,promien_500m
32B,90-701,424.7,promien_500m
32B,90-752,427.6,promien_500m
32B,90-612,431.3,promien_500m
32B,91-066,436.7,promien_500m
32B,90-763,437.9,promien_500m
32B,90-635,441.0,promien_500m
32B,90-601,441.4,promien_500m
32B,90-515,445.9,promien_500m
32B,91-065,450.7,promien_500m
32B,90-731,454.3,promien_500m
32B,90-754,458.0,promien_500m
32B,90-639,465.5,promien_500m
32B,90-404,473.1,promien_500m
32B,90-721,473.2,promien_500m
32B,90-722,485.5,promien_500m
32B,91-071,493.9,promien_500m
32B,90-402,495.5,promien_500m
330A,90-051,0.0,promien_500m
330A,90-368,34.1,promien_500m
330A,90-054,42.0,promien_500m
330A,90-056,45.9,promien_500m
330A,90-063,95.6,promien_500m
330A,90-057,96.5,promien_500m
330A,90-058,131.1,promien_500m
330A,90-301,132.4,promien_500m
330A,90-318,144.3,promien_500m
330A,90-004,168.8,promien_500m
330A,90-440,177.5,promien_500m
330A,90-062,180.6,promien_500m
330A,90-306,186.4,promien_500m
330A,90-447,209.3,promien_500m
330A,90-434,216.1,promien_500m
330A,90-060,221.8,promien_500m
330A,90-437,228.9,promien_500m
330A,90-317,250.6,promien_500m
330A,90-443,273.5,promien_500m
330A,90-442,278.0,promien_500m
330A,90-061,305.3,promien_500m
330A,90-008,309.5,promien_500m
330A,90-049,323.5,promien_500m
330A,90-431,324.5,promien_500m
330A,90-307,330.0,promien_500m
330A,90-436,333.4,promien_500m
330A,90-009,336.8,promien_500m
330A,90-006,338.3,promien_500m
330A,90-432,354.1,promien_500m
330A,90-055,362.0,promien_500m
330A,90-430,363.3,promien_500m
330A,90-319,375.6,promien_500m
330A,90-441,383.6,promien_500m
330A,90-446,385.5,promien_500m
330A,90-418,390.2,promien_500m
330A,90-302,393.4,promien_500m
330A,90-011,399.3,promien_500m
330A,90-315,421.7,promien_500m
330A,90-007,426.1,promien_500m
330A,90-522,430.9,promien_500m
330A,90-369,432.0,promien_500m
330A,90-527,445.1,promien_500m
330A,90-448,449.6,promien_500m
330A,90-450,454.7,promien_500m
330A,90-428,455.6,promien_500m
330A,90-357,465.7,promien_500m
330A,90-451,468.8,promien_500m
330A,90-521,471.9,promien_500m
330A,90-515,480.6,promien_500m
330A,90-514,488.9,promien_500m
330A,90-525,492.3,promien_500m
331A,90-368,0.0,promien_500m
331A,90-054,26.5,promien_500m
331A,90-051,34.8,promien_500m
331A,90-063,69.8,promien_500m
331A,90-056,105.3,promien_500m
331A,90-004,109.8,promien_500m
331A,90-447,126.0,promien_500m
331A,90-301,135.7,promien_500m
331A,90-440,153.5,promien_500m
331A,90-057,170.6,promien_500m
331A,90-062,187.4,promien_500m
331A,90-318,188.9,promien_500m
331A,90-437,194.0,promien_500m
331A,90-442,195.8,promien_500m
331A,90-443,207.8,promien_500m
331A,90-058,209.1,promien_500m
331A,90-434,216.6,promien_500m
331A,90-306,245.0,promien_500m
331A,90-317,255.9,promien_500m
331A,90-436,276.1,promien_500m
331A,90-060,289.2,promien_500m
331A,90-446,300.4,promien_500m
331A,90-441,306.4,promien_500m
331A,90-418,308.4,promien_500m
331A,90-431,331.2,promien_500m
331A,90-302,342.7,promien_500m
331A,90-432,350.1,promien_500m
331A,90-369,360.7,promien_500m
331A,90-319,365.2,promien_500m
331A,90-008,366.3,promien_500m
331A,90-448,368.1,promien_500m
331A,90-522,370.4,promien_500m
331A,90-006,372.6,promien_500m
331A,90-450,373.5,promien_500m
331A,90-527,374.6,promien_500m
331A,90-061,389.4,promien_500m
331A,90-307,389.5,promien_500m
331A,90-451,391.1,promien_500m
331A,90-430,392.0,promien_500m
331A,90-049,404.4,promien_500m
331A,90-009,413.5,promien_500m
331A,90-525,422.4,promien_500m
331A,90-521,427.0,promien_500m
331A,90-357,436.9,promien_500m
331A,90-055,445.4,promien_500m
331A,90-515,462.9,promien_500m
331A,90-315,466.0,promien_500m
331A,90-526,466.5,promien_500m
331A,90-007,471.6,promien_500m
331A,90-011,474.2,promien_500m
331A,90-428,475.0,promien_500m
331A,90-514,489.2,promien_500m
332A,90-368,0.0,promien_500m
332A,90-051,29.2,promien_500m
332A,90-054,63.8,promien_500m
332A,90-301,77.3,promien_500m
332A,90-057,102.9,promien_500m
332A,90-056,109.2,promien_500m
332A,90-318,117.4,promien_500m
332A,90-063,135.1,promien_500m
332A,90-058,143.4,promien_500m
332A,90-447,172.4,promien_500m
332A,90-306,174.4,promien_500m
332A,90-004,180.1,promien_500m
332A,90-317,197.4,promien_500m
332A,90-440,213.7,promien_500m
332A,90-062,230.7,promien_500m
332A,90-437,258.4,promien_500m
332A,90-442,260.8,promien_500m
332A,90-434,264.2,promien_500m
332A,90-443,279.3,promien_500m
332A,90-060,283.4,promien_500m
332A,90-319,317.4,promien_500m
332A,90-307,318.3,promien_500m
332A,90-302,330.2,promien_500m
332A,90-049,344.7,promien_500m
332A,90-436,347.1,promien_500m
332A,90-446,348.5,promien_500m
332A,90-061,350.3,promien_500m
332A,90-008,364.4,promien_500m
332A,90-418,372.9,promien_500m
332A,90-441,374.8,promien_500m
332A,90-369,375.8,promien_500m
332A,90-431,376.6,promien_500m
332A,90-009,394.5,promien_500m
332A,90-315,395.2,promien_500m
332A,90-006,399.2,promien_500m
332A,90-432,401.8,promien_500m
332A,90-448,403.4,promien_500m
332A,90-357,403.5,promien_500m
332A,90-450,407.9,promien_500m
332A,90-011,408.1,promien_500m
332A,90-055,411.0,promien_500m
332A,90-451,417.3,promien_500m
332A,90-430,422.9,promien_500m
332A,90-522,441.9,promien_500m
332A,90-527,445.3,promien_500m
332A,90-007,489.0,promien_500m
332A,90-525,492.9,promien_500m
332A,90-521,498.4,promien_500m
333B,90-051,0.0,promien_500m
333B,90-306,15.6,promien_500m
333B,90-058,33.1,promien_500m
333B,90-318,60.5,promien_500m
333B,90-057,87.1,promien_500m
333B,90-368,96.4,promien_500m
333B,90-307,96.8,promien_500m
333B,90-301,123.7,promien_500m
333B,90-049,138.4,promien_500m
333B,90-056,151.9,promien_500m
333B,90-317,156.9,promien_500m
333B,90-011,181.2,promien_500m
333B,90-315,209.1,promien_500m
333B,90-061,226.7,promien_500m
333B,90-054,277.9,promien_500m
333B,90-013,283.9,promien_500m
333B,90-060,295.5,promien_500m
333B,90-319,308.1,promien_500m
333B,90-055,308.9,promien_500m
333B,90-008,310.4,promien_500m
333B,90-063,319.6,promien_500m
333B,90-062,322.6,promien_500m
333B,90-009,339.7,promien_500m
333B,90-316,343.6,promien_500m
333B,90-019,365.2,promien_500m
333B,90-447,396.3,promien_500m
333B,90-012,397.9,promien_500m
333B,90-014,400.0,promien_500m
333B,90-004,403.0,promien_500m
333B,90-440,408.6,promien_500m
333B,90-322,410.9,promien_500m
333B,90-258,420.7,promien_500m
333B,90-302,422.3,promien_500m
333B,90-434,433.4,promien_500m
333B,90-022,434.6,promien_500m
333B,90-357,436.1,promien_500m
333B,90-437,463.2,promien_500m
333B,90-006,471.5,promien_500m
333B,90-442,492.5,promien_500m
333B,90-043,496.4,promien_500m
334B,90-051,0.0,promien_500m
334B,90-307,14.4,promien_500m
334B,90-306,38.8,promien_500m
334B,90-049,95.2,promien_500m
334B,90-011,105.6,promien_500m
334B,90-315,112.6,promien_500m
334B,90-317,129.1,promien_500m
334B,90-058,153.3,promien_500m
334B,90-013,168.5,promien_500m
334B,90-318,171.9,promien_500m
334B,90-057,204.9,promien_500m
334B,90-368,214.2,promien_500m
334B,90-061,227.1,promien_500m
334B,90-316,229.7,promien_500m
334B,90-301,236.3,promien_500m
334B,90-019,244.5,promien_500m
334B,90-056,254.1,promien_500m
334B,90-319,288.8,promien_500m
334B,90-055,294.0,promien_500m
334B,90-258,314.2,promien_500m
334B,90-322,314.7,promien_500m
334B,90-022,318.4,promien_500m
334B,90-014,334.9,promien_500m
334B,90-012,341.6,promien_500m
334B,90-008,353.1,promien_500m
334B,90-060,374.3,promien_500m
334B,90-043,377.6,promien_500m
334B,90-009,390.5,promien_500m
334B,90-054,399.5,promien_500m
334B,90-323,407.2,promien_500m
334B,90-062,421.0,promien_500m
334B,90-063,440.2,promien_500m
334B,90-018,443.4,promien_500m
334B,90-357,456.7,promien_500m
334B,90-302,459.2,promien_500m
334B,90-047,462.3,promien_500m
334B,90-353,469.1,promien_500m
334B,90-355,489.5,promien_500m
335B,90-307,0.0,promien_500m
335B,90-051,34.3,promien_500m
335B,90-315,37.0,promien_500m
335B,90-317,85.0,promien_500m
335B,90-306,96.7,promien_500m
335B,90-013,132.3,promien_500m
335B,90-011,136.2,promien_500m
335B,90-049,137.2,promien_500m
335B,90-316,148.1,promien_500m
335B,90-019,189.4,promien_500m
335B,90-318,219.4,promien_500m
335B,90-319,225.4,promien_500m
335B,90-058,229.2,promien_500m
335B,90-258,231.8,promien_500m
335B,90-322,234.7,promien_500m
335B,90-022,238.6,promien_500m
335B,90-057,272.4,promien_500m
335B,90-368,281.4,promien_500m
335B,90-061,286.8,promien_500m
335B,90-301,298.1,promien_500m
335B,90-043,316.6,promien_500m
335B,90-323,331.2,promien_500m
335B,90-056,336.1,promien_500m
335B,90-014,339.1,promien_500m
335B,90-055,346.5,promien_500m
335B,90-012,368.3,promien_500m
335B,90-008,394.4,promien_500m
335B,90-353,399.0,promien_500m
335B,90-047,403.2,promien_500m
335B,90-018,425.5,promien_500m
335B,90-325,432.6,promien_500m
335B,90-355,436.1,promien_500m
335B,90-357,441.1,promien_500m
335B,90-312,443.3,promien_500m
335B,90-009,450.6,promien_500m
335B,90-046,453.5,promien_500m
335B,90-060,454.3,promien_500m
335B,90-302,456.8,promien_500m
335B,90-054,470.4,promien_500m
336B,90-307,0.0,promien_500m
336B,90-022,35.5,promien_500m
336B,90-019,43.4,promien_500m
336B,90-316,51.4,promien_500m
336B,90-051,75.0,promien_500m
336B,90-011,89.0,promien_500m
336B,90-043,89.2,promien_500m
336B,90-323,94.3,promien_500m
336B,90-013,103.6,promien_500m
336B,90-258,113.8,promien_500m
336B,90-315,123.9,promien_500m
336B,90-047,171.7,promien_500m
336B,90-322,174.2,promien_500m
336B,90-317,191.1,promien_500m
336B,90-049,193.0,promien_500m
336B,90-312,203.0,promien_500m
336B,90-046,239.2,promien_500m
336B,90-319,267.8,promien_500m
336B,90-014,321.0,promien_500m
336B,90-018,324.4,promien_500m
336B,90-325,325.5,promien_500m
336B,90-306,341.6,promien_500m
336B,90-008,366.9,promien_500m
336B,90-045,368.9,promien_500m
336B,90-353,383.0,promien_500m
336B,90-061,387.5,promien_500m
336B,90-324,392.6,promien_500m
336B,90-042,404.2,promien_500m
336B,90-012,410.4,promien_500m
336B,90-058,421.7,promien_500m
336B,90-301,423.5,promien_500m
336B,90-055,438.2,promien_500m
336B,90-344,451.4,promien_500m
336B,90-318,451.7,promien_500m
336B,90-326,456.3,promien_500m
336B,90-038,468.5,promien_500m
336B,90-365,470.6,promien_500m
336B,90-355,489.7,promien_500m
336B,90-354,495.9,promien_500m
337B,90-019,0.0,promien_500m
337B,90-013,42.5,promien_500m
337B,90-043,72.5,promien_500m
337B,90-022,104.9,promien_500m
337B,90-307,106.5,promien_500m
337B,90-051,112.9,promien_500m
337B,90-049,125.1,promien_500m
337B,90-014,157.7,promien_500m
337B,90-047,162.4,promien_500m
337B,90-018,164.9,promien_500m
337B,90-011,175.9,promien_500m
337B,90-046,181.8,promien_500m
337B,90-316,197.8,promien_500m
337B,90-008,203.5,promien_500m
337B,90-323,226.2,promien_500m
337B,90-315,238.8,promien_500m
337B,90-045,240.2,promien_500m
337B,90-042,261.9,promien_500m
337B,90-061,263.3,promien_500m
337B,90-012,266.3,promien_500m
337B,90-258,275.8,promien_500m
337B,90-312,280.6,promien_500m
337B,90-317,296.4,promien_500m
337B,90-055,304.3,promien_500m
337B,90-322,331.1,promien_500m
337B,90-306,360.2,promien_500m
337B,90-058,364.9,promien_500m
337B,90-024,396.8,promien_500m
337B,90-319,412.2,promien_500m
337B,90-009,425.0,promien_500m
337B,90-038,458.0,promien_500m
337B,90-015,471.6,promien_500m
337B,90-325,490.1,promien_500m
337B,90-037,494.4,promien_500m
337B,90-318,495.4,promien_500m
338B,90-019,0.0,promien_500m
338B,90-014,59.6,promien_500m
338B,90-018,68.3,promien_500m
338B,90-022,74.9,promien_500m
338B,90-043,86.6,promien_500m
338B,90-013,92.0,promien_500m
338B,90-008,101.1,promien_500m
338B,90-011,158.8,promien_500m
338B,90-049,163.4,promien_500m
338B,90-045,166.8,promien_500m
338B,90-042,170.0,promien_500m
338B,90-012,174.2,promien_500m
338B,90-046,188.0,promien_500m
338B,90-307,205.9,promien_500m
338B,90-051,210.7,promien_500m
338B,90-047,211.6,promien_500m
338B,90-061,215.8,promien_500m
338B,90-055,240.7,promien_500m
338B,90-316,305.4,promien_500m
338B,90-323,325.0,promien_500m
338B,90-024,327.9,promien_500m
338B,90-315,338.8,promien_500m
338B,90-312,354.2,promien_500m
338B,90-058,355.2,promien_500m
338B,90-009,358.3,promien_500m
338B,90-015,366.3,promien_500m
338B,90-258,384.5,promien_500m
338B,90-317,391.6,promien_500m
338B,90-020,393.5,promien_500m
338B,90-306,414.7,promien_500m
338B,90-025,417.5,promien_500m
338B,90-021,426.8,promien_500m
338B,90-010,431.1,promien_500m
338B,90-322,438.8,promien_500m
338B,90-038,475.9,promien_500m
338B,90-037,483.5,promien_500m
338B,90-001,484.5,promien_500m
339B,90-019,0.0,promien_500m
339B,90-018,58.9,promien_500m
339B,90-022,59.3,promien_500m
339B,90-014,71.3,promien_500m
339B,90-043,72.6,promien_500m
339B,90-013,106.3,promien_500m
339B,90-008,109.8,promien_500m
339B,90-045,153.7,promien_500m
339B,90-042,161.2,promien_500m
339B,90-046,172.8,promien_500m
339B,90-011,174.4,promien_500m
339B,90-049,176.6,promien_500m
339B,90-012,183.2,promien_500m
339B,90-047,199.8,promien_500m
339B,90-307,210.5,promien_500m
339B,90-051,215.7,promien_500m
339B,90-061,231.1,promien_500m
339B,90-055,255.1,promien_500m
339B,90-316,307.2,promien_500m
339B,90-024,315.2,promien_500m
339B,90-323,319.5,promien_500m
339B,90-315,343.8,promien_500m
339B,90-312,343.9,promien_500m
339B,90-058,370.8,promien_500m
339B,90-015,371.4,promien_500m
339B,90-009,372.0,promien_500m
339B,90-258,384.9,promien_500m
339B,90-020,391.5,promien_500m
339B,90-317,398.0,promien_500m
339B,90-025,409.3,promien_500m
339B,90-306,427.0,promien_500m
339B,90-021,428.9,promien_500m
339B,90-322,440.5,promien_500m
339B,90-010,441.6,promien_500m
339B,90-038,460.8,promien_500m
339B,90-037,467.9,promien_500m
339B,90-001,479.8,promien_500m
33B,90-742,0.0,promien_500m
33B,90-739,19.4,promien_500m
33B,90-718,34.9,promien_500m
33B,90-713,36.2,promien_500m
33B,90-741,48.5,promien_500m
33B,90-712,51.9,promien_500m
33B,90-746,62.6,promien_500m
33B,90-711,69.9,promien_500m
33B,90-569,71.2,promien_500m
33B,90-717,72.6,promien_500m
33B,90-710,101.2,promien_500m
33B,90-734,115.4,promien_500m
33B,90-745,119.3,promien_500m
33B,90-740,136.8,promien_500m
33B,90-735,137.0,promien_500m
33B,90-401,144.6,promien_500m
33B,90-703,147.0,promien_500m
33B,91-070,157.4,promien_500m
33B,90-743,200.1,promien_500m
33B,90-502,204.8,promien_500m
33B,91-068,213.3,promien_500m
33B,91-069,214.4,promien_500m
33B,90-411,216.4,promien_500m
33B,90-762,219.4,promien_500m
33B,90-736,221.2,promien_500m
33B,90-702,222.5,promien_500m
33B,90-737,224.2,promien_500m
33B,90-747,228.4,promien_500m
33B,91-072,253.7,promien_500m
33B,90-748,261.9,promien_500m
33B,91-067,265.4,promien_500m
33B,90-706,272.8,promien_500m
33B,90-715,281.1,promien_500m
33B,90-749,287.7,promien_500m
33B,90-756,288.2,promien_500m
33B,90-507,297.8,promien_500m
33B,94-015,299.0,promien_500m
33B,90-753,306.0,promien_500m
33B,90-558,319.9,promien_500m
33B,90-716,333.6,promien_500m
33B,90-707,338.3,promien_500m
33B,90-729,338.8,promien_500m
33B,90-750,342.2,promien_500m
33B,90-758,347.4,promien_500m
33B,90-604,349.4,promien_500m
33B,90-708,350.8,promien_500m
33B,90-602,353.6,promien_500m
33B,90-727,355.0,promien_500m
33B,90-730,365.6,promien_500m
33B,90-752,381.6,promien_500m
33B,90-763,382.8,promien_500m
33B,90-624,395.3,promien_500m
33B,91-065,397.3,promien_500m
33B,90-728,398.8,promien_500m
33B,90-618,421.2,promien_500m
33B,90-701,424.6,promien_500m
33B,91-071,425.8,promien_500m
33B,91-066,430.6,promien_500m
33B,90-629,437.0,promien_500m
33B,90-635,453.2,promien_500m
33B,90-754,456.5,promien_500m
33B,90-720,465.2,promien_500m
33B,90-615,472.8,promien_500m
33B,90-755,473.2,promien_500m
33B,90-757,480.7,promien_500m
33B,90-639,490.3,promien_500m
340B,90-019,0.0,promien_500m
340B,90-013,59.2,promien_500m
340B,90-043,61.5,promien_500m
340B,90-022,87.9,promien_500m
340B,90-307,123.1,promien_500m
340B,90-051,129.6,promien_500m
340B,90-049,138.5,promien_500m
340B,90-018,150.9,promien_500m
340B,90-014,151.2,promien_500m
340B,90-047,152.1,promien_500m
340B,90-046,166.7,promien_500m
340B,90-011,183.4,promien_500m
340B,90-008,196.5,promien_500m
340B,90-316,211.4,promien_500m
340B,90-045,223.6,promien_500m
340B,90-323,229.8,promien_500m
340B,90-042,245.4,promien_500m
340B,90-315,254.7,promien_500m
340B,90-012,265.4,promien_500m
340B,90-061,267.6,promien_500m
340B,90-312,276.6,promien_500m
340B,90-258,287.8,promien_500m
340B,90-055,306.4,promien_500m
340B,90-317,312.8,promien_500m
340B,90-322,344.2,promien_500m
340B,90-306,376.6,promien_500m
340B,90-058,376.7,promien_500m
340B,90-024,379.8,promien_500m
340B,90-009,427.1,promien_500m
340B,90-319,427.4,promien_500m
340B,90-038,445.6,promien_500m
340B,90-015,464.0,promien_500m
340B,90-037,479.3,promien_500m
340B,90-020,488.3,promien_500m
340B,90-025,495.3,promien_500m
341B,90-019,0.0,promien_500m
341B,90-307,25.6,promien_500m
341B,90-043,43.4,promien_500m
341B,90-013,88.3,promien_500m
341B,90-022,96.2,promien_500m
341B,90-051,100.5,promien_500m
341B,90-316,122.3,promien_500m
341B,90-047,126.8,promien_500m
341B,90-323,128.6,promien_500m
341B,90-011,162.5,promien_500m
341B,90-046,180.5,promien_500m
341B,90-049,183.0,promien_500m
341B,90-315,183.8,promien_500m
341B,90-258,187.2,promien_500m
341B,90-312,203.6,promien_500m
341B,90-322,247.8,promien_500m
341B,90-317,249.8,promien_500m
341B,90-018,251.9,promien_500m
341B,90-014,257.9,promien_500m
341B,90-045,298.2,promien_500m
341B,90-008,303.5,promien_500m
341B,90-042,330.7,promien_500m
341B,90-319,340.8,promien_500m
341B,90-061,349.8,promien_500m
341B,90-012,362.0,promien_500m
341B,90-306,368.8,promien_500m
341B,90-325,393.4,promien_500m
341B,90-055,396.6,promien_500m
341B,90-058,416.5,promien_500m
341B,90-038,429.6,promien_500m
341B,90-024,449.0,promien_500m
341B,90-353,456.5,promien_500m
341B,90-324,457.2,promien_500m
341B,90-037,480.6,promien_500m
341B,90-344,484.2,promien_500m
341B,90-301,493.2,promien_500m
341B,90-318,493.9,promien_500m
342B,90-043,0.0,promien_500m
342B,90-046,42.4,promien_500m
342B,90-047,50.4,promien_500m
342B,90-019,63.4,promien_500m
342B,90-022,81.0,promien_500m
342B,90-307,137.6,promien_500m
342B,90-018,143.4,promien_500m
342B,90-045,146.1,promien_500m
342B,90-013,183.2,promien_500m
342B,90-042,198.2,promien_500m
342B,90-312,199.1,promien_500m
342B,90-323,203.5,promien_500m
342B,90-014,212.4,promien_500m
342B,90-051,234.5,promien_500m
342B,90-008,261.2,promien_500m
342B,90-049,266.6,promien_500m
342B,90-316,275.1,promien_500m
342B,90-024,297.1,promien_500m
342B,90-011,304.5,promien_500m
342B,90-038,319.0,promien_500m
342B,90-258,331.5,promien_500m
342B,90-012,333.4,promien_500m
342B,90-315,338.7,promien_500m
342B,90-037,353.0,promien_500m
342B,90-061,378.3,promien_500m
342B,90-322,394.8,promien_500m
342B,90-317,403.7,promien_500m
342B,90-055,407.9,promien_500m
342B,90-329,441.2,promien_500m
342B,90-025,446.1,promien_500m
342B,90-023,460.8,promien_500m
342B,90-036,464.5,promien_500m
342B,90-330,466.0,promien_500m
342B,90-039,470.0,promien_500m
342B,90-040,480.2,promien_500m
342B,90-020,483.8,promien_500m
342B,90-319,489.4,promien_500m
342B,90-306,498.5,promien_500m
343B,90-043,0.0,promien_500m
343B,90-046,23.6,promien_500m
343B,90-022,67.0,promien_500m
343B,90-047,73.5,promien_500m
343B,90-019,77.0,promien_500m
343B,90-045,110.3,promien_500m
343B,90-018,114.2,promien_500m
343B,90-042,161.8,promien_500m
343B,90-307,176.8,promien_500m
343B,90-014,197.5,promien_500m
343B,90-013,207.3,promien_500m
343B,90-312,227.0,promien_500m
343B,90-323,236.2,promien_500m
343B,90-008,249.3,promien_500m
343B,90-024,258.2,promien_500m
343B,90-051,265.6,promien_500m
343B,90-049,285.7,promien_500m
343B,90-038,311.2,promien_500m
343B,90-316,313.4,promien_500m
343B,90-011,314.1,promien_500m
343B,90-012,317.1,promien_500m
343B,90-037,331.4,promien_500m
343B,90-258,370.6,promien_500m
343B,90-315,375.1,promien_500m
343B,90-061,380.5,promien_500m
343B,90-055,405.3,promien_500m
343B,90-025,407.5,promien_500m
343B,90-023,424.0,promien_500m
343B,90-322,433.8,promien_500m
343B,90-036,434.2,promien_500m
343B,90-317,439.0,promien_500m
343B,90-329,445.7,promien_500m
343B,90-039,446.4,promien_500m
343B,90-020,450.4,promien_500m
343B,90-040,453.8,promien_500m
343B,90-330,467.5,promien_500m
343B,90-015,480.6,promien_500m
344B,90-043,0.0,promien_500m
344B,90-022,26.6,promien_500m
344B,90-046,58.0,promien_500m
344B,90-018,63.9,promien_500m
344B,90-019,65.0,promien_500m
344B,90-045,75.7,promien_500m
344B,90-042,113.5,promien_500m
344B,90-047,124.0,promien_500m
344B,90-014,156.5,promien_500m
344B,90-008,209.5,promien_500m
344B,90-013,214.7,promien_500m
344B,90-307,216.4,promien_500m
344B,90-024,227.6,promien_500m
344B,90-012,273.0,promien_500m
344B,90-312,278.1,promien_500m
344B,90-051,283.0,promien_500m
344B,90-049,283.4,promien_500m
344B,90-323,286.9,promien_500m
344B,90-011,297.9,promien_500m
344B,90-038,341.4,promien_500m
344B,90-037,343.8,promien_500m
344B,90-316,345.4,promien_500m
344B,90-061,353.5,promien_500m
344B,90-025,363.9,promien_500m
344B,90-055,373.3,promien_500m
344B,90-020,399.8,promien_500m
344B,90-315,401.8,promien_500m
344B,90-023,402.5,promien_500m
344B,90-258,408.0,promien_500m
344B,90-036,429.8,promien_500m
344B,90-015,430.7,promien_500m
344B,90-039,454.2,promien_500m
344B,90-040,456.6,promien_500m
344B,90-001,461.9,promien_500m
344B,90-021,462.8,promien_500m
344B,90-317,462.9,promien_500m
344B,90-322,470.2,promien_500m
344B,90-009,484.7,promien_500m
344B,90-329,485.5,promien_500m
344B,90-026,492.8,promien_500m
344B,90-058,494.9,promien_500m
345B,90-317,0.0,promien_500m
345B,90-315,34.1,promien_500m
345B,90-316,40.8,promien_500m
345B,90-011,45.4,promien_500m
345B,90-319,78.7,promien_500m
345B,90-307,84.9,promien_500m
345B,90-322,90.7,promien_500m
345B,90-051,113.5,promien_500m
345B,90-258,114.6,promien_500m
345B,90-022,155.7,promien_500m
345B,90-306,170.1,promien_500m
345B,90-301,211.4,promien_500m
345B,90-013,213.3,promien_500m
345B,90-323,226.8,promien_500m
345B,90-019,237.5,promien_500m
345B,90-353,242.8,promien_500m
345B,90-049,251.6,promien_500m
345B,90-318,264.3,promien_500m
345B,90-325,281.9,promien_500m
345B,90-355,298.4,promien_500m
345B,90-043,314.7,promien_500m
345B,90-058,345.2,promien_500m
345B,90-324,361.1,promien_500m
345B,90-312,368.2,promien_500m
345B,90-357,369.3,promien_500m
345B,90-057,375.9,promien_500m
345B,90-354,376.1,promien_500m
345B,90-368,383.4,promien_500m
345B,90-047,389.4,promien_500m
345B,90-326,406.5,promien_500m
345B,90-302,410.2,promien_500m
345B,90-061,438.2,promien_500m
345B,90-014,456.7,promien_500m
345B,90-046,464.8,promien_500m
345B,90-056,472.0,promien_500m
345B,90-348,480.9,promien_500m
346B,90-317,0.0,promien_500m
346B,90-319,65.6,promien_500m
346B,90-306,85.8,promien_500m
346B,90-307,104.4,promien_500m
346B,90-318,112.1,promien_500m
346B,90-315,138.6,promien_500m
346B,90-301,148.5,promien_500m
346B,90-051,208.3,promien_500m
346B,90-357,222.4,promien_500m
346B,90-316,226.8,promien_500m
346B,90-011,229.7,promien_500m
346B,90-302,238.9,promien_500m
346B,90-058,243.5,promien_500m
346B,90-368,253.5,promien_500m
346B,90-322,257.8,promien_500m
346B,90-057,258.8,promien_500m
346B,90-355,273.8,promien_500m
346B,90-353,273.9,promien_500m
346B,90-258,300.1,promien_500m
346B,90-049,328.3,promien_500m
346B,90-013,342.5,promien_500m
346B,90-022,344.9,promien_500m
346B,90-056,378.9,promien_500m
346B,90-019,390.1,promien_500m
346B,90-323,398.0,promien_500m
346B,90-325,407.8,promien_500m
346B,90-054,413.2,promien_500m
346B,90-369,437.9,promien_500m
346B,90-354,438.2,promien_500m
346B,90-447,442.4,promien_500m
346B,90-061,453.6,promien_500m
346B,90-303,457.2,promien_500m
346B,90-004,467.1,promien_500m
346B,90-364,471.7,promien_500m
346B,90-063,482.4,promien_500m
346B,90-348,483.5,promien_500m
346B,90-043,492.4,promien_500m
346B,90-324,492.4,promien_500m
347B,90-319,0.0,promien_500m
347B,90-315,29.4,promien_500m
347B,90-322,72.2,promien_500m
347B,90-301,78.9,promien_500m
347B,90-317,89.8,promien_500m
347B,90-353,91.1,promien_500m
347B,90-355,133.6,promien_500m
347B,90-011,154.3,promien_500m
347B,90-316,163.4,promien_500m
347B,90-258,182.9,promien_500m
347B,90-325,189.6,promien_500m
347B,90-323,216.7,promien_500m
347B,90-354,222.3,promien_500m
347B,90-022,246.2,promien_500m
347B,90-307,250.9,promien_500m
347B,90-357,267.2,promien_500m
347B,90-051,274.4,promien_500m
347B,90-324,275.6,promien_500m
347B,90-306,278.2,promien_500m
347B,90-326,297.3,promien_500m
347B,90-318,305.3,promien_500m
347B,90-348,311.2,promien_500m
347B,90-364,332.1,promien_500m
347B,90-302,344.9,promien_500m
347B,90-013,380.8,promien_500m
347B,90-019,389.6,promien_500m
347B,90-312,410.2,promien_500m
347B,90-049,422.1,promien_500m
347B,90-365,423.9,promien_500m
347B,90-043,442.5,promien_500m
347B,90-058,456.5,promien_500m
347B,90-368,475.4,promien_500m
347B,90-057,475.9,promien_500m
347B,90-344,480.6,promien_500m
347B,90-349,483.7,promien_500m
347B,90-047,490.8,promien_500m
348B,90-319,0.0,promien_500m
348B,90-301,55.7,promien_500m
348B,90-357,58.1,promien_500m
348B,90-317,86.3,promien_500m
348B,90-318,95.6,promien_500m
348B,90-302,109.8,promien_500m
348B,90-355,121.7,promien_500m
348B,90-353,201.2,promien_500m
348B,90-315,201.8,promien_500m
348B,90-306,242.3,promien_500m
348B,90-307,273.8,promien_500m
348B,90-368,296.4,promien_500m
348B,90-303,300.3,promien_500m
348B,90-322,307.8,promien_500m
348B,90-364,313.1,promien_500m
348B,90-316,335.3,promien_500m
348B,90-011,337.3,promien_500m
348B,90-369,337.6,promien_500m
348B,90-348,365.7,promien_500m
348B,90-363,372.5,promien_500m
348B,90-051,375.9,promien_500m
348B,90-058,378.7,promien_500m
348B,90-354,383.2,promien_500m
348B,90-057,384.7,promien_500m
348B,90-004,385.3,promien_500m
348B,90-258,393.4,promien_500m
348B,90-324,407.2,promien_500m
348B,90-325,410.9,promien_500m
348B,90-451,416.2,promien_500m
348B,90-447,434.3,promien_500m
348B,90-323,449.8,promien_500m
348B,90-022,451.5,promien_500m
348B,90-450,463.0,promien_500m
348B,90-360,472.4,promien_500m
348B,90-054,485.0,promien_500m
348B,90-446,486.1,promien_500m
348B,90-448,488.2,promien_500m
348B,90-049,495.8,promien_500m
348B,90-056,498.3,promien_500m
348B,90-442,499.6,promien_500m
349A,90-302,0.0,promien_500m
349A,90-301,3.1,promien_500m
349A,90-368,103.4,promien_500m
349A,90-369,103.8,promien_500m
349A,90-318,106.5,promien_500m
349A,90-357,123.9,promien_500m
349A,90-319,125.5,promien_500m
349A,90-004,142.1,promien_500m
349A,90-317,153.2,promien_500m
349A,90-303,180.5,promien_500m
349A,90-451,186.6,promien_500m
349A,90-447,191.0,promien_500m
349A,90-450,219.9,promien_500m
349A,90-448,244.9,promien_500m
349A,90-446,247.0,promien_500m
349A,90-355,267.7,promien_500m
349A,90-442,268.6,promien_500m
349A,90-418,292.1,promien_500m
349A,90-360,311.3,promien_500m
349A,90-306,323.9,promien_500m
349A,90-051,369.1,promien_500m
349A,90-441,369.1,promien_500m
349A,90-363,376.3,promien_500m
349A,90-364,382.2,promien_500m
349A,90-054,382.3,promien_500m
349A,90-057,389.5,promien_500m
349A,90-058,394.4,promien_500m
349A,90-452,400.5,promien_500m
349A,90-443,404.7,promien_500m
349A,90-063,408.5,promien_500m
349A,90-307,411.7,promien_500m
349A,90-456,417.2,promien_500m
349A,90-530,426.9,promien_500m
349A,90-353,433.6,promien_500m
349A,90-315,438.6,promien_500m
349A,90-453,439.6,promien_500m
349A,90-515,450.8,promien_500m
349A,90-527,452.6,promien_500m
349A,90-056,452.9,promien_500m
349A,90-525,477.1,promien_500m
349A,90-324,485.7,promien_500m
349A,90-440,489.1,promien_500m
34B,90-712,0.0,promien_500m
34B,90-713,6.6,promien_500m
34B,90-710,33.6,promien_500m
34B,90-711,37.7,promien_500m
34B,90-569,42.4,promien_500m
34B,90-742,43.4,promien_500m
34B,90-739,60.0,promien_500m
34B,90-717,68.6,promien_500m
34B,90-703,78.6,promien_500m
34B,90-718,106.9,promien_500m
34B,90-746,118.3,promien_500m
34B,91-070,120.6,promien_500m
34B,90-502,124.7,promien_500m
34B,90-741,127.4,promien_500m
34B,90-401,138.5,promien_500m
34B,90-702,145.3,promien_500m
34B,91-069,146.5,promien_500m
34B,91-068,153.0,promien_500m
34B,90-745,162.0,promien_500m
34B,90-734,176.6,promien_500m
34B,90-706,194.8,promien_500m
34B,90-735,204.4,promien_500m
34B,91-067,205.8,promien_500m
34B,90-740,209.3,promien_500m
34B,94-015,232.2,promien_500m
34B,90-715,241.2,promien_500m
34B,91-072,245.3,promien_500m
34B,90-762,260.5,promien_500m
34B,90-507,261.1,promien_500m
34B,90-736,264.0,promien_500m
34B,90-737,266.8,promien_500m
34B,90-743,271.5,promien_500m
34B,90-707,284.0,promien_500m
34B,90-411,286.8,promien_500m
34B,90-716,292.8,promien_500m
34B,90-708,296.8,promien_500m
34B,90-747,309.1,promien_500m
34B,91-065,329.4,promien_500m
34B,90-748,343.9,promien_500m
34B,90-701,345.4,promien_500m
34B,90-727,348.0,promien_500m
34B,91-066,350.6,promien_500m
34B,90-730,362.5,promien_500m
34B,90-729,362.9,promien_500m
34B,90-753,363.7,promien_500m
34B,90-756,364.8,promien_500m
34B,90-749,365.7,promien_500m
34B,91-071,375.2,promien_500m
34B,90-728,394.2,promien_500m
34B,90-602,401.7,promien_500m
34B,90-558,401.9,promien_500m
34B,90-720,421.5,promien_500m
34B,90-750,423.9,promien_500m
34B,90-604,424.7,promien_500m
34B,90-758,427.9,promien_500m
34B,90-763,433.6,promien_500m
34B,90-752,442.5,promien_500m
34B,90-624,453.4,promien_500m
34B,90-404,468.6,promien_500m
350A,90-368,0.0,promien_500m
350A,90-369,7.1,promien_500m
350A,90-004,7.3,promien_500m
350A,90-301,7.4,promien_500m
350A,90-447,48.9,promien_500m
350A,90-451,62.3,promien_500m
350A,90-302,66.6,promien_500m
350A,90-450,78.3,promien_500m
350A,90-448,103.8,promien_500m
350A,90-446,116.0,promien_500m
350A,90-442,154.8,promien_500m
350A,90-303,171.9,promien_500m
350A,90-418,182.3,promien_500m
350A,90-441,229.1,promien_500m
350A,90-318,237.5,promien_500m
350A,90-357,249.4,promien_500m
350A,90-360,255.0,promien_500m
350A,90-319,266.7,promien_500m
350A,90-317,277.0,promien_500m
350A,90-530,297.7,promien_500m
350A,90-515,309.7,promien_500m
350A,90-527,311.2,promien_500m
350A,90-452,319.5,promien_500m
350A,90-443,322.2,promien_500m
350A,90-525,335.1,promien_500m
350A,90-355,366.5,promien_500m
350A,90-528,366.6,promien_500m
350A,90-456,371.8,promien_500m
350A,90-453,372.9,promien_500m
350A,90-054,380.4,promien_500m
350A,90-063,381.6,promien_500m
350A,90-526,383.3,promien_500m
350A,90-051,389.8,promien_500m
350A,90-363,419.6,promien_500m
350A,90-306,433.5,promien_500m
350A,90-537,438.0,promien_500m
350A,90-436,445.0,promien_500m
350A,90-536,448.6,promien_500m
350A,90-057,449.3,promien_500m
350A,90-437,453.5,promien_500m
350A,90-440,456.1,promien_500m
350A,90-056,462.3,promien_500m
350A,90-058,466.5,promien_500m
350A,90-364,466.7,promien_500m
350A,90-531,475.8,promien_500m
350A,90-522,489.4,promien_500m
351A,90-368,0.0,promien_500m
351A,90-447,9.9,promien_500m
351A,90-301,56.4,promien_500m
351A,90-004,56.6,promien_500m
351A,90-446,58.8,promien_500m
351A,90-448,71.6,promien_500m
351A,90-450,72.3,promien_500m
351A,90-369,73.0,promien_500m
351A,90-451,76.4,promien_500m
351A,90-442,89.1,promien_500m
351A,90-302,128.5,promien_500m
351A,90-441,185.4,promien_500m
351A,90-418,208.2,promien_500m
351A,90-303,236.4,promien_500m
351A,90-443,256.1,promien_500m
351A,90-318,267.3,promien_500m
351A,90-527,268.9,promien_500m
351A,90-515,287.5,promien_500m
351A,90-530,289.7,promien_500m
351A,90-317,297.5,promien_500m
351A,90-525,298.2,promien_500m
351A,90-319,304.9,promien_500m
351A,90-357,305.6,promien_500m
351A,90-360,306.5,promien_500m
351A,90-063,327.6,promien_500m
351A,90-526,329.0,promien_500m
351A,90-528,333.1,promien_500m
351A,90-054,336.0,promien_500m
351A,90-051,349.1,promien_500m
351A,90-452,358.1,promien_500m
351A,90-436,378.4,promien_500m
351A,90-437,391.6,promien_500m
351A,90-440,397.7,promien_500m
351A,90-536,406.3,promien_500m
351A,90-453,416.3,promien_500m
351A,90-056,419.4,promien_500m
351A,90-456,422.7,promien_500m
351A,90-522,422.8,promien_500m
351A,90-057,427.8,promien_500m
351A,90-355,431.2,promien_500m
351A,90-537,436.2,promien_500m
351A,90-306,440.1,promien_500m
351A,90-058,451.4,promien_500m
351A,90-521,451.7,promien_500m
351A,90-062,456.4,promien_500m
351A,90-434,468.4,promien_500m
351A,90-363,484.8,promien_500m
352A,90-368,0.0,promien_500m
352A,90-447,4.8,promien_500m
352A,90-442,59.5,promien_500m
352A,90-446,100.8,promien_500m
352A,90-301,125.8,promien_500m
352A,90-443,152.8,promien_500m
352A,90-448,164.0,promien_500m
352A,90-450,169.9,promien_500m
352A,90-441,173.2,promien_500m
352A,90-418,175.4,promien_500m
352A,90-004,178.0,promien_500m
352A,90-369,187.4,promien_500m
352A,90-451,192.9,promien_500m
352A,90-063,205.7,promien_500m
352A,90-054,221.4,promien_500m
352A,90-302,222.6,promien_500m
352A,90-051,240.0,promien_500m
352A,90-527,257.2,promien_500m
352A,90-437,273.0,promien_500m
352A,90-440,276.4,promien_500m
352A,90-436,276.5,promien_500m
352A,90-318,291.0,promien_500m
352A,90-317,300.3,promien_500m
352A,90-056,304.4,promien_500m
352A,90-525,311.0,promien_500m
352A,90-526,316.1,promien_500m
352A,90-062,334.4,promien_500m
352A,90-522,334.4,promien_500m
352A,90-319,339.3,promien_500m
352A,90-057,344.7,promien_500m
352A,90-530,346.1,promien_500m
352A,90-434,347.7,promien_500m
352A,90-515,350.8,promien_500m
352A,90-303,352.2,promien_500m
352A,90-528,363.5,promien_500m
352A,90-521,374.4,promien_500m
352A,90-357,375.9,promien_500m
352A,90-058,377.6,promien_500m
352A,90-306,398.0,promien_500m
352A,90-536,408.1,promien_500m
352A,90-360,428.5,promien_500m
352A,90-431,452.2,promien_500m
352A,90-432,459.0,promien_500m
352A,90-520,462.7,promien_500m
352A,90-452,476.8,promien_500m
352A,90-060,488.6,promien_500m
353A,90-368,0.0,promien_500m
353A,90-447,13.0,promien_500m
353A,90-442,76.3,promien_500m
353A,90-004,82.6,promien_500m
353A,90-063,91.2,promien_500m
353A,90-443,105.5,promien_500m
353A,90-054,112.8,promien_500m
353A,90-051,151.4,promien_500m
353A,90-301,155.3,promien_500m
353A,90-440,163.2,promien_500m
353A,90-437,168.6,promien_500m
353A,90-446,184.3,promien_500m
353A,90-418,188.7,promien_500m
353A,90-441,191.8,promien_500m
353A,90-056,196.6,promien_500m
353A,90-436,199.5,promien_500m
353A,90-062,220.1,promien_500m
353A,90-434,237.0,promien_500m
353A,90-527,268.2,promien_500m
353A,90-448,274.1,promien_500m
353A,90-450,280.6,promien_500m
353A,90-522,281.0,promien_500m
353A,90-057,287.3,promien_500m
353A,90-318,291.0,promien_500m
353A,90-369,299.0,promien_500m
353A,90-451,306.6,promien_500m
353A,90-525,313.5,promien_500m
353A,90-302,315.9,promien_500m
353A,90-317,324.2,promien_500m
353A,90-058,327.7,promien_500m
353A,90-521,333.2,promien_500m
353A,90-431,343.2,promien_500m
353A,90-526,346.9,promien_500m
353A,90-432,350.6,promien_500m
353A,90-306,357.6,promien_500m
353A,90-060,382.6,promien_500m
353A,90-319,399.4,promien_500m
353A,90-536,399.7,promien_500m
353A,90-528,408.9,promien_500m
353A,90-008,420.2,promien_500m
353A,90-006,421.9,promien_500m
353A,90-530,426.2,promien_500m
353A,90-520,427.1,promien_500m
353A,90-430,433.0,promien_500m
353A,90-515,435.1,promien_500m
353A,90-357,451.8,promien_500m
353A,90-303,462.5,promien_500m
353A,90-514,485.9,promien_500m
353A,90-307,495.9,promien_500m
353A,90-428,495.9,promien_500m
354A,90-447,0.0,promien_500m
354A,90-368,33.6,promien_500m
354A,90-442,43.6,promien_500m
354A,90-443,98.6,promien_500m
354A,90-446,125.4,promien_500m
354A,90-004,131.5,promien_500m
354A,90-418,149.6,promien_500m
354A,90-063,151.0,promien_500m
354A,90-301,151.5,promien_500m
354A,90-441,159.7,promien_500m
354A,90-054,175.9,promien_500m
354A,90-051,208.5,promien_500m
354A,90-448,212.1,promien_500m
354A,90-437,212.5,promien_500m
354A,90-440,217.6,promien_500m
354A,90-436,218.6,promien_500m
354A,90-450,218.8,promien_500m
354A,90-527,240.6,promien_500m
354A,90-451,246.6,promien_500m
354A,90-369,247.8,promien_500m
354A,90-056,258.1,promien_500m
354A,90-062,278.3,promien_500m
354A,90-302,280.6,promien_500m
354A,90-522,283.8,promien_500m
354A,90-525,288.0,promien_500m
354A,90-434,288.2,promien_500m
354A,90-526,304.0,promien_500m
354A,90-318,314.8,promien_500m
354A,90-521,328.6,promien_500m
354A,90-057,333.1,promien_500m
354A,90-317,334.5,promien_500m
354A,90-528,360.7,promien_500m
354A,90-530,366.7,promien_500m
354A,90-058,371.6,promien_500m
354A,90-515,376.2,promien_500m
354A,90-536,384.0,promien_500m
354A,90-319,385.5,promien_500m
354A,90-431,392.1,promien_500m
354A,90-306,398.7,promien_500m
354A,90-432,398.8,promien_500m
354A,90-303,412.6,promien_500m
354A,90-520,419.9,promien_500m
354A,90-357,430.4,promien_500m
354A,90-060,445.6,promien_500m
354A,90-008,479.5,promien_500m
354A,90-006,481.2,promien_500m
354A,90-360,485.8,promien_500m
354A,90-519,488.4,promien_500m
354A,90-430,490.6,promien_500m
355A,90-447,0.0,promien_500m
355A,90-368,12.8,promien_500m
355A,90-442,33.1,promien_500m
355A,90-446,57.8,promien_500m
355A,90-301,116.1,promien_500m
355A,90-448,116.6,promien_500m
355A,90-450,122.7,promien_500m
355A,90-004,136.0,promien_500m
355A,90-451,147.8,promien_500m
355A,90-441,149.9,promien_500m
355A,90-369,154.5,promien_500m
355A,90-418,168.4,promien_500m
355A,90-443,175.3,promien_500m
355A,90-302,202.5,promien_500m
355A,90-527,239.4,promien_500m
355A,90-063,249.3,promien_500m
355A,90-054,268.6,promien_500m
355A,90-051,287.4,promien_500m
355A,90-525,291.1,promien_500m
355A,90-526,293.0,promien_500m
355A,90-318,298.6,promien_500m
355A,90-436,299.2,promien_500m
355A,90-530,304.5,promien_500m
355A,90-515,307.1,promien_500m
355A,90-437,309.0,promien_500m
355A,90-317,315.9,promien_500m
355A,90-440,316.3,promien_500m
355A,90-303,319.1,promien_500m
355A,90-528,333.2,promien_500m
355A,90-319,343.7,promien_500m
355A,90-522,347.2,promien_500m
355A,90-056,351.4,promien_500m
355A,90-357,366.3,promien_500m
355A,90-062,377.2,promien_500m
355A,90-521,381.1,promien_500m
355A,90-536,381.5,promien_500m
355A,90-434,386.5,promien_500m
355A,90-360,386.9,promien_500m
355A,90-057,388.0,promien_500m
355A,90-058,418.8,promien_500m
355A,90-452,431.3,promien_500m
355A,90-306,432.9,promien_500m
355A,90-520,465.1,promien_500m
355A,90-537,473.3,promien_500m
355A,90-431,489.3,promien_500m
355A,90-539,490.1,promien_500m
355A,90-453,491.8,promien_500m
355A,90-432,495.6,promien_500m
356A,90-448,0.0,promien_500m
356A,90-450,6.4,promien_500m
356A,90-447,25.0,promien_500m
356A,90-451,46.7,promien_500m
356A,90-446,55.5,promien_500m
356A,90-004,69.7,promien_500m
356A,90-368,81.5,promien_500m
356A,90-442,103.1,promien_500m
356A,90-441,103.5,promien_500m
356A,90-369,105.2,promien_500m
356A,90-301,137.7,promien_500m
356A,90-418,138.1,promien_500m
356A,90-527,181.5,promien_500m
356A,90-515,184.2,promien_500m
356A,90-530,186.6,promien_500m
356A,90-302,189.1,promien_500m
356A,90-525,204.9,promien_500m
356A,90-528,236.5,promien_500m
356A,90-303,242.3,promien_500m
356A,90-526,264.9,promien_500m
356A,90-360,270.8,promien_500m
356A,90-443,278.4,promien_500m
356A,90-452,296.4,promien_500m
356A,90-536,318.8,promien_500m
356A,90-537,333.7,promien_500m
356A,90-453,359.9,promien_500m
356A,90-318,363.8,promien_500m
356A,90-456,374.8,promien_500m
356A,90-357,376.3,promien_500m
356A,90-436,385.0,promien_500m
356A,90-063,389.0,promien_500m
356A,90-319,396.2,promien_500m
356A,90-317,398.3,promien_500m
356A,90-539,405.7,promien_500m
356A,90-054,413.5,promien_500m
356A,90-531,414.5,promien_500m
356A,90-522,418.2,promien_500m
356A,90-540,420.4,promien_500m
356A,90-437,433.4,promien_500m
356A,90-521,433.5,promien_500m
356A,90-051,433.7,promien_500m
356A,90-440,447.5,promien_500m
356A,90-541,467.1,promien_500m
356A,90-507,472.7,promien_500m
356A,90-355,476.5,promien_500m
356A,90-363,485.7,promien_500m
356A,90-056,496.4,promien_500m
357A,90-446,0.0,promien_500m
357A,90-441,9.1,promien_500m
357A,90-448,19.9,promien_500m
357A,90-447,57.3,promien_500m
357A,90-450,68.6,promien_500m
357A,90-442,81.4,promien_500m
357A,90-527,89.2,promien_500m
357A,90-451,99.1,promien_500m
357A,90-418,114.3,promien_500m
357A,90-525,125.6,promien_500m
357A,90-530,138.6,promien_500m
357A,90-515,148.6,promien_500m
357A,90-526,156.2,promien_500m
357A,90-528,164.1,promien_500m
357A,90-368,167.1,promien_500m
357A,90-004,176.9,promien_500m
357A,90-369,213.9,promien_500m
357A,90-443,221.1,promien_500m
357A,90-536,225.4,promien_500m
357A,90-301,232.9,promien_500m
357A,90-302,294.2,promien_500m
357A,90-436,305.6,promien_500m
357A,90-537,322.4,promien_500m
357A,90-539,322.5,promien_500m
357A,90-522,328.8,promien_500m
357A,90-521,335.6,promien_500m
357A,90-303,350.1,promien_500m
357A,90-452,360.7,promien_500m
357A,90-063,363.3,promien_500m
357A,90-360,364.4,promien_500m
357A,90-507,375.9,promien_500m
357A,90-437,383.3,promien_500m
357A,90-520,395.4,promien_500m
357A,90-054,399.0,promien_500m
357A,90-440,405.0,promien_500m
357A,90-453,413.3,promien_500m
357A,90-540,417.1,promien_500m
357A,90-519,436.2,promien_500m
357A,90-051,436.8,promien_500m
357A,90-318,447.5,promien_500m
357A,90-531,452.1,promien_500m
357A,90-456,456.9,promien_500m
357A,90-543,462.7,promien_500m
357A,90-502,463.4,promien_500m
357A,90-434,465.7,promien_500m
357A,90-056,468.6,promien_500m
357A,90-541,473.0,promien_500m
357A,90-317,474.3,promien_500m
357A,90-062,476.7,promien_500m
357A,90-357,478.6,promien_500m
357A,90-319,485.8,promien_500m
358A,90-441,0.0,promien_500m
358A,90-446,1.4,promien_500m
358A,90-442,19.3,promien_500m
358A,90-418,51.1,promien_500m
358A,90-447,64.9,promien_500m
358A,90-448,82.8,promien_500m
358A,90-527,84.1,promien_500m
358A,90-450,129.3,promien_500m
358A,90-525,134.6,promien_500m
358A,90-526,136.6,promien_500m
358A,90-443,158.5,promien_500m
358A,90-451,162.4,promien_500m
358A,90-368,169.5,promien_500m
358A,90-528,179.2,promien_500m
358A,90-530,187.6,promien_500m
358A,90-515,202.9,promien_500m
358A,90-004,214.7,promien_500m
358A,90-536,224.8,promien_500m
358A,90-436,242.5,promien_500m
358A,90-301,252.0,promien_500m
358A,90-369,253.8,promien_500m
358A,90-522,268.0,promien_500m
358A,90-521,279.3,promien_500m
358A,90-063,310.0,promien_500m
358A,90-302,321.3,promien_500m
358A,90-437,322.5,promien_500m
358A,90-539,339.2,promien_500m
358A,90-440,345.9,promien_500m
358A,90-520,346.3,promien_500m
358A,90-054,349.2,promien_500m
358A,90-507,376.3,promien_500m
358A,90-537,376.8,promien_500m
358A,90-051,393.8,promien_500m
358A,90-519,394.3,promien_500m
358A,90-303,395.7,promien_500m
358A,90-434,404.7,promien_500m
358A,90-056,413.1,promien_500m
358A,90-062,418.4,promien_500m
358A,90-360,421.2,promien_500m
358A,90-452,423.9,promien_500m
358A,90-318,452.3,promien_500m
358A,90-050,472.4,promien_500m
358A,90-317,472.5,promien_500m
358A,90-540,473.3,promien_500m
358A,90-453,476.6,promien_500m
358A,90-502,487.9,promien_500m
358A,90-543,489.8,promien_500m
358A,90-431,490.6,promien_500m
358A,90-432,493.5,promien_500m
358A,90-319,494.8,promien_500m
359A,90-418,0.0,promien_500m
359A,90-442,2.1,promien_500m
359A,90-441,3.6,promien_500m
359A,90-443,61.2,promien_500m
359A,90-527,82.4,promien_500m
359A,90-446,83.9,promien_500m
359A,90-447,86.9,promien_500m
359A,90-525,128.3,promien_500m
359A,90-436,142.1,promien_500m
359A,90-004,150.4,promien_500m
359A,90-526,154.2,promien_500m
359A,90-522,173.4,promien_500m
359A,90-368,174.7,promien_500m
359A,90-448,183.5,promien_500m
359A,90-521,196.8,promien_500m
359A,90-528,219.8,promien_500m
359A,90-450,228.5,promien_500m
359A,90-437,229.6,promien_500m
359A,90-536,232.3,promien_500m
359A,90-063,238.0,promien_500m
359A,90-440,257.5,promien_500m
359A,90-451,263.3,promien_500m
359A,90-530,276.8,promien_500m
359A,90-520,278.0,promien_500m
359A,90-054,284.0,promien_500m
359A,90-515,295.9,promien_500m
359A,90-301,302.7,promien_500m
359A,90-434,310.5,promien_500m
359A,90-369,326.4,promien_500m
359A,90-062,331.0,promien_500m
359A,90-056,332.4,promien_500m
359A,90-519,339.0,promien_500m
359A,90-051,341.4,promien_500m
359A,90-302,383.1,promien_500m
359A,90-539,384.0,promien_500m
359A,90-507,388.0,promien_500m
359A,90-431,391.6,promien_500m
359A,90-432,393.1,promien_500m
359A,90-050,430.9,promien_500m
359A,90-537,444.5,promien_500m
359A,90-550,452.3,promien_500m
359A,90-510,472.8,promien_500m
359A,90-318,474.7,promien_500m
359A,90-303,478.2,promien_500m
359A,90-057,481.8,promien_500m
359A,90-317,489.6,promien_500m
359A,90-514,498.1,promien_500m
359A,90-060,499.5,promien_500m
35B,90-710,0.0,promien_500m
35B,90-502,35.5,promien_500m
35B,90-703,44.1,promien_500m
35B,90-712,48.2,promien_500m
35B,90-569,52.6,promien_500m
35B,90-702,61.9,promien_500m
35B,91-069,69.4,promien_500m
35B,90-713,86.9,promien_500m
35B,90-711,92.2,promien_500m
35B,91-068,96.3,promien_500m
35B,90-706,123.1,promien_500m
35B,91-070,124.4,promien_500m
35B,90-742,130.0,promien_500m
35B,91-067,135.0,promien_500m
35B,90-739,142.1,promien_500m
35B,90-717,146.3,promien_500m
35B,90-401,156.7,promien_500m
35B,94-015,187.8,promien_500m
35B,90-718,190.9,promien_500m
35B,90-746,193.1,promien_500m
35B,90-745,202.0,promien_500m
35B,90-741,218.7,promien_500m
35B,90-715,229.3,promien_500m
35B,90-707,240.9,promien_500m
35B,91-065,250.2,promien_500m
35B,91-072,250.9,promien_500m
35B,90-507,262.2,promien_500m
35B,90-734,262.3,promien_500m
35B,90-701,266.6,promien_500m
35B,91-066,269.5,promien_500m
35B,90-708,269.6,promien_500m
35B,90-716,282.6,promien_500m
35B,90-735,283.4,promien_500m
35B,90-740,291.0,promien_500m
35B,91-071,312.3,promien_500m
35B,90-762,314.8,promien_500m
35B,90-411,337.7,promien_500m
35B,90-736,338.1,promien_500m
35B,90-737,340.6,promien_500m
35B,90-743,360.2,promien_500m
35B,90-727,376.6,promien_500m
35B,90-730,394.2,promien_500m
35B,90-747,396.7,promien_500m
35B,90-720,402.7,promien_500m
35B,90-729,415.7,promien_500m
35B,90-728,423.0,promien_500m
35B,90-753,428.2,promien_500m
35B,90-748,434.0,promien_500m
35B,90-404,439.7,promien_500m
35B,90-756,447.5,promien_500m
35B,90-749,449.6,promien_500m
35B,90-402,462.7,promien_500m
35B,90-602,469.7,promien_500m
35B,91-063,470.3,promien_500m
35B,90-763,489.5,promien_500m
35B,90-558,492.5,promien_500m
360A,90-527,0.0,promien_500m
360A,90-525,6.9,promien_500m
360A,90-443,23.8,promien_500m
360A,90-441,41.2,promien_500m
360A,90-522,63.3,promien_500m
360A,90-521,64.2,promien_500m
360A,90-418,72.8,promien_500m
360A,90-436,89.1,promien_500m
360A,90-536,90.1,promien_500m
360A,90-442,99.9,promien_500m
360A,90-520,131.7,promien_500m
360A,90-526,154.0,promien_500m
360A,90-004,168.2,promien_500m
360A,90-519,194.5,promien_500m
360A,90-528,204.1,promien_500m
360A,90-447,204.5,promien_500m
360A,90-437,209.2,promien_500m
360A,90-446,209.8,promien_500m
360A,90-507,241.9,promien_500m
360A,90-368,276.5,promien_500m
360A,90-448,288.2,promien_500m
360A,90-450,291.0,promien_500m
360A,90-440,291.6,promien_500m
360A,90-050,292.2,promien_500m
360A,90-550,306.9,promien_500m
360A,90-434,311.7,promien_500m
360A,90-063,317.1,promien_500m
360A,90-515,325.3,promien_500m
360A,90-530,331.2,promien_500m
360A,90-432,342.4,promien_500m
360A,90-539,344.3,promien_500m
360A,90-510,349.6,promien_500m
360A,90-062,363.2,promien_500m
360A,90-451,364.1,promien_500m
360A,90-431,365.7,promien_500m
360A,90-056,367.4,promien_500m
360A,90-054,367.7,promien_500m
360A,90-514,419.7,promien_500m
360A,90-547,420.8,promien_500m
360A,90-051,437.2,promien_500m
360A,90-537,438.2,promien_500m
360A,90-301,445.7,promien_500m
360A,90-549,446.3,promien_500m
360A,90-508,446.6,promien_500m
360A,90-428,449.4,promien_500m
360A,90-543,450.4,promien_500m
360A,90-516,454.0,promien_500m
360A,90-369,469.2,promien_500m
360A,90-542,469.8,promien_500m
360A,90-511,478.9,promien_500m
360A,90-502,492.3,promien_500m
360A,90-430,499.3,promien_500m
361A,90-527,0.0,promien_500m
361A,90-525,4.4,promien_500m
361A,90-418,35.0,promien_500m
361A,90-526,51.5,promien_500m
361A,90-441,57.6,promien_500m
361A,90-528,109.8,promien_500m
361A,90-443,112.3,promien_500m
361A,90-536,121.0,promien_500m
361A,90-442,125.7,promien_500m
361A,90-446,147.7,promien_500m
361A,90-521,162.4,promien_500m
361A,90-522,166.2,promien_500m
361A,90-436,185.7,promien_500m
361A,90-450,188.5,promien_500m
361A,90-447,197.2,promien_500m
361A,90-448,200.5,promien_500m
361A,90-520,208.7,promien_500m
361A,90-530,228.4,promien_500m
361A,90-004,240.4,promien_500m
361A,90-519,247.6,promien_500m
361A,90-515,260.5,promien_500m
361A,90-507,268.6,promien_500m
361A,90-451,268.8,promien_500m
361A,90-539,268.9,promien_500m
361A,90-437,293.0,promien_500m
361A,90-368,296.0,promien_500m
361A,90-050,323.7,promien_500m
361A,90-537,347.1,promien_500m
361A,90-440,355.9,promien_500m
361A,90-063,356.2,promien_500m
361A,90-550,357.3,promien_500m
361A,90-434,395.7,promien_500m
361A,90-301,399.4,promien_500m
361A,90-543,399.4,promien_500m
361A,90-369,399.7,promien_500m
361A,90-054,404.8,promien_500m
361A,90-502,425.0,promien_500m
361A,90-062,429.8,promien_500m
361A,90-056,433.5,promien_500m
361A,90-542,435.0,promien_500m
361A,90-432,439.6,promien_500m
361A,90-510,447.7,promien_500m
361A,90-431,456.3,promien_500m
361A,90-051,466.4,promien_500m
361A,90-302,470.1,promien_500m
361A,90-549,488.0,promien_500m
362A,90-525,0.0,promien_500m
362A,90-527,8.6,promien_500m
362A,90-526,15.6,promien_500m
362A,90-528,40.5,promien_500m
362A,90-441,60.8,promien_500m
362A,90-536,79.8,promien_500m
362A,90-418,87.1,promien_500m
362A,90-450,106.7,promien_500m
362A,90-530,142.1,promien_500m
362A,90-446,142.3,promien_500m
362A,90-442,152.5,promien_500m
362A,90-448,154.2,promien_500m
362A,90-515,177.5,promien_500m
362A,90-443,198.5,promien_500m
362A,90-539,204.2,promien_500m
362A,90-451,205.4,promien_500m
362A,90-447,208.6,promien_500m
362A,90-507,231.2,promien_500m
362A,90-521,241.1,promien_500m
362A,90-522,251.5,promien_500m
362A,90-537,267.3,promien_500m
362A,90-436,272.7,promien_500m
362A,90-520,280.1,promien_500m
362A,90-519,302.5,promien_500m
362A,90-368,313.8,promien_500m
362A,90-004,320.7,promien_500m
362A,90-502,357.8,promien_500m
362A,90-050,358.3,promien_500m
362A,90-543,358.3,promien_500m
362A,90-369,366.1,promien_500m
362A,90-437,376.5,promien_500m
362A,90-301,386.3,promien_500m
362A,90-550,402.3,promien_500m
362A,90-542,403.0,promien_500m
362A,90-063,418.2,promien_500m
362A,90-540,420.4,promien_500m
362A,90-452,427.2,promien_500m
362A,90-440,430.8,promien_500m
362A,90-302,448.4,promien_500m
362A,90-054,464.0,promien_500m
362A,90-434,475.8,promien_500m
362A,90-453,479.4,promien_500m
362A,90-541,483.4,promien_500m
362A,90-360,491.1,promien_500m
362A,90-531,495.3,promien_500m
362A,90-303,496.3,promien_500m
363A,90-528,0.0,promien_500m
363A,90-530,53.0,promien_500m
363A,90-536,53.1,promien_500m
363A,90-525,59.1,promien_500m
363A,90-515,74.0,promien_500m
363A,90-450,79.9,promien_500m
363A,90-539,89.1,promien_500m
363A,90-527,104.0,promien_500m
363A,90-537,115.7,promien_500m
363A,90-441,131.8,promien_500m
363A,90-526,151.5,promien_500m
363A,90-507,172.9,promien_500m
363A,90-448,200.7,promien_500m
363A,90-451,213.1,promien_500m
363A,90-502,223.6,promien_500m
363A,90-543,223.7,promien_500m
363A,90-446,229.5,promien_500m
363A,90-418,238.2,promien_500m
363A,90-442,282.8,promien_500m
363A,90-443,286.3,promien_500m
363A,90-447,286.4,promien_500m
363A,90-540,287.2,promien_500m
363A,90-452,295.5,promien_500m
363A,90-542,333.0,promien_500m
363A,90-541,348.0,promien_500m
363A,93-590,348.8,promien_500m
363A,90-521,367.0,promien_500m
363A,90-453,371.4,promien_500m
363A,90-531,374.5,promien_500m
363A,93-574,376.6,promien_500m
363A,90-004,382.6,promien_500m
363A,90-522,390.7,promien_500m
363A,90-520,391.0,promien_500m
363A,90-519,391.3,promien_500m
363A,90-368,397.7,promien_500m
363A,90-369,409.2,promien_500m
363A,90-050,409.9,promien_500m
363A,90-436,420.8,promien_500m
363A,90-550,443.2,promien_500m
363A,90-301,453.7,promien_500m
363A,90-360,469.1,promien_500m
363A,90-456,482.6,promien_500m
364A,90-536,0.0,promien_500m
364A,90-528,51.1,promien_500m
364A,90-507,54.5,promien_500m
364A,90-539,54.8,promien_500m
364A,90-525,73.7,promien_500m
364A,90-448,118.8,promien_500m
364A,90-526,147.4,promien_500m
364A,90-443,155.9,promien_500m
364A,90-537,175.8,promien_500m
364A,90-515,178.1,promien_500m
364A,90-543,179.6,promien_500m
364A,90-527,181.1,promien_500m
364A,90-530,187.4,promien_500m
364A,90-450,196.9,promien_500m
364A,90-502,209.7,promien_500m
364A,90-542,225.7,promien_500m
364A,90-441,229.0,promien_500m
364A,90-418,253.9,promien_500m
364A,90-519,273.6,promien_500m
364A,90-050,280.6,promien_500m
364A,90-520,285.1,promien_500m
364A,90-521,289.8,promien_500m
364A,90-550,308.2,promien_500m
364A,90-446,311.8,promien_500m
364A,90-442,329.1,promien_500m
364A,90-451,331.2,promien_500m
364A,90-522,335.7,promien_500m
364A,90-447,376.6,promien_500m
364A,90-436,381.2,promien_500m
364A,93-590,384.4,promien_500m
364A,90-540,390.6,promien_500m
364A,93-574,402.8,promien_500m
364A,90-554,405.1,promien_500m
364A,90-452,410.1,promien_500m
364A,90-549,421.2,promien_500m
364A,90-541,442.7,promien_500m
364A,90-004,457.3,promien_500m
364A,90-368,487.7,promien_500m
364A,90-453,494.9,promien_500m
364A,90-531,494.9,promien_500m
365A,90-536,0.0,promien_500m
365A,90-525,61.6,promien_500m
365A,90-507,77.7,promien_500m
365A,90-443,82.1,promien_500m
365A,90-528,116.9,promien_500m
365A,90-539,131.7,promien_500m
365A,90-448,137.1,promien_500m
365A,90-526,141.0,promien_500m
365A,90-527,183.0,promien_500m
365A,90-519,192.0,promien_500m
365A,90-520,200.8,promien_500m
365A,90-050,205.6,promien_500m
365A,90-521,213.7,promien_500m
365A,90-543,214.0,promien_500m
365A,90-418,229.7,promien_500m
365A,90-441,237.0,promien_500m
365A,90-542,241.4,promien_500m
365A,90-450,248.0,promien_500m
365A,90-550,251.1,promien_500m
365A,90-530,252.4,promien_500m
365A,90-537,260.1,promien_500m
365A,90-515,261.9,promien_500m
365A,90-522,268.2,promien_500m
365A,90-502,281.7,promien_500m
365A,90-442,315.5,promien_500m
365A,90-436,319.6,promien_500m
365A,90-446,322.6,promien_500m
365A,90-549,360.1,promien_500m
365A,90-451,372.3,promien_500m
365A,90-554,373.1,promien_500m
365A,90-447,382.3,promien_500m
365A,90-004,404.5,promien_500m
365A,90-437,443.5,promien_500m
365A,93-590,464.0,promien_500m
365A,90-546,466.3,promien_500m
365A,90-510,472.3,promien_500m
365A,90-540,474.3,promien_500m
365A,93-574,480.0,promien_500m
365A,90-368,488.2,promien_500m
365A,90-452,491.2,promien_500m
365A,90-547,495.0,promien_500m
366A,90-536,0.0,promien_500m
366A,90-507,63.0,promien_500m
366A,90-525,75.8,promien_500m
366A,90-443,90.9,promien_500m
366A,90-539,108.6,promien_500m
366A,90-528,111.0,promien_500m
366A,90-448,120.9,promien_500m
366A,90-526,155.0,promien_500m
366A,90-543,191.3,promien_500m
366A,90-527,195.0,promien_500m
366A,90-519,206.4,promien_500m
366A,90-050,215.0,promien_500m
366A,90-520,220.6,promien_500m
366A,90-542,221.8,promien_500m
366A,90-521,237.3,promien_500m
366A,90-537,242.2,promien_500m
366A,90-515,244.9,promien_500m
366A,90-530,245.8,promien_500m
366A,90-450,246.2,promien_500m
366A,90-418,247.8,promien_500m
366A,90-441,251.1,promien_500m
366A,90-550,251.2,promien_500m
366A,90-502,258.0,promien_500m
366A,90-522,292.0,promien_500m
366A,90-442,331.4,promien_500m
366A,90-446,335.0,promien_500m
366A,90-436,343.2,promien_500m
366A,90-549,363.4,promien_500m
366A,90-554,365.4,promien_500m
366A,90-451,374.8,promien_500m
366A,90-447,396.6,promien_500m
366A,90-004,427.3,promien_500m
366A,93-590,441.8,promien_500m
366A,93-574,457.0,promien_500m
366A,90-540,457.7,promien_500m
366A,90-437,466.9,promien_500m
366A,90-546,467.0,promien_500m
366A,90-452,477.2,promien_500m
366A,90-510,493.3,promien_500m
367A,90-536,0.0,promien_500m
367A,90-539,37.6,promien_500m
367A,90-507,42.5,promien_500m
367A,90-528,55.6,promien_500m
367A,90-525,93.2,promien_500m
367A,90-448,100.8,promien_500m
367A,90-443,161.4,promien_500m
367A,90-543,162.2,promien_500m
367A,90-537,165.3,promien_500m
367A,90-526,165.9,promien_500m
367A,90-515,168.1,promien_500m
367A,90-502,191.3,promien_500m
367A,90-530,191.7,promien_500m
367A,90-527,195.9,promien_500m
367A,90-450,205.7,promien_500m
367A,90-542,210.4,promien_500m
367A,90-441,243.3,promien_500m
367A,90-418,272.8,promien_500m
367A,90-519,281.4,promien_500m
367A,90-050,285.9,promien_500m
367A,90-520,297.8,promien_500m
367A,90-521,306.7,promien_500m
367A,90-550,307.5,promien_500m
367A,90-446,327.0,promien_500m
367A,90-451,341.2,promien_500m
367A,90-442,347.4,promien_500m
367A,90-522,354.1,promien_500m
367A,93-590,367.9,promien_500m
367A,90-540,381.3,promien_500m
367A,93-574,385.5,promien_500m
367A,90-447,391.0,promien_500m
367A,90-554,397.2,promien_500m
367A,90-436,400.2,promien_500m
367A,90-452,403.8,promien_500m
367A,90-549,419.1,promien_500m
367A,90-541,432.6,promien_500m
367A,90-004,476.7,promien_500m
367A,90-453,489.7,promien_500m
367A,90-531,489.7,promien_500m
368B,90-539,0.0,promien_500m
368B,90-448,52.5,promien_500m
368B,90-536,57.4,promien_500m
368B,90-528,62.1,promien_500m
368B,90-507,65.4,promien_500m
368B,90-537,87.8,promien_500m
368B,90-502,97.1,promien_500m
368B,90-515,106.1,promien_500m
368B,90-543,107.3,promien_500m
368B,90-530,169.4,promien_500m
368B,90-525,182.1,promien_500m
368B,90-542,188.7,promien_500m
368B,90-450,231.5,promien_500m
368B,90-443,239.1,promien_500m
368B,90-526,244.3,promien_500m
368B,90-527,245.0,promien_500m
368B,93-590,273.7,promien_500m
368B,90-441,281.6,promien_500m
368B,93-574,290.6,promien_500m
368B,90-540,310.4,promien_500m
368B,90-452,345.2,promien_500m
368B,90-541,346.7,promien_500m
368B,90-418,351.1,promien_500m
368B,90-050,355.6,promien_500m
368B,90-550,358.7,promien_500m
368B,90-519,360.5,promien_500m
368B,90-451,363.6,promien_500m
368B,90-446,376.4,promien_500m
368B,90-520,387.7,promien_500m
368B,90-521,401.7,promien_500m
368B,90-554,408.8,promien_500m
368B,90-442,417.0,promien_500m
368B,90-453,433.9,promien_500m
368B,90-531,433.9,promien_500m
368B,90-447,435.9,promien_500m
368B,93-575,436.9,promien_500m
368B,90-522,448.6,promien_500m
368B,90-549,456.5,promien_500m
368B,90-436,493.3,promien_500m
369B,90-539,0.0,promien_500m
369B,90-448,12.9,promien_500m
369B,90-507,50.4,promien_500m
369B,90-536,63.0,promien_500m
369B,90-502,86.4,promien_500m
369B,90-543,90.4,promien_500m
369B,90-528,101.7,promien_500m
369B,90-537,106.4,promien_500m
369B,90-515,143.4,promien_500m
369B,90-542,146.6,promien_500m
369B,90-525,202.8,promien_500m
369B,90-530,211.1,promien_500m
369B,90-443,229.1,promien_500m
369B,90-526,271.7,promien_500m
369B,90-450,271.9,promien_500m
369B,93-590,276.7,promien_500m
369B,90-527,281.9,promien_500m
369B,93-574,286.1,promien_500m
369B,90-441,320.8,promien_500m
369B,90-550,329.2,promien_500m
369B,90-050,332.8,promien_500m
369B,90-540,336.3,promien_500m
369B,90-519,348.4,promien_500m
369B,90-541,361.1,promien_500m
369B,90-554,370.1,promien_500m
369B,90-452,377.9,promien_500m
369B,90-418,379.1,promien_500m
369B,90-520,384.7,promien_500m
369B,90-451,404.9,promien_500m
369B,90-521,409.0,promien_500m
369B,90-446,414.1,promien_500m
369B,90-549,424.0,promien_500m
369B,93-575,434.7,promien_500m
369B,90-442,450.0,promien_500m
369B,90-522,461.1,promien_500m
369B,90-531,466.0,promien_500m
369B,90-453,466.8,promien_500m
369B,90-447,474.6,promien_500m
36B,90-710,0.0,promien_500m
36B,90-712,47.2,promien_500m
36B,90-502,55.2,promien_500m
36B,90-569,70.2,promien_500m
36B,90-703,70.7,promien_500m
36B,90-702,73.4,promien_500m
36B,90-713,73.6,promien_500m
36B,90-711,76.0,promien_500m
36B,91-069,91.9,promien_500m
36B,90-706,107.9,promien_500m
36B,91-068,123.8,promien_500m
36B,90-739,131.9,promien_500m
36B,90-742,133.9,promien_500m
36B,90-717,135.3,promien_500m
36B,91-070,148.9,promien_500m
36B,91-067,157.8,promien_500m
36B,94-015,163.1,promien_500m
36B,90-718,174.9,promien_500m
36B,90-401,179.9,promien_500m
36B,90-715,202.2,promien_500m
36B,90-746,203.6,promien_500m
36B,90-741,216.5,promien_500m
36B,90-707,218.1,promien_500m
36B,90-745,222.2,promien_500m
36B,90-507,234.3,promien_500m
36B,90-708,242.9,promien_500m
36B,90-734,250.5,promien_500m
36B,90-716,254.8,promien_500m
36B,90-701,255.2,promien_500m
36B,91-066,259.6,promien_500m
36B,91-065,267.5,promien_500m
36B,90-735,269.2,promien_500m
36B,91-072,277.0,promien_500m
36B,90-740,299.0,promien_500m
36B,90-411,314.5,promien_500m
36B,90-736,321.3,promien_500m
36B,90-737,323.7,promien_500m
36B,90-762,332.8,promien_500m
36B,91-071,336.8,promien_500m
36B,90-727,350.0,promien_500m
36B,90-743,351.8,promien_500m
36B,90-730,367.9,promien_500m
36B,90-720,375.6,promien_500m
36B,90-729,391.1,promien_500m
36B,90-728,396.3,promien_500m
36B,90-747,400.7,promien_500m
36B,90-404,413.9,promien_500m
36B,90-748,435.0,promien_500m
36B,90-402,439.5,promien_500m
36B,90-753,443.8,promien_500m
36B,90-602,450.0,promien_500m
36B,90-756,455.2,promien_500m
36B,90-749,456.6,promien_500m
36B,91-063,461.4,promien_500m
36B,90-721,486.2,promien_500m
36B,90-558,492.5,promien_500m
370B,90-539,0.0,promien_500m
370B,90-448,3.4,promien_500m
370B,90-502,48.3,promien_500m
370B,90-543,52.5,promien_500m
370B,90-507,71.7,promien_500m
370B,90-542,97.7,promien_500m
370B,90-537,108.0,promien_500m
370B,90-536,109.2,promien_500m
370B,90-528,157.4,promien_500m
370B,90-515,183.5,promien_500m
370B,90-443,252.6,promien_500m
370B,93-574,254.0,promien_500m
370B,90-525,254.4,promien_500m
370B,90-530,258.9,promien_500m
370B,93-590,262.5,promien_500m
370B,90-550,318.3,promien_500m
370B,90-526,325.8,promien_500m
370B,90-450,326.9,promien_500m
370B,90-050,331.1,promien_500m
370B,90-540,334.8,promien_500m
370B,90-554,336.9,promien_500m
370B,90-527,338.2,promien_500m
370B,90-541,360.1,promien_500m
370B,90-519,366.4,promien_500m
370B,90-441,376.6,promien_500m
370B,90-452,404.2,promien_500m
370B,90-549,408.0,promien_500m
370B,93-575,410.4,promien_500m
370B,90-520,413.8,promien_500m
370B,90-418,433.2,promien_500m
370B,90-521,448.3,promien_500m
370B,90-451,458.3,promien_500m
370B,90-446,470.3,promien_500m
370B,90-531,489.8,promien_500m
370B,90-453,492.7,promien_500m
371B,90-543,0.0,promien_500m
371B,93-574,57.1,promien_500m
371B,90-537,75.8,promien_500m
371B,93-590,82.1,promien_500m
371B,90-502,97.0,promien_500m
371B,90-539,134.6,promien_500m
371B,90-542,150.0,promien_500m
371B,90-448,161.0,promien_500m
371B,90-540,179.0,promien_500m
371B,90-541,211.4,promien_500m
371B,93-575,212.3,promien_500m
371B,90-515,231.4,promien_500m
371B,90-528,238.7,promien_500m
371B,90-507,269.0,promien_500m
371B,90-536,292.5,promien_500m
371B,90-530,320.3,promien_500m
371B,90-452,342.1,promien_500m
371B,90-531,380.8,promien_500m
371B,90-532,400.2,promien_500m
371B,90-525,411.0,promien_500m
371B,90-453,417.5,promien_500m
371B,90-450,417.7,promien_500m
371B,93-569,431.3,promien_500m
371B,90-441,448.7,promien_500m
371B,90-443,451.1,promien_500m
371B,90-527,456.6,promien_500m
371B,90-554,462.9,promien_500m
371B,90-526,480.0,promien_500m
371B,90-451,489.6,promien_500m
371B,90-550,498.0,promien_500m
371B,90-418,499.1,promien_500m
372B,93-574,0.0,promien_500m
372B,93-575,54.1,promien_500m
372B,90-542,74.3,promien_500m
372B,90-543,159.0,promien_500m
372B,93-590,163.4,promien_500m
372B,90-502,251.0,promien_500m
372B,90-537,267.0,promien_500m
372B,93-569,279.2,promien_500m
372B,90-540,307.4,promien_500m
372B,93-566,321.7,promien_500m
372B,90-532,331.0,promien_500m
372B,90-541,333.6,promien_500m
372B,90-539,371.7,promien_500m
372B,90-448,398.3,promien_500m
372B,93-570,404.3,promien_500m
372B,90-515,458.5,promien_500m
372B,90-531,471.8,promien_500m
372B,90-528,480.6,promien_500m
372B,90-507,489.9,promien_500m
373B,93-574,0.0,promien_500m
373B,90-542,50.8,promien_500m
373B,93-575,60.5,promien_500m
373B,93-569,175.4,promien_500m
373B,93-590,225.6,promien_500m
373B,90-543,228.9,promien_500m
373B,93-570,287.6,promien_500m
373B,90-502,293.9,promien_500m
373B,93-566,327.1,promien_500m
373B,90-537,380.3,promien_500m
373B,90-532,410.9,promien_500m
373B,90-540,424.5,promien_500m
373B,90-539,437.0,promien_500m
373B,90-541,450.7,promien_500m
373B,90-448,464.3,promien_500m
374B,93-574,0.0,promien_500m
374B,93-575,62.7,promien_500m
374B,93-569,85.1,promien_500m
374B,90-542,101.5,promien_500m
374B,93-570,181.4,promien_500m
374B,93-590,309.3,promien_500m
374B,90-543,313.3,promien_500m
374B,93-566,329.1,promien_500m
374B,90-502,361.8,promien_500m
374B,93-571,442.0,promien_500m
374B,90-537,484.7,promien_500m
374B,90-554,494.6,promien_500m
374B,90-532,497.1,promien_500m
375B,93-574,0.0,promien_500m
375B,93-569,18.4,promien_500m
375B,93-575,47.0,promien_500m
375B,93-570,96.0,promien_500m
375B,90-542,175.7,promien_500m
375B,93-566,331.9,promien_500m
375B,93-571,370.3,promien_500m
375B,93-590,379.0,promien_500m
375B,90-543,398.0,promien_500m
375B,90-502,439.5,promien_500m
376B,93-574,0.0,promien_500m
376B,93-575,45.9,promien_500m
376B,90-542,70.3,promien_500m
376B,93-569,163.3,promien_500m
376B,93-590,228.4,promien_500m
376B,90-543,252.8,promien_500m
376B,93-570,270.6,promien_500m
376B,93-566,312.7,promien_500m
376B,90-502,316.8,promien_500m
376B,90-537,401.7,promien_500m
376B,90-532,415.5,promien_500m
376B,90-540,443.7,promien_500m
376B,90-539,460.6,promien_500m
376B,90-541,469.2,promien_500m
376B,90-448,487.9,promien_500m
376B,93-571,496.1,promien_500m
377B,93-574,0.0,promien_500m
377B,93-575,41.4,promien_500m
377B,90-542,75.7,promien_500m
377B,93-590,160.0,promien_500m
377B,90-543,190.0,promien_500m
377B,93-569,257.3,promien_500m
377B,90-502,274.2,promien_500m
377B,93-566,302.2,promien_500m
377B,90-537,302.5,promien_500m
377B,90-532,338.1,promien_500m
377B,90-540,340.4,promien_500m
377B,90-541,365.6,promien_500m
377B,93-570,374.0,promien_500m
377B,90-539,402.7,promien_500m
377B,90-448,428.3,promien_500m
377B,90-515,494.3,promien_500m
377B,90-531,497.4,promien_500m
378B,93-575,0.0,promien_500m
378B,93-574,33.6,promien_500m
378B,93-569,52.5,promien_500m
378B,93-570,164.2,promien_500m
378B,90-542,216.6,promien_500m
378B,93-566,233.8,promien_500m
378B,93-590,311.5,promien_500m
378B,93-571,334.7,promien_500m
378B,90-543,414.2,promien_500m
378B,93-578,465.0,promien_500m
378B,90-502,472.3,promien_500m
378B,90-532,489.5,promien_500m
379B,93-575,0.0,promien_500m
379B,93-574,48.6,promien_500m
379B,93-569,131.2,promien_500m
379B,90-542,159.9,promien_500m
379B,93-590,168.9,promien_500m
379B,93-566,223.0,promien_500m
379B,93-570,299.0,promien_500m
379B,90-543,317.5,promien_500m
379B,90-532,353.7,promien_500m
379B,90-537,391.0,promien_500m
379B,90-502,392.5,promien_500m
379B,93-578,436.5,promien_500m
379B,90-540,446.6,promien_500m
379B,93-571,449.4,promien_500m
379B,90-541,467.3,promien_500m
37B,90-711,0.0,promien_500m
37B,90-739,29.7,promien_500m
37B,90-713,33.1,promien_500m
37B,90-717,33.1,promien_500m
37B,90-710,43.8,promien_500m
37B,90-712,51.8,promien_500m
37B,90-718,55.5,promien_500m
37B,90-742,60.7,promien_500m
37B,90-569,125.8,promien_500m
37B,90-741,134.3,promien_500m
37B,90-734,135.9,promien_500m
37B,90-735,150.7,promien_500m
37B,90-703,152.8,promien_500m
37B,90-715,169.9,promien_500m
37B,90-502,172.4,promien_500m
37B,90-746,174.8,promien_500m
37B,90-706,178.5,promien_500m
37B,90-702,185.3,promien_500m
37B,90-507,187.4,promien_500m
37B,94-015,194.3,promien_500m
37B,90-736,201.4,promien_500m
37B,91-070,203.7,promien_500m
37B,90-737,203.9,promien_500m
37B,90-411,206.3,promien_500m
37B,91-069,207.0,promien_500m
37B,90-401,220.8,promien_500m
37B,90-716,223.0,promien_500m
37B,91-068,223.7,promien_500m
37B,90-745,225.4,promien_500m
37B,90-707,226.5,promien_500m
37B,90-708,238.9,promien_500m
37B,90-743,241.7,promien_500m
37B,90-740,246.1,promien_500m
37B,90-727,264.8,promien_500m
37B,91-067,270.7,promien_500m
37B,90-730,279.1,promien_500m
37B,90-729,285.1,promien_500m
37B,90-728,310.9,promien_500m
37B,90-747,326.5,promien_500m
37B,90-762,326.7,promien_500m
37B,91-072,328.1,promien_500m
37B,90-602,332.2,promien_500m
37B,90-701,334.4,promien_500m
37B,91-066,345.4,promien_500m
37B,90-748,349.2,promien_500m
37B,90-720,353.5,promien_500m
37B,91-065,386.8,promien_500m
37B,90-749,391.2,promien_500m
37B,90-756,393.5,promien_500m
37B,90-604,396.0,promien_500m
37B,90-624,398.2,promien_500m
37B,90-558,402.1,promien_500m
37B,90-404,403.9,promien_500m
37B,90-750,417.9,promien_500m
37B,90-753,418.3,promien_500m
37B,90-515,425.5,promien_500m
37B,90-721,431.2,promien_500m
37B,90-731,435.6,promien_500m
37B,90-758,444.0,promien_500m
37B,91-071,446.1,promien_500m
37B,90-615,447.3,promien_500m
37B,90-402,447.5,promien_500m
37B,90-722,449.8,promien_500m
37B,90-601,451.2,promien_500m
37B,90-612,461.9,promien_500m
37B,90-629,464.8,promien_500m
37B,90-618,478.2,promien_500m
37B,90-732,483.8,promien_500m
37B,90-752,493.9,promien_500m
37B,90-763,494.2,promien_500m
380B,93-575,0.0,promien_500m
380B,93-574,43.8,promien_500m
380B,93-590,55.0,promien_500m
380B,90-542,181.2,promien_500m
380B,93-569,199.5,promien_500m
380B,93-566,213.0,promien_500m
380B,90-532,239.1,promien_500m
380B,90-543,256.2,promien_500m
380B,90-537,256.5,promien_500m
380B,90-540,320.6,promien_500m
380B,90-541,338.3,promien_500m
380B,90-502,361.1,promien_500m
380B,93-570,430.2,promien_500m
380B,93-578,433.0,promien_500m
380B,90-531,436.4,promien_500m
380B,90-539,451.1,promien_500m
380B,93-502,458.1,promien_500m
380B,90-448,479.5,promien_500m
381B,93-590,0.0,promien_500m
381B,93-574,13.5,promien_500m
381B,93-575,27.5,promien_500m
381B,90-543,121.1,promien_500m
381B,90-537,123.0,promien_500m
381B,90-540,134.1,promien_500m
381B,90-541,153.0,promien_500m
381B,90-532,217.3,promien_500m
381B,90-542,229.9,promien_500m
381B,90-531,284.9,promien_500m
381B,90-502,288.0,promien_500m
381B,90-539,302.9,promien_500m
381B,90-515,323.7,promien_500m
381B,90-448,338.9,promien_500m
381B,93-566,339.0,promien_500m
381B,90-452,341.0,promien_500m
381B,93-569,360.4,promien_500m
381B,90-528,372.6,promien_500m
381B,90-453,385.0,promien_500m
381B,90-530,400.2,promien_500m
381B,93-502,448.3,promien_500m
381B,90-507,454.6,promien_500m
381B,90-536,455.0,promien_500m
382B,90-537,0.0,promien_500m
382B,90-531,57.0,promien_500m
382B,90-541,88.2,promien_500m
382B,93-590,96.5,promien_500m
382B,90-532,132.2,promien_500m
382B,90-540,136.2,promien_500m
382B,90-452,194.4,promien_500m
382B,90-515,198.6,promien_500m
382B,90-453,214.4,promien_500m
382B,93-575,216.5,promien_500m
382B,93-574,240.8,promien_500m
382B,90-543,263.8,promien_500m
382B,90-530,274.1,promien_500m
382B,90-458,294.2,promien_500m
382B,90-456,305.7,promien_500m
382B,93-502,343.8,promien_500m
382B,90-457,352.6,promien_500m
382B,90-451,354.3,promien_500m
382B,90-418,391.9,promien_500m
382B,90-539,400.6,promien_500m
382B,93-005,403.9,promien_500m
382B,90-528,405.0,promien_500m
382B,90-502,407.3,promien_500m
382B,93-566,426.7,promien_500m
382B,90-441,438.6,promien_500m
382B,90-448,443.9,promien_500m
382B,90-542,458.1,promien_500m
382B,90-004,461.6,promien_500m
382B,93-569,468.0,promien_500m
382B,90-360,470.4,promien_500m
382B,90-361,484.1,promien_500m
383B,90-532,0.0,promien_500m
383B,90-537,16.2,promien_500m
383B,90-531,77.2,promien_500m
383B,93-590,141.8,promien_500m
383B,90-515,190.7,promien_500m
383B,93-502,197.5,promien_500m
383B,90-458,219.6,promien_500m
383B,90-541,228.2,promien_500m
383B,90-457,245.6,promien_500m
383B,93-005,269.3,promien_500m
383B,90-540,284.2,promien_500m
383B,93-575,286.5,promien_500m
383B,90-456,290.8,promien_500m
383B,90-452,300.8,promien_500m
383B,90-453,318.8,promien_500m
383B,93-574,327.6,promien_500m
383B,90-004,384.5,promien_500m
383B,93-566,384.6,promien_500m
383B,90-530,385.5,promien_500m
383B,90-543,399.9,promien_500m
383B,93-578,413.7,promien_500m
383B,93-569,439.6,promien_500m
383B,90-451,446.4,promien_500m
383B,90-361,480.8,promien_500m
383B,90-360,494.8,promien_500m
383B,90-418,498.6,promien_500m
384B,90-537,0.0,promien_500m
384B,90-531,1.4,promien_500m
384B,90-532,18.9,promien_500m
384B,90-541,168.3,promien_500m
384B,90-458,170.6,promien_500m
384B,90-515,182.1,promien_500m
384B,93-590,207.9,promien_500m
384B,90-456,212.0,promien_500m
384B,90-457,218.6,promien_500m
384B,90-540,224.2,promien_500m
384B,90-452,231.0,promien_500m
384B,90-453,245.7,promien_500m
384B,93-502,247.0,promien_500m
384B,93-005,269.9,promien_500m
384B,90-530,314.4,promien_500m
384B,93-575,329.3,promien_500m
384B,90-004,355.7,promien_500m
384B,93-574,361.0,promien_500m
384B,90-451,367.1,promien_500m
384B,90-543,397.6,promien_500m
384B,90-361,401.0,promien_500m
384B,90-360,410.5,promien_500m
384B,90-418,423.2,promien_500m
384B,93-578,464.6,promien_500m
384B,93-566,467.0,promien_500m
384B,90-441,494.4,promien_500m
385B,90-531,0.0,promien_500m
385B,90-515,66.9,promien_500m
385B,90-537,111.4,promien_500m
385B,90-456,113.5,promien_500m
385B,90-458,127.3,promien_500m
385B,90-541,132.4,promien_500m
385B,90-453,135.9,promien_500m
385B,90-532,140.0,promien_500m
385B,90-540,143.2,promien_500m
385B,90-452,147.0,promien_500m
385B,90-530,212.2,promien_500m
385B,90-457,224.8,promien_500m
385B,90-451,246.2,promien_500m
385B,90-360,284.2,promien_500m
385B,90-004,284.5,promien_500m
385B,93-590,288.9,promien_500m
385B,90-361,289.8,promien_500m
385B,93-005,302.9,promien_500m
385B,90-418,309.5,promien_500m
385B,93-502,357.1,promien_500m
385B,90-303,371.7,promien_500m
385B,90-363,388.9,promien_500m
385B,90-441,392.2,promien_500m
385B,93-575,411.1,promien_500m
385B,90-369,413.9,promien_500m
385B,90-543,419.4,promien_500m
385B,93-574,433.8,promien_500m
385B,90-528,455.9,promien_500m
385B,90-365,461.2,promien_500m
385B,90-450,477.2,promien_500m
385B,90-539,477.9,promien_500m
386B,90-531,0.0,promien_500m
386B,90-515,20.2,promien_500m
386B,90-541,62.2,promien_500m
386B,90-540,68.0,promien_500m
386B,90-452,71.9,promien_500m
386B,90-453,72.6,promien_500m
386B,90-537,74.9,promien_500m
386B,90-456,132.2,promien_500m
386B,90-530,145.6,promien_500m
386B,90-532,190.1,promien_500m
386B,90-458,193.4,promien_500m
386B,90-451,194.6,promien_500m
386B,90-418,249.9,promien_500m
386B,93-590,261.1,promien_500m
386B,90-004,287.6,promien_500m
386B,90-360,296.1,promien_500m
386B,90-457,299.5,promien_500m
386B,90-361,323.0,promien_500m
386B,90-441,326.2,promien_500m
386B,90-303,361.2,promien_500m
386B,90-543,363.5,promien_500m
386B,93-005,377.7,promien_500m
386B,90-528,380.7,promien_500m
386B,90-369,383.4,promien_500m
386B,93-575,386.3,promien_500m
386B,93-574,388.3,promien_500m
386B,90-539,403.8,promien_500m
386B,90-450,406.8,promien_500m
386B,90-363,411.0,promien_500m
386B,93-502,415.6,promien_500m
386B,90-448,441.5,promien_500m
386B,90-525,451.3,promien_500m
386B,90-502,453.0,promien_500m
386B,90-527,475.2,promien_500m
386B,90-536,496.5,promien_500m
387A,90-515,0.0,promien_500m
387A,90-530,25.9,promien_500m
387A,90-452,45.5,promien_500m
387A,90-537,45.5,promien_500m
387A,90-540,54.3,promien_500m
387A,90-453,91.7,promien_500m
387A,90-531,96.0,promien_500m
387A,90-541,96.4,promien_500m
387A,90-451,120.4,promien_500m
387A,90-418,129.7,promien_500m
387A,90-441,162.7,promien_500m
387A,90-528,210.0,promien_500m
387A,90-456,211.8,promien_500m
387A,90-450,233.8,promien_500m
387A,90-004,241.8,promien_500m
387A,90-539,252.1,promien_500m
387A,93-590,262.6,promien_500m
387A,90-525,274.2,promien_500m
387A,90-448,279.1,promien_500m
387A,90-527,299.0,promien_500m
387A,90-543,307.0,promien_500m
387A,90-360,314.2,promien_500m
387A,90-369,316.9,promien_500m
387A,90-502,332.6,promien_500m
387A,90-536,333.3,promien_500m
387A,93-574,343.0,promien_500m
387A,90-458,350.2,promien_500m
387A,90-532,354.5,promien_500m
387A,90-446,358.1,promien_500m
387A,90-303,358.4,promien_500m
387A,90-447,380.8,promien_500m
387A,90-507,411.3,promien_500m
387A,90-526,414.7,promien_500m
387A,90-361,416.9,promien_500m
387A,93-575,420.3,promien_500m
387A,90-368,424.6,promien_500m
387A,90-302,442.9,promien_500m
387A,90-442,453.2,promien_500m
387A,90-301,466.4,promien_500m
387A,90-457,470.8,promien_500m
387A,90-363,472.4,promien_500m
388A,90-515,0.0,promien_500m
388A,90-530,8.8,promien_500m
388A,90-537,42.4,promien_500m
388A,90-452,66.9,promien_500m
388A,90-540,85.9,promien_500m
388A,90-451,99.6,promien_500m
388A,90-418,105.8,promien_500m
388A,90-453,114.1,promien_500m
388A,90-531,126.8,promien_500m
388A,90-441,127.6,promien_500m
388A,90-541,131.5,promien_500m
388A,90-528,190.3,promien_500m
388A,90-450,200.0,promien_500m
388A,90-456,226.6,promien_500m
388A,90-004,227.8,promien_500m
388A,90-539,243.0,promien_500m
388A,90-448,244.0,promien_500m
388A,90-525,244.3,promien_500m
388A,90-527,267.2,promien_500m
388A,93-590,288.4,promien_500m
388A,90-369,295.8,promien_500m
388A,90-360,298.1,promien_500m
388A,90-536,309.7,promien_500m
388A,90-543,318.6,promien_500m
388A,90-446,323.3,promien_500m
388A,90-502,333.4,promien_500m
388A,90-447,345.8,promien_500m
388A,90-303,349.5,promien_500m
388A,93-574,361.8,promien_500m
388A,90-458,373.5,promien_500m
388A,90-526,385.0,promien_500m
388A,90-532,388.5,promien_500m
388A,90-368,391.5,promien_500m
388A,90-507,398.0,promien_500m
388A,90-442,418.0,promien_500m
388A,90-302,418.4,promien_500m
388A,90-361,425.8,promien_500m
388A,90-301,434.4,promien_500m
388A,93-575,447.3,promien_500m
388A,90-363,470.7,promien_500m
388A,90-457,497.3,promien_500m
389A,90-530,0.0,promien_500m
389A,90-515,33.0,promien_500m
389A,90-537,60.9,promien_500m
389A,90-441,76.9,promien_500m
389A,90-528,97.9,promien_500m
389A,90-451,110.8,promien_500m
389A,90-450,112.9,promien_500m
389A,90-418,129.9,promien_500m
389A,90-525,143.0,promien_500m
389A,90-540,158.2,promien_500m
389A,90-452,163.4,promien_500m
389A,90-527,169.1,promien_500m
389A,90-539,176.1,promien_500m
389A,90-448,176.2,promien_500m
389A,90-536,210.1,promien_500m
389A,90-453,215.4,promien_500m
389A,90-541,218.6,promien_500m
389A,90-531,227.1,promien_500m
389A,90-446,243.3,promien_500m
389A,90-004,279.2,promien_500m
389A,90-447,281.2,promien_500m
389A,90-543,283.3,promien_500m
389A,90-526,283.6,promien_500m
389A,90-502,286.7,promien_500m
389A,90-507,314.2,promien_500m
389A,90-369,317.0,promien_500m
389A,93-590,320.4,promien_500m
389A,90-456,323.7,promien_500m
389A,90-442,335.1,promien_500m
389A,90-360,338.3,promien_500m
389A,90-368,351.5,promien_500m
389A,93-574,367.5,promien_500m
389A,90-303,399.7,promien_500m
389A,90-301,401.9,promien_500m
389A,90-302,424.3,promien_500m
389A,90-443,445.4,promien_500m
389A,90-542,450.5,promien_500m
389A,90-458,475.1,promien_500m
389A,93-575,479.2,promien_500m
389A,90-532,482.6,promien_500m
38B,90-711,0.0,promien_500m
38B,90-739,12.0,promien_500m
38B,90-713,36.2,promien_500m
38B,90-717,41.7,promien_500m
38B,90-718,50.8,promien_500m
38B,90-710,53.9,promien_500m
38B,90-712,58.5,promien_500m
38B,90-742,75.2,promien_500m
38B,90-734,124.3,promien_500m
38B,90-569,143.4,promien_500m
38B,90-741,143.8,promien_500m
38B,90-735,144.8,promien_500m
38B,90-715,154.7,promien_500m
38B,90-703,169.1,promien_500m
38B,90-507,171.7,promien_500m
38B,90-706,173.7,promien_500m
38B,90-502,184.5,promien_500m
38B,94-015,187.9,promien_500m
38B,90-746,189.0,promien_500m
38B,90-411,190.3,promien_500m
38B,90-702,191.1,promien_500m
38B,90-736,191.8,promien_500m
38B,90-737,194.1,promien_500m
38B,90-716,207.5,promien_500m
38B,90-707,214.8,promien_500m
38B,91-069,219.8,promien_500m
38B,91-070,221.2,promien_500m
38B,90-708,227.0,promien_500m
38B,90-401,238.5,promien_500m
38B,91-068,238.8,promien_500m
38B,90-743,240.1,promien_500m
38B,90-745,241.5,promien_500m
38B,90-727,247.0,promien_500m
38B,90-740,256.9,promien_500m
38B,90-730,261.5,promien_500m
38B,90-729,269.5,promien_500m
38B,91-067,284.7,promien_500m
38B,90-728,293.2,promien_500m
38B,90-602,319.6,promien_500m
38B,90-701,329.0,promien_500m
38B,90-747,334.6,promien_500m
38B,90-720,338.7,promien_500m
38B,90-762,342.7,promien_500m
38B,91-066,344.8,promien_500m
38B,91-072,345.8,promien_500m
38B,90-748,354.8,promien_500m
38B,90-624,389.4,promien_500m
38B,90-404,389.8,promien_500m
38B,90-604,393.9,promien_500m
38B,91-065,398.0,promien_500m
38B,90-749,400.2,promien_500m
38B,90-756,403.0,promien_500m
38B,90-558,406.3,promien_500m
38B,90-515,407.8,promien_500m
38B,90-721,413.9,promien_500m
38B,90-731,417.9,promien_500m
38B,90-750,420.8,promien_500m
38B,90-402,430.7,promien_500m
38B,90-722,432.3,promien_500m
38B,90-753,432.4,promien_500m
38B,90-601,434.2,promien_500m
38B,90-615,434.3,promien_500m
38B,90-612,446.8,promien_500m
38B,90-758,451.2,promien_500m
38B,90-629,459.3,promien_500m
38B,91-071,460.7,promien_500m
38B,90-732,466.1,promien_500m
38B,90-618,477.4,promien_500m
390A,90-530,0.0,promien_500m
390A,90-451,16.3,promien_500m
390A,90-418,19.0,promien_500m
390A,90-441,30.6,promien_500m
390A,90-515,96.0,promien_500m
390A,90-452,113.9,promien_500m
390A,90-537,124.7,promien_500m
390A,90-450,131.8,promien_500m
390A,90-448,145.6,promien_500m
390A,90-453,167.6,promien_500m
390A,90-004,173.7,promien_500m
390A,90-528,189.1,promien_500m
390A,90-540,200.1,promien_500m
390A,90-531,202.2,promien_500m
390A,90-525,203.3,promien_500m
390A,90-527,206.2,promien_500m
390A,90-369,211.0,promien_500m
390A,90-360,227.4,promien_500m
390A,90-446,227.8,promien_500m
390A,90-447,239.0,promien_500m
390A,90-541,242.0,promien_500m
390A,90-456,253.6,promien_500m
390A,90-368,277.3,promien_500m
390A,90-539,287.1,promien_500m
390A,90-303,289.6,promien_500m
390A,90-536,293.6,promien_500m
390A,90-442,314.2,promien_500m
390A,90-302,319.2,promien_500m
390A,90-301,320.5,promien_500m
390A,90-526,330.3,promien_500m
390A,90-543,393.8,promien_500m
390A,90-502,397.2,promien_500m
390A,93-590,398.3,promien_500m
390A,90-507,417.8,promien_500m
390A,90-458,428.9,promien_500m
390A,90-361,431.2,promien_500m
390A,90-363,435.9,promien_500m
390A,93-574,461.4,promien_500m
390A,90-443,471.1,promien_500m
390A,90-532,481.9,promien_500m
391A,90-441,0.0,promien_500m
391A,90-450,1.6,promien_500m
391A,90-451,23.4,promien_500m
391A,90-448,29.3,promien_500m
391A,90-515,46.1,promien_500m
391A,90-530,49.1,promien_500m
391A,90-527,87.9,promien_500m
391A,90-525,98.9,promien_500m
391A,90-446,100.7,promien_500m
391A,90-528,110.0,promien_500m
391A,90-447,132.3,promien_500m
391A,90-418,135.9,promien_500m
391A,90-004,197.5,promien_500m
391A,90-442,198.6,promien_500m
391A,90-537,207.7,promien_500m
391A,90-526,208.5,promien_500m
391A,90-536,209.6,promien_500m
391A,90-368,215.3,promien_500m
391A,90-369,220.3,promien_500m
391A,90-452,246.1,promien_500m
391A,90-301,269.8,promien_500m
391A,90-539,275.3,promien_500m
391A,90-360,297.8,promien_500m
391A,90-540,299.2,promien_500m
391A,90-453,299.6,promien_500m
391A,90-302,311.0,promien_500m
391A,90-303,322.7,promien_500m
391A,90-531,334.6,promien_500m
391A,90-443,339.7,promien_500m
391A,90-541,353.4,promien_500m
391A,90-507,361.7,promien_500m
391A,90-456,369.0,promien_500m
391A,90-543,393.5,promien_500m
391A,90-502,395.8,promien_500m
391A,90-436,418.4,promien_500m
391A,90-522,427.8,promien_500m
391A,90-521,429.4,promien_500m
391A,93-590,468.4,promien_500m
391A,90-520,473.8,promien_500m
391A,90-063,482.3,promien_500m
391A,90-357,497.4,promien_500m
391A,90-519,499.3,promien_500m
392A,90-451,0.0,promien_500m
392A,90-441,18.6,promien_500m
392A,90-530,51.3,promien_500m
392A,90-418,66.3,promien_500m
392A,90-450,72.4,promien_500m
392A,90-448,78.4,promien_500m
392A,90-515,90.4,promien_500m
392A,90-446,156.6,promien_500m
392A,90-447,162.2,promien_500m
392A,90-527,165.6,promien_500m
392A,90-369,172.2,promien_500m
392A,90-528,173.5,promien_500m
392A,90-525,174.9,promien_500m
392A,90-452,180.4,promien_500m
392A,90-004,181.2,promien_500m
392A,90-537,190.6,promien_500m
392A,90-368,204.8,promien_500m
392A,90-360,223.3,promien_500m
392A,90-453,232.3,promien_500m
392A,90-442,238.1,promien_500m
392A,90-301,251.9,promien_500m
392A,90-303,263.9,promien_500m
392A,90-531,273.8,promien_500m
392A,90-540,273.8,promien_500m
392A,90-302,274.2,promien_500m
392A,90-536,279.1,promien_500m
392A,90-526,287.1,promien_500m
392A,90-456,290.5,promien_500m
392A,90-539,315.1,promien_500m
392A,90-541,318.7,promien_500m
392A,90-443,400.3,promien_500m
392A,90-507,422.6,promien_500m
392A,90-543,428.8,promien_500m
392A,90-502,431.7,promien_500m
392A,90-363,454.2,promien_500m
392A,90-357,454.4,promien_500m
392A,93-590,464.4,promien_500m
392A,90-361,474.5,promien_500m
392A,90-318,482.9,promien_500m
392A,90-436,486.6,promien_500m
392A,90-458,494.6,promien_500m
393A,90-418,0.0,promien_500m
393A,90-451,22.4,promien_500m
393A,90-530,25.0,promien_500m
393A,90-441,66.2,promien_500m
393A,90-452,94.0,promien_500m
393A,90-004,126.3,promien_500m
393A,90-515,129.5,promien_500m
393A,90-453,144.3,promien_500m
393A,90-450,160.1,promien_500m
393A,90-537,162.0,promien_500m
393A,90-369,164.6,promien_500m
393A,90-448,166.7,promien_500m
393A,90-360,179.6,promien_500m
393A,90-531,189.1,promien_500m
393A,90-456,214.4,promien_500m
393A,90-540,223.1,promien_500m
393A,90-528,233.4,promien_500m
393A,90-447,237.2,promien_500m
393A,90-527,243.0,promien_500m
393A,90-446,245.1,promien_500m
393A,90-303,245.2,promien_500m
393A,90-525,246.6,promien_500m
393A,90-541,252.6,promien_500m
393A,90-368,263.9,promien_500m
393A,90-302,279.4,promien_500m
393A,90-301,300.9,promien_500m
393A,90-442,322.4,promien_500m
393A,90-539,335.0,promien_500m
393A,90-536,339.1,promien_500m
393A,90-526,367.1,promien_500m
393A,90-363,388.6,promien_500m
393A,90-361,391.7,promien_500m
393A,90-458,406.1,promien_500m
393A,93-590,429.0,promien_500m
393A,90-543,439.9,promien_500m
393A,90-502,443.7,promien_500m
393A,90-357,463.8,promien_500m
393A,90-532,463.8,promien_500m
393A,90-507,466.2,promien_500m
393A,90-364,487.3,promien_500m
393A,90-443,488.1,promien_500m
393A,90-355,489.1,promien_500m
393A,93-574,499.0,promien_500m
394A,90-451,0.0,promien_500m
394A,90-452,27.9,promien_500m
394A,90-530,32.0,promien_500m
394A,90-418,50.7,promien_500m
394A,90-453,61.4,promien_500m
394A,90-004,87.2,promien_500m
394A,90-531,114.3,promien_500m
394A,90-515,123.9,promien_500m
394A,90-456,135.4,promien_500m
394A,90-441,147.0,promien_500m
394A,90-360,160.1,promien_500m
394A,90-369,169.7,promien_500m
394A,90-537,180.8,promien_500m
394A,90-540,192.0,promien_500m
394A,90-541,199.8,promien_500m
394A,90-303,207.1,promien_500m
394A,90-450,241.6,promien_500m
394A,90-448,253.6,promien_500m
394A,90-302,301.2,promien_500m
394A,90-528,306.0,promien_500m
394A,90-447,309.5,promien_500m
394A,90-361,312.0,promien_500m
394A,90-458,319.9,promien_500m
394A,90-525,322.3,promien_500m
394A,90-527,325.5,promien_500m
394A,90-446,331.8,promien_500m
394A,90-363,332.1,promien_500m
394A,90-368,333.2,promien_500m
394A,90-301,355.1,promien_500m
394A,90-539,377.0,promien_500m
394A,90-532,379.3,promien_500m
394A,90-442,406.2,promien_500m
394A,90-536,410.0,promien_500m
394A,93-590,412.3,promien_500m
394A,90-364,437.7,promien_500m
394A,90-457,449.5,promien_500m
394A,90-526,449.7,promien_500m
394A,90-543,460.5,promien_500m
394A,90-357,470.1,promien_500m
394A,90-502,474.5,promien_500m
394A,90-355,479.3,promien_500m
394A,93-574,497.5,promien_500m
395B,90-453,0.0,promien_500m
395B,90-531,12.5,promien_500m
395B,90-456,14.5,promien_500m
395B,90-515,44.2,promien_500m
395B,90-452,70.5,promien_500m
395B,90-451,105.0,promien_500m
395B,90-530,126.4,promien_500m
395B,90-540,155.1,promien_500m
395B,90-004,156.0,promien_500m
395B,90-541,159.2,promien_500m
395B,90-360,165.9,promien_500m
395B,90-418,171.2,promien_500m
395B,90-458,182.8,promien_500m
395B,90-537,212.4,promien_500m
395B,90-361,217.0,promien_500m
395B,90-303,221.6,promien_500m
395B,90-532,243.3,promien_500m
395B,90-369,255.9,promien_500m
395B,90-441,278.1,promien_500m
395B,90-363,285.6,promien_500m
395B,90-457,312.5,promien_500m
395B,90-450,377.2,promien_500m
395B,90-302,379.8,promien_500m
395B,90-448,389.2,promien_500m
395B,93-590,395.7,promien_500m
395B,90-528,403.5,promien_500m
395B,90-364,409.9,promien_500m
395B,93-005,414.0,promien_500m
395B,90-365,428.7,promien_500m
395B,90-447,441.2,promien_500m
395B,90-525,441.6,promien_500m
395B,90-539,452.9,promien_500m
395B,90-527,453.2,promien_500m
395B,90-368,462.6,promien_500m
395B,90-446,468.4,promien_500m
395B,90-301,469.0,promien_500m
395B,90-543,474.9,promien_500m
395B,90-357,488.0,promien_500m
396A,90-451,0.0,promien_500m
396A,90-369,14.7,promien_500m
396A,90-360,20.3,promien_500m
396A,90-418,36.5,promien_500m
396A,90-004,64.2,promien_500m
396A,90-452,78.7,promien_500m
396A,90-303,94.5,promien_500m
396A,90-453,119.4,promien_500m
396A,90-456,121.4,promien_500m
396A,90-302,148.0,promien_500m
396A,90-530,182.0,promien_500m
396A,90-450,201.0,promien_500m
396A,90-441,212.2,promien_500m
396A,90-301,226.7,promien_500m
396A,90-447,228.1,promien_500m
396A,90-368,244.6,promien_500m
396A,90-448,251.0,promien_500m
396A,90-531,256.2,promien_500m
396A,90-363,257.8,promien_500m
396A,90-515,278.2,promien_500m
396A,90-446,307.4,promien_500m
396A,90-361,308.1,promien_500m
396A,90-357,316.5,promien_500m
396A,90-537,317.2,promien_500m
396A,90-355,330.7,promien_500m
396A,90-364,342.9,promien_500m
396A,90-540,347.0,promien_500m
396A,90-541,354.2,promien_500m
396A,90-442,355.1,promien_500m
396A,90-527,366.2,promien_500m
396A,90-528,375.6,promien_500m
396A,90-525,377.0,promien_500m
396A,90-458,406.4,promien_500m
396A,90-319,407.0,promien_500m
396A,90-318,423.0,promien_500m
396A,90-324,472.6,promien_500m
396A,90-317,475.2,promien_500m
396A,90-532,476.0,promien_500m
396A,90-536,481.8,promien_500m
396A,90-526,482.7,promien_500m
396A,90-539,494.8,promien_500m
396A,90-457,495.6,promien_500m
397A,90-451,0.0,promien_500m
397A,90-369,21.1,promien_500m
397A,90-418,50.3,promien_500m
397A,90-004,80.9,promien_500m
397A,90-450,94.6,promien_500m
397A,90-447,108.0,promien_500m
397A,90-303,110.6,promien_500m
397A,90-302,117.8,promien_500m
397A,90-368,125.0,promien_500m
397A,90-360,128.2,promien_500m
397A,90-301,131.6,promien_500m
397A,90-448,137.2,promien_500m
397A,90-441,172.3,promien_500m
397A,90-452,179.1,promien_500m
397A,90-530,188.7,promien_500m
397A,90-446,189.0,promien_500m
397A,90-453,235.0,promien_500m
397A,90-442,237.2,promien_500m
397A,90-456,241.4,promien_500m
397A,90-515,247.4,promien_500m
397A,90-527,293.5,promien_500m
397A,90-357,297.7,promien_500m
397A,90-525,307.5,promien_500m
397A,90-528,321.2,promien_500m
397A,90-537,330.8,promien_500m
397A,90-531,338.5,promien_500m
397A,90-363,341.3,promien_500m
397A,90-318,348.2,promien_500m
397A,90-319,353.5,promien_500m
397A,90-355,359.5,promien_500m
397A,90-317,394.3,promien_500m
397A,90-526,396.4,promien_500m
397A,90-540,397.9,promien_500m
397A,90-443,417.8,promien_500m
397A,90-541,419.9,promien_500m
397A,90-536,421.3,promien_500m
397A,90-361,425.8,promien_500m
397A,90-364,436.5,promien_500m
397A,90-539,472.7,promien_500m
398A,90-369,0.0,promien_500m
398A,90-451,1.1,promien_500m
398A,90-418,68.5,promien_500m
398A,90-004,80.5,promien_500m
398A,90-303,88.2,promien_500m
398A,90-302,94.6,promien_500m
398A,90-450,112.8,promien_500m
398A,90-447,113.9,promien_500m
398A,90-301,116.3,promien_500m
398A,90-360,123.3,promien_500m
398A,90-368,125.4,promien_500m
398A,90-448,151.0,promien_500m
398A,90-452,186.2,promien_500m
398A,90-441,195.7,promien_500m
398A,90-446,197.9,promien_500m
398A,90-530,210.2,promien_500m
398A,90-453,238.1,promien_500m
398A,90-456,239.8,promien_500m
398A,90-442,246.2,promien_500m
398A,90-515,271.0,promien_500m
398A,90-357,274.7,promien_500m
398A,90-527,315.2,promien_500m
398A,90-363,324.7,promien_500m
398A,90-525,329.7,promien_500m
398A,90-318,330.8,promien_500m
398A,90-319,332.6,promien_500m
398A,90-355,337.0,promien_500m
398A,90-528,344.3,promien_500m
398A,90-531,352.0,promien_500m
398A,90-537,352.5,promien_500m
398A,90-317,377.3,promien_500m
398A,90-526,416.2,promien_500m
398A,90-540,417.5,promien_500m
398A,90-364,419.5,promien_500m
398A,90-361,419.9,promien_500m
398A,90-443,426.8,promien_500m
398A,90-541,436.3,promien_500m
398A,90-536,443.9,promien_500m
398A,90-539,496.2,promien_500m
399A,90-360,0.0,promien_500m
399A,90-451,10.8,promien_500m
399A,90-369,12.7,promien_500m
399A,90-004,56.9,promien_500m
399A,90-303,65.0,promien_500m
399A,90-418,65.9,promien_500m
399A,90-452,83.8,promien_500m
399A,90-456,101.8,promien_500m
399A,90-453,114.4,promien_500m
399A,90-302,143.0,promien_500m
399A,90-530,208.6,promien_500m
399A,90-363,227.1,promien_500m
399A,90-450,230.2,promien_500m
399A,90-301,235.7,promien_500m
399A,90-441,244.7,promien_500m
399A,90-447,250.5,promien_500m
399A,90-531,262.3,promien_500m
399A,90-368,262.8,promien_500m
399A,90-448,277.8,promien_500m
399A,90-361,282.8,promien_500m
399A,90-515,292.4,promien_500m
399A,90-357,292.9,promien_500m
399A,90-355,304.0,promien_500m
399A,90-364,310.3,promien_500m
399A,90-446,332.0,promien_500m
399A,90-537,344.6,promien_500m
399A,90-540,362.6,promien_500m
399A,90-541,369.6,promien_500m
399A,90-442,380.1,promien_500m
399A,90-319,398.2,promien_500m
399A,90-527,398.9,promien_500m
399A,90-458,400.1,promien_500m
399A,90-528,408.4,promien_500m
399A,90-525,409.7,promien_500m
399A,90-318,419.9,promien_500m
399A,90-324,440.7,promien_500m
399A,90-532,471.0,promien_500m
399A,90-317,474.7,promien_500m
399A,90-457,475.5,promien_500m
399A,90-365,481.3,promien_500m
39B,90-712,0.0,promien_500m
39B,90-713,2.7,promien_500m
39B,90-710,33.4,promien_500m
39B,90-711,45.2,promien_500m
39B,90-717,57.2,promien_500m
39B,90-739,60.5,promien_500m
39B,90-706,88.4,promien_500m
39B,94-015,104.5,promien_500m
39B,90-718,112.7,promien_500m
39B,90-715,114.7,promien_500m
39B,90-702,124.1,promien_500m
39B,90-507,137.4,promien_500m
39B,90-502,139.5,promien_500m
39B,90-742,145.6,promien_500m
39B,90-707,148.2,promien_500m
39B,90-569,152.9,promien_500m
39B,90-708,161.1,promien_500m
39B,90-716,161.7,promien_500m
39B,90-703,167.1,promien_500m
39B,90-734,179.3,promien_500m
39B,91-069,185.6,promien_500m
39B,91-068,221.4,promien_500m
39B,90-741,223.6,promien_500m
39B,90-735,224.8,promien_500m
39B,90-411,232.2,promien_500m
39B,91-070,236.0,promien_500m
39B,91-067,243.9,promien_500m
39B,90-701,244.2,promien_500m
39B,90-746,251.2,promien_500m
39B,90-727,254.5,promien_500m
39B,91-066,259.7,promien_500m
39B,90-401,262.8,promien_500m
39B,90-736,264.6,promien_500m
39B,90-737,266.4,promien_500m
39B,90-730,273.3,promien_500m
39B,90-720,288.0,promien_500m
39B,90-745,295.4,promien_500m
39B,90-728,299.9,promien_500m
39B,90-729,302.3,promien_500m
39B,90-743,323.3,promien_500m
39B,90-740,332.3,promien_500m
39B,90-404,333.5,promien_500m
39B,91-065,346.4,promien_500m
39B,91-072,366.1,promien_500m
39B,90-402,373.4,promien_500m
39B,90-602,378.7,promien_500m
39B,90-721,390.0,promien_500m
39B,90-762,396.1,promien_500m
39B,90-515,407.6,promien_500m
39B,90-722,414.8,promien_500m
39B,90-747,416.3,promien_500m
39B,90-731,419.0,promien_500m
39B,91-071,430.0,promien_500m
39B,90-748,439.4,promien_500m
39B,90-732,455.0,promien_500m
39B,90-601,455.2,promien_500m
39B,91-063,455.6,promien_500m
39B,90-624,461.4,promien_500m
39B,90-408,462.3,promien_500m
39B,90-403,466.4,promien_500m
39B,90-604,478.0,promien_500m
39B,90-749,480.1,promien_500m
39B,90-756,481.9,promien_500m
39B,90-612,484.5,promien_500m
39B,90-615,489.2,promien_500m
39B,90-558,491.8,promien_500m
39B,90-723,492.9,promien_500m
39B,90-753,496.7,promien_500m
400A,90-303,0.0,promien_500m
400A,90-360,47.0,promien_500m
400A,90-369,67.8,promien_500m
400A,90-451,85.7,promien_500m
400A,90-302,89.9,promien_500m
400A,90-456,98.5,promien_500m
400A,90-363,107.4,promien_500m
400A,90-004,109.0,promien_500m
400A,90-452,126.3,promien_500m
400A,90-453,148.1,promien_500m
400A,90-364,183.7,promien_500m
400A,90-418,185.0,promien_500m
400A,90-361,196.5,promien_500m
400A,90-357,209.1,promien_500m
400A,90-355,225.5,promien_500m
400A,90-531,300.7,promien_500m
400A,90-530,305.2,promien_500m
400A,90-301,308.8,promien_500m
400A,90-324,323.1,promien_500m
400A,90-515,334.7,promien_500m
400A,90-450,349.7,promien_500m
400A,90-368,352.8,promien_500m
400A,90-458,357.2,promien_500m
400A,90-447,357.4,promien_500m
400A,90-365,366.0,promien_500m
400A,90-441,369.6,promien_500m
400A,90-448,393.9,promien_500m
400A,90-319,399.3,promien_500m
400A,90-457,402.3,promien_500m
400A,90-349,411.5,promien_500m
400A,90-540,433.4,promien_500m
400A,90-541,439.3,promien_500m
400A,90-318,441.8,promien_500m
400A,90-446,442.1,promien_500m
400A,90-337,444.5,promien_500m
400A,90-537,452.9,promien_500m
400A,90-532,463.0,promien_500m
400A,90-442,490.4,promien_500m
401A,90-303,0.0,promien_500m
401A,90-363,31.1,promien_500m
401A,90-302,32.4,promien_500m
401A,90-357,112.4,promien_500m
401A,90-360,124.0,promien_500m
401A,90-355,135.7,promien_500m
401A,90-364,137.5,promien_500m
401A,90-369,144.2,promien_500m
401A,90-451,185.4,promien_500m
401A,90-004,197.6,promien_500m
401A,90-456,197.8,promien_500m
401A,90-452,225.8,promien_500m
401A,90-324,230.2,promien_500m
401A,90-361,240.1,promien_500m
401A,90-453,247.0,promien_500m
401A,90-418,275.1,promien_500m
401A,90-365,302.3,promien_500m
401A,90-301,325.8,promien_500m
401A,90-319,346.8,promien_500m
401A,90-349,350.0,promien_500m
401A,90-368,381.2,promien_500m
401A,90-531,396.7,promien_500m
401A,90-447,402.2,promien_500m
401A,90-530,403.5,promien_500m
401A,90-318,404.9,promien_500m
401A,90-458,408.7,promien_500m
401A,90-450,409.4,promien_500m
401A,90-337,410.0,promien_500m
401A,90-515,431.5,promien_500m
401A,90-348,433.3,promien_500m
401A,90-457,439.8,promien_500m
401A,90-448,447.5,promien_500m
401A,90-441,454.3,promien_500m
401A,90-317,472.3,promien_500m
401A,90-446,486.7,promien_500m
401A,90-353,496.9,promien_500m
402A,90-357,0.0,promien_500m
402A,90-302,8.1,promien_500m
402A,90-355,21.9,promien_500m
402A,90-303,79.7,promien_500m
402A,90-364,124.0,promien_500m
402A,90-363,127.4,promien_500m
402A,90-319,174.4,promien_500m
402A,90-301,215.0,promien_500m
402A,90-369,215.4,promien_500m
402A,90-324,227.4,promien_500m
402A,90-360,254.2,promien_500m
402A,90-318,255.4,promien_500m
402A,90-451,308.4,promien_500m
402A,90-317,315.9,promien_500m
402A,90-004,331.6,promien_500m
402A,90-353,333.5,promien_500m
402A,90-368,337.9,promien_500m
402A,90-456,341.9,promien_500m
402A,90-348,343.3,promien_500m
402A,90-315,347.9,promien_500m
402A,90-418,355.5,promien_500m
402A,90-452,361.7,promien_500m
402A,90-365,366.0,promien_500m
402A,90-447,384.0,promien_500m
402A,90-453,390.5,promien_500m
402A,90-450,400.9,promien_500m
402A,90-361,414.3,promien_500m
402A,90-349,433.7,promien_500m
402A,90-448,438.8,promien_500m
402A,90-446,461.2,promien_500m
402A,90-354,471.0,promien_500m
402A,90-322,471.2,promien_500m
402A,90-306,479.6,promien_500m
403B,90-456,0.0,promien_500m
403B,90-360,6.8,promien_500m
403B,90-004,31.3,promien_500m
403B,90-361,61.0,promien_500m
403B,90-453,92.3,promien_500m
403B,90-363,104.4,promien_500m
403B,90-452,125.3,promien_500m
403B,90-303,131.2,promien_500m
403B,90-451,132.5,promien_500m
403B,90-531,155.3,promien_500m
403B,90-458,182.8,promien_500m
403B,90-515,215.4,promien_500m
403B,90-369,216.8,promien_500m
403B,90-418,218.9,promien_500m
403B,90-364,237.3,promien_500m
403B,90-457,241.4,promien_500m
403B,90-302,267.8,promien_500m
403B,90-365,269.4,promien_500m
403B,90-530,276.8,promien_500m
403B,90-532,283.4,promien_500m
403B,90-357,332.1,promien_500m
403B,90-540,336.8,promien_500m
403B,90-541,340.3,promien_500m
403B,90-537,381.3,promien_500m
403B,90-337,387.8,promien_500m
403B,90-355,393.6,promien_500m
403B,90-441,400.2,promien_500m
403B,93-005,415.7,promien_500m
403B,90-324,420.9,promien_500m
403B,90-349,425.1,promien_500m
403B,90-450,446.7,promien_500m
403B,92-316,453.0,promien_500m
403B,90-301,466.7,promien_500m
403B,90-447,482.5,promien_500m
403B,90-448,491.5,promien_500m
403B,90-368,497.4,promien_500m
404B,90-360,0.0,promien_500m
404B,90-456,12.9,promien_500m
404B,90-004,21.8,promien_500m
404B,90-361,54.2,promien_500m
404B,90-363,81.2,promien_500m
404B,90-453,109.5,promien_500m
404B,90-303,110.3,promien_500m
404B,90-451,133.1,promien_500m
404B,90-452,134.3,promien_500m
404B,90-531,178.3,promien_500m
404B,90-458,187.8,promien_500m
404B,90-369,212.0,promien_500m
404B,90-364,213.8,promien_500m
404B,90-418,228.0,promien_500m
404B,90-515,238.5,promien_500m
404B,90-457,241.4,promien_500m
404B,90-302,252.0,promien_500m
404B,90-365,257.8,promien_500m
404B,90-530,293.8,promien_500m
404B,90-532,302.5,promien_500m
404B,90-357,309.8,promien_500m
404B,90-540,359.4,promien_500m
404B,90-541,363.1,promien_500m
404B,90-337,372.5,promien_500m
404B,90-355,374.9,promien_500m
404B,90-324,397.5,promien_500m
404B,90-349,402.9,promien_500m
404B,90-537,404.8,promien_500m
404B,90-441,413.1,promien_500m
404B,93-005,427.5,promien_500m
404B,92-316,438.3,promien_500m
404B,90-450,452.6,promien_500m
404B,90-301,463.2,promien_500m
404B,90-447,484.3,promien_500m
404B,93-034,493.2,promien_500m
404B,90-368,496.2,promien_500m
405B,90-456,0.0,promien_500m
405B,90-361,12.8,promien_500m
405B,90-004,28.1,promien_500m
405B,90-458,59.7,promien_500m
405B,90-457,109.2,promien_500m
405B,90-360,111.4,promien_500m
405B,90-363,122.9,promien_500m
405B,90-365,165.7,promien_500m
405B,90-531,184.2,promien_500m
405B,90-303,209.0,promien_500m
405B,90-453,212.0,promien_500m
405B,90-532,235.2,promien_500m
405B,90-364,243.5,promien_500m
405B,90-452,255.4,promien_500m
405B,90-451,264.5,promien_500m
405B,90-515,280.6,promien_500m
405B,90-337,296.4,promien_500m
405B,93-005,308.1,promien_500m
405B,90-369,345.0,promien_500m
405B,92-316,347.0,promien_500m
405B,90-418,347.5,promien_500m
405B,90-302,370.5,promien_500m
405B,90-530,385.7,promien_500m
405B,90-357,388.3,promien_500m
405B,93-034,393.8,promien_500m
405B,90-349,395.8,promien_500m
405B,90-537,395.9,promien_500m
405B,90-540,401.0,promien_500m
405B,90-541,401.1,promien_500m
405B,90-324,448.6,promien_500m
405B,93-102,460.4,promien_500m
405B,93-004,466.8,promien_500m
405B,90-355,479.4,promien_500m
406B,90-361,0.0,promien_500m
406B,90-004,3.2,promien_500m
406B,90-456,7.7,promien_500m
406B,90-360,88.8,promien_500m
406B,90-458,90.4,promien_500m
406B,90-363,95.7,promien_500m
406B,90-457,131.5,promien_500m
406B,90-365,163.0,promien_500m
406B,90-303,178.6,promien_500m
406B,90-531,194.9,promien_500m
406B,90-453,201.1,promien_500m
406B,90-364,217.2,promien_500m
406B,90-452,239.7,promien_500m
406B,90-451,243.9,promien_500m
406B,90-532,261.7,promien_500m
406B,90-515,286.2,promien_500m
406B,90-337,290.3,promien_500m
406B,90-369,321.2,promien_500m
406B,90-418,333.1,promien_500m
406B,93-005,338.9,promien_500m
406B,90-302,341.0,promien_500m
406B,92-316,348.9,promien_500m
406B,90-357,357.4,promien_500m
406B,90-349,374.2,promien_500m
406B,90-530,380.4,promien_500m
406B,93-034,396.6,promien_500m
406B,90-540,408.4,promien_500m
406B,90-541,409.4,promien_500m
406B,90-537,416.9,promien_500m
406B,90-324,419.5,promien_500m
406B,90-355,448.5,promien_500m
406B,93-102,475.0,promien_500m
406B,93-004,487.8,promien_500m
407B,90-458,0.0,promien_500m
407B,90-456,31.4,promien_500m
407B,90-457,56.2,promien_500m
407B,90-361,111.0,promien_500m
407B,90-531,130.9,promien_500m
407B,90-532,137.7,promien_500m
407B,90-515,157.8,promien_500m
407B,90-004,158.8,promien_500m
407B,93-005,175.4,promien_500m
407B,90-365,213.1,promien_500m
407B,90-360,232.7,promien_500m
407B,90-363,236.6,promien_500m
407B,90-453,279.4,promien_500m
407B,90-537,305.7,promien_500m
407B,90-303,343.4,promien_500m
407B,90-452,346.7,promien_500m
407B,90-337,359.1,promien_500m
407B,90-451,363.3,promien_500m
407B,90-364,369.8,promien_500m
407B,92-316,374.3,promien_500m
407B,93-502,374.7,promien_500m
407B,90-541,387.2,promien_500m
407B,90-540,389.7,promien_500m
407B,93-004,395.5,promien_500m
407B,93-034,398.6,promien_500m
407B,90-530,418.2,promien_500m
407B,93-102,423.6,promien_500m
407B,90-418,428.7,promien_500m
407B,90-369,457.6,promien_500m
407B,93-578,472.4,promien_500m
407B,93-590,477.8,promien_500m
408B,90-458,0.0,promien_500m
408B,90-532,25.1,promien_500m
408B,90-457,34.3,promien_500m
408B,90-531,43.8,promien_500m
408B,90-515,82.3,promien_500m
408B,90-456,109.9,promien_500m
408B,93-005,115.9,promien_500m
408B,90-004,169.7,promien_500m
408B,90-537,186.9,promien_500m
408B,90-361,238.9,promien_500m
408B,93-502,256.5,promien_500m
408B,90-453,279.3,promien_500m
408B,90-541,314.8,promien_500m
408B,90-360,322.8,promien_500m
408B,90-540,335.9,promien_500m
408B,90-365,336.5,promien_500m
408B,90-452,339.7,promien_500m
408B,93-590,353.2,promien_500m
408B,90-363,365.7,promien_500m
408B,90-530,395.2,promien_500m
408B,90-451,402.5,promien_500m
408B,93-578,413.3,promien_500m
408B,90-303,442.7,promien_500m
408B,93-004,444.2,promien_500m
408B,93-034,451.1,promien_500m
408B,93-566,451.7,promien_500m
408B,90-418,460.3,promien_500m
408B,90-337,482.2,promien_500m
408B,92-316,490.9,promien_500m
408B,90-364,493.2,promien_500m
408B,93-102,497.3,promien_500m
409B,90-532,0.0,promien_500m
409B,90-531,14.9,promien_500m
409B,90-515,82.3,promien_500m
409B,90-458,89.9,promien_500m
409B,90-537,102.9,promien_500m
409B,90-457,108.5,promien_500m
409B,93-005,153.7,promien_500m
409B,93-502,167.2,promien_500m
409B,90-456,199.8,promien_500m
409B,90-004,246.9,promien_500m
409B,93-590,247.0,promien_500m
409B,90-541,279.8,promien_500m
409B,90-540,323.9,promien_500m
409B,90-453,324.3,promien_500m
409B,90-452,329.7,promien_500m
409B,90-361,354.2,promien_500m
409B,93-578,370.2,promien_500m
409B,90-530,406.5,promien_500m
409B,93-566,416.8,promien_500m
409B,90-360,419.4,promien_500m
409B,93-575,424.9,promien_500m
409B,90-451,441.0,promien_500m
409B,90-365,450.0,promien_500m
409B,93-574,462.9,promien_500m
409B,90-363,481.3,promien_500m
40B,90-712,0.0,promien_500m
40B,90-713,5.9,promien_500m
40B,90-717,36.9,promien_500m
40B,90-710,41.7,promien_500m
40B,90-706,45.6,promien_500m
40B,94-015,49.5,promien_500m
40B,90-715,50.6,promien_500m
40B,90-707,80.6,promien_500m
40B,90-739,82.0,promien_500m
40B,90-507,88.8,promien_500m
40B,90-708,93.4,promien_500m
40B,90-711,97.0,promien_500m
40B,90-716,100.5,promien_500m
40B,90-718,106.5,promien_500m
40B,90-702,139.8,promien_500m
40B,90-734,165.7,promien_500m
40B,90-502,173.4,promien_500m
40B,90-701,193.4,promien_500m
40B,90-742,208.8,promien_500m
40B,91-069,214.1,promien_500m
40B,90-727,215.6,promien_500m
40B,90-569,217.4,promien_500m
40B,90-703,218.2,promien_500m
40B,90-720,222.1,promien_500m
40B,90-411,230.3,promien_500m
40B,91-066,232.2,promien_500m
40B,90-730,244.3,promien_500m
40B,90-401,245.0,promien_500m
40B,90-735,251.5,promien_500m
40B,90-728,261.1,promien_500m
40B,90-404,266.1,promien_500m
40B,91-067,267.3,promien_500m
40B,91-068,275.4,promien_500m
40B,90-741,283.5,promien_500m
40B,90-729,285.7,promien_500m
40B,90-736,288.7,promien_500m
40B,90-737,289.0,promien_500m
40B,91-070,300.3,promien_500m
40B,90-402,307.3,promien_500m
40B,90-746,318.2,promien_500m
40B,90-721,333.7,promien_500m
40B,90-743,360.3,promien_500m
40B,90-722,361.5,promien_500m
40B,90-745,362.7,promien_500m
40B,90-515,364.8,promien_500m
40B,91-065,368.5,promien_500m
40B,90-731,376.7,promien_500m
40B,90-602,383.8,promien_500m
40B,90-408,394.6,promien_500m
40B,90-740,395.7,promien_500m
40B,90-403,399.2,promien_500m
40B,90-732,404.1,promien_500m
40B,91-063,412.0,promien_500m
40B,90-601,426.0,promien_500m
40B,91-072,430.0,promien_500m
40B,90-723,440.4,promien_500m
40B,91-071,456.6,promien_500m
40B,90-762,463.8,promien_500m
40B,90-612,467.1,promien_500m
40B,90-747,474.7,promien_500m
40B,90-624,477.5,promien_500m
40B,91-062,479.4,promien_500m
40B,90-615,487.6,promien_500m
40B,90-407,491.2,promien_500m
40B,90-725,491.2,promien_500m
40B,90-748,493.4,promien_500m
40B,91-415,497.2,promien_500m
410B,90-458,0.0,promien_500m
410B,90-457,11.6,promien_500m
410B,90-532,35.1,promien_500m
410B,90-531,63.1,promien_500m
410B,90-515,70.3,promien_500m
410B,93-005,97.4,promien_500m
410B,90-456,117.1,promien_500m
410B,90-004,147.0,promien_500m
410B,90-537,205.8,promien_500m
410B,90-361,228.3,promien_500m
410B,93-502,255.5,promien_500m
410B,90-453,297.7,promien_500m
410B,90-365,323.0,promien_500m
410B,90-360,328.5,promien_500m
410B,90-541,337.5,promien_500m
410B,90-363,355.9,promien_500m
410B,93-590,356.3,promien_500m
410B,90-540,358.3,promien_500m
410B,90-452,362.0,promien_500m
410B,93-578,397.2,promien_500m
410B,90-530,416.3,promien_500m
410B,90-451,420.1,promien_500m
410B,93-004,421.6,promien_500m
410B,93-034,428.6,promien_500m
410B,93-566,437.4,promien_500m
410B,90-303,447.2,promien_500m
410B,90-337,467.0,promien_500m
410B,92-316,474.7,promien_500m
410B,93-102,475.6,promien_500m
410B,90-418,476.2,promien_500m
410B,90-364,490.1,promien_500m
411B,90-457,0.0,promien_500m
411B,90-458,52.5,promien_500m
411B,90-515,66.2,promien_500m
411B,93-005,67.8,promien_500m
411B,90-004,72.0,promien_500m
411B,90-532,86.3,promien_500m
411B,90-456,135.7,promien_500m
411B,90-531,140.0,promien_500m
411B,90-361,188.9,promien_500m
411B,90-365,269.2,promien_500m
411B,90-537,280.8,promien_500m
411B,93-502,284.6,promien_500m
411B,90-363,313.8,promien_500m
411B,90-360,340.8,promien_500m
411B,93-004,344.8,promien_500m
411B,93-034,351.5,promien_500m
411B,90-453,353.5,promien_500m
411B,93-578,364.7,promien_500m
411B,93-590,394.0,promien_500m
411B,93-102,398.0,promien_500m
411B,90-337,403.8,promien_500m
411B,92-316,410.4,promien_500m
411B,93-566,412.4,promien_500m
411B,90-541,413.9,promien_500m
411B,90-540,431.0,promien_500m
411B,90-452,434.1,promien_500m
411B,90-303,452.1,promien_500m
411B,90-451,463.6,promien_500m
411B,90-364,468.4,promien_500m
411B,90-530,481.6,promien_500m
412B,90-457,0.0,promien_500m
412B,90-004,43.6,promien_500m
412B,90-458,66.7,promien_500m
412B,90-361,78.8,promien_500m
412B,90-515,92.7,promien_500m
412B,90-456,117.6,promien_500m
412B,93-005,137.0,promien_500m
412B,90-365,165.6,promien_500m
412B,90-532,208.3,promien_500m
412B,90-363,225.8,promien_500m
412B,90-531,251.3,promien_500m
412B,93-004,257.8,promien_500m
412B,93-034,260.6,promien_500m
412B,90-337,284.4,promien_500m
412B,93-102,289.9,promien_500m
412B,92-316,290.2,promien_500m
412B,90-360,338.0,promien_500m
412B,93-502,393.0,promien_500m
412B,93-578,395.6,promien_500m
412B,90-537,400.8,promien_500m
412B,90-364,402.7,promien_500m
412B,90-453,417.3,promien_500m
412B,90-303,428.7,promien_500m
412B,93-191,440.3,promien_500m
412B,93-566,452.3,promien_500m
412B,90-452,471.8,promien_500m
412B,90-451,485.8,promien_500m
412B,90-349,498.2,promien_500m
413B,90-457,0.0,promien_500m
413B,90-361,2.3,promien_500m
413B,90-456,31.3,promien_500m
413B,90-458,50.4,promien_500m
413B,90-365,74.9,promien_500m
413B,90-363,108.5,promien_500m
413B,90-004,147.6,promien_500m
413B,90-515,209.4,promien_500m
413B,90-337,220.5,promien_500m
413B,92-316,239.0,promien_500m
413B,90-360,239.7,promien_500m
413B,93-005,248.1,promien_500m
413B,90-531,258.0,promien_500m
413B,90-532,276.3,promien_500m
413B,90-364,278.1,promien_500m
413B,93-034,278.4,promien_500m
413B,90-303,313.6,promien_500m
413B,93-102,327.7,promien_500m
413B,93-004,336.8,promien_500m
413B,90-453,344.8,promien_500m
413B,90-349,386.4,promien_500m
413B,90-452,388.5,promien_500m
413B,90-451,395.1,promien_500m
413B,90-537,444.3,promien_500m
413B,90-357,457.5,promien_500m
413B,93-191,462.2,promien_500m
413B,90-369,471.3,promien_500m
413B,90-302,477.6,promien_500m
413B,90-418,480.7,promien_500m
413B,93-502,490.2,promien_500m
413B,90-324,490.3,promien_500m
414B,90-365,0.0,promien_500m
414B,90-363,44.0,promien_500m
414B,90-361,54.8,promien_500m
414B,90-337,79.7,promien_500m
414B,90-457,93.7,promien_500m
414B,92-316,123.3,promien_500m
414B,90-456,165.4,promien_500m
414B,90-004,166.4,promien_500m
414B,93-034,172.9,promien_500m
414B,90-458,190.8,promien_500m
414B,90-364,210.9,promien_500m
414B,90-349,260.7,promien_500m
414B,93-102,272.7,promien_500m
414B,90-360,273.9,promien_500m
414B,90-303,318.3,promien_500m
414B,90-515,330.4,promien_500m
414B,93-005,348.8,promien_500m
414B,93-004,351.1,promien_500m
414B,93-191,383.8,promien_500m
414B,90-531,390.4,promien_500m
414B,93-192,399.7,promien_500m
414B,90-357,402.5,promien_500m
414B,90-324,403.9,promien_500m
414B,90-532,416.6,promien_500m
414B,90-453,423.6,promien_500m
414B,90-451,445.8,promien_500m
414B,90-452,454.5,promien_500m
414B,90-302,467.8,promien_500m
414B,93-101,495.0,promien_500m
415B,90-365,0.0,promien_500m
415B,90-361,6.0,promien_500m
415B,90-457,42.9,promien_500m
415B,90-363,89.0,promien_500m
415B,90-337,124.2,promien_500m
415B,90-456,132.2,promien_500m
415B,92-316,137.8,promien_500m
415B,90-458,151.1,promien_500m
415B,90-004,159.9,promien_500m
415B,93-034,180.0,promien_500m
415B,93-102,255.9,promien_500m
415B,90-515,267.3,promien_500m
415B,90-364,267.5,promien_500m
415B,93-005,286.8,promien_500m
415B,90-360,296.3,promien_500m
415B,93-004,297.1,promien_500m
415B,90-349,325.3,promien_500m
415B,90-303,355.2,promien_500m
415B,90-531,359.2,promien_500m
415B,90-532,370.8,promien_500m
415B,93-191,373.3,promien_500m
415B,93-192,425.1,promien_500m
415B,90-453,426.9,promien_500m
415B,90-357,457.9,promien_500m
415B,90-451,462.9,promien_500m
415B,90-452,464.5,promien_500m
415B,90-324,467.4,promien_500m
415B,93-189,480.7,promien_500m
416B,90-361,0.0,promien_500m
416B,90-457,12.7,promien_500m
416B,90-004,63.3,promien_500m
416B,93-034,110.3,promien_500m
416B,93-005,113.5,promien_500m
416B,93-004,120.6,promien_500m
416B,93-102,129.1,promien_500m
416B,90-365,157.3,promien_500m
416B,90-515,162.4,promien_500m
416B,90-337,207.4,promien_500m
416B,92-316,209.6,promien_500m
416B,90-458,223.7,promien_500m
416B,90-456,241.2,promien_500m
416B,90-363,266.3,promien_500m
416B,93-191,280.1,promien_500m
416B,93-189,347.4,promien_500m
416B,90-532,352.5,promien_500m
416B,93-188,361.3,promien_500m
416B,93-578,385.7,promien_500m
416B,93-192,407.9,promien_500m
416B,90-531,411.6,promien_500m
416B,93-566,436.5,promien_500m
416B,90-364,445.6,promien_500m
416B,90-360,457.5,promien_500m
416B,90-349,462.8,promien_500m
416B,93-502,493.8,promien_500m
417B,90-457,0.0,promien_500m
417B,90-361,10.1,promien_500m
417B,90-004,30.0,promien_500m
417B,93-005,115.9,promien_500m
417B,90-515,138.1,promien_500m
417B,93-034,139.7,promien_500m
417B,93-004,141.9,promien_500m
417B,90-365,153.3,promien_500m
417B,93-102,162.5,promien_500m
417B,90-458,191.2,promien_500m
417B,90-456,215.6,promien_500m
417B,90-337,221.8,promien_500m
417B,92-316,224.8,promien_500m
417B,90-363,255.2,promien_500m
417B,93-191,314.3,promien_500m
417B,90-532,318.9,promien_500m
417B,90-531,377.6,promien_500m
417B,93-189,379.6,promien_500m
417B,93-578,384.0,promien_500m
417B,93-188,392.7,promien_500m
417B,93-566,429.6,promien_500m
417B,90-360,434.7,promien_500m
417B,90-364,437.9,promien_500m
417B,93-192,439.1,promien_500m
417B,93-502,468.0,promien_500m
417B,90-349,472.1,promien_500m
418B,93-005,0.0,promien_500m
418B,90-004,68.1,promien_500m
418B,90-457,68.5,promien_500m
418B,93-004,76.4,promien_500m
418B,93-034,96.4,promien_500m
418B,90-361,112.7,promien_500m
418B,90-515,123.2,promien_500m
418B,93-578,188.6,promien_500m
418B,93-102,200.6,promien_500m
418B,93-566,250.7,promien_500m
418B,93-191,300.1,promien_500m
418B,93-188,312.1,promien_500m
418B,93-189,321.3,promien_500m
418B,93-035,326.0,promien_500m
418B,90-458,340.3,promien_500m
418B,93-588,351.9,promien_500m
418B,90-365,357.7,promien_500m
418B,93-502,374.8,promien_500m
418B,90-532,377.0,promien_500m
418B,93-491,396.4,promien_500m
418B,92-316,397.2,promien_500m
418B,90-337,400.2,promien_500m
418B,90-456,400.3,promien_500m
418B,93-171,440.3,promien_500m
418B,93-002,442.1,promien_500m
418B,93-590,445.8,promien_500m
418B,90-363,461.5,promien_500m
418B,90-531,463.1,promien_500m
418B,93-170,480.7,promien_500m
419B,93-005,0.0,promien_500m
419B,93-034,98.8,promien_500m
419B,90-515,100.3,promien_500m
419B,90-457,116.5,promien_500m
419B,93-578,116.5,promien_500m
419B,90-004,122.5,promien_500m
419B,93-004,160.0,promien_500m
419B,93-566,162.6,promien_500m
419B,90-361,205.1,promien_500m
419B,93-502,284.0,promien_500m
419B,93-588,294.7,promien_500m
419B,93-102,294.9,promien_500m
419B,93-035,297.3,promien_500m
419B,90-532,347.6,promien_500m
419B,90-458,353.4,promien_500m
419B,93-590,353.4,promien_500m
419B,93-188,388.4,promien_500m
419B,93-191,389.0,promien_500m
419B,93-189,401.0,promien_500m
419B,90-365,422.8,promien_500m
419B,90-531,429.2,promien_500m
419B,90-456,432.0,promien_500m
419B,93-491,440.7,promien_500m
419B,93-171,453.7,promien_500m
419B,93-170,461.7,promien_500m
419B,92-316,480.1,promien_500m
419B,90-337,480.4,promien_500m
419B,93-002,487.4,promien_500m
41B,90-718,0.0,promien_500m
41B,90-739,8.4,promien_500m
41B,90-717,34.6,promien_500m
41B,90-711,51.1,promien_500m
41B,90-734,57.2,promien_500m
41B,90-713,63.1,promien_500m
41B,90-715,80.6,promien_500m
41B,90-507,107.7,promien_500m
41B,90-411,108.0,promien_500m
41B,90-712,114.0,promien_500m
41B,90-735,121.6,promien_500m
41B,90-710,135.1,promien_500m
41B,90-716,135.5,promien_500m
41B,90-727,152.3,promien_500m
41B,90-737,156.6,promien_500m
41B,90-736,157.4,promien_500m
41B,90-706,157.8,promien_500m
41B,90-742,161.9,promien_500m
41B,90-730,166.8,promien_500m
41B,94-015,176.6,promien_500m
41B,90-707,178.9,promien_500m
41B,90-729,182.5,promien_500m
41B,90-708,182.9,promien_500m
41B,90-728,198.4,promien_500m
41B,90-741,203.4,promien_500m
41B,90-743,234.4,promien_500m
41B,90-569,238.0,promien_500m
41B,90-746,242.9,promien_500m
41B,90-702,248.3,promien_500m
41B,90-602,256.1,promien_500m
41B,90-720,260.7,promien_500m
41B,90-703,260.9,promien_500m
41B,90-502,262.0,promien_500m
41B,91-069,300.5,promien_500m
41B,90-745,310.2,promien_500m
41B,90-515,313.2,promien_500m
41B,91-070,315.8,promien_500m
41B,90-701,317.5,promien_500m
41B,90-740,319.8,promien_500m
41B,90-731,323.2,promien_500m
41B,90-721,325.6,promien_500m
41B,90-404,326.4,promien_500m
41B,91-068,327.0,promien_500m
41B,90-401,332.5,promien_500m
41B,90-722,341.2,promien_500m
41B,90-601,342.1,promien_500m
41B,90-624,345.9,promien_500m
41B,90-402,346.5,promien_500m
41B,90-612,362.9,promien_500m
41B,91-066,364.2,promien_500m
41B,90-615,365.2,promien_500m
41B,91-067,365.8,promien_500m
41B,90-604,368.1,promien_500m
41B,90-732,372.0,promien_500m
41B,90-747,382.1,promien_500m
41B,90-748,390.1,promien_500m
41B,90-723,413.6,promien_500m
41B,90-629,425.9,promien_500m
41B,90-762,427.6,promien_500m
41B,90-558,433.3,promien_500m
41B,90-750,440.3,promien_500m
41B,91-072,440.4,promien_500m
41B,90-403,445.3,promien_500m
41B,90-749,448.8,promien_500m
41B,90-756,456.2,promien_500m
41B,90-408,459.6,promien_500m
41B,90-607,463.7,promien_500m
41B,91-065,469.7,promien_500m
41B,90-618,474.5,promien_500m
41B,90-725,480.3,promien_500m
41B,90-415,480.8,promien_500m
41B,90-758,492.2,promien_500m
41B,90-418,494.4,promien_500m
420B,93-005,0.0,promien_500m
420B,90-515,43.7,promien_500m
420B,90-457,131.0,promien_500m
420B,90-004,147.5,promien_500m
420B,93-578,166.0,promien_500m
420B,90-532,173.2,promien_500m
420B,93-502,180.6,promien_500m
420B,90-458,189.9,promien_500m
420B,93-566,214.9,promien_500m
420B,90-531,247.5,promien_500m
420B,93-590,276.3,promien_500m
420B,93-034,284.8,promien_500m
420B,90-361,297.3,promien_500m
420B,93-004,302.2,promien_500m
420B,90-456,333.4,promien_500m
420B,90-537,358.7,promien_500m
420B,93-102,398.0,promien_500m
420B,90-365,412.9,promien_500m
420B,93-588,418.6,promien_500m
420B,93-035,452.6,promien_500m
420B,90-363,475.4,promien_500m
421B,90-515,0.0,promien_500m
421B,90-532,13.8,promien_500m
421B,90-457,15.6,promien_500m
421B,90-458,33.8,promien_500m
421B,93-005,46.0,promien_500m
421B,90-531,90.5,promien_500m
421B,90-004,144.7,promien_500m
421B,93-502,179.1,promien_500m
421B,90-456,203.0,promien_500m
421B,90-537,209.8,promien_500m
421B,93-590,287.1,promien_500m
421B,90-361,293.2,promien_500m
421B,93-578,318.9,promien_500m
421B,93-566,355.2,promien_500m
421B,90-453,372.9,promien_500m
421B,90-541,375.5,promien_500m
421B,90-365,376.3,promien_500m
421B,93-004,406.0,promien_500m
421B,90-540,409.6,promien_500m
421B,90-360,414.1,promien_500m
421B,90-452,414.4,promien_500m
421B,93-034,415.3,promien_500m
421B,90-363,419.7,promien_500m
421B,93-102,475.5,promien_500m
421B,90-530,479.8,promien_500m
421B,90-451,496.8,promien_500m
422B,93-566,0.0,promien_500m
422B,93-578,19.2,promien_500m
422B,93-005,71.8,promien_500m
422B,93-588,167.0,promien_500m
422B,93-034,169.3,promien_500m
422B,93-502,170.4,promien_500m
422B,90-515,178.2,promien_500m
422B,90-004,189.6,promien_500m
422B,93-590,209.9,promien_500m
422B,93-035,225.6,promien_500m
422B,93-004,264.9,promien_500m
422B,90-457,298.0,promien_500m
422B,90-532,365.9,promien_500m
422B,93-170,402.7,promien_500m
422B,90-361,405.2,promien_500m
422B,93-171,430.6,promien_500m
422B,93-579,440.1,promien_500m
422B,90-458,446.5,promien_500m
422B,90-531,486.9,promien_500m
422B,93-102,490.5,promien_500m
423B,93-578,0.0,promien_500m
423B,93-566,73.1,promien_500m
423B,93-005,119.3,promien_500m
423B,93-590,122.5,promien_500m
423B,93-502,143.6,promien_500m
423B,90-515,160.5,promien_500m
423B,93-588,172.5,promien_500m
423B,93-034,271.3,promien_500m
423B,93-035,278.6,promien_500m
423B,90-004,287.1,promien_500m
423B,93-004,334.1,promien_500m
423B,93-579,344.4,promien_500m
423B,90-532,359.6,promien_500m
423B,90-457,386.2,promien_500m
423B,93-170,445.2,promien_500m
423B,93-171,480.6,promien_500m
423B,90-458,488.2,promien_500m
423B,93-582,496.0,promien_500m
423B,93-583,497.5,promien_500m
424B,93-578,0.0,promien_500m
424B,93-590,74.9,promien_500m
424B,93-566,97.7,promien_500m
424B,93-588,149.6,promien_500m
424B,93-502,152.7,promien_500m
424B,93-005,177.8,promien_500m
424B,90-515,203.8,promien_500m
424B,93-579,274.7,promien_500m
424B,93-035,310.1,promien_500m
424B,93-034,333.6,promien_500m
424B,90-004,343.1,promien_500m
424B,93-004,372.7,promien_500m
424B,90-532,388.1,promien_500m
424B,93-582,432.0,promien_500m
424B,93-583,433.4,promien_500m
424B,90-457,456.0,promien_500m
424B,93-170,462.9,promien_500m
425B,93-004,0.0,promien_500m
425B,90-004,5.1,promien_500m
425B,93-034,12.1,promien_500m
425B,93-005,50.2,promien_500m
425B,90-361,94.9,promien_500m
425B,90-457,95.4,promien_500m
425B,93-102,107.0,promien_500m
425B,93-191,173.5,promien_500m
425B,93-188,186.8,promien_500m
425B,93-189,193.4,promien_500m
425B,90-515,239.7,promien_500m
425B,93-578,270.1,promien_500m
425B,93-491,304.1,promien_500m
425B,93-035,340.3,promien_500m
425B,93-002,346.1,promien_500m
425B,92-316,347.5,promien_500m
425B,90-365,350.5,promien_500m
425B,93-566,351.0,promien_500m
425B,90-337,365.9,promien_500m
425B,93-171,386.2,promien_500m
425B,93-588,389.2,promien_500m
425B,92-313,390.9,promien_500m
425B,93-192,393.9,promien_500m
425B,93-184,405.0,promien_500m
425B,90-458,419.7,promien_500m
425B,93-185,420.4,promien_500m
425B,90-456,454.1,promien_500m
425B,93-170,466.7,promien_500m
425B,90-363,476.7,promien_500m
425B,93-101,481.9,promien_500m
425B,93-172,487.9,promien_500m
425B,90-532,488.9,promien_500m
425B,93-029,494.4,promien_500m
426B,90-004,0.0,promien_500m
426B,93-034,1.2,promien_500m
426B,93-188,120.9,promien_500m
426B,93-004,124.0,promien_500m
426B,93-189,147.4,promien_500m
426B,93-005,153.6,promien_500m
426B,93-191,165.6,promien_500m
426B,93-102,171.9,promien_500m
426B,93-491,177.0,promien_500m
426B,93-002,220.9,promien_500m
426B,90-457,223.9,promien_500m
426B,90-361,224.0,promien_500m
426B,90-515,241.1,promien_500m
426B,93-171,262.7,promien_500m
426B,93-035,270.6,promien_500m
426B,93-578,280.6,promien_500m
426B,93-184,297.6,promien_500m
426B,93-588,333.6,promien_500m
426B,92-313,344.1,promien_500m
426B,93-185,351.9,promien_500m
426B,93-170,360.9,promien_500m
426B,93-172,367.1,promien_500m
426B,93-029,367.8,promien_500m
426B,93-566,370.9,promien_500m
426B,93-036,411.1,promien_500m
426B,93-192,423.9,promien_500m
426B,92-316,436.2,promien_500m
426B,93-124,464.0,promien_500m
426B,93-180,465.5,promien_500m
426B,90-365,468.6,promien_500m
426B,90-337,475.8,promien_500m
426B,93-181,486.6,promien_500m
426B,93-101,489.9,promien_500m
427B,93-034,0.0,promien_500m
427B,90-004,9.1,promien_500m
427B,93-004,24.6,promien_500m
427B,93-005,85.0,promien_500m
427B,93-102,93.6,promien_500m
427B,90-361,123.8,promien_500m
427B,90-457,126.2,promien_500m
427B,93-191,144.7,promien_500m
427B,93-188,151.1,promien_500m
427B,93-189,158.4,promien_500m
427B,93-491,274.8,promien_500m
427B,90-515,275.4,promien_500m
427B,93-578,290.9,promien_500m
427B,93-002,315.7,promien_500m
427B,93-035,341.6,promien_500m
427B,92-316,346.2,promien_500m
427B,92-313,357.1,promien_500m
427B,90-365,364.6,promien_500m
427B,93-171,367.1,promien_500m
427B,93-184,370.3,promien_500m
427B,93-192,373.5,promien_500m
427B,90-337,374.9,promien_500m
427B,93-566,375.0,promien_500m
427B,93-185,385.9,promien_500m
427B,93-588,395.1,promien_500m
427B,90-458,450.8,promien_500m
427B,93-172,455.4,promien_500m
427B,93-170,457.0,promien_500m
427B,93-101,458.6,promien_500m
427B,93-029,463.6,promien_500m
427B,90-456,481.3,promien_500m
427B,90-363,497.0,promien_500m
427B,93-181,499.0,promien_500m
428B,93-034,0.0,promien_500m
428B,90-004,2.9,promien_500m
428B,93-188,61.9,promien_500m
428B,93-004,92.7,promien_500m
428B,93-491,98.1,promien_500m
428B,93-002,141.2,promien_500m
428B,93-189,143.5,promien_500m
428B,93-191,169.5,promien_500m
428B,90-515,193.1,promien_500m
428B,93-102,201.0,promien_500m
428B,93-171,208.4,promien_500m
428B,93-184,224.6,promien_500m
428B,93-005,231.9,promien_500m
428B,93-035,267.4,promien_500m
428B,93-172,287.6,promien_500m
428B,93-029,288.9,promien_500m
428B,93-185,293.1,promien_500m
428B,90-361,300.2,promien_500m
428B,90-457,301.3,promien_500m
428B,92-313,310.4,promien_500m
428B,93-170,327.9,promien_500m
428B,93-578,335.4,promien_500m
428B,93-588,348.2,promien_500m
428B,93-036,350.5,promien_500m
428B,93-124,395.7,promien_500m
428B,93-180,402.9,promien_500m
428B,93-566,411.7,promien_500m
428B,93-192,434.7,promien_500m
428B,93-181,446.3,promien_500m
428B,93-101,478.5,promien_500m
428B,92-316,481.1,promien_500m
429B,93-188,0.0,promien_500m
429B,93-034,1.2,promien_500m
429B,90-004,19.6,promien_500m
429B,93-491,30.2,promien_500m
429B,93-004,33.4,promien_500m
429B,93-002,71.3,promien_500m
429B,93-189,154.8,promien_500m
429B,93-184,162.6,promien_500m
429B,93-171,166.5,promien_500m
429B,93-102,174.3,promien_500m
429B,90-515,175.7,promien_500m
429B,93-191,197.9,promien_500m
429B,93-035,213.9,promien_500m
429B,93-172,216.8,promien_500m
429B,93-029,219.6,promien_500m
429B,93-185,238.3,promien_500m
429B,92-313,289.3,promien_500m
429B,93-005,300.0,promien_500m
429B,93-036,307.7,promien_500m
429B,93-170,317.3,promien_500m
429B,93-124,336.7,promien_500m
429B,93-180,350.0,promien_500m
429B,90-361,368.2,promien_500m
429B,90-457,370.1,promien_500m
429B,93-588,378.8,promien_500m
429B,93-578,393.6,promien_500m
429B,93-181,403.0,promien_500m
429B,93-008,438.2,promien_500m
429B,93-192,451.9,promien_500m
429B,93-566,452.2,promien_500m
429B,93-101,465.0,promien_500m
429B,93-176,477.1,promien_500m
42A,90-706,0.0,promien_500m
42A,90-707,9.9,promien_500m
42A,94-015,18.0,promien_500m
42A,90-712,52.8,promien_500m
42A,90-708,64.3,promien_500m
42A,90-710,72.8,promien_500m
42A,90-715,74.9,promien_500m
42A,90-713,75.7,promien_500m
42A,90-702,83.0,promien_500m
42A,90-701,89.8,promien_500m
42A,90-716,119.4,promien_500m
42A,90-717,131.7,promien_500m
42A,91-069,142.7,promien_500m
42A,90-401,142.8,promien_500m
42A,91-066,147.7,promien_500m
42A,90-507,150.7,promien_500m
42A,90-739,185.9,promien_500m
42A,90-718,187.2,promien_500m
42A,90-502,192.8,promien_500m
42A,90-720,194.5,promien_500m
42A,91-067,196.6,promien_500m
42A,90-711,199.0,promien_500m
42A,90-404,212.2,promien_500m
42A,90-402,226.8,promien_500m
42A,90-734,246.9,promien_500m
42A,90-703,256.0,promien_500m
42A,90-727,256.1,promien_500m
42A,90-569,282.9,promien_500m
42A,91-065,299.9,promien_500m
42A,90-742,303.9,promien_500m
42A,90-730,306.7,promien_500m
42A,90-728,307.8,promien_500m
42A,91-063,309.1,promien_500m
42A,91-068,312.8,promien_500m
42A,90-411,315.7,promien_500m
42A,90-403,323.7,promien_500m
42A,90-408,331.2,promien_500m
42A,90-721,337.2,promien_500m
42A,90-735,353.4,promien_500m
42A,90-729,359.7,promien_500m
42A,91-070,360.0,promien_500m
42A,90-722,371.6,promien_500m
42A,91-062,377.2,promien_500m
42A,90-741,381.9,promien_500m
42A,90-737,385.8,promien_500m
42A,90-736,389.3,promien_500m
42A,90-515,392.5,promien_500m
42A,90-746,404.2,promien_500m
42A,91-415,408.1,promien_500m
42A,90-731,410.1,promien_500m
42A,90-732,418.0,promien_500m
42A,90-406,424.0,promien_500m
42A,91-071,424.3,promien_500m
42A,90-745,434.7,promien_500m
42A,90-723,439.6,promien_500m
42A,90-407,440.0,promien_500m
42A,90-743,463.7,promien_500m
42A,90-602,473.2,promien_500m
42A,90-601,478.6,promien_500m
42A,90-725,483.4,promien_500m
42A,91-072,484.9,promien_500m
42A,90-410,486.9,promien_500m
42A,90-740,489.8,promien_500m
430B,93-034,0.0,promien_500m
430B,93-002,13.7,promien_500m
430B,93-491,18.6,promien_500m
430B,93-004,25.8,promien_500m
430B,93-188,50.5,promien_500m
430B,90-004,53.5,promien_500m
430B,93-171,86.9,promien_500m
430B,93-184,124.8,promien_500m
430B,93-029,140.1,promien_500m
430B,93-035,140.3,promien_500m
430B,93-172,143.7,promien_500m
430B,90-515,145.6,promien_500m
430B,93-102,184.8,promien_500m
430B,93-189,212.9,promien_500m
430B,93-185,222.8,promien_500m
430B,93-036,243.6,promien_500m
430B,93-191,270.7,promien_500m
430B,93-170,289.4,promien_500m
430B,93-124,306.3,promien_500m
430B,92-313,312.9,promien_500m
430B,93-005,326.8,promien_500m
430B,93-180,331.4,promien_500m
430B,93-008,361.4,promien_500m
430B,93-588,388.0,promien_500m
430B,93-181,398.3,promien_500m
430B,93-578,443.9,promien_500m
430B,93-176,445.7,promien_500m
430B,90-361,448.7,promien_500m
430B,90-457,450.1,promien_500m
430B,93-566,478.4,promien_500m
430B,93-173,479.0,promien_500m
430B,93-101,496.3,promien_500m
431B,93-004,0.0,promien_500m
431B,93-034,5.3,promien_500m
431B,93-002,64.8,promien_500m
431B,93-491,67.1,promien_500m
431B,90-004,68.1,promien_500m
431B,93-188,75.1,promien_500m
431B,93-171,78.6,promien_500m
431B,90-515,91.7,promien_500m
431B,93-035,105.7,promien_500m
431B,93-029,145.8,promien_500m
431B,93-172,164.1,promien_500m
431B,93-184,164.5,promien_500m
431B,93-036,198.2,promien_500m
431B,93-170,235.1,promien_500m
431B,93-102,239.3,promien_500m
431B,93-189,260.5,promien_500m
431B,93-185,275.2,promien_500m
431B,93-005,285.0,promien_500m
431B,93-191,307.9,promien_500m
431B,93-588,339.1,promien_500m
431B,93-124,353.9,promien_500m
431B,92-313,366.9,promien_500m
431B,93-008,370.3,promien_500m
431B,93-180,382.1,promien_500m
431B,93-578,418.3,promien_500m
431B,93-566,436.9,promien_500m
431B,93-181,451.4,promien_500m
431B,90-457,459.3,promien_500m
431B,90-361,459.6,promien_500m
431B,93-586,462.0,promien_500m
431B,93-176,491.6,promien_500m
432B,93-004,0.0,promien_500m
432B,93-034,7.0,promien_500m
432B,93-002,40.4,promien_500m
432B,93-491,62.1,promien_500m
432B,93-171,72.4,promien_500m
432B,93-188,84.3,promien_500m
432B,90-004,86.0,promien_500m
432B,93-035,97.0,promien_500m
432B,90-515,116.4,promien_500m
432B,93-029,117.0,promien_500m
432B,93-172,133.2,promien_500m
432B,93-184,134.9,promien_500m
432B,93-036,200.0,promien_500m
432B,93-102,222.0,promien_500m
432B,93-185,252.0,promien_500m
432B,93-189,256.4,promien_500m
432B,93-170,256.8,promien_500m
432B,93-191,312.9,promien_500m
432B,93-005,315.7,promien_500m
432B,93-124,326.3,promien_500m
432B,93-008,341.9,promien_500m
432B,92-313,352.3,promien_500m
432B,93-180,356.6,promien_500m
432B,93-588,367.5,promien_500m
432B,93-181,428.5,promien_500m
432B,93-578,448.8,promien_500m
432B,93-176,463.0,promien_500m
432B,93-566,467.4,promien_500m
432B,93-586,471.2,promien_500m
432B,93-173,472.6,promien_500m
432B,90-361,479.6,promien_500m
432B,90-457,480.0,promien_500m
433B,93-002,0.0,promien_500m
433B,93-171,11.7,promien_500m
433B,93-004,41.8,promien_500m
433B,93-184,49.3,promien_500m
433B,93-172,54.9,promien_500m
433B,93-029,57.1,promien_500m
433B,93-034,62.6,promien_500m
433B,93-491,90.7,promien_500m
433B,93-188,101.8,promien_500m
433B,93-035,121.1,promien_500m
433B,90-004,141.4,promien_500m
433B,93-102,176.9,promien_500m
433B,93-185,184.2,promien_500m
433B,93-036,201.0,promien_500m
433B,90-515,201.4,promien_500m
433B,93-189,235.8,promien_500m
433B,93-124,243.5,promien_500m
433B,93-008,274.9,promien_500m
433B,93-180,279.3,promien_500m
433B,92-313,307.8,promien_500m
433B,93-191,314.4,promien_500m
433B,93-170,335.0,promien_500m
433B,93-181,357.4,promien_500m
433B,93-176,377.1,promien_500m
433B,93-173,389.4,promien_500m
433B,93-005,404.4,promien_500m
433B,93-588,454.5,promien_500m
433B,93-014,487.3,promien_500m
433B,93-101,490.9,promien_500m
434B,93-002,0.0,promien_500m
434B,93-171,22.7,promien_500m
434B,93-184,30.3,promien_500m
434B,93-172,49.6,promien_500m
434B,93-029,58.7,promien_500m
434B,93-004,61.2,promien_500m
434B,93-034,74.2,promien_500m
434B,93-188,90.3,promien_500m
434B,93-491,90.9,promien_500m
434B,93-035,137.1,promien_500m
434B,90-004,148.5,promien_500m
434B,93-102,161.1,promien_500m
434B,93-185,165.0,promien_500m
434B,93-036,214.0,promien_500m
434B,90-515,219.5,promien_500m
434B,93-189,223.5,promien_500m
434B,93-124,224.4,promien_500m
434B,93-180,259.7,promien_500m
434B,93-008,273.4,promien_500m
434B,92-313,291.0,promien_500m
434B,93-191,300.4,promien_500m
434B,93-181,337.8,promien_500m
434B,93-170,354.2,promien_500m
434B,93-176,358.8,promien_500m
434B,93-173,379.8,promien_500m
434B,93-005,420.0,promien_500m
434B,93-588,472.1,promien_500m
434B,93-101,473.5,promien_500m
434B,93-014,489.3,promien_500m
435B,93-171,0.0,promien_500m
435B,93-002,3.9,promien_500m
435B,93-029,26.5,promien_500m
435B,93-004,35.4,promien_500m
435B,93-172,41.5,promien_500m
435B,93-184,69.9,promien_500m
435B,93-035,80.2,promien_500m
435B,93-034,86.2,promien_500m
435B,93-491,122.2,promien_500m
435B,93-188,143.7,promien_500m
435B,93-036,159.0,promien_500m
435B,90-004,167.2,promien_500m
435B,90-515,192.8,promien_500m
435B,93-102,217.9,promien_500m
435B,93-185,219.2,promien_500m
435B,93-008,248.6,promien_500m
435B,93-124,266.6,promien_500m
435B,93-189,277.9,promien_500m
435B,93-180,306.0,promien_500m
435B,93-170,316.9,promien_500m
435B,92-313,347.9,promien_500m
435B,93-191,356.3,promien_500m
435B,93-173,378.4,promien_500m
435B,93-181,388.5,promien_500m
435B,93-176,394.0,promien_500m
435B,93-005,404.2,promien_500m
435B,93-588,443.1,promien_500m
435B,93-014,454.2,promien_500m
435B,93-586,484.6,promien_500m
436B,93-004,0.0,promien_500m
436B,93-002,1.5,promien_500m
436B,93-029,29.1,promien_500m
436B,93-171,37.8,promien_500m
436B,93-035,38.4,promien_500m
436B,93-172,78.4,promien_500m
436B,93-034,101.2,promien_500m
436B,93-184,112.4,promien_500m
436B,93-036,126.5,promien_500m
436B,93-491,141.5,promien_500m
436B,90-515,166.5,promien_500m
436B,93-188,176.7,promien_500m
436B,90-004,179.1,promien_500m
436B,93-008,252.9,promien_500m
436B,93-102,259.7,promien_500m
436B,93-185,264.1,promien_500m
436B,93-170,279.9,promien_500m
436B,93-124,309.9,promien_500m
436B,93-189,315.4,promien_500m
436B,93-180,349.6,promien_500m
436B,93-005,381.6,promien_500m
436B,92-313,390.7,promien_500m
436B,93-191,394.4,promien_500m
436B,93-173,398.5,promien_500m
436B,93-588,407.5,promien_500m
436B,93-181,433.4,promien_500m
436B,93-176,434.3,promien_500m
436B,93-586,440.2,promien_500m
436B,93-014,444.9,promien_500m
436B,93-558,494.9,promien_500m
436B,93-030,495.1,promien_500m
437B,93-029,0.0,promien_500m
437B,93-172,31.4,promien_500m
437B,93-002,59.2,promien_500m
437B,93-008,61.3,promien_500m
437B,93-035,122.6,promien_500m
437B,93-036,123.7,promien_500m
437B,93-184,157.4,promien_500m
437B,93-004,162.5,promien_500m
437B,93-171,163.9,promien_500m
437B,93-185,176.5,promien_500m
437B,93-173,227.5,promien_500m
437B,93-014,266.8,promien_500m
437B,93-034,277.1,promien_500m
437B,93-124,279.3,promien_500m
437B,93-188,294.0,promien_500m
437B,93-491,311.9,promien_500m
437B,93-030,325.8,promien_500m
437B,93-176,329.5,promien_500m
437B,93-180,329.9,promien_500m
437B,90-515,351.6,promien_500m
437B,93-102,354.5,promien_500m
437B,90-004,358.2,promien_500m
437B,93-037,421.8,promien_500m
437B,93-189,425.3,promien_500m
437B,93-181,431.8,promien_500m
437B,93-170,433.0,promien_500m
437B,93-177,456.2,promien_500m
437B,92-313,462.5,promien_500m
437B,93-586,470.5,promien_500m
437B,93-009,482.9,promien_500m
437B,93-191,491.4,promien_500m
437B,93-558,494.3,promien_500m
438B,93-029,0.0,promien_500m
438B,93-002,38.7,promien_500m
438B,93-008,38.9,promien_500m
438B,93-172,39.9,promien_500m
438B,93-036,134.6,promien_500m
438B,93-035,144.0,promien_500m
438B,93-185,164.7,promien_500m
438B,93-184,167.9,promien_500m
438B,93-171,184.0,promien_500m
438B,93-004,185.0,promien_500m
438B,93-173,206.3,promien_500m
438B,93-014,249.1,promien_500m
438B,93-124,280.4,promien_500m
438B,93-034,297.9,promien_500m
438B,93-188,309.1,promien_500m
438B,93-030,309.8,promien_500m
438B,93-176,317.0,promien_500m
438B,93-180,331.6,promien_500m
438B,93-491,331.7,promien_500m
438B,93-102,368.2,promien_500m
438B,90-515,374.1,promien_500m
438B,90-004,379.0,promien_500m
438B,93-037,416.8,promien_500m
438B,93-181,433.0,promien_500m
438B,93-177,435.2,promien_500m
438B,93-189,437.9,promien_500m
438B,93-170,453.3,promien_500m
438B,93-009,465.5,promien_500m
438B,92-313,472.3,promien_500m
438B,93-586,481.9,promien_500m
439D,91-449,0.0,promien_500m
439D,91-833,4.2,promien_500m
439D,91-825,24.0,promien_500m
439D,91-463,36.2,promien_500m
439D,91-801,46.8,promien_500m
439D,91-445,61.9,promien_500m
439D,91-829,72.4,promien_500m
439D,91-839,77.2,promien_500m
439D,91-826,124.0,promien_500m
439D,91-303,128.4,promien_500m
439D,91-446,133.7,promien_500m
439D,91-838,139.9,promien_500m
439D,91-059,141.7,promien_500m
439D,91-830,142.9,promien_500m
439D,91-302,168.7,promien_500m
439D,90-604,191.1,promien_500m
439D,91-027,197.9,promien_500m
439D,91-823,231.8,promien_500m
439D,91-831,243.1,promien_500m
439D,91-002,271.9,promien_500m
439D,91-450,273.1,promien_500m
439D,91-058,275.1,promien_500m
439D,91-824,290.5,promien_500m
439D,91-818,312.0,promien_500m
439D,91-301,314.7,promien_500m
439D,91-055,322.2,promien_500m
439D,91-815,342.9,promien_500m
439D,91-056,344.1,promien_500m
439D,91-832,351.2,promien_500m
439D,91-001,353.1,promien_500m
439D,91-837,368.5,promien_500m
439D,91-431,400.8,promien_500m
439D,91-308,409.2,promien_500m
439D,91-455,410.3,promien_500m
439D,91-836,417.4,promien_500m
439D,91-439,423.9,promien_500m
439D,91-822,427.6,promien_500m
439D,91-437,436.1,promien_500m
439D,91-440,440.2,promien_500m
439D,90-402,442.5,promien_500m
439D,91-053,444.1,promien_500m
439D,91-843,450.8,promien_500m
439D,91-444,472.3,promien_500m
439D,91-051,482.7,promien_500m
439D,91-052,487.5,promien_500m
439D,91-819,493.6,promien_500m
439D,91-430,497.0,promien_500m
43A,90-707,0.0,promien_500m
43A,90-706,7.7,promien_500m
43A,94-015,43.9,promien_500m
43A,90-701,63.1,promien_500m
43A,90-702,73.3,promien_500m
43A,90-708,73.3,promien_500m
43A,90-712,78.3,promien_500m
43A,90-710,94.8,promien_500m
43A,90-715,99.7,promien_500m
43A,90-713,103.8,promien_500m
43A,90-401,118.9,promien_500m
43A,91-069,118.9,promien_500m
43A,91-066,124.1,promien_500m
43A,90-716,142.3,promien_500m
43A,90-717,159.9,promien_500m
43A,91-067,174.5,promien_500m
43A,90-507,176.0,promien_500m
43A,90-502,200.1,promien_500m
43A,90-720,203.5,promien_500m
43A,90-404,211.8,promien_500m
43A,90-718,213.0,promien_500m
43A,90-739,213.3,promien_500m
43A,90-402,215.2,promien_500m
43A,90-711,224.5,promien_500m
43A,90-703,265.5,promien_500m
43A,91-065,271.8,promien_500m
43A,90-734,274.3,promien_500m
43A,90-727,275.7,promien_500m
43A,91-063,281.0,promien_500m
43A,90-569,298.9,promien_500m
43A,90-403,310.0,promien_500m
43A,91-068,320.7,promien_500m
43A,90-408,322.8,promien_500m
43A,90-742,327.4,promien_500m
43A,90-728,330.4,promien_500m
43A,90-730,331.7,promien_500m
43A,90-411,343.2,promien_500m
43A,91-062,349.0,promien_500m
43A,90-721,350.8,promien_500m
43A,91-070,371.4,promien_500m
43A,90-735,381.5,promien_500m
43A,90-729,385.9,promien_500m
43A,90-722,386.2,promien_500m
43A,91-415,390.6,promien_500m
43A,90-741,406.2,promien_500m
43A,90-406,408.7,promien_500m
43A,90-515,410.0,promien_500m
43A,91-071,412.0,promien_500m
43A,90-737,414.0,promien_500m
43A,90-736,417.6,promien_500m
43A,90-746,424.5,promien_500m
43A,90-731,429.4,promien_500m
43A,90-732,433.1,promien_500m
43A,90-407,436.9,promien_500m
43A,90-723,448.9,promien_500m
43A,90-745,450.9,promien_500m
43A,91-064,487.2,promien_500m
43A,90-270,487.4,promien_500m
43A,91-002,487.4,promien_500m
43A,90-410,487.9,promien_500m
43A,90-004,491.2,promien_500m
43A,90-743,491.5,promien_500m
43A,91-061,491.9,promien_500m
43A,90-725,492.7,promien_500m
43A,91-072,496.0,promien_500m
440D,91-445,0.0,promien_500m
440D,91-833,21.5,promien_500m
440D,91-449,27.1,promien_500m
440D,91-446,48.0,promien_500m
440D,91-829,51.8,promien_500m
440D,91-059,57.3,promien_500m
440D,91-303,75.7,promien_500m
440D,91-825,99.9,promien_500m
440D,91-302,111.4,promien_500m
440D,91-463,120.4,promien_500m
440D,90-604,121.0,promien_500m
440D,91-830,122.1,promien_500m
440D,91-801,127.4,promien_500m
440D,91-027,149.0,promien_500m
440D,91-839,164.1,promien_500m
440D,91-002,185.7,promien_500m
440D,91-831,192.7,promien_500m
440D,91-058,195.5,promien_500m
440D,91-826,210.2,promien_500m
440D,91-838,226.5,promien_500m
440D,91-055,263.6,promien_500m
440D,91-823,285.6,promien_500m
440D,91-056,291.2,promien_500m
440D,91-001,295.7,promien_500m
440D,91-832,296.1,promien_500m
440D,91-301,297.0,promien_500m
440D,91-824,326.6,promien_500m
440D,91-450,341.2,promien_500m
440D,91-818,354.6,promien_500m
440D,90-402,356.0,promien_500m
440D,91-053,361.4,promien_500m
440D,91-439,366.4,promien_500m
440D,91-815,369.8,promien_500m
440D,91-437,372.8,promien_500m
440D,91-444,400.7,promien_500m
440D,91-308,409.3,promien_500m
440D,91-440,421.1,promien_500m
440D,91-822,423.6,promien_500m
440D,91-837,427.2,promien_500m
440D,91-051,435.9,promien_500m
440D,91-052,443.9,promien_500m
440D,91-431,447.5,promien_500m
440D,91-430,453.5,promien_500m
440D,91-004,462.3,promien_500m
440D,91-309,471.4,promien_500m
440D,91-438,472.9,promien_500m
440D,91-836,474.7,promien_500m
440D,91-455,482.8,promien_500m
440D,91-005,487.7,promien_500m
44A,90-715,0.0,promien_500m
44A,90-716,12.7,promien_500m
44A,90-507,17.2,promien_500m
44A,90-717,29.5,promien_500m
44A,90-713,33.5,promien_500m
44A,90-708,46.3,promien_500m
44A,90-718,54.0,promien_500m
44A,90-706,58.5,promien_500m
44A,90-707,59.5,promien_500m
44A,90-712,67.2,promien_500m
44A,94-015,89.1,promien_500m
44A,90-739,101.2,promien_500m
44A,90-734,120.0,promien_500m
44A,90-710,129.4,promien_500m
44A,90-727,132.7,promien_500m
44A,90-720,142.8,promien_500m
44A,90-711,147.5,promien_500m
44A,90-730,173.2,promien_500m
44A,90-728,178.2,promien_500m
44A,90-411,188.9,promien_500m
44A,90-404,194.4,promien_500m
44A,90-701,201.1,promien_500m
44A,90-702,206.5,promien_500m
44A,90-729,227.1,promien_500m
44A,90-401,230.5,promien_500m
44A,90-721,241.2,promien_500m
44A,90-735,244.5,promien_500m
44A,90-402,246.9,promien_500m
44A,90-502,265.0,promien_500m
44A,90-722,269.0,promien_500m
44A,90-737,270.1,promien_500m
44A,90-742,271.0,promien_500m
44A,91-069,276.2,promien_500m
44A,90-515,276.6,promien_500m
44A,91-066,281.1,promien_500m
44A,90-736,284.3,promien_500m
44A,90-731,288.8,promien_500m
44A,90-569,304.0,promien_500m
44A,90-703,310.6,promien_500m
44A,90-732,312.0,promien_500m
44A,90-403,325.0,promien_500m
44A,90-408,327.6,promien_500m
44A,91-067,329.4,promien_500m
44A,90-741,334.7,promien_500m
44A,90-602,347.2,promien_500m
44A,90-723,347.8,promien_500m
44A,90-601,348.1,promien_500m
44A,90-743,366.7,promien_500m
44A,91-068,367.5,promien_500m
44A,90-746,375.9,promien_500m
44A,91-070,387.1,promien_500m
44A,90-725,399.2,promien_500m
44A,90-612,400.5,promien_500m
44A,90-407,414.0,promien_500m
44A,91-063,415.7,promien_500m
44A,91-065,426.3,promien_500m
44A,90-406,430.9,promien_500m
44A,90-745,435.7,promien_500m
44A,90-615,438.6,promien_500m
44A,90-410,439.7,promien_500m
44A,90-740,448.3,promien_500m
44A,90-624,449.9,promien_500m
44A,91-415,452.0,promien_500m
44A,90-607,455.0,promien_500m
44A,90-418,463.6,promien_500m
44A,90-604,477.2,promien_500m
44A,91-062,495.3,promien_500m
45A,90-716,0.0,promien_500m
45A,90-715,0.4,promien_500m
45A,90-507,17.2,promien_500m
45A,90-717,30.2,promien_500m
45A,90-708,34.4,promien_500m
45A,90-713,44.5,promien_500m
45A,90-718,56.8,promien_500m
45A,90-707,59.1,promien_500m
45A,90-706,59.3,promien_500m
45A,90-712,73.6,promien_500m
45A,94-015,89.9,promien_500m
45A,90-739,113.1,promien_500m
45A,90-734,126.0,promien_500m
45A,90-727,129.3,promien_500m
45A,90-720,129.7,promien_500m
45A,90-710,138.2,promien_500m
45A,90-711,160.6,promien_500m
45A,90-730,173.0,promien_500m
45A,90-728,174.2,promien_500m
45A,90-404,181.4,promien_500m
45A,90-411,194.3,promien_500m
45A,90-701,197.1,promien_500m
45A,90-702,210.3,promien_500m
45A,90-401,220.4,promien_500m
45A,90-729,229.1,promien_500m
45A,90-721,230.5,promien_500m
45A,90-402,234.7,promien_500m
45A,90-735,253.1,promien_500m
45A,90-722,259.2,promien_500m
45A,90-515,269.4,promien_500m
45A,90-502,274.5,promien_500m
45A,91-069,277.0,promien_500m
45A,90-737,277.8,promien_500m
45A,91-066,282.0,promien_500m
45A,90-731,282.3,promien_500m
45A,90-742,284.1,promien_500m
45A,90-736,293.6,promien_500m
45A,90-732,302.7,promien_500m
45A,90-403,312.0,promien_500m
45A,90-408,314.7,promien_500m
45A,90-569,316.3,promien_500m
45A,90-703,321.5,promien_500m
45A,91-067,331.0,promien_500m
45A,90-723,337.7,promien_500m
45A,90-601,344.8,promien_500m
45A,90-741,347.5,promien_500m
45A,90-602,351.8,promien_500m
45A,90-743,376.6,promien_500m
45A,91-068,378.6,promien_500m
45A,90-725,388.0,promien_500m
45A,90-746,388.4,promien_500m
45A,91-070,399.5,promien_500m
45A,90-612,399.8,promien_500m
45A,90-407,400.9,promien_500m
45A,91-063,407.5,promien_500m
45A,90-406,417.9,promien_500m
45A,91-065,423.2,promien_500m
45A,90-410,426.9,promien_500m
45A,91-415,440.4,promien_500m
45A,90-615,441.3,promien_500m
45A,90-745,448.8,promien_500m
45A,90-607,449.5,promien_500m
45A,90-624,455.8,promien_500m
45A,90-418,456.4,promien_500m
45A,90-740,461.1,promien_500m
45A,90-604,483.6,promien_500m
45A,90-004,487.1,promien_500m
45A,90-269,487.8,promien_500m
45A,91-062,490.4,promien_500m
45A,90-414,495.9,promien_500m
45A,90-270,497.8,promien_500m
45A,90-415,499.7,promien_500m
46A,90-717,0.0,promien_500m
46A,90-718,5.1,promien_500m
46A,90-720,46.2,promien_500m
46A,90-708,50.6,promien_500m
46A,90-716,56.3,promien_500m
46A,90-727,65.6,promien_500m
46A,90-715,98.5,promien_500m
46A,90-507,102.7,promien_500m
46A,90-404,103.6,promien_500m
46A,90-402,117.0,promien_500m
46A,90-721,119.6,promien_500m
46A,90-728,128.0,promien_500m
46A,90-707,139.0,promien_500m
46A,90-722,153.7,promien_500m
46A,90-706,154.8,promien_500m
46A,90-734,156.8,promien_500m
46A,90-730,160.7,promien_500m
46A,90-713,161.2,promien_500m
46A,94-015,178.2,promien_500m
46A,90-515,179.6,promien_500m
46A,90-712,183.2,promien_500m
46A,90-401,197.9,promien_500m
46A,90-732,200.4,promien_500m
46A,90-403,203.1,promien_500m
46A,90-731,204.1,promien_500m
46A,90-701,205.5,promien_500m
46A,90-739,212.2,promien_500m
46A,90-729,213.6,promien_500m
46A,90-411,215.4,promien_500m
46A,90-408,226.9,promien_500m
46A,90-723,228.2,promien_500m
46A,90-710,249.4,promien_500m
46A,90-711,272.1,promien_500m
46A,90-725,272.4,promien_500m
46A,90-601,281.1,promien_500m
46A,90-407,293.7,promien_500m
46A,90-702,300.9,promien_500m
46A,90-406,305.7,promien_500m
46A,90-410,312.0,promien_500m
46A,90-735,312.8,promien_500m
46A,90-737,322.2,promien_500m
46A,91-069,331.7,promien_500m
46A,90-602,345.6,promien_500m
46A,91-066,352.5,promien_500m
46A,90-736,357.1,promien_500m
46A,90-418,365.6,promien_500m
46A,90-607,365.7,promien_500m
46A,90-612,367.1,promien_500m
46A,91-415,376.0,promien_500m
46A,90-269,382.3,promien_500m
46A,91-063,383.6,promien_500m
46A,90-502,387.1,promien_500m
46A,90-004,391.7,promien_500m
46A,90-742,394.2,promien_500m
46A,90-414,394.7,promien_500m
46A,90-265,396.4,promien_500m
46A,91-067,404.3,promien_500m
46A,90-270,408.9,promien_500m
46A,90-273,418.0,promien_500m
46A,90-264,419.8,promien_500m
46A,90-569,434.0,promien_500m
46A,90-615,436.7,promien_500m
46A,90-703,437.7,promien_500m
46A,90-419,438.2,promien_500m
46A,90-231,441.2,promien_500m
46A,90-743,441.9,promien_500m
46A,90-741,445.2,promien_500m
46A,90-415,445.5,promien_500m
46A,91-065,458.2,promien_500m
46A,90-272,460.8,promien_500m
46A,90-606,464.5,promien_500m
46A,90-268,467.4,promien_500m
46A,90-624,480.6,promien_500m
46A,90-746,483.2,promien_500m
46A,90-413,486.2,promien_500m
46A,91-068,495.2,promien_500m
47A,90-720,0.0,promien_500m
47A,90-717,22.3,promien_500m
47A,90-708,26.6,promien_500m
47A,90-404,36.4,promien_500m
47A,90-718,45.0,promien_500m
47A,90-402,71.0,promien_500m
47A,90-727,118.0,promien_500m
47A,90-707,120.6,promien_500m
47A,90-721,121.4,promien_500m
47A,90-716,122.2,promien_500m
47A,90-403,137.7,promien_500m
47A,90-701,145.8,promien_500m
47A,90-715,146.0,promien_500m
47A,90-401,147.6,promien_500m
47A,90-408,150.0,promien_500m
47A,90-728,165.0,promien_500m
47A,90-507,169.2,promien_500m
47A,90-722,169.3,promien_500m
47A,90-411,178.8,promien_500m
47A,90-706,191.1,promien_500m
47A,94-015,205.5,promien_500m
47A,90-515,206.4,promien_500m
47A,90-723,209.2,promien_500m
47A,90-713,212.1,promien_500m
47A,90-732,216.3,promien_500m
47A,90-712,224.7,promien_500m
47A,90-407,226.4,promien_500m
47A,90-730,231.5,promien_500m
47A,90-734,232.9,promien_500m
47A,90-406,244.9,promien_500m
47A,90-731,245.6,promien_500m
47A,90-725,252.7,promien_500m
47A,90-410,257.0,promien_500m
47A,90-739,281.1,promien_500m
47A,90-729,282.2,promien_500m
47A,90-710,284.8,promien_500m
47A,91-069,288.4,promien_500m
47A,91-415,300.3,promien_500m
47A,90-269,313.8,promien_500m
47A,90-702,314.7,promien_500m
47A,91-063,317.0,promien_500m
47A,90-004,317.2,promien_500m
47A,90-601,324.7,promien_500m
47A,90-270,332.7,promien_500m
47A,90-711,334.9,promien_500m
47A,90-273,344.1,promien_500m
47A,90-265,348.2,promien_500m
47A,91-066,348.6,promien_500m
47A,90-264,369.9,promien_500m
47A,90-418,385.5,promien_500m
47A,90-607,386.1,promien_500m
47A,90-735,389.8,promien_500m
47A,90-231,390.1,promien_500m
47A,90-414,390.6,promien_500m
47A,90-272,392.6,promien_500m
47A,90-737,398.7,promien_500m
47A,91-067,399.9,promien_500m
47A,90-602,409.3,promien_500m
47A,90-268,416.6,promien_500m
47A,90-502,421.9,promien_500m
47A,91-065,425.5,promien_500m
47A,90-612,426.4,promien_500m
47A,90-736,433.9,promien_500m
47A,90-206,441.4,promien_500m
47A,90-419,446.5,promien_500m
47A,91-062,454.3,promien_500m
47A,90-742,458.4,promien_500m
47A,90-267,461.4,promien_500m
47A,91-061,469.4,promien_500m
47A,90-201,477.9,promien_500m
47A,90-703,478.8,promien_500m
47A,90-569,485.3,promien_500m
47A,91-416,485.5,promien_500m
47A,90-413,486.7,promien_500m
47A,90-415,492.0,promien_500m
47A,90-266,492.8,promien_500m
47A,90-135,493.6,promien_500m
48A,90-708,0.0,promien_500m
48A,90-707,31.6,promien_500m
48A,90-717,56.0,promien_500m
48A,90-715,62.5,promien_500m
48A,90-716,67.0,promien_500m
48A,90-720,70.0,promien_500m
48A,90-404,92.4,promien_500m
48A,90-706,93.9,promien_500m
48A,94-015,100.4,promien_500m
48A,90-718,113.3,promien_500m
48A,90-401,114.2,promien_500m
48A,90-507,119.0,promien_500m
48A,90-713,123.9,promien_500m
48A,90-712,128.4,promien_500m
48A,90-701,132.5,promien_500m
48A,90-402,143.6,promien_500m
48A,90-727,166.0,promien_500m
48A,90-710,180.8,promien_500m
48A,90-702,207.1,promien_500m
48A,90-721,219.1,promien_500m
48A,90-739,219.4,promien_500m
48A,90-408,220.2,promien_500m
48A,91-069,225.1,promien_500m
48A,90-403,227.2,promien_500m
48A,90-734,227.9,promien_500m
48A,90-728,232.7,promien_500m
48A,91-066,247.3,promien_500m
48A,90-730,251.3,promien_500m
48A,90-722,257.5,promien_500m
48A,90-711,257.6,promien_500m
48A,90-411,287.3,promien_500m
48A,90-515,287.6,promien_500m
48A,91-067,299.1,promien_500m
48A,90-732,304.7,promien_500m
48A,90-729,306.4,promien_500m
48A,91-063,306.6,promien_500m
48A,90-731,312.3,promien_500m
48A,90-723,315.0,promien_500m
48A,90-502,315.7,promien_500m
48A,90-407,319.9,promien_500m
48A,90-406,331.2,promien_500m
48A,91-415,334.1,promien_500m
48A,91-065,351.7,promien_500m
48A,90-735,358.5,promien_500m
48A,90-725,358.8,promien_500m
48A,90-410,361.5,promien_500m
48A,90-703,375.0,promien_500m
48A,90-742,379.0,promien_500m
48A,90-737,381.4,promien_500m
48A,90-569,388.7,promien_500m
48A,90-601,388.7,promien_500m
48A,90-004,393.0,promien_500m
48A,90-270,399.4,promien_500m
48A,90-736,400.0,promien_500m
48A,90-269,401.6,promien_500m
48A,91-062,405.9,promien_500m
48A,90-273,421.6,promien_500m
48A,91-068,432.8,promien_500m
48A,90-602,434.0,promien_500m
48A,90-741,448.2,promien_500m
48A,90-265,454.7,promien_500m
48A,90-612,466.9,promien_500m
48A,91-070,470.4,promien_500m
48A,90-418,472.2,promien_500m
48A,90-607,472.8,promien_500m
48A,91-061,475.6,promien_500m
48A,90-264,475.7,promien_500m
48A,90-272,482.3,promien_500m
48A,90-743,483.6,promien_500m
48A,90-746,491.8,promien_500m
48A,90-414,495.2,promien_500m
48A,90-231,495.3,promien_500m
49A,90-708,0.0,promien_500m
49A,90-404,4.4,promien_500m
49A,90-402,31.9,promien_500m
49A,90-720,41.6,promien_500m
49A,90-701,72.8,promien_500m
49A,90-408,73.3,promien_500m
49A,90-401,84.1,promien_500m
49A,90-403,88.4,promien_500m
49A,90-707,102.5,promien_500m
49A,90-717,115.8,promien_500m
49A,90-718,136.0,promien_500m
49A,90-407,181.7,promien_500m
49A,90-406,189.5,promien_500m
49A,90-721,190.4,promien_500m
49A,90-716,193.3,promien_500m
49A,90-411,199.5,promien_500m
49A,91-415,206.3,promien_500m
49A,90-715,209.3,promien_500m
49A,90-727,210.5,promien_500m
49A,91-069,212.9,promien_500m
49A,91-063,226.7,promien_500m
49A,90-722,235.2,promien_500m
49A,90-410,239.6,promien_500m
49A,90-706,240.8,promien_500m
49A,90-728,241.9,promien_500m
49A,94-015,242.3,promien_500m
49A,90-004,245.8,promien_500m
49A,90-723,247.4,promien_500m
49A,90-507,248.3,promien_500m
49A,90-270,253.4,promien_500m
49A,90-269,254.8,promien_500m
49A,90-713,271.1,promien_500m
49A,90-273,274.5,promien_500m
49A,90-712,275.5,promien_500m
49A,90-515,281.4,promien_500m
49A,90-732,287.2,promien_500m
49A,90-725,287.8,promien_500m
49A,90-702,319.4,promien_500m
49A,90-730,321.0,promien_500m
49A,90-710,323.7,promien_500m
49A,90-734,326.4,promien_500m
49A,90-731,326.5,promien_500m
49A,91-066,328.9,promien_500m
49A,90-265,335.9,promien_500m
49A,90-272,338.1,promien_500m
49A,90-264,353.5,promien_500m
49A,90-739,357.3,promien_500m
49A,90-231,367.1,promien_500m
49A,91-065,369.3,promien_500m
49A,91-061,375.2,promien_500m
49A,90-729,376.8,promien_500m
49A,91-062,377.2,promien_500m
49A,90-206,380.1,promien_500m
49A,91-067,384.2,promien_500m
49A,90-268,385.6,promien_500m
49A,90-201,386.0,promien_500m
49A,91-416,393.1,promien_500m
49A,90-711,402.5,promien_500m
49A,91-414,408.2,promien_500m
49A,90-601,408.7,promien_500m
49A,90-267,419.8,promien_500m
49A,90-414,425.6,promien_500m
49A,90-271,441.2,promien_500m
49A,90-207,446.1,promien_500m
49A,90-418,451.3,promien_500m
49A,90-607,452.1,promien_500m
49A,90-502,452.6,promien_500m
49A,90-263,460.6,promien_500m
49A,91-420,475.8,promien_500m
49A,91-417,477.9,promien_500m
49A,90-735,478.9,promien_500m
49A,90-266,479.2,promien_500m
49A,90-202,485.9,promien_500m
49A,90-737,491.7,promien_500m
49A,90-262,496.9,promien_500m
49A,90-261,499.3,promien_500m
49A,90-211,499.7,promien_500m
4A,91-421,0.0,promien_500m
4A,91-408,38.1,promien_500m
4A,91-422,45.4,promien_500m
4A,90-201,47.4,promien_500m
4A,91-423,64.3,promien_500m
4A,90-202,83.5,promien_500m
4A,90-205,86.0,promien_500m
4A,91-425,86.5,promien_500m
4A,90-209,86.6,promien_500m
4A,90-203,89.1,promien_500m
4A,90-011,89.6,promien_500m
4A,91-416,131.3,promien_500m
4A,91-420,137.5,promien_500m
4A,91-431,174.9,promien_500m
4A,90-207,224.6,promien_500m
4A,91-434,235.6,promien_500m
4A,91-417,240.5,promien_500m
4A,90-213,263.3,promien_500m
4A,90-271,294.3,promien_500m
4A,91-433,302.6,promien_500m
4A,90-206,310.5,promien_500m
4A,90-253,319.5,promien_500m
4A,90-214,321.8,promien_500m
4A,90-204,328.2,promien_500m
4A,90-272,328.2,promien_500m
4A,90-208,330.6,promien_500m
4A,91-430,343.7,promien_500m
4A,90-255,383.6,promien_500m
4A,90-211,384.1,promien_500m
4A,90-217,399.3,promien_500m
4A,90-215,408.3,promien_500m
4A,91-415,416.2,promien_500m
4A,90-256,419.6,promien_500m
4A,91-414,426.5,promien_500m
4A,90-260,426.6,promien_500m
4A,90-273,446.9,promien_500m
4A,90-252,450.3,promien_500m
4A,90-270,454.5,promien_500m
4A,91-437,476.3,promien_500m
4A,90-262,486.3,promien_500m
4A,90-263,487.7,promien_500m
4A,91-061,494.0,promien_500m
50A,90-720,0.0,promien_500m
50A,90-717,20.4,promien_500m
50A,90-718,27.4,promien_500m
50A,90-402,39.4,promien_500m
50A,90-721,69.6,promien_500m
50A,90-708,78.4,promien_500m
50A,90-404,78.6,promien_500m
50A,90-727,83.4,promien_500m
50A,90-728,115.9,promien_500m
50A,90-722,117.8,promien_500m
50A,90-403,121.4,promien_500m
50A,90-716,123.4,promien_500m
50A,90-411,135.6,promien_500m
50A,90-515,156.9,promien_500m
50A,90-723,159.9,promien_500m
50A,90-408,164.0,promien_500m
50A,90-732,165.7,promien_500m
50A,90-707,172.0,promien_500m
50A,90-715,177.1,promien_500m
50A,90-507,187.1,promien_500m
50A,90-701,190.7,promien_500m
50A,90-730,192.4,promien_500m
50A,90-401,195.0,promien_500m
50A,90-731,200.2,promien_500m
50A,90-725,203.7,promien_500m
50A,90-407,210.8,promien_500m
50A,90-406,221.6,promien_500m
50A,90-734,221.8,promien_500m
50A,90-410,227.6,promien_500m
50A,90-706,228.1,promien_500m
50A,90-713,241.9,promien_500m
50A,94-015,246.5,promien_500m
50A,90-729,256.6,promien_500m
50A,90-712,259.8,promien_500m
50A,90-601,280.6,promien_500m
50A,90-739,296.3,promien_500m
50A,90-269,299.7,promien_500m
50A,90-265,313.4,promien_500m
50A,90-004,316.4,promien_500m
50A,91-415,322.5,promien_500m
50A,90-710,323.4,promien_500m
50A,90-418,334.4,promien_500m
50A,90-607,335.0,promien_500m
50A,91-069,335.1,promien_500m
50A,90-264,336.5,promien_500m
50A,90-270,336.8,promien_500m
50A,90-414,340.5,promien_500m
50A,90-273,341.1,promien_500m
50A,91-063,355.3,promien_500m
50A,90-711,356.4,promien_500m
50A,90-231,357.6,promien_500m
50A,90-702,362.1,promien_500m
50A,90-602,375.2,promien_500m
50A,90-272,378.5,promien_500m
50A,90-268,384.1,promien_500m
50A,90-737,384.7,promien_500m
50A,90-735,386.5,promien_500m
50A,90-612,389.9,promien_500m
50A,90-419,394.5,promien_500m
50A,91-066,399.2,promien_500m
50A,90-206,430.5,promien_500m
50A,90-736,430.8,promien_500m
50A,90-413,435.0,promien_500m
50A,90-267,436.1,promien_500m
50A,90-135,445.9,promien_500m
50A,90-415,447.7,promien_500m
50A,91-067,450.7,promien_500m
50A,90-105,454.1,promien_500m
50A,90-266,456.4,promien_500m
50A,90-502,461.5,promien_500m
50A,90-606,461.9,promien_500m
50A,90-615,473.0,promien_500m
50A,91-065,476.8,promien_500m
50A,90-742,478.7,promien_500m
50A,90-271,483.0,promien_500m
50A,90-263,485.6,promien_500m
50A,90-201,491.6,promien_500m
51A,90-720,0.0,promien_500m
51A,90-402,16.4,promien_500m
51A,90-721,21.4,promien_500m
51A,90-727,33.3,promien_500m
51A,90-718,44.4,promien_500m
51A,90-717,63.3,promien_500m
51A,90-728,64.9,promien_500m
51A,90-722,67.1,promien_500m
51A,90-515,105.5,promien_500m
51A,90-732,114.3,promien_500m
51A,90-411,115.9,promien_500m
51A,90-716,116.9,promien_500m
51A,90-404,120.8,promien_500m
51A,90-723,123.3,promien_500m
51A,90-708,127.9,promien_500m
51A,90-403,129.9,promien_500m
51A,90-730,145.8,promien_500m
51A,90-731,149.8,promien_500m
51A,90-725,167.1,promien_500m
51A,90-715,169.4,promien_500m
51A,90-507,201.7,promien_500m
51A,90-408,202.1,promien_500m
51A,90-734,206.9,promien_500m
51A,90-707,219.7,promien_500m
51A,90-406,220.1,promien_500m
51A,90-407,220.6,promien_500m
51A,90-410,223.1,promien_500m
51A,90-729,225.4,promien_500m
51A,90-601,231.8,promien_500m
51A,90-701,241.7,promien_500m
51A,90-401,246.4,promien_500m
51A,90-706,259.5,promien_500m
51A,90-713,266.0,promien_500m
51A,94-015,281.4,promien_500m
51A,90-418,283.3,promien_500m
51A,90-607,284.0,promien_500m
51A,90-712,288.5,promien_500m
51A,90-265,298.9,promien_500m
51A,90-414,299.1,promien_500m
51A,90-269,300.3,promien_500m
51A,90-739,304.3,promien_500m
51A,90-264,323.3,promien_500m
51A,90-602,334.0,promien_500m
51A,90-004,338.5,promien_500m
51A,90-231,345.3,promien_500m
51A,90-419,345.7,promien_500m
51A,90-612,346.6,promien_500m
51A,90-711,353.1,promien_500m
51A,90-710,354.6,promien_500m
51A,90-273,357.6,promien_500m
51A,90-270,361.3,promien_500m
51A,91-415,361.3,promien_500m
51A,90-737,361.8,promien_500m
51A,90-268,370.7,promien_500m
51A,90-735,374.5,promien_500m
51A,90-272,385.7,promien_500m
51A,91-069,386.1,promien_500m
51A,90-413,388.7,promien_500m
51A,90-415,398.4,promien_500m
51A,90-702,401.6,promien_500m
51A,91-063,403.5,promien_500m
51A,90-135,409.2,promien_500m
51A,90-606,411.8,promien_500m
51A,90-105,415.8,promien_500m
51A,90-736,418.2,promien_500m
51A,90-615,431.2,promien_500m
51A,90-267,431.4,promien_500m
51A,90-266,437.3,promien_500m
51A,90-206,441.4,promien_500m
51A,91-066,444.5,promien_500m
51A,90-646,468.1,promien_500m
51A,90-616,468.7,promien_500m
51A,90-263,485.1,promien_500m
51A,90-271,487.0,promien_500m
51A,90-742,488.7,promien_500m
51A,90-743,489.5,promien_500m
51A,90-261,492.4,promien_500m
51A,90-502,492.4,promien_500m
51A,90-262,494.6,promien_500m
51A,91-067,496.2,promien_500m
51A,90-624,499.6,promien_500m
52A,90-402,0.0,promien_500m
52A,90-403,19.6,promien_500m
52A,90-701,36.0,promien_500m
52A,90-408,55.5,promien_500m
52A,90-708,64.1,promien_500m
52A,90-401,83.1,promien_500m
52A,90-404,88.7,promien_500m
52A,91-415,116.5,promien_500m
52A,90-707,120.9,promien_500m
52A,90-406,121.6,promien_500m
52A,91-069,134.0,promien_500m
52A,91-063,135.1,promien_500m
52A,90-720,136.3,promien_500m
52A,90-407,192.1,promien_500m
52A,90-270,198.1,promien_500m
52A,90-004,206.2,promien_500m
52A,90-717,212.3,promien_500m
52A,90-269,216.7,promien_500m
52A,90-718,232.5,promien_500m
52A,90-273,233.4,promien_500m
52A,90-411,261.1,promien_500m
52A,90-721,266.3,promien_500m
52A,90-410,269.8,promien_500m
52A,90-716,275.9,promien_500m
52A,91-061,278.6,promien_500m
52A,90-715,279.0,promien_500m
52A,90-272,290.8,promien_500m
52A,90-706,292.9,promien_500m
52A,94-015,294.5,promien_500m
52A,90-201,298.1,promien_500m
52A,91-062,300.2,promien_500m
52A,90-727,303.3,promien_500m
52A,91-416,305.0,promien_500m
52A,91-066,309.5,promien_500m
52A,91-414,312.2,promien_500m
52A,90-722,316.6,promien_500m
52A,90-723,317.2,promien_500m
52A,91-065,317.2,promien_500m
52A,90-507,332.7,promien_500m
52A,90-702,333.7,promien_500m
52A,90-728,333.7,promien_500m
52A,90-713,335.9,promien_500m
52A,90-712,339.2,promien_500m
52A,90-206,345.6,promien_500m
52A,90-725,355.5,promien_500m
52A,90-265,361.5,promien_500m
52A,90-231,368.0,promien_500m
52A,90-515,371.6,promien_500m
52A,90-264,373.9,promien_500m
52A,90-732,374.7,promien_500m
52A,90-710,375.0,promien_500m
52A,91-067,378.2,promien_500m
52A,91-420,379.7,promien_500m
52A,90-271,383.2,promien_500m
52A,90-268,385.8,promien_500m
52A,91-417,388.3,promien_500m
52A,90-207,398.0,promien_500m
52A,90-267,404.4,promien_500m
52A,90-202,407.6,promien_500m
52A,90-730,415.4,promien_500m
52A,90-731,416.2,promien_500m
52A,91-064,419.1,promien_500m
52A,90-734,420.5,promien_500m
52A,90-739,436.8,promien_500m
52A,90-263,442.2,promien_500m
52A,90-211,464.8,promien_500m
52A,90-729,473.2,promien_500m
52A,90-711,474.0,promien_500m
52A,91-002,483.2,promien_500m
52A,90-414,487.3,promien_500m
52A,90-262,487.4,promien_500m
52A,90-502,490.6,promien_500m
52A,90-266,495.4,promien_500m
52A,90-261,496.1,promien_500m
53A,90-402,0.0,promien_500m
53A,90-403,17.6,promien_500m
53A,90-701,25.5,promien_500m
53A,90-401,50.5,promien_500m
53A,91-069,67.1,promien_500m
53A,91-063,70.1,promien_500m
53A,91-415,96.0,promien_500m
53A,90-708,109.6,promien_500m
53A,90-408,118.1,promien_500m
53A,90-406,121.1,promien_500m
53A,90-707,138.3,promien_500m
53A,90-404,155.0,promien_500m
53A,90-270,194.7,promien_500m
53A,90-720,198.1,promien_500m
53A,91-061,226.5,promien_500m
53A,91-062,233.9,promien_500m
53A,90-004,234.1,promien_500m
53A,90-407,247.5,promien_500m
53A,90-269,250.2,promien_500m
53A,90-273,257.3,promien_500m
53A,91-065,261.3,promien_500m
53A,90-717,262.8,promien_500m
53A,91-066,263.2,promien_500m
53A,91-414,264.6,promien_500m
53A,90-201,273.7,promien_500m
53A,91-416,279.9,promien_500m
53A,90-706,287.7,promien_500m
53A,90-718,291.1,promien_500m
53A,90-272,292.4,promien_500m
53A,90-715,307.7,promien_500m
53A,94-015,309.7,promien_500m
53A,90-702,313.9,promien_500m
53A,90-507,314.8,promien_500m
53A,90-716,315.0,promien_500m
53A,90-411,327.3,promien_500m
53A,90-410,330.9,promien_500m
53A,91-420,331.4,promien_500m
53A,90-721,333.4,promien_500m
53A,91-067,345.0,promien_500m
53A,91-064,352.2,promien_500m
53A,90-712,357.2,promien_500m
53A,91-417,357.4,promien_500m
53A,90-713,358.5,promien_500m
53A,90-727,365.4,promien_500m
53A,90-206,373.3,promien_500m
53A,90-271,381.2,promien_500m
53A,90-722,383.5,promien_500m
53A,90-723,384.3,promien_500m
53A,90-710,385.8,promien_500m
53A,90-202,392.2,promien_500m
53A,90-728,397.8,promien_500m
53A,90-207,413.4,promien_500m
53A,90-231,416.2,promien_500m
53A,91-002,417.3,promien_500m
53A,90-265,419.6,promien_500m
53A,90-725,422.4,promien_500m
53A,90-264,430.0,promien_500m
53A,90-268,433.4,promien_500m
53A,90-515,436.5,promien_500m
53A,90-732,440.9,promien_500m
53A,91-006,443.3,promien_500m
53A,90-267,443.6,promien_500m
53A,90-739,469.0,promien_500m
53A,90-734,469.8,promien_500m
53A,90-730,476.1,promien_500m
53A,90-263,478.8,promien_500m
53A,90-731,481.4,promien_500m
53A,90-502,488.3,promien_500m
53A,90-211,490.4,promien_500m
53A,90-711,498.4,promien_500m
54A,90-403,0.0,promien_500m
54A,90-402,9.1,promien_500m
54A,90-408,14.9,promien_500m
54A,90-404,52.7,promien_500m
54A,90-708,60.1,promien_500m
54A,90-701,78.9,promien_500m
54A,90-406,93.5,promien_500m
54A,91-415,111.4,promien_500m
54A,90-401,124.4,promien_500m
54A,90-720,129.5,promien_500m
54A,90-407,147.5,promien_500m
54A,90-707,154.8,promien_500m
54A,90-270,164.3,promien_500m
54A,91-063,165.6,promien_500m
54A,90-004,166.5,promien_500m
54A,91-069,168.9,promien_500m
54A,90-269,176.8,promien_500m
54A,90-273,195.6,promien_500m
54A,90-717,205.2,promien_500m
54A,90-411,223.5,promien_500m
54A,90-718,226.4,promien_500m
54A,90-410,227.1,promien_500m
54A,90-721,236.7,promien_500m
54A,90-272,263.5,promien_500m
54A,90-723,284.7,promien_500m
54A,90-722,285.2,promien_500m
54A,90-727,287.1,promien_500m
54A,90-201,288.9,promien_500m
54A,90-716,289.6,promien_500m
54A,91-061,291.2,promien_500m
54A,91-416,296.1,promien_500m
54A,90-715,300.2,promien_500m
54A,90-206,305.9,promien_500m
54A,90-728,315.6,promien_500m
54A,90-265,317.7,promien_500m
54A,91-414,319.3,promien_500m
54A,90-725,321.5,promien_500m
54A,90-231,323.3,promien_500m
54A,94-015,323.4,promien_500m
54A,90-706,324.2,promien_500m
54A,90-264,329.5,promien_500m
54A,91-062,337.7,promien_500m
54A,90-268,341.2,promien_500m
54A,90-507,345.2,promien_500m
54A,90-732,350.5,promien_500m
54A,90-515,351.2,promien_500m
54A,90-271,352.9,promien_500m
54A,91-066,354.3,promien_500m
54A,90-713,359.9,promien_500m
54A,91-065,360.9,promien_500m
54A,90-267,361.3,promien_500m
54A,90-207,362.8,promien_500m
54A,90-712,363.8,promien_500m
54A,90-702,375.1,promien_500m
54A,91-417,380.9,promien_500m
54A,91-420,385.0,promien_500m
54A,90-202,388.9,promien_500m
54A,90-731,395.0,promien_500m
54A,90-263,399.6,promien_500m
54A,90-730,400.1,promien_500m
54A,90-710,404.9,promien_500m
54A,91-067,422.1,promien_500m
54A,90-734,422.4,promien_500m
54A,90-211,425.7,promien_500m
54A,90-262,443.7,promien_500m
54A,90-414,450.0,promien_500m
54A,91-064,450.3,promien_500m
54A,90-266,450.7,promien_500m
54A,90-261,451.8,promien_500m
54A,90-739,453.2,promien_500m
54A,90-260,467.5,promien_500m
54A,90-729,468.1,promien_500m
54A,90-601,481.8,promien_500m
54A,90-711,495.3,promien_500m
55A,90-408,0.0,promien_500m
55A,90-404,6.4,promien_500m
55A,90-403,48.3,promien_500m
55A,90-406,52.4,promien_500m
55A,90-407,62.9,promien_500m
55A,90-004,71.8,promien_500m
55A,90-269,80.9,promien_500m
55A,90-270,85.9,promien_500m
55A,90-402,95.3,promien_500m
55A,90-273,100.6,promien_500m
55A,91-415,115.5,promien_500m
55A,90-708,134.9,promien_500m
55A,90-401,153.8,promien_500m
55A,90-411,159.6,promien_500m
55A,90-410,162.2,promien_500m
55A,90-272,173.5,promien_500m
55A,90-701,177.9,promien_500m
55A,90-720,178.5,promien_500m
55A,90-206,208.6,promien_500m
55A,91-063,215.6,promien_500m
55A,90-721,219.6,promien_500m
55A,90-231,228.6,promien_500m
55A,90-722,230.9,promien_500m
55A,91-069,235.3,promien_500m
55A,90-265,237.4,promien_500m
55A,90-201,241.9,promien_500m
55A,90-268,246.0,promien_500m
55A,90-264,246.2,promien_500m
55A,90-717,252.0,promien_500m
55A,90-707,252.1,promien_500m
55A,90-723,260.6,promien_500m
55A,90-267,262.0,promien_500m
55A,91-416,266.5,promien_500m
55A,90-271,267.8,promien_500m
55A,90-207,272.1,promien_500m
55A,90-718,273.1,promien_500m
55A,90-725,282.6,promien_500m
55A,90-263,300.1,promien_500m
55A,91-061,303.1,promien_500m
55A,90-727,307.7,promien_500m
55A,91-414,323.5,promien_500m
55A,90-211,328.7,promien_500m
55A,90-728,329.8,promien_500m
55A,90-202,332.0,promien_500m
55A,90-262,345.0,promien_500m
55A,91-417,345.3,promien_500m
55A,90-732,346.4,promien_500m
55A,90-266,354.3,promien_500m
55A,90-261,354.4,promien_500m
55A,90-515,354.5,promien_500m
55A,90-716,363.4,promien_500m
55A,90-260,368.7,promien_500m
55A,91-420,376.1,promien_500m
55A,90-715,383.0,promien_500m
55A,91-062,390.2,promien_500m
55A,90-731,397.0,promien_500m
55A,90-414,400.8,promien_500m
55A,94-015,414.3,promien_500m
55A,90-706,414.6,promien_500m
55A,90-507,415.5,promien_500m
55A,90-730,416.7,promien_500m
55A,90-135,435.4,promien_500m
55A,90-713,445.1,promien_500m
55A,91-065,446.8,promien_500m
55A,91-066,448.8,promien_500m
55A,90-712,449.5,promien_500m
55A,90-413,469.5,promien_500m
55A,90-105,470.4,promien_500m
55A,90-734,473.1,promien_500m
55A,90-418,474.4,promien_500m
55A,90-702,474.5,promien_500m
55A,90-208,475.0,promien_500m
55A,90-205,479.5,promien_500m
55A,90-601,482.8,promien_500m
55A,90-607,486.6,promien_500m
55A,90-710,496.0,promien_500m
56A,90-273,0.0,promien_500m
56A,90-206,48.0,promien_500m
56A,90-272,53.0,promien_500m
56A,90-270,59.9,promien_500m
56A,90-269,64.3,promien_500m
56A,90-004,68.5,promien_500m
56A,90-406,92.3,promien_500m
56A,90-271,97.2,promien_500m
56A,90-207,99.3,promien_500m
56A,90-404,106.4,promien_500m
56A,90-408,106.4,promien_500m
56A,91-415,109.4,promien_500m
56A,90-407,113.9,promien_500m
56A,90-267,147.1,promien_500m
56A,90-201,151.2,promien_500m
56A,90-263,162.6,promien_500m
56A,90-211,165.1,promien_500m
56A,90-231,173.5,promien_500m
56A,90-268,181.1,promien_500m
56A,90-403,183.5,promien_500m
56A,90-410,188.6,promien_500m
56A,90-202,211.2,promien_500m
56A,90-260,214.3,promien_500m
56A,90-262,218.5,promien_500m
56A,91-416,219.6,promien_500m
56A,90-264,230.8,promien_500m
56A,90-411,235.0,promien_500m
56A,90-265,236.1,promien_500m
56A,90-401,247.4,promien_500m
56A,90-261,249.0,promien_500m
56A,90-722,249.4,promien_500m
56A,90-266,251.2,promien_500m
56A,91-417,259.4,promien_500m
56A,90-402,264.7,promien_500m
56A,91-063,291.1,promien_500m
56A,90-208,304.9,promien_500m
56A,91-061,307.1,promien_500m
56A,90-708,307.5,promien_500m
56A,90-205,313.7,promien_500m
56A,91-414,316.5,promien_500m
56A,90-701,333.6,promien_500m
56A,90-721,338.8,promien_500m
56A,91-420,340.9,promien_500m
56A,90-720,342.2,promien_500m
56A,91-069,344.2,promien_500m
56A,90-725,352.7,promien_500m
56A,91-422,363.3,promien_500m
56A,90-723,366.4,promien_500m
56A,91-423,374.1,promien_500m
56A,90-135,399.6,promien_500m
56A,90-209,400.3,promien_500m
56A,90-253,402.4,promien_500m
56A,90-256,402.7,promien_500m
56A,90-717,416.0,promien_500m
56A,90-707,419.7,promien_500m
56A,91-062,420.8,promien_500m
56A,90-213,424.3,promien_500m
56A,90-011,425.8,promien_500m
56A,90-718,436.0,promien_500m
56A,90-257,444.6,promien_500m
56A,90-414,447.0,promien_500m
56A,90-727,452.2,promien_500m
56A,90-214,457.9,promien_500m
56A,90-732,457.9,promien_500m
56A,90-252,458.6,promien_500m
56A,90-105,460.4,promien_500m
56A,91-421,460.6,promien_500m
56A,91-408,463.5,promien_500m
56A,90-728,466.9,promien_500m
56A,90-413,474.7,promien_500m
56A,90-515,477.6,promien_500m
56A,90-203,482.5,promien_500m
56A,90-258,489.5,promien_500m
56A,90-117,492.4,promien_500m
57A,90-271,0.0,promien_500m
57A,90-272,3.7,promien_500m
57A,90-207,48.0,promien_500m
57A,90-273,57.8,promien_500m
57A,90-206,64.6,promien_500m
57A,90-202,93.3,promien_500m
57A,90-270,99.4,promien_500m
57A,91-415,105.4,promien_500m
57A,90-201,114.6,promien_500m
57A,90-211,148.2,promien_500m
57A,91-416,161.3,promien_500m
57A,90-004,167.5,promien_500m
57A,91-417,175.8,promien_500m
57A,90-269,180.8,promien_500m
57A,90-406,189.5,promien_500m
57A,90-263,191.4,promien_500m
57A,90-205,201.9,promien_500m
57A,90-260,207.9,promien_500m
57A,90-267,210.0,promien_500m
57A,90-404,214.1,promien_500m
57A,90-408,214.1,promien_500m
57A,90-407,231.7,promien_500m
57A,90-262,238.3,promien_500m
57A,90-208,241.6,promien_500m
57A,91-422,245.7,promien_500m
57A,90-268,253.2,promien_500m
57A,91-423,260.1,promien_500m
57A,90-403,266.3,promien_500m
57A,90-231,267.6,promien_500m
57A,91-414,282.7,promien_500m
57A,91-420,292.3,promien_500m
57A,91-061,294.2,promien_500m
57A,90-401,296.4,promien_500m
57A,90-261,296.6,promien_500m
57A,90-410,299.4,promien_500m
57A,90-266,300.1,promien_500m
57A,90-264,300.9,promien_500m
57A,90-209,306.0,promien_500m
57A,91-063,317.5,promien_500m
57A,90-253,320.6,promien_500m
57A,90-011,320.8,promien_500m
57A,90-213,338.6,promien_500m
57A,90-265,339.5,promien_500m
57A,91-421,342.7,promien_500m
57A,90-402,344.0,promien_500m
57A,91-408,347.0,promien_500m
57A,90-256,347.4,promien_500m
57A,90-411,350.3,promien_500m
57A,90-722,355.9,promien_500m
57A,90-203,367.1,promien_500m
57A,90-214,373.3,promien_500m
57A,91-069,393.9,promien_500m
57A,91-062,410.5,promien_500m
57A,90-708,411.1,promien_500m
57A,90-701,412.3,promien_500m
57A,90-257,414.4,promien_500m
57A,90-252,417.9,promien_500m
57A,90-135,434.6,promien_500m
57A,90-720,455.1,promien_500m
57A,90-258,456.5,promien_500m
57A,90-721,456.7,promien_500m
57A,90-725,465.6,promien_500m
57A,90-259,475.2,promien_500m
57A,91-425,475.7,promien_500m
57A,90-255,478.2,promien_500m
57A,90-723,483.8,promien_500m
57A,91-434,496.5,promien_500m
58A,90-271,0.0,promien_500m
58A,90-272,4.3,promien_500m
58A,90-202,30.6,promien_500m
58A,90-201,51.4,promien_500m
58A,91-416,76.8,promien_500m
58A,91-415,80.9,promien_500m
58A,91-417,87.4,promien_500m
58A,90-270,108.8,promien_500m
58A,90-207,109.4,promien_500m
58A,90-273,116.7,promien_500m
58A,90-206,153.2,promien_500m
58A,90-406,183.6,promien_500m
58A,91-423,195.9,promien_500m
58A,91-422,199.1,promien_500m
58A,90-205,202.1,promien_500m
58A,91-414,207.7,promien_500m
58A,91-420,209.9,promien_500m
58A,90-004,210.4,promien_500m
58A,90-211,230.9,promien_500m
58A,91-061,234.4,promien_500m
58A,90-269,234.9,promien_500m
58A,90-408,256.9,promien_500m
58A,90-404,257.5,promien_500m
58A,90-401,264.6,promien_500m
58A,90-403,274.1,promien_500m
58A,90-263,279.9,promien_500m
58A,91-063,282.5,promien_500m
58A,90-402,287.2,promien_500m
58A,90-407,291.0,promien_500m
58A,90-260,291.8,promien_500m
58A,91-421,292.7,promien_500m
58A,90-267,298.3,promien_500m
58A,90-208,299.3,promien_500m
58A,90-209,309.7,promien_500m
58A,90-011,314.0,promien_500m
58A,91-408,318.6,promien_500m
58A,90-262,323.5,promien_500m
58A,90-268,340.3,promien_500m
58A,90-203,343.8,promien_500m
58A,91-062,345.8,promien_500m
58A,90-231,349.6,promien_500m
58A,90-253,357.0,promien_500m
58A,90-213,367.1,promien_500m
58A,91-069,371.0,promien_500m
58A,90-410,372.8,promien_500m
58A,90-261,385.3,promien_500m
58A,90-266,388.8,promien_500m
58A,90-264,389.6,promien_500m
58A,90-256,404.4,promien_500m
58A,90-214,404.7,promien_500m
58A,91-434,407.8,promien_500m
58A,90-701,412.2,promien_500m
58A,90-411,416.1,promien_500m
58A,90-265,418.6,promien_500m
58A,91-425,423.8,promien_500m
58A,90-722,432.8,promien_500m
58A,90-708,434.4,promien_500m
58A,91-437,436.4,promien_500m
58A,91-431,442.6,promien_500m
58A,91-006,451.3,promien_500m
58A,91-065,464.3,promien_500m
58A,91-064,479.6,promien_500m
58A,90-252,481.2,promien_500m
58A,90-257,483.2,promien_500m
58A,90-720,489.2,promien_500m
58A,91-430,489.3,promien_500m
59A,90-207,0.0,promien_500m
59A,90-206,3.0,promien_500m
59A,90-271,47.2,promien_500m
59A,90-211,64.5,promien_500m
59A,90-272,69.8,promien_500m
59A,90-273,82.2,promien_500m
59A,90-202,103.3,promien_500m
59A,90-260,124.3,promien_500m
59A,90-263,124.3,promien_500m
59A,90-208,143.6,promien_500m
59A,90-262,156.8,promien_500m
59A,90-267,162.0,promien_500m
59A,90-205,166.3,promien_500m
59A,90-269,169.2,promien_500m
59A,90-270,192.2,promien_500m
59A,91-415,202.8,promien_500m
59A,90-201,214.9,promien_500m
59A,90-268,221.0,promien_500m
59A,91-416,230.1,promien_500m
59A,90-209,231.4,promien_500m
59A,90-261,233.6,promien_500m
59A,90-253,234.0,promien_500m
59A,90-004,235.7,promien_500m
59A,90-266,242.9,promien_500m
59A,90-264,244.1,promien_500m
59A,90-256,248.5,promien_500m
59A,91-417,251.3,promien_500m
59A,90-231,251.6,promien_500m
59A,91-422,254.8,promien_500m
59A,90-213,254.9,promien_500m
59A,90-406,261.0,promien_500m
59A,90-011,262.3,promien_500m
59A,90-407,271.8,promien_500m
59A,90-404,275.9,promien_500m
59A,90-408,275.9,promien_500m
59A,91-423,288.6,promien_500m
59A,90-214,288.8,promien_500m
59A,90-410,309.0,promien_500m
59A,90-257,314.5,promien_500m
59A,90-252,317.6,promien_500m
59A,91-408,323.6,promien_500m
59A,90-265,331.6,promien_500m
59A,90-203,336.6,promien_500m
59A,91-421,337.0,promien_500m
59A,90-403,346.9,promien_500m
59A,90-135,353.1,promien_500m
59A,90-722,354.0,promien_500m
59A,90-258,356.3,promien_500m
59A,90-411,361.6,promien_500m
59A,90-259,374.9,promien_500m
59A,91-414,378.9,promien_500m
59A,91-420,383.0,promien_500m
59A,90-255,386.3,promien_500m
59A,90-401,392.7,promien_500m
59A,91-061,394.1,promien_500m
59A,91-063,416.3,promien_500m
59A,90-254,421.8,promien_500m
59A,90-402,433.7,promien_500m
59A,90-725,466.1,promien_500m
59A,91-425,472.0,promien_500m
59A,90-708,477.0,promien_500m
59A,90-117,477.3,promien_500m
59A,90-215,484.5,promien_500m
59A,90-105,486.6,promien_500m
59A,90-721,487.6,promien_500m
59A,91-069,488.7,promien_500m
59A,90-113,491.9,promien_500m
59A,90-701,496.4,promien_500m
5A,91-423,0.0,promien_500m
5A,91-421,58.1,promien_500m
5A,91-422,58.8,promien_500m
5A,91-416,61.3,promien_500m
5A,90-011,72.1,promien_500m
5A,91-420,94.4,promien_500m
5A,90-202,104.1,promien_500m
5A,90-201,109.6,promien_500m
5A,91-417,117.0,promien_500m
5A,91-408,149.8,promien_500m
5A,90-205,160.7,promien_500m
5A,90-209,168.7,promien_500m
5A,91-425,174.3,promien_500m
5A,91-431,190.7,promien_500m
5A,90-203,197.0,promien_500m
5A,91-434,203.6,promien_500m
5A,90-271,212.8,promien_500m
5A,90-207,220.9,promien_500m
5A,90-272,228.0,promien_500m
5A,91-430,287.7,promien_500m
5A,91-415,301.4,promien_500m
5A,91-414,302.7,promien_500m
5A,91-433,323.7,promien_500m
5A,90-206,331.7,promien_500m
5A,90-213,333.6,promien_500m
5A,91-437,364.2,promien_500m
5A,90-270,364.9,promien_500m
5A,91-061,372.3,promien_500m
5A,90-253,372.7,promien_500m
5A,90-208,375.5,promien_500m
5A,90-273,375.8,promien_500m
5A,90-214,394.7,promien_500m
5A,90-211,394.9,promien_500m
5A,91-006,407.5,promien_500m
5A,91-062,418.2,promien_500m
5A,90-406,421.1,promien_500m
5A,90-402,427.6,promien_500m
5A,91-439,428.2,promien_500m
5A,90-260,453.2,promien_500m
5A,90-204,453.8,promien_500m
5A,90-401,459.8,promien_500m
5A,90-256,462.1,promien_500m
5A,90-004,469.5,promien_500m
5A,91-438,470.2,promien_500m
5A,90-263,470.3,promien_500m
5A,90-255,472.2,promien_500m
5A,91-063,473.8,promien_500m
5A,90-269,494.1,promien_500m
60A,90-207,0.0,promien_500m
60A,90-206,7.1,promien_500m
60A,90-208,50.0,promien_500m
60A,90-205,61.2,promien_500m
60A,90-211,67.1,promien_500m
60A,90-209,90.0,promien_500m
60A,90-253,93.3,promien_500m
60A,90-202,111.8,promien_500m
60A,90-213,112.0,promien_500m
60A,90-260,121.4,promien_500m
60A,90-011,135.4,promien_500m
60A,90-256,144.7,promien_500m
60A,90-214,146.5,promien_500m
60A,90-271,154.2,promien_500m
60A,90-262,175.6,promien_500m
60A,90-263,186.7,promien_500m
60A,90-272,212.1,promien_500m
60A,90-201,213.0,promien_500m
60A,91-422,222.1,promien_500m
60A,90-273,225.8,promien_500m
60A,90-203,227.4,promien_500m
60A,91-416,229.5,promien_500m
60A,90-261,230.3,promien_500m
60A,90-252,231.3,promien_500m
60A,91-408,236.3,promien_500m
60A,90-257,246.3,promien_500m
60A,90-255,251.0,promien_500m
60A,90-267,263.6,promien_500m
60A,91-421,267.6,promien_500m
60A,91-423,271.2,promien_500m
60A,90-258,277.5,promien_500m
60A,90-259,281.1,promien_500m
60A,90-269,293.1,promien_500m
60A,90-268,316.1,promien_500m
60A,90-254,316.9,promien_500m
60A,90-266,317.8,promien_500m
60A,91-417,317.8,promien_500m
60A,90-264,319.5,promien_500m
60A,90-270,326.4,promien_500m
60A,91-415,330.0,promien_500m
60A,90-215,341.3,promien_500m
60A,90-135,349.2,promien_500m
60A,90-231,366.8,promien_500m
60A,91-425,377.8,promien_500m
60A,90-004,378.9,promien_500m
60A,90-248,382.6,promien_500m
60A,91-420,398.2,promien_500m
60A,90-406,404.2,promien_500m
60A,90-407,411.7,promien_500m
60A,90-404,419.6,promien_500m
60A,90-408,419.6,promien_500m
60A,90-124,437.8,promien_500m
60A,90-410,437.8,promien_500m
60A,90-249,438.2,promien_500m
60A,90-265,448.1,promien_500m
60A,90-204,448.6,promien_500m
60A,90-217,457.5,promien_500m
60A,91-414,469.2,promien_500m
60A,90-722,473.6,promien_500m
60A,90-105,473.9,promien_500m
60A,90-117,474.5,promien_500m
60A,90-212,475.4,promien_500m
60A,90-411,483.2,promien_500m
60A,90-403,488.5,promien_500m
60A,91-431,491.3,promien_500m
60A,90-113,499.2,promien_500m
61A,90-208,0.0,promien_500m
61A,90-253,11.3,promien_500m
61A,90-206,23.3,promien_500m
61A,90-207,25.5,promien_500m
61A,90-211,33.2,promien_500m
61A,90-209,42.0,promien_500m
61A,90-213,47.5,promien_500m
61A,90-256,63.8,promien_500m
61A,90-214,67.8,promien_500m
61A,90-260,75.1,promien_500m
61A,90-205,80.1,promien_500m
61A,90-011,113.8,promien_500m
61A,90-262,132.8,promien_500m
61A,90-252,153.1,promien_500m
61A,90-255,158.3,promien_500m
61A,90-261,180.9,promien_500m
61A,90-257,185.2,promien_500m
61A,90-202,192.0,promien_500m
61A,90-259,195.3,promien_500m
61A,90-201,197.6,promien_500m
61A,90-258,205.0,promien_500m
61A,90-254,223.9,promien_500m
61A,90-263,230.4,promien_500m
61A,90-271,232.2,promien_500m
61A,90-203,237.8,promien_500m
61A,90-215,260.2,promien_500m
61A,91-408,260.5,promien_500m
61A,90-248,286.0,promien_500m
61A,91-422,286.5,promien_500m
61A,90-272,294.4,promien_500m
61A,91-416,302.3,promien_500m
61A,91-421,302.8,promien_500m
61A,90-273,308.1,promien_500m
61A,90-135,310.5,promien_500m
61A,90-267,314.8,promien_500m
61A,91-423,335.4,promien_500m
61A,90-266,340.0,promien_500m
61A,90-249,341.9,promien_500m
61A,90-268,345.3,promien_500m
61A,90-264,348.5,promien_500m
61A,90-269,353.9,promien_500m
61A,90-124,364.4,promien_500m
61A,90-212,384.3,promien_500m
61A,91-425,389.3,promien_500m
61A,90-204,396.4,promien_500m
61A,90-217,398.2,promien_500m
61A,91-417,411.5,promien_500m
61A,90-231,419.1,promien_500m
61A,90-270,419.4,promien_500m
61A,90-117,422.1,promien_500m
61A,91-415,425.7,promien_500m
61A,90-105,430.8,promien_500m
61A,90-004,446.2,promien_500m
61A,90-118,446.2,promien_500m
61A,90-136,462.1,promien_500m
61A,90-113,469.9,promien_500m
61A,91-420,475.0,promien_500m
61A,90-407,485.2,promien_500m
61A,90-265,485.6,promien_500m
61A,90-406,486.3,promien_500m
61A,90-251,488.1,promien_500m
61A,90-222,491.0,promien_500m
61A,90-125,493.5,promien_500m
61A,90-123,495.0,promien_500m
61A,90-410,497.8,promien_500m
62A,90-213,0.0,promien_500m
62A,90-214,13.6,promien_500m
62A,90-253,44.7,promien_500m
62A,90-011,46.3,promien_500m
62A,90-209,55.4,promien_500m
62A,90-207,77.4,promien_500m
62A,90-255,89.9,promien_500m
62A,90-205,92.5,promien_500m
62A,90-208,94.4,promien_500m
62A,90-206,100.0,promien_500m
62A,90-201,108.8,promien_500m
62A,90-211,131.8,promien_500m
62A,90-252,138.4,promien_500m
62A,90-256,150.7,promien_500m
62A,90-215,165.0,promien_500m
62A,90-203,168.7,promien_500m
62A,90-260,172.5,promien_500m
62A,91-408,209.5,promien_500m
62A,90-202,212.6,promien_500m
62A,90-262,221.3,promien_500m
62A,90-254,235.8,promien_500m
62A,90-259,235.8,promien_500m
62A,90-257,255.6,promien_500m
62A,90-258,258.4,promien_500m
62A,91-421,260.0,promien_500m
62A,90-261,263.1,promien_500m
62A,90-248,264.3,promien_500m
62A,91-422,273.1,promien_500m
62A,90-249,282.7,promien_500m
62A,90-204,285.1,promien_500m
62A,90-217,287.0,promien_500m
62A,91-416,308.2,promien_500m
62A,90-212,308.5,promien_500m
62A,90-271,312.1,promien_500m
62A,91-425,313.7,promien_500m
62A,91-423,323.9,promien_500m
62A,90-263,340.8,promien_500m
62A,90-272,390.0,promien_500m
62A,90-222,392.2,promien_500m
62A,90-135,399.8,promien_500m
62A,90-273,403.8,promien_500m
62A,90-124,413.4,promien_500m
62A,90-251,417.6,promien_500m
62A,90-267,424.6,promien_500m
62A,90-231,430.2,promien_500m
62A,91-417,436.9,promien_500m
62A,90-136,438.7,promien_500m
62A,91-420,445.1,promien_500m
62A,90-266,445.8,promien_500m
62A,90-218,453.1,promien_500m
62A,90-268,457.0,promien_500m
62A,91-431,457.7,promien_500m
62A,90-264,460.3,promien_500m
62A,90-269,462.5,promien_500m
62A,90-216,466.6,promien_500m
62A,90-224,482.4,promien_500m
62A,90-117,484.8,promien_500m
62A,90-125,496.4,promien_500m
62A,91-415,497.7,promien_500m
62A,90-118,499.1,promien_500m
63A,90-213,0.0,promien_500m
63A,90-255,32.6,promien_500m
63A,90-215,65.2,promien_500m
63A,90-214,69.9,promien_500m
63A,90-011,70.0,promien_500m
63A,90-201,101.6,promien_500m
63A,90-253,137.8,promien_500m
63A,90-203,141.7,promien_500m
63A,90-252,144.2,promien_500m
63A,90-209,145.7,promien_500m
63A,90-207,181.4,promien_500m
63A,90-205,189.9,promien_500m
63A,90-204,191.3,promien_500m
63A,90-217,192.9,promien_500m
63A,90-208,197.3,promien_500m
63A,90-249,198.5,promien_500m
63A,90-206,203.2,promien_500m
63A,90-212,218.1,promien_500m
63A,90-211,221.9,promien_500m
63A,91-408,222.5,promien_500m
63A,90-248,229.4,promien_500m
63A,90-256,231.4,promien_500m
63A,90-254,242.6,promien_500m
63A,90-260,253.4,promien_500m
63A,90-259,260.7,promien_500m
63A,90-262,284.2,promien_500m
63A,90-222,286.9,promien_500m
63A,90-202,291.8,promien_500m
63A,90-258,295.7,promien_500m
63A,90-257,307.1,promien_500m
63A,91-421,308.7,promien_500m
63A,91-425,314.8,promien_500m
63A,90-261,325.3,promien_500m
63A,90-251,327.8,promien_500m
63A,91-422,338.0,promien_500m
63A,90-231,344.1,promien_500m
63A,90-218,354.2,promien_500m
63A,90-216,361.8,promien_500m
63A,91-416,387.4,promien_500m
63A,90-136,389.6,promien_500m
63A,90-224,390.7,promien_500m
63A,91-423,391.3,promien_500m
63A,90-135,408.9,promien_500m
63A,90-271,413.4,promien_500m
63A,90-124,434.0,promien_500m
63A,90-263,440.6,promien_500m
63A,91-431,448.1,promien_500m
63A,90-125,468.9,promien_500m
63A,90-130,481.3,promien_500m
63A,91-409,481.4,promien_500m
63A,90-123,484.2,promien_500m
63A,91-420,491.8,promien_500m
63A,90-272,495.3,promien_500m
64A,90-213,0.0,promien_500m
64A,90-215,0.3,promien_500m
64A,90-255,65.5,promien_500m
64A,90-217,85.7,promien_500m
64A,90-201,94.6,promien_500m
64A,90-206,104.9,promien_500m
64A,90-204,115.8,promien_500m
64A,90-212,126.2,promien_500m
64A,90-011,128.3,promien_500m
64A,90-252,135.3,promien_500m
64A,90-249,142.4,promien_500m
64A,90-214,165.4,promien_500m
64A,90-222,173.6,promien_500m
64A,90-203,179.3,promien_500m
64A,90-253,213.3,promien_500m
64A,91-408,215.5,promien_500m
64A,90-248,232.4,promien_500m
64A,90-251,244.6,promien_500m
64A,90-209,246.1,promien_500m
64A,90-218,247.8,promien_500m
64A,90-216,249.5,promien_500m
64A,90-231,266.5,promien_500m
64A,91-425,282.5,promien_500m
64A,90-254,288.5,promien_500m
64A,90-207,294.6,promien_500m
64A,90-224,300.2,promien_500m
64A,90-205,301.0,promien_500m
64A,90-208,309.8,promien_500m
64A,90-259,323.0,promien_500m
64A,90-256,328.3,promien_500m
64A,90-211,329.1,promien_500m
64A,90-260,355.0,promien_500m
64A,91-421,363.2,promien_500m
64A,90-136,363.6,promien_500m
64A,90-258,366.1,promien_500m
64A,90-262,369.4,promien_500m
64A,90-202,379.7,promien_500m
64A,90-257,387.3,promien_500m
64A,91-409,399.7,promien_500m
64A,90-221,403.5,promien_500m
64A,90-223,404.0,promien_500m
64A,90-261,410.7,promien_500m
64A,90-135,425.0,promien_500m
64A,90-130,425.3,promien_500m
64A,91-422,426.8,promien_500m
64A,90-125,455.0,promien_500m
64A,91-431,465.9,promien_500m
64A,91-423,477.8,promien_500m
64A,90-137,478.8,promien_500m
64A,90-124,480.8,promien_500m
64A,91-416,484.4,promien_500m
64A,90-123,484.9,promien_500m
65A,90-215,0.0,promien_500m
65A,90-213,14.2,promien_500m
65A,90-217,14.2,promien_500m
65A,90-206,18.9,promien_500m
65A,90-212,48.8,promien_500m
65A,90-222,86.1,promien_500m
65A,90-204,114.9,promien_500m
65A,90-201,115.4,promien_500m
65A,90-249,133.7,promien_500m
65A,90-255,140.4,promien_500m
65A,90-252,152.2,promien_500m
65A,90-216,163.3,promien_500m
65A,90-218,170.2,promien_500m
65A,90-011,199.6,promien_500m
65A,90-203,200.2,promien_500m
65A,90-251,201.1,promien_500m
65A,90-231,212.7,promien_500m
65A,91-408,218.9,promien_500m
65A,90-224,222.9,promien_500m
65A,90-214,249.0,promien_500m
65A,91-425,249.4,promien_500m
65A,90-248,269.4,promien_500m
65A,90-253,289.2,promien_500m
65A,90-221,315.5,promien_500m
65A,90-223,316.0,promien_500m
65A,90-209,329.9,promien_500m
65A,91-409,338.1,promien_500m
65A,90-254,339.4,promien_500m
65A,90-136,366.4,promien_500m
65A,90-207,382.4,promien_500m
65A,90-259,387.3,promien_500m
65A,90-205,388.2,promien_500m
65A,90-208,396.9,promien_500m
65A,90-130,398.4,promien_500m
65A,90-256,408.0,promien_500m
65A,90-211,414.4,promien_500m
65A,91-421,416.0,promien_500m
65A,90-137,417.0,promien_500m
65A,90-229,418.9,promien_500m
65A,90-258,427.7,promien_500m
65A,90-260,437.6,promien_500m
65A,90-219,442.9,promien_500m
65A,90-262,443.9,promien_500m
65A,90-135,448.8,promien_500m
65A,90-125,449.3,promien_500m
65A,90-202,456.0,promien_500m
65A,90-257,458.9,promien_500m
65A,90-131,462.0,promien_500m
65A,90-243,465.3,promien_500m
65A,90-261,484.5,promien_500m
65A,90-220,488.3,promien_500m
65A,90-123,493.4,promien_500m
65A,90-105,496.9,promien_500m
65A,91-431,498.0,promien_500m
66A,90-212,0.0,promien_500m
66A,90-215,32.5,promien_500m
66A,90-206,48.5,promien_500m
66A,90-217,52.3,promien_500m
66A,90-222,54.1,promien_500m
66A,90-216,93.9,promien_500m
66A,90-213,106.0,promien_500m
66A,90-249,114.4,promien_500m
66A,90-231,120.3,promien_500m
66A,90-251,124.8,promien_500m
66A,90-252,147.3,promien_500m
66A,90-255,155.4,promien_500m
66A,90-218,177.1,promien_500m
66A,90-204,202.6,promien_500m
66A,90-201,203.6,promien_500m
66A,90-224,222.4,promien_500m
66A,90-221,252.5,promien_500m
66A,90-223,258.8,promien_500m
66A,90-248,267.7,promien_500m
66A,91-408,286.8,promien_500m
66A,90-203,287.7,promien_500m
66A,91-425,289.0,promien_500m
66A,90-011,289.8,promien_500m
66A,90-214,307.2,promien_500m
66A,90-136,315.7,promien_500m
66A,90-137,325.2,promien_500m
66A,90-130,326.0,promien_500m
66A,90-253,332.6,promien_500m
66A,90-254,347.8,promien_500m
66A,91-409,350.1,promien_500m
66A,90-219,369.8,promien_500m
66A,90-243,373.6,promien_500m
66A,90-229,375.1,promien_500m
66A,90-131,380.0,promien_500m
66A,90-125,393.1,promien_500m
66A,90-259,409.6,promien_500m
66A,90-105,412.3,promien_500m
66A,90-209,413.3,promien_500m
66A,90-135,418.1,promien_500m
66A,90-220,424.4,promien_500m
66A,90-258,442.6,promien_500m
66A,90-241,444.8,promien_500m
66A,90-123,449.2,promien_500m
66A,90-207,450.1,promien_500m
66A,90-256,452.8,promien_500m
66A,90-127,454.6,promien_500m
66A,90-208,458.1,promien_500m
66A,90-205,465.3,promien_500m
66A,90-211,468.9,promien_500m
66A,90-226,470.0,promien_500m
66A,90-262,478.9,promien_500m
66A,90-257,486.3,promien_500m
66A,90-260,487.5,promien_500m
66A,90-228,499.4,promien_500m
67A,90-212,0.0,promien_500m
67A,90-215,68.7,promien_500m
67A,90-231,70.0,promien_500m
67A,90-251,72.2,promien_500m
67A,90-249,78.4,promien_500m
67A,90-216,80.0,promien_500m
67A,90-222,99.3,promien_500m
67A,90-217,101.3,promien_500m
67A,90-206,102.4,promien_500m
67A,90-252,150.4,promien_500m
67A,90-213,158.9,promien_500m
67A,90-255,161.9,promien_500m
67A,90-218,217.8,promien_500m
67A,90-221,240.6,promien_500m
67A,90-248,253.4,promien_500m
67A,90-224,256.5,promien_500m
67A,90-223,256.8,promien_500m
67A,90-204,257.1,promien_500m
67A,90-201,258.1,promien_500m
67A,90-136,265.7,promien_500m
67A,90-137,272.5,promien_500m
67A,90-130,275.3,promien_500m
67A,90-131,325.7,promien_500m
67A,90-243,327.6,promien_500m
67A,90-214,333.1,promien_500m
67A,91-408,333.7,promien_500m
67A,91-425,336.1,promien_500m
67A,90-011,337.4,promien_500m
67A,90-203,342.3,promien_500m
67A,90-254,343.0,promien_500m
67A,90-253,348.7,promien_500m
67A,90-219,349.1,promien_500m
67A,90-125,349.7,promien_500m
67A,90-105,357.4,promien_500m
67A,90-229,373.7,promien_500m
67A,91-409,381.1,promien_500m
67A,90-135,388.5,promien_500m
67A,90-127,401.5,promien_500m
67A,90-259,411.3,promien_500m
67A,90-123,411.4,promien_500m
67A,90-220,411.8,promien_500m
67A,90-241,418.2,promien_500m
67A,90-258,439.1,promien_500m
67A,90-132,450.3,promien_500m
67A,90-209,453.9,promien_500m
67A,90-226,459.5,promien_500m
67A,90-256,467.2,promien_500m
67A,90-207,479.0,promien_500m
67A,90-208,482.7,promien_500m
67A,90-262,486.8,promien_500m
67A,90-211,487.3,promien_500m
67A,90-257,489.0,promien_500m
67A,90-228,492.9,promien_500m
68A,90-251,0.0,promien_500m
68A,90-212,10.5,promien_500m
68A,90-249,22.3,promien_500m
68A,90-231,28.6,promien_500m
68A,90-215,116.4,promien_500m
68A,90-216,124.1,promien_500m
68A,90-252,154.8,promien_500m
68A,90-222,170.9,promien_500m
68A,90-206,172.5,promien_500m
68A,90-255,172.7,promien_500m
68A,90-136,182.6,promien_500m
68A,90-217,184.5,promien_500m
68A,90-130,192.1,promien_500m
68A,90-248,210.9,promien_500m
68A,90-137,217.8,promien_500m
68A,90-213,223.3,promien_500m
68A,90-131,245.8,promien_500m
68A,90-125,270.3,promien_500m
68A,90-221,277.3,promien_500m
68A,90-105,280.2,promien_500m
68A,90-243,294.0,promien_500m
68A,90-218,299.3,promien_500m
68A,90-223,304.5,promien_500m
68A,90-254,312.1,promien_500m
68A,90-127,320.1,promien_500m
68A,90-135,326.0,promien_500m
68A,90-224,328.1,promien_500m
68A,90-204,331.5,promien_500m
68A,90-201,332.0,promien_500m
68A,90-123,338.4,promien_500m
68A,90-214,349.8,promien_500m
68A,90-253,354.2,promien_500m
68A,90-219,355.8,promien_500m
68A,90-132,391.5,promien_500m
68A,90-011,391.6,promien_500m
68A,90-259,393.7,promien_500m
68A,90-258,412.9,promien_500m
68A,91-408,416.6,promien_500m
68A,90-203,416.9,promien_500m
68A,90-229,417.3,promien_500m
68A,91-425,419.1,promien_500m
68A,90-241,423.5,promien_500m
68A,90-220,430.1,promien_500m
68A,91-409,454.9,promien_500m
68A,90-256,465.6,promien_500m
68A,90-124,468.5,promien_500m
68A,90-257,470.6,promien_500m
68A,90-118,472.6,promien_500m
68A,90-262,476.5,promien_500m
68A,90-138,488.3,promien_500m
68A,90-226,488.4,promien_500m
68A,90-128,491.5,promien_500m
68A,90-211,493.0,promien_500m
68A,90-209,493.2,promien_500m
68A,90-119,494.9,promien_500m
68A,90-208,498.2,promien_500m
69A,90-249,0.0,promien_500m
69A,90-252,13.9,promien_500m
69A,90-248,45.3,promien_500m
69A,90-255,68.5,promien_500m
69A,90-215,103.5,promien_500m
69A,90-212,108.7,promien_500m
69A,90-231,121.4,promien_500m
69A,90-136,122.9,promien_500m
69A,90-254,139.6,promien_500m
69A,90-251,147.0,promien_500m
69A,90-135,194.5,promien_500m
69A,90-253,210.6,promien_500m
69A,90-214,214.9,promien_500m
69A,90-213,215.6,promien_500m
69A,90-125,216.4,promien_500m
69A,90-130,219.2,promien_500m
69A,90-259,223.4,promien_500m
69A,90-258,239.6,promien_500m
69A,90-123,243.6,promien_500m
69A,90-206,255.9,promien_500m
69A,90-217,268.5,promien_500m
69A,90-222,281.3,promien_500m
69A,90-216,283.7,promien_500m
69A,90-127,290.2,promien_500m
69A,90-257,299.0,promien_500m
69A,90-124,302.6,promien_500m
69A,90-256,305.5,promien_500m
69A,90-262,308.3,promien_500m
69A,90-131,310.9,promien_500m
69A,90-201,334.9,promien_500m
69A,90-011,336.1,promien_500m
69A,90-118,336.7,promien_500m
69A,90-261,339.5,promien_500m
69A,90-211,340.9,promien_500m
69A,90-260,343.8,promien_500m
69A,90-204,350.4,promien_500m
69A,90-137,351.1,promien_500m
69A,90-105,354.7,promien_500m
69A,90-208,355.6,promien_500m
69A,90-209,367.7,promien_500m
69A,90-207,373.0,promien_500m
69A,90-117,384.6,promien_500m
69A,90-203,400.6,promien_500m
69A,90-218,403.4,promien_500m
69A,90-128,414.0,promien_500m
69A,90-205,414.1,promien_500m
69A,90-119,421.2,promien_500m
69A,90-221,444.6,promien_500m
69A,90-224,451.3,promien_500m
69A,90-243,451.4,promien_500m
69A,91-408,456.6,promien_500m
69A,90-223,465.7,promien_500m
69A,90-113,499.2,promien_500m
6A,91-423,0.0,promien_500m
6A,91-420,7.4,promien_500m
6A,90-011,65.7,promien_500m
6A,91-416,75.4,promien_500m
6A,91-421,88.5,promien_500m
6A,91-417,91.5,promien_500m
6A,91-434,117.8,promien_500m
6A,91-431,129.7,promien_500m
6A,91-422,136.1,promien_500m
6A,91-425,167.0,promien_500m
6A,90-202,185.2,promien_500m
6A,90-201,188.7,promien_500m
6A,91-430,196.7,promien_500m
6A,91-408,221.7,promien_500m
6A,90-205,244.8,promien_500m
6A,90-209,249.8,promien_500m
6A,91-433,250.2,promien_500m
6A,90-203,271.0,promien_500m
6A,90-272,275.6,promien_500m
6A,90-271,278.5,promien_500m
6A,91-437,292.5,promien_500m
6A,91-414,296.7,promien_500m
6A,90-207,311.0,promien_500m
6A,91-415,313.5,promien_500m
6A,91-439,336.7,promien_500m
6A,91-006,338.9,promien_500m
6A,91-061,358.9,promien_500m
6A,91-062,380.0,promien_500m
6A,91-438,394.1,promien_500m
6A,90-270,414.8,promien_500m
6A,90-402,418.6,promien_500m
6A,90-206,420.9,promien_500m
6A,90-213,422.2,promien_500m
6A,90-273,431.2,promien_500m
6A,91-002,438.6,promien_500m
6A,90-406,450.7,promien_500m
6A,91-440,455.5,promien_500m
6A,91-064,460.3,promien_500m
6A,90-253,464.3,promien_500m
6A,90-208,467.7,promien_500m
6A,90-401,473.2,promien_500m
6A,91-063,480.7,promien_500m
6A,90-214,483.3,promien_500m
6A,90-211,485.9,promien_500m
6A,91-444,495.3,promien_500m
70A,90-255,0.0,promien_500m
70A,90-252,4.2,promien_500m
70A,90-248,50.4,promien_500m
70A,90-249,68.3,promien_500m
70A,90-215,81.1,promien_500m
70A,90-254,105.7,promien_500m
70A,90-253,112.2,promien_500m
70A,90-214,114.6,promien_500m
70A,90-212,136.2,promien_500m
70A,90-213,139.9,promien_500m
70A,90-259,161.8,promien_500m
70A,90-258,196.4,promien_500m
70A,90-136,212.8,promien_500m
70A,90-231,216.7,promien_500m
70A,90-256,220.9,promien_500m
70A,90-251,222.3,promien_500m
70A,90-262,235.9,promien_500m
70A,90-257,239.0,promien_500m
70A,90-135,239.8,promien_500m
70A,90-217,243.9,promien_500m
70A,90-011,248.8,promien_500m
70A,90-211,248.8,promien_500m
70A,90-206,251.7,promien_500m
70A,90-260,258.3,promien_500m
70A,90-208,259.6,promien_500m
70A,90-209,266.7,promien_500m
70A,90-201,271.9,promien_500m
70A,90-207,272.2,promien_500m
70A,90-261,272.3,promien_500m
70A,90-222,289.4,promien_500m
70A,90-125,290.6,promien_500m
70A,90-124,297.4,promien_500m
70A,90-204,302.7,promien_500m
70A,90-123,307.9,promien_500m
70A,90-205,312.7,promien_500m
70A,90-203,318.1,promien_500m
70A,90-130,320.7,promien_500m
70A,90-216,330.9,promien_500m
70A,90-118,361.8,promien_500m
70A,90-127,370.7,promien_500m
70A,90-117,385.1,promien_500m
70A,91-408,392.4,promien_500m
70A,90-218,401.1,promien_500m
70A,90-131,412.2,promien_500m
70A,90-202,440.4,promien_500m
70A,90-137,446.6,promien_500m
70A,90-224,452.9,promien_500m
70A,90-105,454.2,promien_500m
70A,90-266,464.0,promien_500m
70A,90-263,465.2,promien_500m
70A,91-425,468.0,promien_500m
70A,90-119,472.6,promien_500m
70A,90-128,473.5,promien_500m
70A,91-421,479.2,promien_500m
70A,90-271,490.5,promien_500m
70A,90-221,491.5,promien_500m
71A,90-255,0.0,promien_500m
71A,90-215,26.8,promien_500m
71A,90-213,52.4,promien_500m
71A,90-252,86.3,promien_500m
71A,90-214,93.5,promien_500m
71A,90-249,105.1,promien_500m
71A,90-253,117.8,promien_500m
71A,90-212,131.5,promien_500m
71A,90-248,138.9,promien_500m
71A,90-011,165.0,promien_500m
71A,90-217,178.4,promien_500m
71A,90-201,184.0,promien_500m
71A,90-254,184.6,promien_500m
71A,90-206,191.4,promien_500m
71A,90-259,218.4,promien_500m
71A,90-204,219.7,promien_500m
71A,90-209,230.9,promien_500m
71A,90-203,231.5,promien_500m
71A,90-256,237.9,promien_500m
71A,90-251,240.0,promien_500m
71A,90-207,240.2,promien_500m
71A,90-208,242.8,promien_500m
71A,90-222,245.6,promien_500m
71A,90-211,251.8,promien_500m
71A,90-231,252.8,promien_500m
71A,90-258,261.6,promien_500m
71A,90-205,270.2,promien_500m
71A,90-260,270.7,promien_500m
71A,90-262,271.4,promien_500m
71A,90-257,286.7,promien_500m
71A,90-136,292.4,promien_500m
71A,91-408,303.3,promien_500m
71A,90-216,310.8,promien_500m
71A,90-261,312.1,promien_500m
71A,90-135,328.4,promien_500m
71A,90-218,342.4,promien_500m
71A,90-124,376.1,promien_500m
71A,90-125,378.5,promien_500m
71A,90-130,382.6,promien_500m
71A,90-202,387.5,promien_500m
71A,91-425,387.5,promien_500m
71A,90-224,395.1,promien_500m
71A,90-123,396.7,promien_500m
71A,91-421,407.3,promien_500m
71A,91-422,434.5,promien_500m
71A,90-118,448.2,promien_500m
71A,90-127,455.5,promien_500m
71A,90-117,461.9,promien_500m
71A,90-131,468.7,promien_500m
71A,90-221,469.7,promien_500m
71A,90-223,474.4,promien_500m
71A,90-263,474.6,promien_500m
71A,91-416,479.8,promien_500m
71A,90-137,479.9,promien_500m
71A,90-271,486.0,promien_500m
71A,91-423,487.5,promien_500m
72A,90-252,0.0,promien_500m
72A,90-254,13.4,promien_500m
72A,90-248,37.0,promien_500m
72A,90-255,82.3,promien_500m
72A,90-249,87.4,promien_500m
72A,90-259,88.6,promien_500m
72A,90-258,109.1,promien_500m
72A,90-253,112.2,promien_500m
72A,90-214,128.6,promien_500m
72A,90-257,164.2,promien_500m
72A,90-135,164.8,promien_500m
72A,90-262,173.3,promien_500m
72A,90-215,173.7,promien_500m
72A,90-256,178.9,promien_500m
72A,90-213,184.2,promien_500m
72A,90-136,197.1,promien_500m
72A,90-261,204.5,promien_500m
72A,90-124,205.3,promien_500m
72A,90-260,216.7,promien_500m
72A,90-212,220.2,promien_500m
72A,90-211,221.9,promien_500m
72A,90-125,236.5,promien_500m
72A,90-208,243.5,promien_500m
72A,90-123,245.7,promien_500m
72A,90-231,254.0,promien_500m
72A,90-209,275.2,promien_500m
72A,90-118,276.1,promien_500m
72A,90-207,278.6,promien_500m
72A,90-251,281.4,promien_500m
72A,90-206,283.7,promien_500m
72A,90-117,292.6,promien_500m
72A,90-011,300.3,promien_500m
72A,90-130,305.7,promien_500m
72A,90-205,324.9,promien_500m
72A,90-127,327.5,promien_500m
72A,90-217,336.5,promien_500m
72A,90-201,345.0,promien_500m
72A,90-105,362.8,promien_500m
72A,90-222,379.1,promien_500m
72A,90-266,383.8,promien_500m
72A,90-203,386.8,promien_500m
72A,90-204,391.9,promien_500m
72A,90-119,398.5,promien_500m
72A,90-128,402.4,promien_500m
72A,90-216,408.1,promien_500m
72A,90-263,414.1,promien_500m
72A,90-113,418.9,promien_500m
72A,90-131,424.2,promien_500m
72A,90-271,446.8,promien_500m
72A,90-202,455.3,promien_500m
72A,91-408,467.5,promien_500m
72A,90-267,473.2,promien_500m
72A,90-137,479.8,promien_500m
72A,90-268,483.2,promien_500m
72A,90-264,485.4,promien_500m
72A,90-272,489.0,promien_500m
72A,90-218,493.0,promien_500m
73A,90-259,0.0,promien_500m
73A,90-252,4.1,promien_500m
73A,90-254,31.1,promien_500m
73A,90-258,36.7,promien_500m
73A,90-253,44.8,promien_500m
73A,90-257,72.4,promien_500m
73A,90-262,80.6,promien_500m
73A,90-256,102.0,promien_500m
73A,90-261,111.8,promien_500m
73A,90-248,112.7,promien_500m
73A,90-255,117.9,promien_500m
73A,90-214,129.4,promien_500m
73A,90-260,136.8,promien_500m
73A,90-211,153.8,promien_500m
73A,90-124,170.8,promien_500m
73A,90-135,173.5,promien_500m
73A,90-249,178.8,promien_500m
73A,90-208,182.3,promien_500m
73A,90-213,194.5,promien_500m
73A,90-207,230.2,promien_500m
73A,90-206,233.4,promien_500m
73A,90-209,234.4,promien_500m
73A,90-215,240.6,promien_500m
73A,90-117,248.2,promien_500m
73A,90-118,255.8,promien_500m
73A,90-136,268.7,promien_500m
73A,90-205,283.1,promien_500m
73A,90-011,284.3,promien_500m
73A,90-123,284.8,promien_500m
73A,90-125,284.9,promien_500m
73A,90-266,296.3,promien_500m
73A,90-105,297.8,promien_500m
73A,90-212,303.4,promien_500m
73A,90-263,323.7,promien_500m
73A,90-231,346.4,promien_500m
73A,90-201,347.4,promien_500m
73A,90-271,357.9,promien_500m
73A,90-113,364.4,promien_500m
73A,90-251,373.8,promien_500m
73A,90-130,378.2,promien_500m
73A,90-127,379.2,promien_500m
73A,90-267,380.9,promien_500m
73A,90-268,390.5,promien_500m
73A,90-264,392.7,promien_500m
73A,90-272,399.5,promien_500m
73A,90-217,401.6,promien_500m
73A,90-203,401.8,promien_500m
73A,90-202,402.7,promien_500m
73A,90-119,410.5,promien_500m
73A,90-128,417.5,promien_500m
73A,90-204,440.7,promien_500m
73A,91-408,448.7,promien_500m
73A,90-269,449.5,promien_500m
73A,90-222,456.1,promien_500m
73A,90-273,458.7,promien_500m
73A,90-004,460.3,promien_500m
73A,90-265,473.4,promien_500m
73A,90-114,477.2,promien_500m
73A,91-422,495.4,promien_500m
73A,90-216,496.0,promien_500m
73A,91-421,497.0,promien_500m
74A,90-261,0.0,promien_500m
74A,90-262,6.6,promien_500m
74A,90-260,63.7,promien_500m
74A,90-257,84.7,promien_500m
74A,90-256,99.1,promien_500m
74A,90-135,107.1,promien_500m
74A,90-211,117.5,promien_500m
74A,90-253,119.0,promien_500m
74A,90-252,124.3,promien_500m
74A,90-266,127.1,promien_500m
74A,90-258,133.5,promien_500m
74A,90-263,137.1,promien_500m
74A,90-208,159.6,promien_500m
74A,90-259,163.9,promien_500m
74A,90-271,177.0,promien_500m
74A,90-206,177.5,promien_500m
74A,90-267,178.7,promien_500m
74A,90-268,185.8,promien_500m
74A,90-264,187.9,promien_500m
74A,90-254,202.1,promien_500m
74A,90-272,212.8,promien_500m
74A,90-105,230.5,promien_500m
74A,90-117,232.1,promien_500m
74A,90-207,233.0,promien_500m
74A,90-124,243.0,promien_500m
74A,90-214,248.3,promien_500m
74A,90-269,250.1,promien_500m
74A,90-113,255.5,promien_500m
74A,90-209,261.2,promien_500m
74A,90-004,261.7,promien_500m
74A,90-213,266.1,promien_500m
74A,90-255,277.8,promien_500m
74A,90-265,283.8,promien_500m
74A,90-205,288.3,promien_500m
74A,90-231,294.5,promien_500m
74A,90-118,296.6,promien_500m
74A,90-273,297.4,promien_500m
74A,90-248,308.8,promien_500m
74A,90-011,332.9,promien_500m
74A,90-202,350.7,promien_500m
74A,90-410,367.0,promien_500m
74A,90-249,381.5,promien_500m
74A,90-406,382.8,promien_500m
74A,90-722,384.5,promien_500m
74A,90-411,397.5,promien_500m
74A,90-107,398.8,promien_500m
74A,90-407,406.8,promien_500m
74A,90-114,412.1,promien_500m
74A,90-201,416.8,promien_500m
74A,90-123,418.1,promien_500m
74A,90-215,421.2,promien_500m
74A,90-270,432.0,promien_500m
74A,90-125,432.9,promien_500m
74A,90-413,439.3,promien_500m
74A,90-136,443.0,promien_500m
74A,90-414,450.0,promien_500m
74A,91-415,451.7,promien_500m
74A,90-404,452.1,promien_500m
74A,90-106,452.4,promien_500m
74A,90-203,453.2,promien_500m
74A,90-408,457.6,promien_500m
74A,90-403,462.5,promien_500m
74A,90-725,463.2,promien_500m
74A,91-422,466.0,promien_500m
74A,91-416,466.5,promien_500m
74A,91-408,471.9,promien_500m
74A,90-119,495.3,promien_500m
75A,90-261,0.0,promien_500m
75A,90-262,7.0,promien_500m
75A,90-260,65.9,promien_500m
75A,90-266,71.9,promien_500m
75A,90-263,86.5,promien_500m
75A,90-267,102.8,promien_500m
75A,90-268,106.2,promien_500m
75A,90-135,107.5,promien_500m
75A,90-264,108.2,promien_500m
75A,90-211,117.7,promien_500m
75A,90-271,122.5,promien_500m
75A,90-257,140.8,promien_500m
75A,90-272,150.2,promien_500m
75A,90-256,170.3,promien_500m
75A,90-269,175.8,promien_500m
75A,90-206,178.6,promien_500m
75A,90-004,186.9,promien_500m
75A,90-253,195.8,promien_500m
75A,90-208,196.6,promien_500m
75A,90-252,204.4,promien_500m
75A,90-258,212.4,promien_500m
75A,90-265,216.4,promien_500m
75A,90-231,217.3,promien_500m
75A,90-117,231.8,promien_500m
75A,90-207,238.5,promien_500m
75A,90-105,243.8,promien_500m
75A,90-259,243.8,promien_500m
75A,90-113,246.8,promien_500m
75A,90-273,251.6,promien_500m
75A,90-254,278.1,promien_500m
75A,90-410,287.3,promien_500m
75A,90-124,301.5,promien_500m
75A,90-722,304.7,promien_500m
75A,90-406,305.3,promien_500m
75A,90-209,311.0,promien_500m
75A,90-214,316.4,promien_500m
75A,90-213,317.0,promien_500m
75A,90-411,317.7,promien_500m
75A,90-205,324.5,promien_500m
75A,90-407,334.5,promien_500m
75A,90-118,342.4,promien_500m
75A,90-202,343.5,promien_500m
75A,90-255,352.9,promien_500m
75A,90-413,371.7,promien_500m
75A,90-270,375.4,promien_500m
75A,90-107,378.6,promien_500m
75A,90-011,381.6,promien_500m
75A,90-414,381.8,promien_500m
75A,90-404,383.8,promien_500m
75A,90-725,384.1,promien_500m
75A,90-403,384.4,promien_500m
75A,90-248,387.7,promien_500m
75A,90-408,392.7,promien_500m
75A,90-114,403.5,promien_500m
75A,91-415,407.6,promien_500m
75A,90-402,426.5,promien_500m
75A,90-106,433.8,promien_500m
75A,90-201,435.8,promien_500m
75A,90-249,460.9,promien_500m
75A,90-723,464.9,promien_500m
75A,91-416,468.7,promien_500m
75A,90-123,478.0,promien_500m
75A,91-422,478.4,promien_500m
75A,90-721,480.0,promien_500m
75A,90-111,483.2,promien_500m
75A,90-110,490.4,promien_500m
75A,90-203,491.1,promien_500m
75A,90-101,493.2,promien_500m
75A,91-417,496.2,promien_500m
75A,90-215,497.3,promien_500m
76A,90-263,0.0,promien_500m
76A,90-267,2.6,promien_500m
76A,90-262,22.2,promien_500m
76A,90-272,39.3,promien_500m
76A,90-268,40.2,promien_500m
76A,90-261,47.2,promien_500m
76A,90-266,50.5,promien_500m
76A,90-264,51.3,promien_500m
76A,90-269,54.4,promien_500m
76A,90-271,55.8,promien_500m
76A,90-211,76.5,promien_500m
76A,90-260,82.6,promien_500m
76A,90-231,101.8,promien_500m
76A,90-206,133.7,promien_500m
76A,90-004,142.2,promien_500m
76A,90-273,149.7,promien_500m
76A,90-265,168.8,promien_500m
76A,90-207,175.2,promien_500m
76A,90-410,179.8,promien_500m
76A,90-406,189.4,promien_500m
76A,90-722,203.4,promien_500m
76A,90-135,204.9,promien_500m
76A,90-407,211.7,promien_500m
76A,90-411,215.2,promien_500m
76A,90-208,232.8,promien_500m
76A,90-270,260.0,promien_500m
76A,90-404,261.0,promien_500m
76A,90-257,261.1,promien_500m
76A,90-256,264.9,promien_500m
76A,90-403,269.8,promien_500m
76A,90-408,271.2,promien_500m
76A,90-105,293.7,promien_500m
76A,90-253,296.7,promien_500m
76A,90-202,298.1,promien_500m
76A,90-725,302.1,promien_500m
76A,90-117,303.6,promien_500m
76A,91-415,306.7,promien_500m
76A,90-252,312.3,promien_500m
76A,90-113,317.3,promien_500m
76A,90-258,328.7,promien_500m
76A,90-201,341.2,promien_500m
76A,90-413,342.6,promien_500m
76A,90-414,343.2,promien_500m
76A,90-205,343.6,promien_500m
76A,90-402,356.9,promien_500m
76A,90-259,357.1,promien_500m
76A,90-209,359.4,promien_500m
76A,90-213,366.6,promien_500m
76A,90-723,370.0,promien_500m
76A,90-721,374.8,promien_500m
76A,90-214,388.0,promien_500m
76A,90-254,397.5,promien_500m
76A,91-416,408.9,promien_500m
76A,90-107,412.3,promien_500m
76A,90-011,418.4,promien_500m
76A,90-124,424.1,promien_500m
76A,91-417,425.1,promien_500m
76A,90-720,430.7,promien_500m
76A,90-708,438.5,promien_500m
76A,90-401,442.8,promien_500m
76A,90-255,443.2,promien_500m
76A,91-422,449.8,promien_500m
76A,90-732,457.3,promien_500m
76A,90-118,461.1,promien_500m
76A,90-419,462.1,promien_500m
76A,90-114,471.7,promien_500m
76A,90-418,472.6,promien_500m
76A,91-423,483.5,promien_500m
76A,90-515,489.7,promien_500m
76A,90-106,492.6,promien_500m
76A,91-063,493.7,promien_500m
76A,90-728,499.0,promien_500m
77A,90-272,0.0,promien_500m
77A,90-271,1.2,promien_500m
77A,90-206,26.1,promien_500m
77A,90-273,39.5,promien_500m
77A,90-211,53.7,promien_500m
77A,90-207,57.9,promien_500m
77A,90-263,64.1,promien_500m
77A,90-269,74.5,promien_500m
77A,90-267,82.5,promien_500m
77A,90-260,101.8,promien_500m
77A,90-262,116.4,promien_500m
77A,90-268,131.5,promien_500m
77A,90-231,157.9,promien_500m
77A,90-261,168.6,promien_500m
77A,90-266,172.1,promien_500m
77A,90-270,172.8,promien_500m
77A,90-264,172.9,promien_500m
77A,90-004,176.6,promien_500m
77A,90-407,187.5,promien_500m
77A,90-202,188.1,promien_500m
77A,90-406,188.6,promien_500m
77A,91-415,195.0,promien_500m
77A,90-208,202.1,promien_500m
77A,90-404,210.5,promien_500m
77A,90-408,210.5,promien_500m
77A,90-410,215.2,promien_500m
77A,90-201,224.7,promien_500m
77A,90-265,237.1,promien_500m
77A,90-722,259.2,promien_500m
77A,90-205,261.1,promien_500m
77A,90-411,266.9,promien_500m
77A,90-403,276.6,promien_500m
77A,91-416,287.8,promien_500m
77A,90-256,292.3,promien_500m
77A,90-253,298.4,promien_500m
77A,91-417,303.6,promien_500m
77A,90-135,313.2,promien_500m
77A,90-209,315.7,promien_500m
77A,90-213,331.0,promien_500m
77A,90-257,331.7,promien_500m
77A,91-422,343.2,promien_500m
77A,90-252,346.2,promien_500m
77A,90-011,353.2,promien_500m
77A,90-401,359.9,promien_500m
77A,90-214,362.7,promien_500m
77A,90-402,366.1,promien_500m
77A,91-423,370.8,promien_500m
77A,90-725,371.4,promien_500m
77A,90-258,376.6,promien_500m
77A,90-721,397.1,promien_500m
77A,91-414,398.7,promien_500m
77A,91-063,399.0,promien_500m
77A,90-259,400.2,promien_500m
77A,91-061,400.2,promien_500m
77A,90-708,406.2,promien_500m
77A,90-105,410.8,promien_500m
77A,90-723,412.7,promien_500m
77A,91-420,415.3,promien_500m
77A,91-408,418.3,promien_500m
77A,90-720,425.0,promien_500m
77A,90-117,425.1,promien_500m
77A,91-421,429.9,promien_500m
77A,90-203,431.3,promien_500m
77A,90-113,438.4,promien_500m
77A,90-414,440.9,promien_500m
77A,90-255,444.7,promien_500m
77A,90-701,444.7,promien_500m
77A,90-254,445.7,promien_500m
77A,90-413,448.2,promien_500m
77A,91-069,456.6,promien_500m
78A,90-264,0.0,promien_500m
78A,90-268,9.5,promien_500m
78A,90-266,36.7,promien_500m
78A,90-267,44.0,promien_500m
78A,90-261,59.2,promien_500m
78A,90-004,61.7,promien_500m
78A,90-262,62.6,promien_500m
78A,90-269,62.6,promien_500m
78A,90-231,63.7,promien_500m
78A,90-263,77.9,promien_500m
78A,90-265,85.1,promien_500m
78A,90-272,106.4,promien_500m
78A,90-410,124.5,promien_500m
78A,90-271,138.6,promien_500m
78A,90-722,141.2,promien_500m
78A,90-406,153.1,promien_500m
78A,90-411,154.4,promien_500m
78A,90-135,154.5,promien_500m
78A,90-211,161.8,promien_500m
78A,90-260,162.1,promien_500m
78A,90-273,175.4,promien_500m
78A,90-206,193.5,promien_500m
78A,90-407,203.1,promien_500m
78A,90-105,219.0,promien_500m
78A,90-725,224.7,promien_500m
78A,90-403,227.2,promien_500m
78A,90-117,245.3,promien_500m
78A,90-207,250.3,promien_500m
78A,90-414,257.9,promien_500m
78A,90-413,258.6,promien_500m
78A,90-404,262.6,promien_500m
78A,90-113,268.8,promien_500m
78A,90-402,278.5,promien_500m
78A,90-257,278.8,promien_500m
78A,90-408,282.8,promien_500m
78A,90-270,286.0,promien_500m
78A,90-723,301.4,promien_500m
78A,90-208,315.3,promien_500m
78A,90-721,316.0,promien_500m
78A,90-256,328.7,promien_500m
78A,90-107,343.0,promien_500m
78A,91-415,355.7,promien_500m
78A,90-253,357.3,promien_500m
78A,90-252,368.4,promien_500m
78A,90-258,374.8,promien_500m
78A,90-419,376.8,promien_500m
78A,90-202,377.9,promien_500m
78A,90-720,386.8,promien_500m
78A,90-732,387.6,promien_500m
78A,90-418,389.2,promien_500m
78A,90-201,395.0,promien_500m
78A,90-259,407.7,promien_500m
78A,90-708,417.5,promien_500m
78A,90-646,419.4,promien_500m
78A,90-515,422.6,promien_500m
78A,90-114,425.2,promien_500m
78A,90-106,426.5,promien_500m
78A,90-205,428.6,promien_500m
78A,90-731,434.3,promien_500m
78A,90-728,437.3,promien_500m
78A,90-254,437.9,promien_500m
78A,90-209,440.4,promien_500m
78A,90-727,441.2,promien_500m
78A,90-607,441.5,promien_500m
78A,90-124,444.0,promien_500m
78A,90-102,444.6,promien_500m
78A,90-213,447.5,promien_500m
78A,90-415,448.8,promien_500m
78A,90-422,456.4,promien_500m
78A,90-401,459.6,promien_500m
78A,90-111,461.5,promien_500m
78A,90-214,463.2,promien_500m
78A,90-717,463.4,promien_500m
78A,90-110,464.3,promien_500m
78A,91-416,466.5,promien_500m
78A,90-118,467.6,promien_500m
78A,90-718,474.6,promien_500m
78A,90-601,478.6,promien_500m
78A,91-417,492.6,promien_500m
78A,90-701,494.6,promien_500m
78A,90-101,497.4,promien_500m
79A,90-264,0.0,promien_500m
79A,90-268,5.9,promien_500m
79A,90-231,6.4,promien_500m
79A,90-269,32.6,promien_500m
79A,90-265,43.1,promien_500m
79A,90-004,57.9,promien_500m
79A,90-410,63.8,promien_500m
79A,90-266,77.8,promien_500m
79A,90-722,79.1,promien_500m
79A,90-267,90.4,promien_500m
79A,90-411,92.4,promien_500m
79A,90-406,104.4,promien_500m
79A,90-261,121.3,promien_500m
79A,90-262,124.3,promien_500m
79A,90-272,129.0,promien_500m
79A,90-263,130.1,promien_500m
79A,90-135,164.3,promien_500m
79A,90-273,166.0,promien_500m
79A,90-725,166.4,promien_500m
79A,90-407,168.0,promien_500m
79A,90-403,170.2,promien_500m
79A,90-271,175.9,promien_500m
79A,90-206,204.3,promien_500m
79A,90-211,209.6,promien_500m
79A,90-260,217.5,promien_500m
79A,90-105,218.6,promien_500m
79A,90-414,221.6,promien_500m
79A,90-404,222.5,promien_500m
79A,90-402,228.0,promien_500m
79A,90-413,232.5,promien_500m
79A,90-723,239.2,promien_500m
79A,90-721,253.3,promien_500m
79A,90-117,255.9,promien_500m
79A,90-408,256.0,promien_500m
79A,90-270,269.3,promien_500m
79A,90-207,276.4,promien_500m
79A,90-113,294.8,promien_500m
79A,90-732,325.8,promien_500m
79A,90-720,327.1,promien_500m
79A,90-419,337.9,promien_500m
79A,90-257,338.0,promien_500m
79A,90-418,339.2,promien_500m
79A,90-107,345.7,promien_500m
79A,91-415,353.8,promien_500m
79A,90-515,360.2,promien_500m
79A,90-708,367.0,promien_500m
79A,90-208,368.4,promien_500m
79A,90-731,374.0,promien_500m
79A,90-728,374.5,promien_500m
79A,90-727,378.4,promien_500m
79A,90-607,387.6,promien_500m
79A,90-256,390.4,promien_500m
79A,90-646,392.7,promien_500m
79A,90-201,396.1,promien_500m
79A,90-717,403.9,promien_500m
79A,90-202,407.7,promien_500m
79A,90-718,413.4,promien_500m
79A,90-253,419.5,promien_500m
79A,90-415,420.0,promien_500m
79A,90-601,424.2,promien_500m
79A,90-401,430.7,promien_500m
79A,90-252,431.1,promien_500m
79A,90-106,431.3,promien_500m
79A,90-102,435.4,promien_500m
79A,90-258,437.0,promien_500m
79A,90-730,438.1,promien_500m
79A,90-422,443.3,promien_500m
79A,90-114,449.8,promien_500m
79A,90-701,450.1,promien_500m
79A,90-111,454.6,promien_500m
79A,91-416,462.3,promien_500m
79A,90-110,463.4,promien_500m
79A,90-259,470.5,promien_500m
79A,90-205,475.1,promien_500m
79A,90-716,490.7,promien_500m
79A,91-063,492.9,promien_500m
79A,90-209,495.1,promien_500m
79A,90-101,498.6,promien_500m
7A,91-417,0.0,promien_500m
7A,91-416,35.2,promien_500m
7A,90-201,48.3,promien_500m
7A,90-202,51.7,promien_500m
7A,90-272,84.5,promien_500m
7A,91-420,97.5,promien_500m
7A,90-271,106.9,promien_500m
7A,91-415,108.4,promien_500m
7A,91-414,121.0,promien_500m
7A,91-423,126.4,promien_500m
7A,91-061,181.7,promien_500m
7A,91-422,187.3,promien_500m
7A,90-270,205.5,promien_500m
7A,90-207,218.0,promien_500m
7A,90-273,228.8,promien_500m
7A,90-406,235.3,promien_500m
7A,90-402,240.3,promien_500m
7A,91-421,249.5,promien_500m
7A,90-011,259.1,promien_500m
7A,91-062,263.4,promien_500m
7A,90-401,265.8,promien_500m
7A,90-205,269.0,promien_500m
7A,91-434,270.3,promien_500m
7A,91-063,279.5,promien_500m
7A,90-206,290.9,promien_500m
7A,91-437,301.3,promien_500m
7A,90-004,316.8,promien_500m
7A,91-408,318.6,promien_500m
7A,91-006,322.6,promien_500m
7A,90-209,322.8,promien_500m
7A,90-403,325.5,promien_500m
7A,91-431,341.1,promien_500m
7A,90-408,344.3,promien_500m
7A,90-269,345.2,promien_500m
7A,90-203,352.0,promien_500m
7A,91-430,353.2,promien_500m
7A,90-404,359.1,promien_500m
7A,91-425,363.9,promien_500m
7A,90-211,365.0,promien_500m
7A,91-069,371.4,promien_500m
7A,91-064,380.2,promien_500m
7A,91-065,395.6,promien_500m
7A,90-407,404.6,promien_500m
7A,91-438,405.2,promien_500m
7A,90-208,407.9,promien_500m
7A,90-263,417.3,promien_500m
7A,90-701,423.2,promien_500m
7A,90-260,426.0,promien_500m
7A,90-213,434.7,promien_500m
7A,90-267,435.3,promien_500m
7A,91-439,435.6,promien_500m
7A,90-253,444.0,promien_500m
7A,91-002,455.4,promien_500m
7A,90-262,458.1,promien_500m
7A,91-433,458.1,promien_500m
7A,90-268,476.6,promien_500m
7A,90-231,481.6,promien_500m
7A,90-214,482.8,promien_500m
7A,90-410,496.6,promien_500m
7A,90-708,496.6,promien_500m
80A,90-722,0.0,promien_500m
80A,90-411,4.7,promien_500m
80A,90-410,45.4,promien_500m
80A,90-725,58.5,promien_500m
80A,90-265,70.4,promien_500m
80A,90-403,72.6,promien_500m
80A,90-406,78.9,promien_500m
80A,90-269,86.6,promien_500m
80A,90-264,95.6,promien_500m
80A,90-723,99.7,promien_500m
80A,90-721,109.7,promien_500m
80A,90-402,110.5,promien_500m
80A,90-407,112.3,promien_500m
80A,90-231,117.9,promien_500m
80A,90-268,140.4,promien_500m
80A,90-004,154.1,promien_500m
80A,90-404,160.5,promien_500m
80A,90-414,161.8,promien_500m
80A,90-732,186.9,promien_500m
80A,90-720,197.3,promien_500m
80A,90-266,202.5,promien_500m
80A,90-272,215.3,promien_500m
80A,90-135,215.5,promien_500m
80A,90-267,216.2,promien_500m
80A,90-515,218.8,promien_500m
80A,90-273,222.4,promien_500m
80A,90-728,231.0,promien_500m
80A,90-413,231.7,promien_500m
80A,90-105,234.3,promien_500m
80A,90-408,234.7,promien_500m
80A,90-727,234.9,promien_500m
80A,90-731,240.9,promien_500m
80A,90-418,248.9,promien_500m
80A,90-261,264.4,promien_500m
80A,90-263,266.9,promien_500m
80A,90-262,267.2,promien_500m
80A,90-708,270.4,promien_500m
80A,90-717,272.9,promien_500m
80A,90-419,273.2,promien_500m
80A,90-718,275.7,promien_500m
80A,90-270,277.9,promien_500m
80A,90-206,278.1,promien_500m
80A,90-607,279.6,promien_500m
80A,90-271,293.5,promien_500m
80A,90-730,297.8,promien_500m
80A,90-601,312.3,promien_500m
80A,90-117,321.4,promien_500m
80A,90-211,337.4,promien_500m
80A,90-716,349.1,promien_500m
80A,90-260,353.3,promien_500m
80A,91-415,356.6,promien_500m
80A,90-701,361.9,promien_500m
80A,90-207,362.7,promien_500m
80A,90-646,366.0,promien_500m
80A,90-401,382.6,promien_500m
80A,90-415,387.0,promien_500m
80A,90-113,387.9,promien_500m
80A,90-107,392.6,promien_500m
80A,90-715,396.8,promien_500m
80A,90-707,401.6,promien_500m
80A,90-507,403.7,promien_500m
80A,90-729,416.2,promien_500m
80A,90-734,425.7,promien_500m
80A,90-201,433.1,promien_500m
80A,90-422,437.0,promien_500m
80A,90-102,446.2,promien_500m
80A,91-063,455.0,promien_500m
80A,90-606,457.4,promien_500m
80A,90-612,460.5,promien_500m
80A,91-069,466.8,promien_500m
80A,90-602,469.8,promien_500m
80A,90-111,472.0,promien_500m
80A,90-106,475.5,promien_500m
80A,90-257,477.0,promien_500m
80A,91-416,483.1,promien_500m
80A,90-706,483.5,promien_500m
80A,90-110,492.3,promien_500m
80A,90-713,496.7,promien_500m
80A,90-202,498.0,promien_500m
80A,90-208,498.1,promien_500m
81A,90-403,0.0,promien_500m
81A,90-402,8.2,promien_500m
81A,90-411,47.6,promien_500m
81A,90-721,62.5,promien_500m
81A,90-404,72.4,promien_500m
81A,90-720,73.3,promien_500m
81A,90-407,81.1,promien_500m
81A,90-406,85.9,promien_500m
81A,90-410,93.0,promien_500m
81A,90-723,107.0,promien_500m
81A,90-722,108.3,promien_500m
81A,90-408,125.8,promien_500m
81A,90-708,133.4,promien_500m
81A,90-725,142.5,promien_500m
81A,90-717,148.3,promien_500m
81A,90-727,161.5,promien_500m
81A,90-718,163.3,promien_500m
81A,90-269,165.4,promien_500m
81A,90-728,177.6,promien_500m
81A,90-265,185.0,promien_500m
81A,90-732,188.2,promien_500m
81A,90-515,196.7,promien_500m
81A,90-004,205.9,promien_500m
81A,90-264,206.1,promien_500m
81A,90-273,219.3,promien_500m
81A,90-701,225.7,promien_500m
81A,90-231,226.0,promien_500m
81A,90-270,231.2,promien_500m
81A,90-731,239.1,promien_500m
81A,90-401,243.1,promien_500m
81A,90-272,246.1,promien_500m
81A,90-268,252.5,promien_500m
81A,90-716,253.6,promien_500m
81A,90-707,261.5,promien_500m
81A,91-415,262.7,promien_500m
81A,90-730,263.2,promien_500m
81A,90-414,273.1,promien_500m
81A,90-267,300.2,promien_500m
81A,90-206,301.4,promien_500m
81A,90-715,308.0,promien_500m
81A,90-507,323.0,promien_500m
81A,90-601,324.5,promien_500m
81A,90-418,328.3,promien_500m
81A,90-266,330.0,promien_500m
81A,90-607,332.7,promien_500m
81A,91-063,344.6,promien_500m
81A,90-734,346.5,promien_500m
81A,91-069,347.7,promien_500m
81A,90-271,348.7,promien_500m
81A,90-263,349.8,promien_500m
81A,90-706,355.3,promien_500m
81A,90-135,355.4,promien_500m
81A,90-729,361.4,promien_500m
81A,90-419,361.8,promien_500m
81A,90-413,363.9,promien_500m
81A,90-261,367.7,promien_500m
81A,90-105,368.2,promien_500m
81A,94-015,368.9,promien_500m
81A,90-262,369.3,promien_500m
81A,90-713,374.5,promien_500m
81A,90-207,382.8,promien_500m
81A,90-712,388.7,promien_500m
81A,90-201,395.0,promien_500m
81A,90-211,407.1,promien_500m
81A,91-416,424.7,promien_500m
81A,90-739,432.2,promien_500m
81A,90-260,432.6,promien_500m
81A,90-710,448.7,promien_500m
81A,90-602,455.2,promien_500m
81A,91-061,456.4,promien_500m
81A,90-117,461.8,promien_500m
81A,90-612,462.4,promien_500m
81A,90-702,468.2,promien_500m
81A,91-414,477.3,promien_500m
81A,90-646,481.5,promien_500m
81A,90-202,481.8,promien_500m
81A,90-415,484.9,promien_500m
81A,91-066,487.8,promien_500m
81A,90-711,489.7,promien_500m
81A,90-606,494.5,promien_500m
82A,90-402,0.0,promien_500m
82A,90-403,19.9,promien_500m
82A,90-404,28.0,promien_500m
82A,90-720,39.3,promien_500m
82A,90-708,72.0,promien_500m
82A,90-408,73.7,promien_500m
82A,90-411,106.0,promien_500m
82A,90-721,108.2,promien_500m
82A,90-407,108.5,promien_500m
82A,90-717,112.9,promien_500m
82A,90-406,130.0,promien_500m
82A,90-718,132.8,promien_500m
82A,90-410,147.8,promien_500m
82A,90-723,159.4,promien_500m
82A,90-722,160.3,promien_500m
82A,90-701,163.6,promien_500m
82A,90-727,166.3,promien_500m
82A,90-401,179.5,promien_500m
82A,90-728,191.5,promien_500m
82A,90-269,197.0,promien_500m
82A,90-707,198.1,promien_500m
82A,90-725,198.4,promien_500m
82A,90-004,207.4,promien_500m
82A,90-732,221.4,promien_500m
82A,90-515,224.4,promien_500m
82A,90-270,228.1,promien_500m
82A,91-415,228.5,promien_500m
82A,90-716,232.2,promien_500m
82A,90-273,232.3,promien_500m
82A,90-265,243.5,promien_500m
82A,90-264,262.7,promien_500m
82A,90-715,263.5,promien_500m
82A,90-731,267.2,promien_500m
82A,90-272,275.0,promien_500m
82A,90-730,278.1,promien_500m
82A,90-231,281.1,promien_500m
82A,90-507,286.0,promien_500m
82A,91-069,292.0,promien_500m
82A,91-063,292.1,promien_500m
82A,90-268,303.8,promien_500m
82A,90-706,305.7,promien_500m
82A,94-015,316.2,promien_500m
82A,90-206,324.7,promien_500m
82A,90-713,329.6,promien_500m
82A,90-734,330.8,promien_500m
82A,90-414,333.6,promien_500m
82A,90-712,339.9,promien_500m
82A,90-267,345.5,promien_500m
82A,90-601,354.2,promien_500m
82A,90-729,360.4,promien_500m
82A,90-418,376.8,promien_500m
82A,90-607,377.6,promien_500m
82A,90-271,381.9,promien_500m
82A,90-201,385.4,promien_500m
82A,90-266,388.1,promien_500m
82A,90-263,389.0,promien_500m
82A,90-710,396.6,promien_500m
82A,90-739,397.7,promien_500m
82A,90-207,400.6,promien_500m
82A,91-416,403.7,promien_500m
82A,90-702,408.3,promien_500m
82A,90-419,415.9,promien_500m
82A,90-261,417.2,promien_500m
82A,90-262,418.3,promien_500m
82A,91-061,418.4,promien_500m
82A,90-135,418.9,promien_500m
82A,91-066,424.4,promien_500m
82A,90-413,426.9,promien_500m
82A,90-105,431.5,promien_500m
82A,90-211,440.0,promien_500m
82A,91-414,443.1,promien_500m
82A,90-711,452.8,promien_500m
82A,91-062,457.4,promien_500m
82A,91-065,461.1,promien_500m
82A,90-260,468.9,promien_500m
82A,90-602,469.0,promien_500m
82A,90-202,475.8,promien_500m
82A,91-067,478.6,promien_500m
82A,90-612,480.0,promien_500m
82A,91-417,486.3,promien_500m
82A,90-737,492.7,promien_500m
82A,90-735,495.4,promien_500m
83A,90-722,0.0,promien_500m
83A,90-721,5.0,promien_500m
83A,90-402,37.7,promien_500m
83A,90-723,39.9,promien_500m
83A,90-732,48.9,promien_500m
83A,90-728,53.9,promien_500m
83A,90-515,55.8,promien_500m
83A,90-727,58.3,promien_500m
83A,90-720,64.9,promien_500m
83A,90-411,67.7,promien_500m
83A,90-725,88.0,promien_500m
83A,90-731,98.1,promien_500m
83A,90-403,105.6,promien_500m
83A,90-730,129.0,promien_500m
83A,90-718,129.9,promien_500m
83A,90-717,149.4,promien_500m
83A,90-404,180.8,promien_500m
83A,90-716,181.2,promien_500m
83A,90-410,183.3,promien_500m
83A,90-601,184.0,promien_500m
83A,90-406,192.0,promien_500m
83A,90-407,208.0,promien_500m
83A,90-418,208.0,promien_500m
83A,90-607,208.7,promien_500m
83A,90-708,211.0,promien_500m
83A,90-414,213.7,promien_500m
83A,90-715,223.4,promien_500m
83A,90-507,228.3,promien_500m
83A,90-729,241.1,promien_500m
83A,90-408,246.3,promien_500m
83A,90-265,246.9,promien_500m
83A,90-734,248.8,promien_500m
83A,90-269,260.0,promien_500m
83A,90-419,262.0,promien_500m
83A,90-264,272.1,promien_500m
83A,90-231,294.5,promien_500m
83A,90-413,302.7,promien_500m
83A,90-707,304.5,promien_500m
83A,90-701,313.7,promien_500m
83A,90-004,316.5,promien_500m
83A,90-268,317.5,promien_500m
83A,90-602,317.6,promien_500m
83A,90-401,320.9,promien_500m
83A,90-612,322.8,promien_500m
83A,90-135,326.5,promien_500m
83A,90-105,331.9,promien_500m
83A,90-706,343.5,promien_500m
83A,90-713,345.9,promien_500m
83A,90-415,346.5,promien_500m
83A,90-273,352.6,promien_500m
83A,90-606,357.1,promien_500m
83A,90-272,364.1,promien_500m
83A,94-015,366.6,promien_500m
83A,90-712,371.1,promien_500m
83A,90-270,371.3,promien_500m
83A,90-739,371.3,promien_500m
83A,90-266,374.4,promien_500m
83A,90-737,385.3,promien_500m
83A,90-267,389.6,promien_500m
83A,90-646,396.9,promien_500m
83A,91-415,398.5,promien_500m
83A,90-711,405.8,promien_500m
83A,90-615,409.0,promien_500m
83A,90-616,414.4,promien_500m
83A,90-735,415.3,promien_500m
83A,90-206,424.6,promien_500m
83A,90-710,437.8,promien_500m
83A,90-261,441.5,promien_500m
83A,90-263,442.3,promien_500m
83A,90-416,444.2,promien_500m
83A,90-262,444.3,promien_500m
83A,90-117,451.4,promien_500m
83A,90-608,454.5,promien_500m
83A,90-736,455.7,promien_500m
83A,91-069,456.3,promien_500m
83A,90-271,457.8,promien_500m
83A,91-063,462.2,promien_500m
83A,90-422,484.3,promien_500m
83A,90-702,487.6,promien_500m
83A,90-624,492.4,promien_500m
83A,90-623,495.2,promien_500m
83A,90-107,499.6,promien_500m
84A,90-728,0.0,promien_500m
84A,90-727,7.2,promien_500m
84A,90-515,46.4,promien_500m
84A,90-720,52.8,promien_500m
84A,90-721,54.4,promien_500m
84A,90-730,56.2,promien_500m
84A,90-722,57.6,promien_500m
84A,90-718,67.7,promien_500m
84A,90-731,68.7,promien_500m
84A,90-732,85.5,promien_500m
84A,90-716,92.6,promien_500m
84A,90-402,95.7,promien_500m
84A,90-717,102.9,promien_500m
84A,90-715,118.6,promien_500m
84A,90-507,121.2,promien_500m
84A,90-723,124.9,promien_500m
84A,90-729,134.5,promien_500m
84A,90-734,137.4,promien_500m
84A,90-601,147.3,promien_500m
84A,90-411,179.1,promien_500m
84A,90-708,183.6,promien_500m
84A,90-725,194.6,promien_500m
84A,90-403,205.9,promien_500m
84A,90-404,214.8,promien_500m
84A,90-607,231.2,promien_500m
84A,90-418,234.0,promien_500m
84A,90-602,238.0,promien_500m
84A,90-612,251.7,promien_500m
84A,90-713,258.7,promien_500m
84A,90-707,269.6,promien_500m
84A,90-739,270.9,promien_500m
84A,90-414,273.4,promien_500m
84A,90-706,275.8,promien_500m
84A,90-737,276.8,promien_500m
84A,90-410,289.8,promien_500m
84A,90-406,296.1,promien_500m
84A,90-711,296.1,promien_500m
84A,90-712,296.8,promien_500m
84A,90-408,298.0,promien_500m
84A,94-015,303.5,promien_500m
84A,90-735,303.7,promien_500m
84A,90-407,307.0,promien_500m
84A,90-419,313.6,promien_500m
84A,90-415,314.0,promien_500m
84A,90-701,324.4,promien_500m
84A,90-401,324.6,promien_500m
84A,90-606,331.1,promien_500m
84A,90-615,335.5,promien_500m
84A,90-736,344.7,promien_500m
84A,90-265,358.3,promien_500m
84A,90-710,360.9,promien_500m
84A,90-413,366.8,promien_500m
84A,90-269,369.5,promien_500m
84A,90-264,383.5,promien_500m
84A,90-616,386.6,promien_500m
84A,90-646,404.0,promien_500m
84A,90-624,405.3,promien_500m
84A,90-231,405.9,promien_500m
84A,90-743,406.4,promien_500m
84A,90-135,420.2,promien_500m
84A,90-105,422.2,promien_500m
84A,90-416,422.5,promien_500m
84A,90-004,425.1,promien_500m
84A,90-702,428.1,promien_500m
84A,90-268,429.0,promien_500m
84A,90-742,431.7,promien_500m
84A,90-604,445.9,promien_500m
84A,90-273,446.6,promien_500m
84A,90-623,449.0,promien_500m
84A,90-608,453.6,promien_500m
84A,90-270,455.0,promien_500m
84A,91-415,457.3,promien_500m
84A,91-069,466.2,promien_500m
84A,90-272,467.2,promien_500m
84A,90-502,472.5,promien_500m
84A,90-741,472.6,promien_500m
84A,90-613,480.6,promien_500m
84A,90-266,484.9,promien_500m
84A,91-066,486.4,promien_500m
84A,91-063,493.2,promien_500m
84A,90-629,495.5,promien_500m
84A,90-746,496.8,promien_500m
85A,90-728,0.0,promien_500m
85A,90-727,4.0,promien_500m
85A,90-730,33.7,promien_500m
85A,90-507,60.3,promien_500m
85A,90-716,62.0,promien_500m
85A,90-715,67.6,promien_500m
85A,90-734,68.0,promien_500m
85A,90-729,73.6,promien_500m
85A,90-718,79.9,promien_500m
85A,90-515,85.4,promien_500m
85A,90-717,90.7,promien_500m
85A,90-720,93.9,promien_500m
85A,90-731,96.2,promien_500m
85A,90-721,124.3,promien_500m
85A,90-722,127.7,promien_500m
85A,90-732,143.7,promien_500m
85A,90-411,149.6,promien_500m
85A,90-601,152.7,promien_500m
85A,90-402,159.0,promien_500m
85A,90-708,187.1,promien_500m
85A,90-723,189.4,promien_500m
85A,90-602,201.6,promien_500m
85A,90-737,209.5,promien_500m
85A,90-739,215.3,promien_500m
85A,90-713,217.5,promien_500m
85A,90-612,221.9,promien_500m
85A,90-711,228.9,promien_500m
85A,90-735,233.7,promien_500m
85A,90-404,243.6,promien_500m
85A,90-707,249.3,promien_500m
85A,90-706,252.4,promien_500m
85A,90-607,256.1,promien_500m
85A,90-725,263.3,promien_500m
85A,90-712,265.8,promien_500m
85A,90-418,271.4,promien_500m
85A,90-403,274.0,promien_500m
85A,90-736,274.8,promien_500m
85A,94-015,282.4,promien_500m
85A,90-615,294.6,promien_500m
85A,90-415,308.6,promien_500m
85A,90-414,322.5,promien_500m
85A,90-710,325.0,promien_500m
85A,90-606,330.7,promien_500m
85A,90-743,338.4,promien_500m
85A,90-401,343.4,promien_500m
85A,90-408,347.0,promien_500m
85A,90-624,348.6,promien_500m
85A,90-701,350.4,promien_500m
85A,90-410,357.8,promien_500m
85A,90-419,358.3,promien_500m
85A,90-742,363.1,promien_500m
85A,90-406,364.4,promien_500m
85A,90-407,372.5,promien_500m
85A,90-616,382.3,promien_500m
85A,90-604,385.9,promien_500m
85A,90-702,404.6,promien_500m
85A,90-741,404.7,promien_500m
85A,90-416,414.0,promien_500m
85A,90-413,414.5,promien_500m
85A,90-646,421.3,promien_500m
85A,90-502,426.5,promien_500m
85A,90-746,427.3,promien_500m
85A,90-265,428.4,promien_500m
85A,90-623,429.8,promien_500m
85A,90-629,438.8,promien_500m
85A,90-269,439.2,promien_500m
85A,90-264,453.5,promien_500m
85A,90-569,463.8,promien_500m
85A,90-608,464.4,promien_500m
85A,91-069,466.7,promien_500m
85A,90-613,470.1,promien_500m
85A,91-066,472.9,promien_500m
85A,90-231,476.0,promien_500m
85A,90-135,481.9,promien_500m
85A,90-105,482.2,promien_500m
85A,90-703,483.7,promien_500m
85A,90-004,491.7,promien_500m
85A,90-745,496.8,promien_500m
85A,90-617,497.4,promien_500m
85A,90-268,499.1,promien_500m
86A,90-715,0.0,promien_500m
86A,90-727,7.8,promien_500m
86A,90-716,20.9,promien_500m
86A,90-734,22.1,promien_500m
86A,90-730,40.6,promien_500m
86A,90-728,53.0,promien_500m
86A,90-718,61.6,promien_500m
86A,90-507,64.2,promien_500m
86A,90-717,72.7,promien_500m
86A,90-729,99.2,promien_500m
86A,90-411,99.9,promien_500m
86A,90-720,120.8,promien_500m
86A,90-739,138.3,promien_500m
86A,90-713,145.4,promien_500m
86A,90-708,145.5,promien_500m
86A,90-515,162.4,promien_500m
86A,90-711,163.0,promien_500m
86A,90-731,173.2,promien_500m
86A,90-721,180.1,promien_500m
86A,90-735,183.6,promien_500m
86A,90-737,186.6,promien_500m
86A,90-722,190.3,promien_500m
86A,90-707,192.4,promien_500m
86A,90-706,192.7,promien_500m
86A,90-712,195.3,promien_500m
86A,90-402,204.8,promien_500m
86A,90-601,215.3,promien_500m
86A,90-732,219.4,promien_500m
86A,94-015,223.2,promien_500m
86A,90-602,223.3,promien_500m
86A,90-736,227.7,promien_500m
86A,90-404,238.9,promien_500m
86A,90-710,252.2,promien_500m
86A,90-723,260.7,promien_500m
86A,90-612,266.4,promien_500m
86A,90-742,300.4,promien_500m
86A,90-743,307.3,promien_500m
86A,90-615,314.4,promien_500m
86A,90-401,320.8,promien_500m
86A,90-403,321.9,promien_500m
86A,90-701,326.4,promien_500m
86A,90-607,328.1,promien_500m
86A,90-725,329.5,promien_500m
86A,90-741,339.6,promien_500m
86A,90-702,340.5,promien_500m
86A,90-624,346.7,promien_500m
86A,90-418,348.0,promien_500m
86A,90-408,360.7,promien_500m
86A,90-415,368.3,promien_500m
86A,90-746,368.4,promien_500m
86A,90-604,377.8,promien_500m
86A,90-502,380.9,promien_500m
86A,90-569,386.9,promien_500m
86A,90-606,393.1,promien_500m
86A,90-414,399.4,promien_500m
86A,90-703,406.7,promien_500m
86A,90-407,410.3,promien_500m
86A,91-069,410.3,promien_500m
86A,90-406,411.9,promien_500m
86A,90-410,414.8,promien_500m
86A,91-066,415.3,promien_500m
86A,90-616,432.3,promien_500m
86A,90-419,435.3,promien_500m
86A,90-629,436.3,promien_500m
86A,90-745,440.3,promien_500m
86A,90-740,457.8,promien_500m
86A,91-067,463.9,promien_500m
86A,91-070,465.9,promien_500m
86A,91-068,466.8,promien_500m
86A,90-416,469.5,promien_500m
86A,90-623,476.3,promien_500m
86A,90-265,485.7,promien_500m
86A,90-413,491.5,promien_500m
86A,90-646,491.5,promien_500m
86A,90-269,491.7,promien_500m
86A,90-747,495.6,promien_500m
87A,90-715,0.0,promien_500m
87A,90-716,24.0,promien_500m
87A,90-734,24.7,promien_500m
87A,90-727,26.0,promien_500m
87A,90-718,43.5,promien_500m
87A,90-730,51.5,promien_500m
87A,90-717,64.5,promien_500m
87A,90-728,71.4,promien_500m
87A,90-507,71.8,promien_500m
87A,90-411,92.6,promien_500m
87A,90-729,107.7,promien_500m
87A,90-739,119.6,promien_500m
87A,90-713,129.1,promien_500m
87A,90-720,134.0,promien_500m
87A,90-708,140.6,promien_500m
87A,90-711,147.9,promien_500m
87A,90-735,173.5,promien_500m
87A,90-712,179.4,promien_500m
87A,90-706,180.4,promien_500m
87A,90-707,180.9,promien_500m
87A,90-515,181.1,promien_500m
87A,90-737,183.0,promien_500m
87A,90-731,191.9,promien_500m
87A,90-721,195.4,promien_500m
87A,90-722,207.5,promien_500m
87A,94-015,211.0,promien_500m
87A,90-736,217.8,promien_500m
87A,90-402,219.3,promien_500m
87A,90-602,230.6,promien_500m
87A,90-601,231.4,promien_500m
87A,90-710,234.9,promien_500m
87A,90-732,237.9,promien_500m
87A,90-404,242.4,promien_500m
87A,90-612,278.7,promien_500m
87A,90-723,278.8,promien_500m
87A,90-742,285.6,promien_500m
87A,90-743,301.3,promien_500m
87A,90-701,317.6,promien_500m
87A,90-401,318.9,promien_500m
87A,90-615,320.9,promien_500m
87A,90-741,324.0,promien_500m
87A,90-702,326.3,promien_500m
87A,90-403,334.1,promien_500m
87A,90-607,345.7,promien_500m
87A,90-725,346.7,promien_500m
87A,90-624,347.0,promien_500m
87A,90-746,354.4,promien_500m
87A,90-502,363.2,promien_500m
87A,90-418,366.6,promien_500m
87A,90-408,367.3,promien_500m
87A,90-569,368.1,promien_500m
87A,90-604,377.3,promien_500m
87A,90-415,383.3,promien_500m
87A,90-703,387.9,promien_500m
87A,91-069,398.0,promien_500m
87A,91-066,403.0,promien_500m
87A,90-606,408.5,promien_500m
87A,90-414,418.2,promien_500m
87A,90-407,421.9,promien_500m
87A,90-406,425.5,promien_500m
87A,90-745,425.7,promien_500m
87A,90-410,428.5,promien_500m
87A,90-629,436.8,promien_500m
87A,90-740,442.3,promien_500m
87A,90-616,442.4,promien_500m
87A,91-070,447.2,promien_500m
87A,91-068,448.2,promien_500m
87A,91-067,451.0,promien_500m
87A,90-419,454.0,promien_500m
87A,90-416,483.3,promien_500m
87A,90-747,483.3,promien_500m
87A,90-623,488.1,promien_500m
87A,90-748,489.1,promien_500m
88B,90-734,0.0,promien_500m
88B,90-411,4.8,promien_500m
88B,90-729,52.9,promien_500m
88B,90-507,54.5,promien_500m
88B,90-718,69.8,promien_500m
88B,90-715,71.3,promien_500m
88B,90-730,78.0,promien_500m
88B,90-727,81.5,promien_500m
88B,90-737,82.3,promien_500m
88B,90-735,86.5,promien_500m
88B,90-711,98.3,promien_500m
88B,90-728,111.2,promien_500m
88B,90-717,113.2,promien_500m
88B,90-716,124.7,promien_500m
88B,90-736,128.3,promien_500m
88B,90-739,132.1,promien_500m
88B,90-602,144.6,promien_500m
88B,90-713,192.0,promien_500m
88B,90-743,201.9,promien_500m
88B,90-601,218.2,promien_500m
88B,90-515,219.3,promien_500m
88B,90-742,221.0,promien_500m
88B,90-720,221.9,promien_500m
88B,90-731,226.2,promien_500m
88B,90-612,230.3,promien_500m
88B,90-708,235.8,promien_500m
88B,90-712,238.7,promien_500m
88B,90-615,240.7,promien_500m
88B,90-624,249.1,promien_500m
88B,90-706,252.2,promien_500m
88B,90-707,261.1,promien_500m
88B,90-741,264.4,promien_500m
88B,90-710,265.9,promien_500m
88B,90-721,271.3,promien_500m
88B,90-722,274.8,promien_500m
88B,90-604,278.2,promien_500m
88B,90-732,279.2,promien_500m
88B,94-015,280.3,promien_500m
88B,90-746,281.7,promien_500m
88B,90-402,301.2,promien_500m
88B,90-723,332.7,promien_500m
88B,90-629,339.0,promien_500m
88B,90-607,341.7,promien_500m
88B,90-404,343.0,promien_500m
88B,90-415,349.3,promien_500m
88B,90-745,349.8,promien_500m
88B,90-569,357.3,promien_500m
88B,90-502,359.5,promien_500m
88B,90-616,374.7,promien_500m
88B,90-606,378.0,promien_500m
88B,90-702,379.1,promien_500m
88B,90-740,379.4,promien_500m
88B,90-418,382.9,promien_500m
88B,90-703,388.0,promien_500m
88B,90-747,399.8,promien_500m
88B,90-748,402.9,promien_500m
88B,90-701,403.9,promien_500m
88B,90-725,409.1,promien_500m
88B,90-618,412.3,promien_500m
88B,90-617,416.6,promien_500m
88B,90-401,417.4,promien_500m
88B,90-403,418.6,promien_500m
88B,90-623,419.0,promien_500m
88B,90-558,428.6,promien_500m
88B,90-750,428.6,promien_500m
88B,91-069,432.8,promien_500m
88B,91-070,436.8,promien_500m
88B,90-416,437.3,promien_500m
88B,90-414,443.8,promien_500m
88B,90-625,446.7,promien_500m
88B,90-637,448.5,promien_500m
88B,91-068,457.0,promien_500m
88B,90-626,460.7,promien_500m
88B,90-408,466.1,promien_500m
88B,90-613,472.2,promien_500m
88B,90-419,474.4,promien_500m
88B,91-066,474.7,promien_500m
88B,90-749,477.7,promien_500m
88B,90-756,491.4,promien_500m
88B,90-646,492.0,promien_500m
88B,90-630,496.0,promien_500m
88B,90-410,497.4,promien_500m
88B,91-067,498.4,promien_500m
89B,90-734,0.0,promien_500m
89B,90-735,16.1,promien_500m
89B,90-711,41.6,promien_500m
89B,90-411,44.6,promien_500m
89B,90-737,44.6,promien_500m
89B,90-718,53.4,promien_500m
89B,90-736,59.9,promien_500m
89B,90-507,90.0,promien_500m
89B,90-729,101.3,promien_500m
89B,90-739,114.4,promien_500m
89B,90-715,114.7,promien_500m
89B,90-717,133.5,promien_500m
89B,90-743,146.2,promien_500m
89B,90-742,146.5,promien_500m
89B,90-602,146.7,promien_500m
89B,90-730,153.0,promien_500m
89B,90-727,153.3,promien_500m
89B,90-713,171.7,promien_500m
89B,90-716,179.1,promien_500m
89B,90-728,185.4,promien_500m
89B,90-741,190.5,promien_500m
89B,90-746,206.4,promien_500m
89B,90-712,225.1,promien_500m
89B,90-710,226.8,promien_500m
89B,90-624,232.8,promien_500m
89B,90-604,255.6,promien_500m
89B,90-615,260.3,promien_500m
89B,90-706,264.5,promien_500m
89B,90-708,269.8,promien_500m
89B,90-612,274.9,promien_500m
89B,90-745,275.7,promien_500m
89B,90-601,279.3,promien_500m
89B,90-707,281.0,promien_500m
89B,94-015,287.0,promien_500m
89B,90-720,289.3,promien_500m
89B,90-515,294.6,promien_500m
89B,90-569,300.6,promien_500m
89B,90-731,301.4,promien_500m
89B,90-740,304.2,promien_500m
89B,90-629,314.6,promien_500m
89B,90-747,327.5,promien_500m
89B,90-748,332.1,promien_500m
89B,90-703,338.8,promien_500m
89B,90-721,344.7,promien_500m
89B,90-722,348.7,promien_500m
89B,90-732,354.4,promien_500m
89B,90-702,355.3,promien_500m
89B,90-502,358.6,promien_500m
89B,90-558,363.6,promien_500m
89B,90-750,363.7,promien_500m
89B,90-402,371.7,promien_500m
89B,90-618,373.6,promien_500m
89B,91-070,380.2,promien_500m
89B,90-401,381.1,promien_500m
89B,91-069,394.0,promien_500m
89B,90-404,395.6,promien_500m
89B,90-616,401.9,promien_500m
89B,90-415,402.3,promien_500m
89B,90-749,404.0,promien_500m
89B,90-617,406.6,promien_500m
89B,90-723,408.0,promien_500m
89B,90-607,408.1,promien_500m
89B,91-068,411.2,promien_500m
89B,90-756,417.0,promien_500m
89B,90-701,423.7,promien_500m
89B,90-623,428.8,promien_500m
89B,90-758,430.7,promien_500m
89B,90-606,432.2,promien_500m
89B,90-762,442.7,promien_500m
89B,90-637,442.9,promien_500m
89B,90-625,446.5,promien_500m
89B,90-418,454.2,promien_500m
89B,91-067,458.6,promien_500m
89B,90-639,458.9,promien_500m
89B,90-626,462.1,promien_500m
89B,90-635,466.7,promien_500m
89B,91-066,477.0,promien_500m
89B,90-630,477.8,promien_500m
89B,90-416,480.6,promien_500m
89B,90-725,484.2,promien_500m
89B,90-403,489.6,promien_500m
89B,91-072,491.1,promien_500m
89B,90-753,496.1,promien_500m
89B,90-613,497.8,promien_500m
8A,91-417,0.0,promien_500m
8A,91-420,40.6,promien_500m
8A,91-416,56.1,promien_500m
8A,91-423,108.4,promien_500m
8A,91-414,120.6,promien_500m
8A,90-201,137.6,promien_500m
8A,91-415,138.8,promien_500m
8A,90-202,141.4,promien_500m
8A,90-272,175.2,promien_500m
8A,91-434,179.9,promien_500m
8A,91-061,187.8,promien_500m
8A,90-271,197.6,promien_500m
8A,91-437,214.1,promien_500m
8A,91-422,218.3,promien_500m
8A,91-062,221.2,promien_500m
8A,90-011,238.5,promien_500m
8A,90-402,241.6,promien_500m
8A,91-006,241.9,promien_500m
8A,91-421,247.0,promien_500m
8A,90-270,263.5,promien_500m
8A,91-430,264.4,promien_500m
8A,91-431,286.3,promien_500m
8A,90-406,295.9,promien_500m
8A,90-207,301.7,promien_500m
8A,90-401,302.8,promien_500m
8A,91-063,305.2,promien_500m
8A,90-273,313.1,promien_500m
8A,91-438,320.3,promien_500m
8A,91-064,321.5,promien_500m
8A,90-205,333.4,promien_500m
8A,91-425,342.2,promien_500m
8A,91-408,343.3,promien_500m
8A,91-439,344.9,promien_500m
8A,90-209,355.8,promien_500m
8A,91-065,370.3,promien_500m
8A,91-002,370.4,promien_500m
8A,90-403,374.9,promien_500m
8A,90-206,381.5,promien_500m
8A,90-203,385.4,promien_500m
8A,91-433,394.8,promien_500m
8A,91-069,395.3,promien_500m
8A,90-004,397.5,promien_500m
8A,90-408,415.4,promien_500m
8A,90-269,426.5,promien_500m
8A,90-404,436.9,promien_500m
8A,91-446,446.1,promien_500m
8A,90-701,453.5,promien_500m
8A,90-211,454.5,promien_500m
8A,91-444,455.2,promien_500m
8A,90-407,486.2,promien_500m
8A,90-208,486.9,promien_500m
8A,90-213,494.5,promien_500m
90B,90-711,0.0,promien_500m
90B,90-734,17.1,promien_500m
90B,90-735,21.9,promien_500m
90B,90-718,47.1,promien_500m
90B,90-736,62.1,promien_500m
90B,90-737,64.3,promien_500m
90B,90-739,77.6,promien_500m
90B,90-717,87.3,promien_500m
90B,90-742,88.5,promien_500m
90B,90-411,101.5,promien_500m
90B,90-743,129.6,promien_500m
90B,90-741,130.9,promien_500m
90B,90-713,143.1,promien_500m
90B,90-507,144.8,promien_500m
90B,90-715,147.4,promien_500m
90B,90-746,155.4,promien_500m
90B,90-729,162.2,promien_500m
90B,90-710,183.7,promien_500m
90B,90-712,188.4,promien_500m
90B,90-602,194.3,promien_500m
90B,90-727,201.7,promien_500m
90B,90-730,206.4,promien_500m
90B,90-716,216.0,promien_500m
90B,90-745,227.4,promien_500m
90B,90-728,239.2,promien_500m
90B,90-569,243.0,promien_500m
90B,90-740,247.3,promien_500m
90B,90-624,259.9,promien_500m
90B,90-706,262.4,promien_500m
90B,94-015,279.0,promien_500m
90B,90-604,279.8,promien_500m
90B,90-707,284.0,promien_500m
90B,90-708,285.0,promien_500m
90B,90-703,285.3,promien_500m
90B,90-747,286.7,promien_500m
90B,90-748,293.0,promien_500m
90B,90-615,310.1,promien_500m
90B,90-502,312.5,promien_500m
90B,90-702,319.8,promien_500m
90B,90-401,320.2,promien_500m
90B,91-070,322.1,promien_500m
90B,90-612,331.5,promien_500m
90B,90-558,332.0,promien_500m
90B,90-629,332.7,promien_500m
90B,90-720,333.1,promien_500m
90B,90-750,336.9,promien_500m
90B,90-601,339.2,promien_500m
90B,91-069,346.7,promien_500m
90B,90-515,351.8,promien_500m
90B,90-749,358.4,promien_500m
90B,91-068,359.0,promien_500m
90B,90-731,359.3,promien_500m
90B,90-756,369.1,promien_500m
90B,90-618,370.0,promien_500m
90B,90-762,381.5,promien_500m
90B,90-721,393.0,promien_500m
90B,90-758,395.2,promien_500m
90B,90-722,400.2,promien_500m
90B,91-067,408.8,promien_500m
90B,90-732,412.0,promien_500m
90B,90-402,417.9,promien_500m
90B,90-701,421.6,promien_500m
90B,90-404,422.8,promien_500m
90B,91-072,430.0,promien_500m
90B,90-617,435.4,promien_500m
90B,90-753,440.0,promien_500m
90B,90-616,441.8,promien_500m
90B,90-635,449.0,promien_500m
90B,90-639,450.6,promien_500m
90B,91-066,459.5,promien_500m
90B,90-415,462.5,promien_500m
90B,90-723,463.4,promien_500m
90B,90-607,470.0,promien_500m
90B,90-623,470.1,promien_500m
90B,90-637,474.2,promien_500m
90B,90-625,481.3,promien_500m
90B,90-754,484.5,promien_500m
90B,90-606,492.5,promien_500m
90B,90-626,497.9,promien_500m
90B,90-630,499.2,promien_500m
91B,90-711,0.0,promien_500m
91B,90-718,27.4,promien_500m
91B,90-734,43.2,promien_500m
91B,90-735,44.0,promien_500m
91B,90-739,50.1,promien_500m
91B,90-717,54.6,promien_500m
91B,90-742,70.0,promien_500m
91B,90-736,92.1,promien_500m
91B,90-737,94.7,promien_500m
91B,90-741,106.7,promien_500m
91B,90-713,110.6,promien_500m
91B,90-411,131.3,promien_500m
91B,90-746,141.6,promien_500m
91B,90-743,142.0,promien_500m
91B,90-710,153.6,promien_500m
91B,90-712,160.3,promien_500m
91B,90-715,162.9,promien_500m
91B,90-507,179.6,promien_500m
91B,90-729,196.3,promien_500m
91B,90-569,208.3,promien_500m
91B,90-745,209.8,promien_500m
91B,90-727,224.1,promien_500m
91B,90-740,224.9,promien_500m
91B,90-602,228.3,promien_500m
91B,90-716,229.9,promien_500m
91B,90-730,231.2,promien_500m
91B,90-703,251.4,promien_500m
91B,90-706,254.5,promien_500m
91B,90-728,264.4,promien_500m
91B,94-015,267.9,promien_500m
91B,90-747,278.6,promien_500m
91B,90-707,279.1,promien_500m
91B,90-502,281.4,promien_500m
91B,90-401,285.9,promien_500m
91B,90-748,286.1,promien_500m
91B,90-708,286.8,promien_500m
91B,91-070,287.3,promien_500m
91B,90-624,288.1,promien_500m
91B,90-702,293.4,promien_500m
91B,90-604,297.0,promien_500m
91B,91-069,314.9,promien_500m
91B,91-068,325.4,promien_500m
91B,90-558,329.9,promien_500m
91B,90-750,338.5,promien_500m
91B,90-615,344.2,promien_500m
91B,90-749,346.1,promien_500m
91B,90-720,350.8,promien_500m
91B,90-762,352.0,promien_500m
91B,90-756,354.7,promien_500m
91B,90-629,357.3,promien_500m
91B,90-612,366.3,promien_500m
91B,90-601,373.8,promien_500m
91B,91-067,375.9,promien_500m
91B,90-515,378.7,promien_500m
91B,90-618,382.7,promien_500m
91B,90-731,386.8,promien_500m
91B,90-758,388.3,promien_500m
91B,91-072,395.8,promien_500m
91B,90-701,411.9,promien_500m
91B,90-721,412.7,promien_500m
91B,90-753,417.2,promien_500m
91B,90-722,422.4,promien_500m
91B,90-404,429.6,promien_500m
91B,90-402,436.5,promien_500m
91B,90-732,439.0,promien_500m
91B,91-066,441.2,promien_500m
91B,90-635,452.8,promien_500m
91B,90-639,462.0,promien_500m
91B,90-617,463.4,promien_500m
91B,90-616,473.2,promien_500m
91B,90-754,481.8,promien_500m
91B,90-752,484.6,promien_500m
91B,90-723,488.4,promien_500m
91B,91-065,496.2,promien_500m
91B,90-415,497.0,promien_500m
92B,90-735,0.0,promien_500m
92B,90-734,9.3,promien_500m
92B,90-743,31.7,promien_500m
92B,90-736,39.5,promien_500m
92B,90-742,53.0,promien_500m
92B,90-711,69.1,promien_500m
92B,90-718,74.7,promien_500m
92B,90-737,83.6,promien_500m
92B,90-746,83.9,promien_500m
92B,90-741,106.1,promien_500m
92B,90-739,136.7,promien_500m
92B,90-745,139.5,promien_500m
92B,90-717,140.2,promien_500m
92B,90-411,160.2,promien_500m
92B,90-602,166.0,promien_500m
92B,90-507,175.3,promien_500m
92B,90-740,184.6,promien_500m
92B,90-604,185.2,promien_500m
92B,90-747,188.8,promien_500m
92B,90-713,192.1,promien_500m
92B,90-748,193.4,promien_500m
92B,90-624,208.0,promien_500m
92B,90-729,208.9,promien_500m
92B,90-558,227.7,promien_500m
92B,90-750,231.1,promien_500m
92B,90-569,237.1,promien_500m
92B,90-712,238.8,promien_500m
92B,90-710,245.9,promien_500m
92B,90-715,248.6,promien_500m
92B,90-629,255.5,promien_500m
92B,90-749,266.6,promien_500m
92B,90-618,270.2,promien_500m
92B,90-756,281.1,promien_500m
92B,90-730,288.7,promien_500m
92B,90-727,291.9,promien_500m
92B,90-758,292.8,promien_500m
92B,90-615,293.8,promien_500m
92B,90-716,315.4,promien_500m
92B,90-401,321.7,promien_500m
92B,90-728,322.4,promien_500m
92B,90-703,328.3,promien_500m
92B,90-762,341.7,promien_500m
92B,91-070,342.4,promien_500m
92B,90-612,342.5,promien_500m
92B,90-635,343.8,promien_500m
92B,90-639,349.4,promien_500m
92B,90-502,357.8,promien_500m
92B,90-601,365.1,promien_500m
92B,90-706,365.9,promien_500m
92B,90-753,372.0,promien_500m
92B,90-617,376.5,promien_500m
92B,90-754,380.1,promien_500m
92B,94-015,380.3,promien_500m
92B,90-707,388.8,promien_500m
92B,90-708,390.9,promien_500m
92B,90-702,396.0,promien_500m
92B,91-069,396.7,promien_500m
92B,91-068,399.2,promien_500m
92B,90-616,402.0,promien_500m
92B,90-636,407.1,promien_500m
92B,90-637,418.0,promien_500m
92B,90-752,418.1,promien_500m
92B,90-623,422.6,promien_500m
92B,91-072,426.1,promien_500m
92B,90-515,426.8,promien_500m
92B,90-630,426.9,promien_500m
92B,90-720,428.0,promien_500m
92B,90-625,430.1,promien_500m
92B,90-731,432.2,promien_500m
92B,90-638,438.7,promien_500m
92B,90-757,444.5,promien_500m
92B,90-626,448.9,promien_500m
92B,90-643,450.8,promien_500m
92B,91-067,452.7,promien_500m
92B,90-763,461.8,promien_500m
92B,90-546,463.6,promien_500m
92B,90-619,473.1,promien_500m
92B,90-755,480.5,promien_500m
92B,90-415,481.0,promien_500m
92B,90-721,482.5,promien_500m
92B,90-732,485.4,promien_500m
92B,90-722,486.1,promien_500m
92B,90-645,487.5,promien_500m
92B,90-607,499.2,promien_500m
93B,90-742,0.0,promien_500m
93B,90-718,19.5,promien_500m
93B,90-741,23.8,promien_500m
93B,90-734,24.9,promien_500m
93B,90-735,31.1,promien_500m
93B,90-746,38.3,promien_500m
93B,90-711,56.2,promien_500m
93B,90-739,61.2,promien_500m
93B,90-717,88.5,promien_500m
93B,90-743,92.1,promien_500m
93B,90-745,106.3,promien_500m
93B,90-736,122.1,promien_500m
93B,90-713,124.9,promien_500m
93B,90-740,125.5,promien_500m
93B,90-737,142.0,promien_500m
93B,90-411,147.3,promien_500m
93B,90-569,154.3,promien_500m
93B,90-712,160.0,promien_500m
93B,90-747,177.3,promien_500m
93B,90-710,183.7,promien_500m
93B,90-748,189.4,promien_500m
93B,90-401,238.9,promien_500m
93B,90-558,239.6,promien_500m
93B,90-507,241.4,promien_500m
93B,90-749,243.6,promien_500m
93B,90-604,244.1,promien_500m
93B,90-602,247.3,promien_500m
93B,90-756,251.4,promien_500m
93B,90-703,253.7,promien_500m
93B,90-750,254.7,promien_500m
93B,91-070,260.0,promien_500m
93B,90-715,265.9,promien_500m
93B,90-762,268.4,promien_500m
93B,90-729,269.4,promien_500m
93B,90-758,289.0,promien_500m
93B,90-624,290.5,promien_500m
93B,90-502,305.0,promien_500m
93B,90-753,317.9,promien_500m
93B,90-618,320.6,promien_500m
93B,91-068,320.9,promien_500m
93B,91-069,321.5,promien_500m
93B,90-727,323.9,promien_500m
93B,90-702,325.8,promien_500m
93B,90-730,328.7,promien_500m
93B,90-629,329.0,promien_500m
93B,90-716,333.5,promien_500m
93B,90-706,340.4,promien_500m
93B,91-072,344.8,promien_500m
93B,94-015,353.7,promien_500m
93B,90-728,361.4,promien_500m
93B,90-635,369.4,promien_500m
93B,91-067,371.1,promien_500m
93B,90-707,372.7,promien_500m
93B,90-615,375.7,promien_500m
93B,90-752,383.5,promien_500m
93B,90-708,384.0,promien_500m
93B,90-754,388.1,promien_500m
93B,90-639,395.0,promien_500m
93B,90-763,403.7,promien_500m
93B,90-612,419.0,promien_500m
93B,90-757,437.1,promien_500m
93B,90-601,437.2,promien_500m
93B,90-755,450.6,promien_500m
93B,90-617,451.4,promien_500m
93B,90-720,453.5,promien_500m
93B,90-636,459.4,promien_500m
93B,90-515,473.0,promien_500m
93B,90-643,475.0,promien_500m
93B,90-731,480.1,promien_500m
93B,90-616,484.6,promien_500m
93B,90-701,495.6,promien_500m
93B,90-764,496.0,promien_500m
93B,90-637,498.3,promien_500m
94B,90-735,0.0,promien_500m
94B,90-743,32.4,promien_500m
94B,90-746,37.7,promien_500m
94B,90-745,51.4,promien_500m
94B,90-742,56.4,promien_500m
94B,90-734,63.4,promien_500m
94B,90-411,69.9,promien_500m
94B,90-741,74.9,promien_500m
94B,90-747,99.1,promien_500m
94B,90-736,102.7,promien_500m
94B,90-748,105.0,promien_500m
94B,90-718,114.3,promien_500m
94B,90-739,115.2,promien_500m
94B,90-740,118.1,promien_500m
94B,90-717,125.3,promien_500m
94B,90-711,135.4,promien_500m
94B,90-558,146.8,promien_500m
94B,90-750,159.1,promien_500m
94B,90-604,159.9,promien_500m
94B,90-737,173.9,promien_500m
94B,90-749,176.3,promien_500m
94B,90-756,191.5,promien_500m
94B,90-602,201.1,promien_500m
94B,90-758,207.1,promien_500m
94B,90-569,215.5,promien_500m
94B,90-713,219.3,promien_500m
94B,90-618,228.4,promien_500m
94B,90-712,243.2,promien_500m
94B,90-624,248.5,promien_500m
94B,90-629,257.7,promien_500m
94B,90-507,258.6,promien_500m
94B,90-635,273.9,promien_500m
94B,90-710,278.6,promien_500m
94B,90-762,281.0,promien_500m
94B,90-703,286.0,promien_500m
94B,90-753,290.8,promien_500m
94B,90-401,294.3,promien_500m
94B,90-729,296.7,promien_500m
94B,90-754,298.4,promien_500m
94B,90-639,299.9,promien_500m
94B,91-070,326.8,promien_500m
94B,90-752,328.2,promien_500m
94B,90-715,335.0,promien_500m
94B,90-615,348.6,promien_500m
94B,90-757,357.4,promien_500m
94B,91-072,364.7,promien_500m
94B,90-636,366.7,promien_500m
94B,90-617,369.4,promien_500m
94B,90-730,379.1,promien_500m
94B,90-643,380.4,promien_500m
94B,90-727,382.0,promien_500m
94B,90-763,382.1,promien_500m
94B,90-755,390.2,promien_500m
94B,91-068,392.5,promien_500m
94B,90-502,395.0,promien_500m
94B,90-716,402.9,promien_500m
94B,91-069,406.0,promien_500m
94B,90-728,412.8,promien_500m
94B,90-638,413.2,promien_500m
94B,90-612,414.1,promien_500m
94B,90-702,415.2,promien_500m
94B,90-637,419.5,promien_500m
94B,90-630,428.6,promien_500m
94B,90-759,429.1,promien_500m
94B,90-645,433.9,promien_500m
94B,90-706,435.2,promien_500m
94B,90-616,438.3,promien_500m
94B,91-067,440.5,promien_500m
94B,90-601,442.5,promien_500m
94B,90-764,444.6,promien_500m
94B,94-015,446.3,promien_500m
94B,90-623,450.7,promien_500m
94B,90-619,452.3,promien_500m
94B,90-625,453.4,promien_500m
94B,90-647,454.9,promien_500m
94B,90-707,461.7,promien_500m
94B,90-546,463.4,promien_500m
94B,90-646,467.1,promien_500m
94B,90-708,470.0,promien_500m
94B,90-640,474.3,promien_500m
94B,90-626,475.2,promien_500m
95B,90-745,0.0,promien_500m
95B,90-746,1.5,promien_500m
95B,90-741,12.9,promien_500m
95B,90-735,36.4,promien_500m
95B,90-740,36.9,promien_500m
95B,90-739,48.8,promien_500m
95B,90-411,49.2,promien_500m
95B,90-747,63.6,promien_500m
95B,90-717,71.9,promien_500m
95B,90-742,78.1,promien_500m
95B,90-748,96.6,promien_500m
95B,90-743,113.9,promien_500m
95B,90-718,119.1,promien_500m
95B,90-734,119.7,promien_500m
95B,90-749,129.4,promien_500m
95B,90-756,135.0,promien_500m
95B,90-558,156.5,promien_500m
95B,90-569,161.4,promien_500m
95B,90-711,172.1,promien_500m
95B,90-758,181.5,promien_500m
95B,90-736,182.7,promien_500m
95B,90-750,183.8,promien_500m
95B,90-762,197.2,promien_500m
95B,90-713,198.1,promien_500m
95B,90-712,202.4,promien_500m
95B,90-703,203.8,promien_500m
95B,90-753,211.9,promien_500m
95B,90-604,227.8,promien_500m
95B,90-401,229.2,promien_500m
95B,90-737,240.8,promien_500m
95B,91-070,257.3,promien_500m
95B,90-710,266.9,promien_500m
95B,90-752,268.8,promien_500m
95B,90-618,279.0,promien_500m
95B,91-072,280.8,promien_500m
95B,90-602,284.6,promien_500m
95B,90-754,289.2,promien_500m
95B,90-635,289.3,promien_500m
95B,90-763,302.1,promien_500m
95B,90-757,323.4,promien_500m
95B,91-068,324.2,promien_500m
95B,90-629,331.3,promien_500m
95B,90-624,332.0,promien_500m
95B,90-755,334.0,promien_500m
95B,90-507,335.3,promien_500m
95B,90-639,336.1,promien_500m
95B,91-069,364.9,promien_500m
95B,90-502,367.3,promien_500m
95B,90-729,368.5,promien_500m
95B,90-764,380.7,promien_500m
95B,91-067,381.3,promien_500m
95B,90-715,382.2,promien_500m
95B,90-702,382.4,promien_500m
95B,90-643,383.0,promien_500m
95B,90-636,411.0,promien_500m
95B,90-759,414.9,promien_500m
95B,90-615,432.6,promien_500m
95B,90-617,432.6,promien_500m
95B,90-727,438.0,promien_500m
95B,90-706,438.6,promien_500m
95B,90-730,441.2,promien_500m
95B,90-647,448.1,promien_500m
95B,90-716,450.0,promien_500m
95B,94-015,457.3,promien_500m
95B,90-645,463.1,promien_500m
95B,90-638,463.7,promien_500m
95B,90-728,473.4,promien_500m
95B,90-637,482.2,promien_500m
95B,90-707,483.7,promien_500m
95B,91-071,485.4,promien_500m
95B,90-708,495.4,promien_500m
95B,90-612,496.3,promien_500m
95B,90-630,498.8,promien_500m
95B,90-646,499.5,promien_500m
96B,90-748,0.0,promien_500m
96B,90-747,8.1,promien_500m
96B,90-745,31.2,promien_500m
96B,90-411,38.2,promien_500m
96B,90-558,45.0,promien_500m
96B,90-717,47.2,promien_500m
96B,90-749,61.8,promien_500m
96B,90-741,63.9,promien_500m
96B,90-746,65.4,promien_500m
96B,90-750,66.8,promien_500m
96B,90-758,71.3,promien_500m
96B,90-756,86.3,promien_500m
96B,90-740,93.6,promien_500m
96B,90-735,98.4,promien_500m
96B,90-743,127.2,promien_500m
96B,90-604,137.0,promien_500m
96B,90-739,159.8,promien_500m
96B,90-753,167.4,promien_500m
96B,90-754,169.8,promien_500m
96B,90-635,171.6,promien_500m
96B,90-742,177.6,promien_500m
96B,90-618,193.8,promien_500m
96B,90-752,199.0,promien_500m
96B,90-734,199.7,promien_500m
96B,90-757,221.4,promien_500m
96B,90-639,222.8,promien_500m
96B,90-736,226.3,promien_500m
96B,90-762,230.0,promien_500m
96B,90-718,230.2,promien_500m
96B,90-643,262.2,promien_500m
96B,90-755,263.9,promien_500m
96B,90-711,268.4,promien_500m
96B,90-569,269.9,promien_500m
96B,90-629,273.7,promien_500m
96B,90-703,274.2,promien_500m
96B,90-602,278.3,promien_500m
96B,90-759,300.1,promien_500m
96B,90-763,302.9,promien_500m
96B,90-737,306.7,promien_500m
96B,90-636,310.0,promien_500m
96B,90-713,318.8,promien_500m
96B,91-072,319.5,promien_500m
96B,90-712,319.7,promien_500m
96B,91-070,319.7,promien_500m
96B,90-624,324.4,promien_500m
96B,90-764,324.6,promien_500m
96B,90-647,328.9,promien_500m
96B,90-401,333.7,promien_500m
96B,90-645,348.8,promien_500m
96B,90-617,353.2,promien_500m
96B,90-638,367.6,promien_500m
96B,90-507,377.3,promien_500m
96B,90-646,385.3,promien_500m
96B,90-710,386.6,promien_500m
96B,90-637,393.4,promien_500m
96B,90-640,400.5,promien_500m
96B,90-619,418.7,promien_500m
96B,91-068,420.9,promien_500m
96B,90-415,421.1,promien_500m
96B,90-729,423.4,promien_500m
96B,90-615,427.2,promien_500m
96B,90-630,428.0,promien_500m
96B,90-502,449.1,promien_500m
96B,90-546,454.6,promien_500m
96B,90-644,460.2,promien_500m
96B,90-715,471.3,promien_500m
96B,91-069,482.7,promien_500m
96B,90-616,483.2,promien_500m
96B,91-067,484.6,promien_500m
96B,90-625,487.0,promien_500m
96B,91-073,491.4,promien_500m
96B,90-623,491.5,promien_500m
97B,90-749,0.0,promien_500m
97B,90-756,12.4,promien_500m
97B,90-747,14.7,promien_500m
97B,90-717,15.0,promien_500m
97B,90-741,16.5,promien_500m
97B,90-740,26.0,promien_500m
97B,90-748,51.1,promien_500m
97B,90-758,59.7,promien_500m
97B,90-411,82.7,promien_500m
97B,90-745,94.9,promien_500m
97B,90-558,100.9,promien_500m
97B,90-750,101.0,promien_500m
97B,90-753,114.4,promien_500m
97B,90-746,122.2,promien_500m
97B,90-752,135.0,promien_500m
97B,90-735,147.5,promien_500m
97B,90-762,161.9,promien_500m
97B,90-739,164.0,promien_500m
97B,90-754,169.5,promien_500m
97B,90-757,178.6,promien_500m
97B,90-635,179.4,promien_500m
97B,90-604,188.5,promien_500m
97B,90-755,195.9,promien_500m
97B,90-743,197.2,promien_500m
97B,90-742,221.3,promien_500m
97B,90-763,228.8,promien_500m
97B,90-703,230.4,promien_500m
97B,90-764,252.1,promien_500m
97B,90-569,253.9,promien_500m
97B,90-734,254.8,promien_500m
97B,91-072,254.9,promien_500m
97B,90-639,257.5,promien_500m
97B,90-618,260.3,promien_500m
97B,91-070,263.7,promien_500m
97B,90-718,264.2,promien_500m
97B,90-643,267.9,promien_500m
97B,90-759,277.0,promien_500m
97B,90-401,292.5,promien_500m
97B,90-736,293.1,promien_500m
97B,90-711,314.1,promien_500m
97B,90-712,316.5,promien_500m
97B,90-647,321.0,promien_500m
97B,90-713,328.1,promien_500m
97B,90-629,345.7,promien_500m
97B,90-602,354.9,promien_500m
97B,90-636,361.8,promien_500m
97B,90-737,368.1,promien_500m
97B,90-645,374.7,promien_500m
97B,91-068,385.3,promien_500m
97B,90-624,401.3,promien_500m
97B,90-710,404.8,promien_500m
97B,90-617,415.9,promien_500m
97B,91-073,416.8,promien_500m
97B,90-646,418.1,promien_500m
97B,90-638,422.1,promien_500m
97B,90-640,439.5,promien_500m
97B,91-071,439.9,promien_500m
97B,90-415,441.4,promien_500m
97B,90-507,447.2,promien_500m
97B,91-074,447.5,promien_500m
97B,91-067,451.8,promien_500m
97B,90-637,452.4,promien_500m
97B,90-644,474.0,promien_500m
97B,91-069,474.5,promien_500m
97B,90-619,476.5,promien_500m
97B,90-502,488.0,promien_500m
97B,90-729,489.8,promien_500m
97B,90-630,495.4,promien_500m
98B,90-747,0.0,promien_500m
98B,90-758,8.0,promien_500m
98B,90-753,28.1,promien_500m
98B,90-756,38.5,promien_500m
98B,90-757,60.4,promien_500m
98B,90-749,63.4,promien_500m
98B,90-752,63.9,promien_500m
98B,90-754,69.8,promien_500m
98B,90-635,89.6,promien_500m
98B,90-748,89.8,promien_500m
98B,90-750,103.8,promien_500m
98B,90-740,110.3,promien_500m
98B,90-558,121.6,promien_500m
98B,90-755,129.5,promien_500m
98B,90-717,138.8,promien_500m
98B,90-741,142.3,promien_500m
98B,90-759,151.1,promien_500m
98B,90-643,162.0,promien_500m
98B,90-745,167.9,promien_500m
98B,90-604,171.0,promien_500m
98B,90-639,196.7,promien_500m
98B,90-411,199.1,promien_500m
98B,90-647,201.0,promien_500m
98B,90-764,206.1,promien_500m
98B,90-763,208.7,promien_500m
98B,90-746,226.1,promien_500m
98B,90-762,237.2,promien_500m
98B,90-735,258.9,promien_500m
98B,90-618,262.0,promien_500m
98B,90-743,279.3,promien_500m
98B,90-645,281.1,promien_500m
98B,90-739,289.9,promien_500m
98B,91-072,294.0,promien_500m
98B,90-401,295.8,promien_500m
98B,90-636,297.9,promien_500m
98B,90-646,334.3,promien_500m
98B,90-742,336.3,promien_500m
98B,90-703,336.6,promien_500m
98B,90-415,343.1,promien_500m
98B,91-070,352.2,promien_500m
98B,90-629,354.2,promien_500m
98B,90-734,361.6,promien_500m
98B,90-640,367.6,promien_500m
98B,90-644,367.6,promien_500m
98B,90-638,368.2,promien_500m
98B,91-073,368.8,promien_500m
98B,90-569,376.3,promien_500m
98B,90-736,382.8,promien_500m
98B,90-718,384.6,promien_500m
98B,90-617,393.3,promien_500m
98B,90-602,410.3,promien_500m
98B,90-637,418.5,promien_500m
98B,90-711,428.5,promien_500m
98B,90-619,436.9,promien_500m
98B,90-712,441.5,promien_500m
98B,90-624,449.9,promien_500m
98B,90-713,454.1,promien_500m
98B,91-078,457.5,promien_500m
98B,91-071,459.5,promien_500m
98B,90-737,465.1,promien_500m
98B,91-074,466.3,promien_500m
98B,90-630,482.1,promien_500m
98B,91-068,493.1,promien_500m
98B,90-546,499.3,promien_500m
99B,90-758,0.0,promien_500m
99B,90-747,10.9,promien_500m
99B,90-749,38.1,promien_500m
99B,90-753,44.1,promien_500m
99B,90-756,55.8,promien_500m
99B,90-754,56.8,promien_500m
99B,90-635,72.1,promien_500m
99B,90-748,72.8,promien_500m
99B,90-757,77.3,promien_500m
99B,90-750,78.0,promien_500m
99B,90-752,89.2,promien_500m
99B,90-558,98.0,promien_500m
99B,90-740,126.5,promien_500m
99B,90-717,130.1,promien_500m
99B,90-741,136.5,promien_500m
99B,90-745,145.3,promien_500m
99B,90-604,145.8,promien_500m
99B,90-643,154.2,promien_500m
99B,90-755,155.2,promien_500m
99B,90-759,160.2,promien_500m
99B,90-639,175.7,promien_500m
99B,90-411,182.2,promien_500m
99B,90-647,201.1,promien_500m
99B,90-746,203.2,promien_500m
99B,90-764,231.2,promien_500m
99B,90-763,233.8,promien_500m
99B,90-618,236.3,promien_500m
99B,90-735,241.0,promien_500m
99B,90-762,247.4,promien_500m
99B,90-743,255.8,promien_500m
99B,90-645,268.8,promien_500m
99B,90-636,279.9,promien_500m
99B,90-739,281.5,promien_500m
99B,91-072,314.1,promien_500m
99B,90-401,317.7,promien_500m
99B,90-646,320.6,promien_500m
99B,90-742,320.8,promien_500m
99B,90-629,328.6,promien_500m
99B,90-415,332.8,promien_500m
99B,90-703,340.7,promien_500m
99B,90-734,343.6,promien_500m
99B,90-638,348.4,promien_500m
99B,90-640,350.3,promien_500m
99B,90-644,360.4,promien_500m
99B,90-736,361.1,promien_500m
99B,91-070,361.1,promien_500m
99B,90-617,369.3,promien_500m
99B,90-718,371.0,promien_500m
99B,90-569,373.5,promien_500m
99B,90-602,385.4,promien_500m
99B,91-073,394.5,promien_500m
99B,90-637,395.7,promien_500m
99B,90-711,412.3,promien_500m
99B,90-619,415.5,promien_500m
99B,90-624,424.6,promien_500m
99B,90-712,436.4,promien_500m
99B,90-737,441.9,promien_500m
99B,90-713,446.1,promien_500m
99B,90-630,457.6,promien_500m
99B,90-546,475.4,promien_500m
99B,91-071,480.6,promien_500m
99B,91-078,483.2,promien_500m
99B,91-074,487.5,promien_500m
99B,91-068,497.3,promien_500m
9A,91-414,0.0,promien_500m
9A,91-061,5.3,promien_500m
9A,91-420,36.4,promien_500m
9A,90-402,57.4,promien_500m
9A,91-415,59.1,promien_500m
9A,91-062,65.9,promien_500m
9A,91-416,75.9,promien_500m
9A,91-417,97.2,promien_500m
9A,91-063,130.8,promien_500m
9A,90-401,161.3,promien_500m
9A,90-201,164.6,promien_500m
9A,90-270,172.1,promien_500m
9A,91-065,196.0,promien_500m
9A,91-064,199.1,promien_500m
9A,91-006,202.7,promien_500m
9A,90-406,206.8,promien_500m
9A,91-069,222.2,promien_500m
9A,90-272,225.9,promien_500m
9A,90-202,232.9,promien_500m
9A,90-403,241.0,promien_500m
9A,91-437,241.0,promien_500m
9A,91-434,248.0,promien_500m
9A,90-271,261.1,promien_500m
9A,90-701,286.0,promien_500m
9A,91-423,294.0,promien_500m
9A,90-273,294.2,promien_500m
9A,90-408,312.5,promien_500m
9A,91-438,316.1,promien_500m
9A,91-002,338.9,promien_500m
9A,90-004,344.2,promien_500m
9A,91-430,368.7,promien_500m
9A,90-404,370.9,promien_500m
9A,90-269,375.5,promien_500m
9A,91-422,383.8,promien_500m
9A,91-066,390.2,promien_500m
9A,90-207,390.4,promien_500m
9A,90-206,403.1,promien_500m
9A,91-439,407.7,promien_500m
9A,90-708,412.6,promien_500m
9A,90-507,420.2,promien_500m
9A,90-011,424.4,promien_500m
9A,91-446,427.0,promien_500m
9A,90-407,429.6,promien_500m
9A,91-431,429.6,promien_500m
9A,91-421,431.5,promien_500m
9A,90-707,433.0,promien_500m
9A,90-205,460.8,promien_500m
9A,91-444,461.6,promien_500m
9A,90-720,491.7,promien_500m
